t,x,r,v,u
240,-2.94095277490504,-2.96,0.10318827922097,2.32471680066376
240.011,-2.94019580762935,-2.960044,0.0360296362312126,2.32471680066376
240.012,-2.94016261878767,-2.960048,0.0303582756807445,2.32471680066376
240.014,-2.94011581160168,-2.960056,0,2.32826798118402
240.019,-2.94011581160168,-2.960076,0,2.33438493521813
240.024,-2.94011581160168,-2.960096,0,2.3313326002951
240.035,-2.94011581160168,-2.96014,0,2.31944559398209
240.036,-2.94011581160168,-2.960144,0,2.31829590691582
240.047,-2.94011581160168,-2.960188,0,2.30546937301161
240.048,-2.94011581160168,-2.960192,0,2.30429067034566
240.059,-2.94011581160168,-2.960236,0,2.29120122123116
240.06,-2.94011581160168,-2.96024,0,2.2900001160066
240.071,-2.94011581160168,-2.960284,0,2.2766655110114
240.072,-2.94011581160168,-2.960288,0,2.2754421370352
240.083,-2.94011581160168,-2.960332,0,2.26186236501475
240.084,-2.94011581160168,-2.960336,0,2.26061668133728
240.095,-2.94011581160168,-2.96038,0,2.24679125184456
240.096,-2.94011581160168,-2.960384,0,2.24552321280246
240.107,-2.94011581160168,-2.960428,0,2.2314516224629
240.108,-2.94011581160168,-2.960432,0,2.23016118226585
240.119,-2.94011581160168,-2.960476,0,2.21584292735619
240.12,-2.94011581160168,-2.96048,0,2.21453004021038
240.131,-2.94011581160168,-2.960524,0,2.1999646169979
240.132,-2.94011581160168,-2.960528,0,2.19862923710943
240.143,-2.94011581160168,-2.960572,0,2.18381614186122
240.144,-2.94011581160168,-2.960576,0,2.18245822343618
240.155,-2.94011581160168,-2.96062,0,2.16739695241931
240.156,-2.94011581160168,-2.960624,0,2.16601644966381
240.167,-2.94011581160168,-2.960668,0,2.1507064991453
240.168,-2.94011581160168,-2.960672,0,2.14930336626549
240.179,-2.94011581160168,-2.960716,0,2.13374423251238
240.18,-2.94011581160168,-2.96072,0,2.13231842371424
240.191,-2.94011581160168,-2.960764,0,2.11650960299368
240.192,-2.94011581160168,-2.960768,0,2.11506107248341
240.203,-2.94011581160168,-2.960812,0,2.09900206106242
240.204,-2.94011581160168,-2.960816,0,2.097530763046
240.215,-2.94011581160168,-2.96086,0,2.08122105719159
240.216,-2.94011581160168,-2.960864,0,2.07972694587526
240.227,-2.94011581160168,-2.960908,0,2.06316604185457
240.228,-2.94011581160168,-2.960912,0,2.06164907144428
240.239,-2.94011581160168,-2.960956,0,2.04483646552433
240.24,-2.94011581160168,-2.96096,0,2.04329659022625
240.251,-2.94011581160168,-2.961004,0,2.0262317786741
240.252,-2.94011581160168,-2.961008,0,2.02466895269433
240.263,-2.94011581160168,-2.961052,0,2.00735143177705
240.264,-2.94011581160168,-2.961056,0,2.00576560932167
240.268,-2.94011581160168,-2.961072,0,1.99940313191956
240.275,-2.94011695347023,-2.9611,-0.000326690224894545,1.99940313191956
240.276,-2.94011730364056,-2.961104,-0.000373669820002111,1.99940313191956
240.281,-2.94011976296906,-2.961124,-0.000610741750263575,1.97874341394356
240.287,-2.94125948903484,-2.961148,-0.546874399526029,2.075941748414
240.288,-2.94185898602402,-2.961152,-0.652003953143131,2.11963800594124
240.294,-2.94681759831443,-2.961176,-0.902057677485465,2.34783208589509
240.299,-2.95114204300578,-2.961196,-0.80926507717347,2.41981889987961
240.3,-2.95193288308211,-2.9612,-0.772520167025781,2.41981889987961
240.311,-2.95842269097835,-2.961244,-0.440032065643272,2.37476587569691
240.312,-2.95885665639497,-2.961248,-0.427944273305644,2.37476587569691
240.321,-2.96225501184245,-2.961284,-0.330484394936617,2.35421105576958
240.323,-2.96291368465255,-2.961292,-0.328279568303897,2.35421105576958
240.324,-2.96324150357074,-2.961296,-0.327380663584029,2.35421105576958
240.332,-2.96584509572561,-2.961328,-0.324885658402821,2.37929872801591
240.335,-2.96677467409507,-2.96134,-0.295141803675165,2.37929872801591
240.336,-2.96706504342693,-2.961344,-0.285629300035426,2.37929872801591
240.347,-2.96967680742191,-2.961388,-0.192558810023049,2.37929872801591
240.348,-2.96986558873674,-2.961392,-0.185026816110081,2.37929872801591
240.359,-2.97147713150713,-2.961436,-0.11030050950454,2.37929872801591
240.36,-2.97158434965332,-2.96144,-0.104151508164475,2.37929872801591
240.371,-2.97237956388561,-2.961484,-0.0419736802389306,2.37929872801591
240.372,-2.97241891745632,-2.961488,-0.0367434752235813,2.35929072298408
240.383,-2.97300809204663,-2.961532,-0.0702696826345243,2.35929072298408
240.384,-2.97307987703291,-2.961536,-0.0733005748724488,2.35929072298408
240.388,-2.97339737061578,-2.961552,-0.0854583755370472,2.38626185933501
240.395,-2.97380209032069,-2.96158,-0.0309043646174214,2.38626185933501
240.396,-2.97382925898095,-2.961584,-0.0234453652001408,2.38626185933501
240.397,-2.97383996127698,-2.961588,0,2.38051528018696
240.404,-2.97383996127698,-2.961616,0,2.37124042636543
240.408,-2.97383996127698,-2.961632,0,2.37206608675379
240.419,-2.97383996127698,-2.961676,0,2.37731024963366
240.42,-2.97383996127698,-2.96168,0,2.37783300692545
240.431,-2.97383996127698,-2.961724,0,2.38367212807939
240.432,-2.97383996127698,-2.961728,0,2.38420834691894
240.443,-2.97383996127698,-2.961772,0,2.39015462625362
240.444,-2.97383996127698,-2.961776,0,2.3906994687205
240.455,-2.97383996127698,-2.96182,0,2.39673925922707
240.456,-2.97383996127698,-2.961824,0,2.397292550275
240.467,-2.97383996127698,-2.961868,0,2.40342499372229
240.468,-2.97383996127698,-2.961872,0,2.40398668407119
240.479,-2.97383996127698,-2.961916,0,2.41021126716475
240.48,-2.97383996127698,-2.96192,0,2.4107813109267
240.491,-2.97383996127698,-2.961964,0,2.41709752967572
240.492,-2.97383996127698,-2.961968,0,2.41767588105427
240.503,-2.97383996127698,-2.962012,0,2.42408323171885
240.504,-2.97383996127698,-2.962016,0,2.42466984492004
240.515,-2.97383996127698,-2.96206,0,2.43116782376707
240.516,-2.97383996127698,-2.962064,0,2.43176265299703
240.527,-2.97383996127698,-2.962108,0,2.43835075629348
240.528,-2.97383996127698,-2.962112,0,2.43895375575826
240.539,-2.97383996127698,-2.962156,0,2.44563147977127
240.54,-2.97383996127698,-2.96216,0,2.44624260367697
240.551,-2.97383996127698,-2.962204,0,2.45300944467363
240.552,-2.97383996127698,-2.962208,0,2.45362864722628
240.563,-2.97383996127698,-2.962252,0,2.46048410147357
240.564,-2.97383996127698,-2.962256,0,2.46111133687939
240.575,-2.97383996127698,-2.9623,0,2.46805490064446
240.576,-2.97383996127698,-2.962304,0,2.46869012310942
240.587,-2.97383996127698,-2.962348,0,2.47572129265927
240.588,-2.97383996127698,-2.962352,0,2.47636445638954
240.599,-2.97383996127698,-2.962396,0,2.48348272799123
240.6,-2.97383996127698,-2.9624,0,2.48413378719296
240.611,-2.97383996127698,-2.962444,0,2.49133865711352
240.612,-2.97383996127698,-2.962448,0,2.49199756599268
240.623,-2.97383996127698,-2.962492,0,2.49928853049925
240.624,-2.97383996127698,-2.962496,0,2.49995524326205
240.635,-2.97383996127698,-2.96254,0,2.50733179862164
240.636,-2.97383996127698,-2.962544,0,2.50800626947407
240.647,-2.97383996127698,-2.962588,0,2.5154679119537
240.648,-2.97383996127698,-2.962592,0,2.51615009510198
240.659,-2.97383996127698,-2.962636,0,2.5236963209688
240.66,-2.97383996127698,-2.96264,0,2.5243861706189
240.671,-2.97383996127698,-2.962684,0,2.53201647613992
240.672,-2.97383996127698,-2.962688,0,2.53271394649799
240.683,-2.97383996127698,-2.962732,0,2.54042782794028
240.684,-2.97383996127698,-2.962736,0,2.54113287321243
240.695,-2.97383996127698,-2.96278,0,2.54892982684302
240.696,-2.97383996127698,-2.962784,0,2.54964240123534
240.707,-2.97383996127698,-2.962828,0,2.55752192332133
240.708,-2.97383996127698,-2.962832,0,2.55824198103991
240.719,-2.97383996127698,-2.962876,0,2.56620356784834
240.72,-2.97383996127698,-2.96288,0,2.56693106309928
240.731,-2.97383996127698,-2.962924,0,2.5749742108972
240.732,-2.97383996127698,-2.962928,0,2.57570909788665
240.743,-2.97383996127698,-2.962972,0,2.58383330294112
240.744,-2.97383996127698,-2.962976,0,2.58457553587502
240.755,-2.97383996127698,-2.96302,0,2.59278029445313
240.756,-2.97383996127698,-2.963024,0,2.59352982753779
240.767,-2.97383996127698,-2.963068,0,2.60181463590656
240.768,-2.97383996127698,-2.963072,0,2.6025714233479
240.779,-2.97383996127698,-2.963116,0,2.6109357777744
240.78,-2.97383996127698,-2.96312,0,2.61169977377859
240.791,-2.97383996127698,-2.963164,0,2.62014317052991
240.792,-2.97383996127698,-2.963168,0,2.62091432930304
240.803,-2.97383996127698,-2.963212,0,2.62943626464619
240.804,-2.97383996127698,-2.963216,0,2.63021454039436
240.815,-2.97383996127698,-2.96326,0,2.63881451059643
240.816,-2.97383996127698,-2.963264,0,2.63959985752573
240.827,-2.97383996127698,-2.963308,0,2.64827735885378
240.828,-2.97383996127698,-2.963312,0,2.6490697311703
240.839,-2.97383996127698,-2.963356,0,2.65782425989137
240.84,-2.97383996127698,-2.96336,0,2.65862361180127
240.851,-2.97383996127698,-2.963404,0,2.66745466418239
240.852,-2.97383996127698,-2.963408,0,2.66826094989166
240.863,-2.97383996127698,-2.963452,0,2.67716802219999
240.864,-2.97383996127698,-2.963456,0,2.67798119591483
240.875,-2.97383996127698,-2.9635,0,2.68696378441735
240.876,-2.97383996127698,-2.963504,0,2.68778380034374
240.887,-2.97383996127698,-2.963548,0,2.69684140130754
240.888,-2.97383996127698,-2.963552,0,2.69766821365164
240.899,-2.97383996127698,-2.963596,0,2.70680032334379
240.9,-2.97383996127698,-2.9636,0,2.70763388631169
240.905,-2.97383996127698,-2.96362,0,2.7118101020645
240.911,-2.97383650596265,-2.963644,0.00115330092735277,2.7118101020645
240.912,-2.97383525595454,-2.963648,0.0013468075365805,2.7118101020645
240.923,-2.97380853167143,-2.963692,0.00353382687742414,2.7118101020645
240.924,-2.97380489476841,-2.963696,0.00374024755610555,2.7118101020645
240.935,-2.97375078998479,-2.96374,0.00614086667776136,2.7118101020645
240.936,-2.97374453306574,-2.963744,0.00637343317020346,2.7118101020645
240.94,-2.9737171364326,-2.96376,0.00733296971096441,2.73725341357701
240.947,-2.97123569784258,-2.963788,0.748274561566274,2.54282395241215
240.948,-2.97045410128235,-2.963792,0.814877668978162,2.49782253688967
240.952,-2.96692942522414,-2.963808,0.908386088083455,2.35521570810635
240.958,-2.96183639745657,-2.963832,0.76435326765337,2.27961277484155
240.959,-2.96109144834241,-2.963836,0.725646694676443,2.27961277484155
240.96,-2.9603849038501,-2.96384,0.687540785569559,2.27961277484155
240.97,-2.95517351460967,-2.96388,0.390053553955151,2.33586786160816
240.971,-2.95478834248457,-2.963884,0.38032928585297,2.33586786160816
240.972,-2.9544127798016,-2.963888,0.370833731305062,2.33586786160816
240.983,-2.95085496982893,-2.963932,0.279976278949184,2.33586786160816
240.984,-2.95057858234838,-2.963936,0.272826655408201,2.33586786160816
240.995,-2.94797060835102,-2.96398,0.204268948846933,2.33586786160816
240.996,-2.94776905468605,-2.963984,0.198859078426119,2.33586786160816
241.007,-2.94587976240197,-2.964028,0.146801961053368,2.33586786160816
241.008,-2.94573503115554,-2.964032,0.142675748281806,2.33586786160816
241.016,-2.94471690540224,-2.964064,0.112722207677381,2.31521618423808
241.019,-2.94443246641257,-2.964076,0.0771107756591424,2.31521618423808
241.02,-2.94436116816941,-2.96408,0.0655068288285119,2.31521618423808
241.025,-2.94418941473117,-2.9641,0,2.33240223223276
241.03,-2.94418941473117,-2.96412,0,2.33977826483846
241.032,-2.94418941473117,-2.964128,0,2.33920309205586
241.043,-2.94418941473117,-2.964172,0,2.32865947264994
241.044,-2.94418941473117,-2.964176,0,2.32753173043184
241.055,-2.94418941473117,-2.96422,0,2.31484644837993
241.056,-2.94418941473117,-2.964224,0,2.31367790403022
241.067,-2.94418941473117,-2.964268,0,2.30069770780785
241.068,-2.94418941473117,-2.964272,0,2.2995064816156
241.079,-2.94418941473117,-2.964316,0,2.28628069126744
241.08,-2.94418941473117,-2.96432,0,2.28506722741136
241.091,-2.94418941473117,-2.964364,0,2.27159668304305
241.092,-2.94418941473117,-2.964368,0,2.27036094894457
241.103,-2.94418941473117,-2.964412,0,2.25664518306893
241.104,-2.94418941473117,-2.964416,0,2.25538713329071
241.115,-2.94418941473117,-2.96446,0,2.2414256431525
241.116,-2.94418941473117,-2.964464,0,2.24014523191014
241.127,-2.94418941473117,-2.964508,0,2.22593751380272
241.128,-2.94418941473117,-2.964512,0,2.22463469530264
241.139,-2.94418941473117,-2.964556,0,2.21018024549382
241.14,-2.94418941473117,-2.96456,0,2.2088549739421
241.151,-2.94418941473117,-2.964604,0,2.19415328869894
241.152,-2.94418941473117,-2.964608,0,2.1928055183017
241.163,-2.94418941473117,-2.964652,0,2.17785609389124
241.164,-2.94418941473117,-2.964656,0,2.17648577885457
241.175,-2.94418941473117,-2.9647,0,2.16128811154388
241.176,-2.94418941473117,-2.964704,0,2.15989520607388
241.187,-2.94418941473117,-2.964748,0,2.14444879213003
241.188,-2.94418941473117,-2.964752,0,2.14303325043284
241.199,-2.94418941473117,-2.964796,0,2.12733758612283
241.2,-2.94418941473117,-2.9648,0,2.12589936240445
241.211,-2.94418941473117,-2.964844,0,2.10995394399545
241.212,-2.94418941473117,-2.964848,0,2.10849299246207
241.223,-2.94418941473117,-2.964892,0,2.09229731622108
241.224,-2.94418941473117,-2.964896,0,2.09081359107869
241.235,-2.94418941473117,-2.96494,0,2.07436715327278
241.236,-2.94418941473117,-2.964944,0,2.07286060872753
241.247,-2.94418941473117,-2.964988,0,2.05616290562377
241.248,-2.94418941473117,-2.964992,0,2.05463349588177
241.259,-2.94418941473117,-2.965036,0,2.03768402374718
241.26,-2.94418941473117,-2.96504,0,2.03613170301452
241.271,-2.94418941473117,-2.965084,0,2.01892995811617
241.272,-2.94418941473117,-2.965088,0,2.017354680599
241.282,-2.94418941473117,-2.965128,0,2.00149652066899
241.283,-2.94418967483116,-2.965132,-0.000520214338864763,2.00149652066899
241.284,-2.94419045521735,-2.965136,-0.00104060118903599,2.00149652066899
241.295,-2.94423357607506,-2.96518,-0.00682575212920017,2.00149652066899
241.296,-2.94424066962663,-2.965184,-0.00736174305338795,2.00149652066899
241.297,-2.94424830037489,-2.965188,-0.00790017518652241,1.98052785630814
241.307,-2.94914145067861,-2.965228,-0.891526606757361,2.28957311604978
241.308,-2.95004096141154,-2.965232,-0.907528739032593,2.32286481507709
241.309,-2.95094963847391,-2.965236,-0.90988013235931,2.35108726331436
241.314,-2.95531424892871,-2.965256,-0.817203896650062,2.42444251772122
241.319,-2.95894579745209,-2.965276,-0.637902105609745,2.42444251772122
241.32,-2.95956658597336,-2.96528,-0.603764906959586,2.42444251772122
241.326,-2.96266690566238,-2.965304,-0.44389860354743,2.37938663737388
241.331,-2.96473551391736,-2.965324,-0.384640318123092,2.37938663737388
241.332,-2.96511459072313,-2.965328,-0.373553767962114,2.37938663737388
241.335,-2.96618696380209,-2.96534,-0.34170708206475,2.35887429462734
241.343,-2.96887672388331,-2.965372,-0.332225951779027,2.35887429462734
241.344,-2.96920865510244,-2.965376,-0.331658652992566,2.35887429462734
241.347,-2.97020196795132,-2.965388,-0.330745481107437,2.38614735141572
241.355,-2.9725007790839,-2.96542,-0.246117633545769,2.38614735141572
241.356,-2.97274202690822,-2.965424,-0.236407546825712,2.38614735141572
241.367,-2.97479604256237,-2.965468,-0.140026054668267,2.38614735141572
241.368,-2.974932090763,-2.965472,-0.132090501141922,2.38614735141572
241.375,-2.97567017376556,-2.9655,-0.079648997380801,2.36590967306216
241.379,-2.9759988752874,-2.965516,-0.0847571647884172,2.36590967306216
241.38,-2.97608429554114,-2.96552,-0.0860869383756784,2.36590967306216
241.391,-2.9771173884024,-2.965564,-0.102225170193422,2.36590967306216
241.392,-2.97722041833768,-2.965568,-0.103839019438464,2.36590967306216
241.393,-2.97732507514618,-2.965572,-0.10547898361367,2.39121480823607
241.403,-2.97795691096693,-2.965612,-0.0224810597003799,2.39121480823607
241.404,-2.97796438718582,-2.965616,0,2.37911947275054
241.411,-2.97796438718582,-2.965644,0,2.3695418538597
241.416,-2.97796438718582,-2.965664,0,2.37070198958728
241.427,-2.97796438718582,-2.965708,0,2.37604384099455
241.428,-2.97796438718582,-2.965712,0,2.37656534446629
241.439,-2.97796438718582,-2.965756,0,2.38238096377271
241.44,-2.97796438718582,-2.96576,0,2.38291481563182
241.451,-2.97796438718582,-2.965804,0,2.38883526818875
241.452,-2.97796438718582,-2.965808,0,2.38937779945094
241.463,-2.97796438718582,-2.965852,0,2.39539264426838
241.464,-2.97796438718582,-2.965856,0,2.39594371141566
241.475,-2.97796438718582,-2.9659,0,2.40205217673463
241.476,-2.97796438718582,-2.965904,0,2.4026117313373
241.487,-2.97796438718582,-2.965948,0,2.40881330619572
241.488,-2.97796438718582,-2.965952,0,2.40938130238878
241.499,-2.97796438718582,-2.965996,0,2.41567548285874
241.5,-2.97796438718582,-2.966,0,2.41625187484637
241.511,-2.97796438718582,-2.966044,0,2.42263815718964
241.512,-2.97796438718582,-2.966048,0,2.42322289917793
241.523,-2.97796438718582,-2.966092,0,2.42970077966145
241.524,-2.97796438718582,-2.966096,0,2.43029382585639
241.535,-2.97796438718582,-2.96614,0,2.43686280074717
241.536,-2.97796438718582,-2.966144,0,2.43746410535497
241.547,-2.97796438718582,-2.966188,0,2.44412367092015
241.548,-2.97796438718582,-2.966192,0,2.44473318814679
241.559,-2.97796438718582,-2.966236,0,2.45148284065338
241.56,-2.97796438718582,-2.96624,0,2.45210052470502
241.571,-2.97796438718582,-2.966284,0,2.45893976042011
241.572,-2.97796438718582,-2.966288,0,2.45956556550284
241.583,-2.97796438718582,-2.966332,0,2.46649388069345
241.584,-2.97796438718582,-2.966336,0,2.46712776101337
241.595,-2.97796438718582,-2.96638,0,2.47414465194659
241.596,-2.97796438718582,-2.966384,0,2.47478656170979
241.607,-2.97796438718582,-2.966428,0,2.48189152465266
241.608,-2.97796438718582,-2.966432,0,2.48254141806524
241.619,-2.97796438718582,-2.966476,0,2.48973394928481
241.62,-2.97796438718582,-2.96648,0,2.49039178055293
241.631,-2.97796438718582,-2.966524,0,2.49767137631623
241.632,-2.97796438718582,-2.966528,0,2.49833709964587
241.643,-2.97796438718582,-2.966572,0,2.50570325622006
241.644,-2.97796438718582,-2.966576,0,2.50637682581742
241.655,-2.97796438718582,-2.96662,0,2.5138290394695
241.656,-2.97796438718582,-2.966624,0,2.51451040954056
241.667,-2.97796438718582,-2.966668,0,2.52204817653758
241.668,-2.97796438718582,-2.966672,0,2.52273730128851
241.679,-2.97796438718582,-2.966716,0,2.53036011789757
241.68,-2.97796438718582,-2.96672,0,2.53105695153446
241.691,-2.97796438718582,-2.966764,0,2.53876431402257
241.692,-2.97796438718582,-2.966768,0,2.53946881075151
241.703,-2.97796438718582,-2.966812,0,2.54726021538576
241.704,-2.97796438718582,-2.966816,0,2.54797232941285
241.715,-2.97796438718582,-2.96686,0,2.55584727246029
241.716,-2.97796438718582,-2.966864,0,2.55656695799163
241.727,-2.97796438718582,-2.966908,0,2.56452493571932
241.728,-2.97796438718582,-2.966912,0,2.56525214696105
241.739,-2.97796438718582,-2.966956,0,2.57329265563599
241.74,-2.97796438718582,-2.96696,0,2.57402734679412
241.751,-2.97796438718582,-2.967004,0,2.58214988268348
241.752,-2.97796438718582,-2.967008,0,2.5828920079642
241.763,-2.97796438718582,-2.967052,0,2.59109606733498
241.764,-2.97796438718582,-2.967056,0,2.59184558094426
241.775,-2.97796438718582,-2.9671,0,2.60013066006348
241.776,-2.97796438718582,-2.967104,0,2.60088751620756
241.787,-2.97796438718582,-2.967148,0,2.60925311134239
241.788,-2.97796438718582,-2.967152,0,2.61001726422723
241.799,-2.97796438718582,-2.967196,0,2.61846287164465
241.8,-2.97796438718582,-2.9672,0,2.61923427547641
241.811,-2.97796438718582,-2.967244,0,2.62775939144349
241.812,-2.97796438718582,-2.967248,0,2.62853800042828
241.823,-2.97796438718582,-2.967292,0,2.63714212121209
241.824,-2.97796438718582,-2.967296,0,2.63792788955599
241.835,-2.97796438718582,-2.96734,0,2.64661051142359
241.836,-2.97796438718582,-2.967344,0,2.6474033933327
241.847,-2.97796438718582,-2.967388,0,2.65616401255113
241.848,-2.97796438718582,-2.967392,0,2.65696396223155
241.859,-2.97796438718582,-2.967436,0,2.66580207506788
241.86,-2.97796438718582,-2.96744,0,2.66660904672576
241.871,-2.97796438718582,-2.967484,0,2.67552414944705
241.872,-2.97796438718582,-2.967488,0,2.67633809728836
241.883,-2.97796438718582,-2.967532,0,2.68532968616163
241.884,-2.97796438718582,-2.967536,0,2.68615056439261
241.895,-2.97796438718582,-2.96758,0,2.695218135685
241.896,-2.97796438718582,-2.967584,0,2.6960458985116
241.907,-2.97796438718582,-2.967628,0,2.70518894849013
241.908,-2.97796438718582,-2.967632,0,2.70602355011852
241.919,-2.97796438718582,-2.967676,0,2.71524157505025
241.92,-2.97796438718582,-2.96768,0,2.71608296968653
241.931,-2.97795624076806,-2.967724,0.00148777068361866,2.71608296968653
241.932,-2.97795468405632,-2.967728,0.00162576762017492,2.71608296968653
241.943,-2.97792823319276,-2.967772,0.00320492264514879,2.71608296968653
241.944,-2.97792495300456,-2.967776,0.003355695702652,2.71608296968653
241.953,-2.97788841669205,-2.967812,0.00478772540126906,2.74150117022465
241.955,-2.97783279856514,-2.96782,0.109640905868646,2.74150117022465
241.956,-2.97764755899032,-2.967824,0.260636543852338,2.718847583316
241.965,-2.97132931942249,-2.96786,0.908053765139111,2.36589277299271
241.966,-2.97042520769807,-2.967864,0.900239128475125,2.34135974984803
241.967,-2.96953377635804,-2.967868,0.882705478466931,2.34135974984803
241.968,-2.96865963466961,-2.967872,0.865658051978114,2.30677164044584
241.971,-2.96620026916926,-2.967884,0.77477260210512,2.28382042584747
241.979,-2.96119971873168,-2.967916,0.481211349363514,2.31495088173552
241.98,-2.960729267865,-2.96792,0.45975083575904,2.31495088173552
241.984,-2.9590568126368,-2.967936,0.377371235167631,2.34335558110119
241.991,-2.95660201034799,-2.967964,0.325621521699258,2.34335558110119
241.992,-2.95627971666872,-2.967968,0.318996021283919,2.34335558110119
242.003,-2.9531287512432,-2.968012,0.257105896654252,2.34335558110119
242.004,-2.95287401623088,-2.968016,0.252387273721859,2.34335558110119
242.01,-2.95143859167345,-2.96804,0.226861006598401,2.32169203159577
242.015,-2.9504619247563,-2.96806,0.164562125974637,2.32169203159577
242.016,-2.95030334471104,-2.968064,0.152625135718496,2.32169203159577
242.026,-2.94934559177864,-2.968104,0.0411263526583471,2.3467702074691
242.027,-2.9493044863856,-2.968108,0.0410871463067874,2.3467702074691
242.028,-2.94926341208557,-2.968112,0.0410641415542874,2.3467702074691
242.029,-2.94922235275094,-2.968116,0.0410571916965592,2.3467702074691
242.039,-2.94880912732447,-2.968156,0.0418436208366472,2.3467702074691
242.04,-2.94876720393142,-2.96816,0.0420056445538124,2.3467702074691
242.048,-2.94842447818521,-2.968192,0.04383215757401,2.3259546469174
242.051,-2.94833270401333,-2.968204,0,2.32489478250197
242.052,-2.94833270401333,-2.968208,0,2.32735444729242
242.055,-2.94833270401333,-2.96822,0,2.33002932560837
242.063,-2.94833270401333,-2.968252,0,2.32464195044958
242.064,-2.94833270401333,-2.968256,0,2.32358595393914
242.075,-2.94833270401333,-2.9683,0,2.31104898809228
242.076,-2.94833270401333,-2.968304,0,2.30987668972972
242.087,-2.94833270401333,-2.968348,0,2.29683823661534
242.088,-2.94833270401333,-2.968352,0,2.29564127879632
242.099,-2.94833270401333,-2.968396,0,2.28235230617216
242.1,-2.94833270401333,-2.9684,0,2.28113311610129
242.111,-2.94833270401333,-2.968444,0,2.26759990288144
242.112,-2.94833270401333,-2.968448,0,2.26635850146607
242.123,-2.94833270401333,-2.968492,0,2.25258072685792
242.124,-2.94833270401333,-2.968496,0,2.25131707010331
242.135,-2.94833270401333,-2.96854,0,2.23729423530826
242.136,-2.94833270401333,-2.968544,0,2.23600827746891
242.147,-2.94833270401333,-2.968588,0,2.22173987888704
242.148,-2.94833270401333,-2.968592,0,2.22043157417042
242.159,-2.94833270401333,-2.968636,0,2.20591710807238
242.16,-2.94833270401333,-2.96864,0,2.20458641068468
242.171,-2.94833270401333,-2.968684,0,2.18982537333759
242.172,-2.94833270401333,-2.968688,0,2.18847223748479
242.183,-2.94833270401333,-2.968732,0,2.17346412515581
242.184,-2.94833270401333,-2.968736,0,2.17208850504411
242.195,-2.94833270401333,-2.96878,0,2.15683281400024
242.196,-2.94833270401333,-2.968784,0,2.15543466383563
242.207,-2.94833270401333,-2.968828,0,2.13993089034389
242.208,-2.94833270401333,-2.968832,0,2.13851016433259
242.219,-2.94833270401333,-2.968876,0,2.12275780466013
242.22,-2.94833270401333,-2.96888,0,2.12131445700811
242.231,-2.94833270401333,-2.968924,0,2.10531300742194
242.232,-2.94833270401333,-2.968928,0,2.10384699233536
242.243,-2.94833270401333,-2.968972,0,2.08759594910254
242.244,-2.94833270401333,-2.968976,0,2.0861072207875
242.255,-2.94833270401333,-2.96902,0,2.06960608017508
242.256,-2.94833270401333,-2.969024,0,2.06809459283767
242.267,-2.94833270401333,-2.969068,0,2.05134285111273
242.268,-2.94833270401333,-2.969072,0,2.04980855895905
242.279,-2.94833270401333,-2.969116,0,2.03280571238864
242.28,-2.94833270401333,-2.96912,0,2.03124856962479
242.291,-2.94833270401333,-2.969164,0,2.01399411447595
242.292,-2.94833270401333,-2.969168,0,2.01241407530807
242.297,-2.94833270401333,-2.969188,0,2.00448522159677
242.303,-2.94834428039362,-2.969212,-0.0038626293361668,2.00448522159677
242.304,-2.94834846641017,-2.969216,-0.00450963497137056,2.00448522159677
242.312,-2.94840543477376,-2.969248,-0.00975762064719151,1.98433739333768
242.315,-2.94872750153924,-2.96926,-0.302714720410172,2.01222070848271
242.316,-2.94909843496907,-2.969264,-0.438978233295065,2.04534883066006
242.324,-2.95522100754848,-2.969296,-0.907660563966327,2.35708699147403
242.326,-2.95701669740903,-2.969304,-0.888316877335493,2.39757847368172
242.327,-2.95789204771093,-2.969308,-0.862478175577581,2.39757847368172
242.328,-2.95874184014356,-2.969312,-0.837198636004544,2.39757847368172
242.329,-2.95956662642061,-2.969316,-0.812463421183681,2.42802970065655
242.339,-2.96595058393333,-2.969356,-0.487709980105477,2.40636508287943
242.34,-2.96642694582776,-2.96936,-0.465077419583533,2.40636508287943
242.351,-2.97074000376853,-2.969404,-0.33307790406659,2.36261944452318
242.352,-2.97107236763697,-2.969408,-0.331673236495176,2.36261944452318
242.362,-2.97434496187276,-2.969448,-0.325043658548833,2.36261944452318
242.363,-2.97467001903751,-2.969452,-0.325091494165103,2.3910294469539
242.364,-2.97498932238198,-2.969456,-0.313552427849624,2.3910294469539
242.375,-2.97779215797582,-2.9695,-0.199837740529365,2.3910294469539
242.376,-2.97798734117574,-2.969504,-0.190554581900356,2.3910294469539
242.387,-2.97955758526145,-2.969548,-0.0975223782035395,2.3910294469539
242.388,-2.97965122610758,-2.969552,-0.0897764440443854,2.3910294469539
242.389,-2.97973717176366,-2.969556,-0.0821313546742742,2.37004956577154
242.399,-2.98061594542079,-2.969596,-0.0940185247619493,2.37004956577154
242.4,-2.98071062284974,-2.9696,-0.0953405320225892,2.37004956577154
242.408,-2.98151827007426,-2.969632,-0.106854942696553,2.39641885714082
242.411,-2.98179733742493,-2.969644,-0.0793620350766903,2.39641885714082
242.412,-2.98187221945785,-2.969648,-0.0704196567906316,2.39641885714082
242.418,-2.98213599158577,-2.969672,0,2.3861054438775
242.423,-2.98213599158577,-2.969692,0,2.37459510142827
242.424,-2.98213599158577,-2.969696,0,2.37406928101945
242.426,-2.98213599158577,-2.969704,0,2.37376450292901
242.435,-2.98213599158577,-2.96974,0,2.37696547945069
242.436,-2.98213599158577,-2.969744,0,2.37746561410979
242.447,-2.98213599158577,-2.969788,0,2.38324812387487
242.448,-2.98213599158577,-2.969792,0,2.38378445092147
242.459,-2.98213599158577,-2.969836,0,2.38973829020893
242.46,-2.98213599158577,-2.96984,0,2.39028406937079
242.471,-2.98213599158577,-2.969884,0,2.39633551999895
242.472,-2.98213599158577,-2.969888,0,2.39688998548316
242.483,-2.98213599158577,-2.969932,0,2.40303656899122
242.484,-2.98213599158577,-2.969936,0,2.4035996555842
242.495,-2.98213599158577,-2.96998,0,2.4098408149772
242.496,-2.98213599158577,-2.969984,0,2.41041247636125
242.507,-2.98213599158577,-2.970028,0,2.41674770646967
242.508,-2.98213599158577,-2.970032,0,2.41732789683681
242.519,-2.98213599158577,-2.970076,0,2.42375669388891
242.52,-2.98213599158577,-2.97008,0,2.42434536744475
242.531,-2.98213599158577,-2.970124,0,2.43086722770665
242.532,-2.98213599158577,-2.970128,0,2.43146433865739
242.543,-2.98213599158577,-2.970172,0,2.43807875839607
242.544,-2.98213599158577,-2.970176,0,2.43868426094768
242.555,-2.98213599158577,-2.97022,0,2.44539073643013
242.556,-2.98213599158577,-2.970224,0,2.44600458478885
242.567,-2.98213599158577,-2.970268,0,2.45280261228227
242.568,-2.98213599158577,-2.970272,0,2.45342476065404
242.579,-2.98213599158577,-2.970316,0,2.4603138364254
242.58,-2.98213599158577,-2.97032,0,2.46094423901641
242.591,-2.98213599158577,-2.970364,0,2.46792385933278
242.592,-2.98213599158577,-2.970368,0,2.46856247034911
242.603,-2.98213599158577,-2.970412,0,2.47563213147757
242.604,-2.98213599158577,-2.970416,0,2.47627890512532
242.615,-2.98213599158577,-2.97046,0,2.4834381033329
242.616,-2.98213599158577,-2.970464,0,2.48409299381816
242.627,-2.98213599158577,-2.970508,0,2.49134122537194
242.628,-2.98213599158577,-2.970512,0,2.49200418690082
242.639,-2.98213599158577,-2.970556,0,2.49934094806784
242.64,-2.98213599158577,-2.97056,0,2.50001193484648
242.651,-2.98213599158577,-2.970604,0,2.50743672189382
242.652,-2.98213599158577,-2.970608,0,2.5081156881282
242.663,-2.98213599158577,-2.970652,0,2.51562799732287
242.664,-2.98213599158577,-2.970656,0,2.51631489721921
242.675,-2.98213599158577,-2.9707,0,2.52391422482834
242.676,-2.98213599158577,-2.970704,0,2.52460901259262
242.687,-2.98213599158577,-2.970748,0,2.53229485488325
242.688,-2.98213599158577,-2.970752,0,2.53299748472162
242.699,-2.98213599158577,-2.970796,0,2.54076933796079
242.7,-2.98213599158577,-2.9708,0,2.54147976407935
242.711,-2.98213599158577,-2.970844,0,2.54933712453415
242.712,-2.98213599158577,-2.970848,0,2.550055301139
242.723,-2.98213599158577,-2.970892,0,2.55799766507645
242.724,-2.98213599158577,-2.970896,0,2.55872354637368
242.735,-2.98213599158577,-2.97094,0,2.56675041006085
242.736,-2.98213599158577,-2.970944,0,2.56748395025656
242.747,-2.98213599158577,-2.970988,0,2.57559480996051
242.748,-2.98213599158577,-2.970992,0,2.57633596326085
242.759,-2.98213599158577,-2.971036,0,2.58453031524866
242.76,-2.98213599158577,-2.97104,0,2.58527903585961
242.771,-2.98213599158577,-2.971084,0,2.59355637639827
242.772,-2.98213599158577,-2.971088,0,2.59431261852605
242.783,-2.98213599158577,-2.971132,0,2.60267244388272
242.784,-2.98213599158577,-2.971136,0,2.6034361617333
242.795,-2.98213599158577,-2.97118,0,2.611877968175
242.796,-2.98213599158577,-2.971184,0,2.61264911595453
242.807,-2.98213599158577,-2.971228,0,2.62117239974832
242.808,-2.98213599158577,-2.971232,0,2.62195093166292
242.819,-2.98213599158577,-2.971276,0,2.63055518907584
242.82,-2.98213599158577,-2.97128,0,2.63134105933159
242.831,-2.98213599158577,-2.971324,0,2.64002578663071
242.832,-2.98213599158577,-2.971328,0,2.64081894943376
242.843,-2.98213599158577,-2.971372,0,2.64958364288608
242.844,-2.98213599158577,-2.971376,0,2.65038405244243
242.855,-2.98213599158577,-2.97142,0,2.65922820831514
242.856,-2.98213599158577,-2.971424,0,2.66003581883097
242.867,-2.98213599158577,-2.971468,0,2.668958933391
242.868,-2.98213599158577,-2.971472,0,2.66977369907237
242.879,-2.98213599158577,-2.971516,0,2.67877526858683
242.88,-2.98213599158577,-2.97152,0,2.67959714363984
242.891,-2.98213599158577,-2.971564,0,2.68867666437586
242.892,-2.98213599158577,-2.971568,0,2.68950560300653
242.903,-2.98213599158577,-2.971612,0,2.69866257123111
242.904,-2.98213599158577,-2.971616,0,2.69949852764561
242.915,-2.98213599158577,-2.97166,0,2.70873243962582
242.916,-2.98213599158577,-2.971664,0,2.70957536803024
242.927,-2.98213599158577,-2.971708,0,2.71888572003311
242.928,-2.98213599158577,-2.971712,0,2.71973557463355
242.929,-2.98213599158577,-2.971716,0,2.72058600434997
242.939,-2.98212853913183,-2.971756,0.00149598150899982,2.72058600434997
242.94,-2.98212696713838,-2.97176,0.00164812129294756,2.72058600434997
242.951,-2.98209940856913,-2.971804,0.0033848590828214,2.72058600434997
242.952,-2.98209594111505,-2.971808,0.00355030472395769,2.72058600434997
242.962,-2.98205183409341,-2.971848,0.00530359712917166,2.74602152176387
242.963,-2.98204118727797,-2.971852,0.0159908261303288,2.74602152176387
242.964,-2.98199215716384,-2.971856,0.115098589749249,2.74602152176387
242.974,-2.97545372931989,-2.971896,0.909412935281574,2.36925187225298
242.975,-2.9745483655603,-2.9719,0.901384378884726,2.34483157780283
242.976,-2.9736558635574,-2.971904,0.883701803336747,2.34483157780283
242.98,-2.97031908017681,-2.97192,0.775493668323834,2.28767289432471
242.987,-2.96581082741554,-2.971948,0.517127456576844,2.28767289432471
242.988,-2.96531113561366,-2.971952,0.482337032266939,2.31880426892125
242.993,-2.96316223076776,-2.971972,0.378645645920345,2.34709980091992
242.999,-2.96102938709437,-2.971996,0.333510411452624,2.34709980091992
243,-2.96069931155237,-2.972,0.32667164938353,2.34709980091992
243.011,-2.9574757011246,-2.972044,0.262720848937795,2.34709980091992
243.012,-2.95721543352313,-2.972048,0.257838081244429,2.34709980091992
243.019,-2.95552070107054,-2.972076,0.227438644216452,2.32548489600586
243.023,-2.95471220908962,-2.972092,0.177300031280307,2.32548489600586
243.024,-2.95454096740121,-2.972096,0.165211537123815,2.32548489600586
243.035,-2.95341658286249,-2.97214,0.0419435894326915,2.32548489600586
243.036,-2.95337988066811,-2.972144,0.0314780812310846,2.35330386797642
243.047,-2.95296032416915,-2.972188,0.0448929757486625,2.35330386797642
243.048,-2.95291480608957,-2.972192,0.0461443426167163,2.35330386797642
243.054,-2.95261507115679,-2.972216,0.0538179643274205,2.33214828211414
243.059,-2.9524456703819,-2.972236,0,2.3311009402359
243.06,-2.9524456703819,-2.97224,0,2.33344319605816
243.063,-2.9524456703819,-2.972252,0,2.33592980757707
243.071,-2.9524456703819,-2.972284,0,2.33047516357348
243.072,-2.9524456703819,-2.972288,0,2.32942386136864
243.083,-2.9524456703819,-2.972332,0,2.31696688809295
243.084,-2.9524456703819,-2.972336,0,2.31580265254662
243.095,-2.9524456703819,-2.97238,0,2.30285406859279
243.096,-2.9524456703819,-2.972384,0,2.30166533960667
243.107,-2.9524456703819,-2.972428,0,2.28846732931135
243.108,-2.9524456703819,-2.972432,0,2.28725644771277
243.119,-2.9524456703819,-2.972476,0,2.27381505308499
243.12,-2.9524456703819,-2.97248,0,2.27258203745167
243.131,-2.9524456703819,-2.972524,0,2.25889693130915
243.132,-2.9524456703819,-2.972528,0,2.2576417375834
243.143,-2.9524456703819,-2.972572,0,2.2437124209551
243.144,-2.9524456703819,-2.972576,0,2.24243500338985
243.155,-2.9524456703819,-2.97262,0,2.22826097267126
243.156,-2.9524456703819,-2.972624,0,2.22696128547386
243.167,-2.9524456703819,-2.972668,0,2.2125420369355
243.168,-2.9524456703819,-2.972672,0,2.2112200343121
243.179,-2.9524456703819,-2.972716,0,2.19655506422112
243.18,-2.9524456703819,-2.97272,0,2.19521070037786
243.191,-2.9524456703819,-2.972764,0,2.18029950500133
243.192,-2.9524456703819,-2.972768,0,2.17893273414413
243.203,-2.9524456703819,-2.972812,0,2.16377480974912
243.204,-2.9524456703819,-2.972816,0,2.16238558608431
243.215,-2.9524456703819,-2.97286,0,2.14698042893786
243.216,-2.9524456703819,-2.972864,0,2.14556870667136
243.227,-2.9524456703819,-2.972908,0,2.12991581304053
243.228,-2.9524456703819,-2.972912,0,2.1284815463785
243.239,-2.9524456703819,-2.972956,0,2.11258041253037
243.24,-2.9524456703819,-2.97296,0,2.11112355567891
243.251,-2.9524456703819,-2.973004,0,2.09497367788052
243.252,-2.9524456703819,-2.973008,0,2.09349418504572
243.263,-2.9524456703819,-2.973052,0,2.07709505956413
243.264,-2.9524456703819,-2.973056,0,2.07559288495209
243.275,-2.9524456703819,-2.9731,0,2.05894400805436
243.276,-2.9524456703819,-2.973104,0,2.05741910587118
243.287,-2.9524456703819,-2.973148,0,2.04051997382439
243.288,-2.9524456703819,-2.973152,0,2.0389722982762
243.299,-2.9524456703819,-2.973196,0,2.02182240734733
243.3,-2.9524456703819,-2.9732,0,2.02025191264015
243.307,-2.9524456703819,-2.973228,0,2.00920512929854
243.311,-2.95244593466262,-2.973244,-0.000132198763987829,2.00920512929854
243.312,-2.9524460834232,-2.973248,-0.000165330615111947,2.00920512929854
243.32,-2.95244847366538,-2.97328,-0.000433286136152056,1.9886054009516
243.323,-2.95252689896575,-2.973292,-0.130231705511399,1.9886054009516
243.324,-2.9527316229255,-2.973296,-0.279015072863307,1.9886054009516
243.333,-2.95915676268816,-2.973332,-0.90599335339694,2.3592506329405
243.335,-2.96095039008508,-2.97334,-0.88791750109254,2.4004808960444
243.336,-2.96182551371501,-2.973344,-0.862423658712791,2.4004808960444
243.338,-2.96350066567703,-2.973352,-0.813089163204712,2.4317575803157
243.347,-2.96939146045846,-2.973388,-0.511159621646299,2.41083405355172
243.348,-2.96989092514233,-2.973392,-0.487835866894185,2.41083405355172
243.359,-2.97432779607691,-2.973436,-0.340331571540448,2.36667389476291
243.36,-2.97466723659635,-2.97344,-0.338573829332177,2.36667389476291
243.371,-2.97832075370567,-2.973484,-0.328443227195424,2.3935098859146
243.372,-2.97864359308376,-2.973488,-0.317272450428766,2.3935098859146
243.383,-2.98150927368072,-2.973532,-0.207525196617935,2.3935098859146
243.384,-2.98171232283585,-2.973536,-0.198599027029802,2.3935098859146
243.395,-2.98339274072598,-2.97358,-0.109525101827067,2.3935098859146
243.396,-2.983498567275,-2.973584,-0.102145388290963,2.3935098859146
243.4,-2.98384957993153,-2.9736,-0.0736147705948596,2.37257333223402
243.407,-2.9844071182932,-2.973628,-0.085810754244304,2.37257333223402
243.408,-2.98449383185976,-2.973632,-0.0876193669504185,2.37257333223402
243.417,-2.9853583808515,-2.973668,-0.104781755045937,2.39772822388149
243.419,-2.98555135863166,-2.973676,-0.0882681957120468,2.39772822388149
243.42,-2.98563556906627,-2.97368,-0.080169694002973,2.39772822388149
243.428,-2.98602448498163,-2.973712,0,2.38859322979556
243.431,-2.98602448498163,-2.973724,0,2.38008530806483
243.432,-2.98602448498163,-2.973728,0,2.378818482328
243.436,-2.98602448498163,-2.973744,0,2.37732749252544
243.443,-2.98602448498163,-2.973772,0,2.37961372368679
243.444,-2.98602448498163,-2.973776,0,2.38008573835809
243.455,-2.98602448498163,-2.97382,0,2.38572137788303
243.456,-2.98602448498163,-2.973824,0,2.38624867954767
243.467,-2.98602448498163,-2.973868,0,2.39210688849739
243.468,-2.98602448498163,-2.973872,0,2.39264402407556
243.479,-2.98602448498163,-2.973916,0,2.3985997609993
243.48,-2.98602448498163,-2.97392,0,2.39914545997938
243.491,-2.98602448498163,-2.973964,0,2.40519486213372
243.492,-2.98602448498163,-2.973968,0,2.40574904568892
243.503,-2.98602448498163,-2.974012,0,2.41189151874223
243.504,-2.98602448498163,-2.974016,0,2.41245414018768
243.515,-2.98602448498163,-2.97406,0,2.41868917796341
243.516,-2.98602448498163,-2.974064,0,2.41926019148124
243.527,-2.98602448498163,-2.974108,0,2.42558729018049
243.528,-2.98602448498163,-2.974112,0,2.42616664997609
243.539,-2.98602448498163,-2.974156,0,2.43258530586426
243.54,-2.98602448498163,-2.97416,0,2.43317296614365
243.551,-2.98602448498163,-2.974204,0,2.43968267548764
243.552,-2.98602448498163,-2.974208,0,2.44027859045703
243.563,-2.98602448498163,-2.974252,0,2.44687884952399
243.564,-2.98602448498163,-2.974256,0,2.44748297338936
243.575,-2.98602448498163,-2.9743,0,2.4541732784463
243.576,-2.98602448498163,-2.974304,0,2.45478556541382
243.587,-2.98602448498163,-2.974348,0,2.46156541272782
243.588,-2.98602448498163,-2.974352,0,2.46218581700356
243.599,-2.98602448498163,-2.974396,0,2.46905470284166
243.6,-2.98602448498163,-2.9744,0,2.46968317863174
243.611,-2.98602448498163,-2.974444,0,2.47664059926099
243.612,-2.98602448498163,-2.974448,0,2.47727710077155
243.623,-2.98602448498163,-2.974492,0,2.48432255245897
243.624,-2.98602448498163,-2.974496,0,2.48496703389601
243.635,-2.98602448498163,-2.97454,0,2.49210001290877
243.636,-2.98602448498163,-2.974544,0,2.49275242847847
243.647,-2.98602448498163,-2.974588,0,2.49997243108358
243.648,-2.98602448498163,-2.974592,0,2.50063273499193
243.659,-2.98602448498163,-2.974636,0,2.50793925745644
243.66,-2.98602448498163,-2.97464,0,2.50860740390961
243.671,-2.98602448498163,-2.974684,0,2.51599994250058
243.672,-2.98602448498163,-2.974688,0,2.51667588570466
243.683,-2.98602448498163,-2.974732,0,2.52415393668914
243.684,-2.98602448498163,-2.974736,0,2.52483763085023
243.695,-2.98602448498163,-2.97478,0,2.53240069049531
243.696,-2.98602448498163,-2.974784,0,2.53309208981949
243.707,-2.98602448498163,-2.974828,0,2.54073965439218
243.708,-2.98602448498163,-2.974832,0,2.54143871308557
243.719,-2.98602448498163,-2.974876,0,2.54917027885296
243.72,-2.98602448498163,-2.97488,0,2.54987695112169
243.731,-2.98602448498163,-2.974924,0,2.55769201435078
243.732,-2.98602448498163,-2.974928,0,2.55840625440086
243.743,-2.98602448498163,-2.974972,0,2.56630431135883
243.744,-2.98602448498163,-2.974976,0,2.56702607339644
243.755,-2.98602448498163,-2.97502,0,2.57500662035028
243.756,-2.98602448498163,-2.975024,0,2.57573585858141
243.767,-2.98602448498163,-2.975068,0,2.58379839179818
243.768,-2.98602448498163,-2.975072,0,2.58453506042899
243.779,-2.98602448498163,-2.975116,0,2.59267907617578
243.78,-2.98602448498163,-2.97512,0,2.59342312941236
243.791,-2.98602448498163,-2.975164,0,2.60164812395618
243.792,-2.98602448498163,-2.975168,0,2.60239951600464
243.803,-2.98602448498163,-2.975212,0,2.61070498561258
243.804,-2.98602448498163,-2.975216,0,2.61146367067901
243.815,-2.98602448498163,-2.97526,0,2.61984911161812
243.816,-2.98602448498163,-2.975264,0,2.62061504390861
243.827,-2.98602448498163,-2.975308,0,2.62907995244595
243.828,-2.98602448498163,-2.975312,0,2.62985308616665
243.839,-2.98602448498163,-2.975356,0,2.63839695856924
243.84,-2.98602448498163,-2.97536,0,2.63917724792615
243.851,-2.98602448498163,-2.975404,0,2.64779958046112
243.852,-2.98602448498163,-2.975408,0,2.64858697966044
243.863,-2.98602448498163,-2.975452,0,2.65728726859482
243.864,-2.98602448498163,-2.975456,0,2.65808173184252
243.875,-2.98602448498163,-2.9755,0,2.66685947344334
243.876,-2.98602448498163,-2.975504,0,2.66766095494565
243.887,-2.98602448498163,-2.975548,0,2.67651564548003
243.888,-2.98602448498163,-2.975552,0,2.67732409944292
243.899,-2.98602448498163,-2.975596,0,2.68625523517789
243.9,-2.98602448498163,-2.9756,0,2.68707061580752
243.911,-2.98602448498163,-2.975644,0,2.69607769301013
243.912,-2.98602448498163,-2.975648,0,2.6968999545126
243.923,-2.98602448498163,-2.975692,0,2.70598246944993
243.924,-2.98602448498163,-2.975696,0,2.70681156603133
243.935,-2.98602448498163,-2.97574,0,2.71596901497042
243.936,-2.98602448498163,-2.975744,0,2.71680490083685
243.946,-2.98602448498163,-2.975784,0,2.72519471089573
243.947,-2.98602432028255,-2.975788,0.000329410301293611,2.72519471089573
243.948,-2.98602382611247,-2.975792,0.000658966301934477,2.72519471089573
243.959,-2.98599647806081,-2.975836,0.00433556254401404,2.72519471089573
243.96,-2.98599197128576,-2.97584,0.00467831977792521,2.72519471089573
243.971,-2.98591915872273,-2.975884,0.0086193181726432,2.72519471089573
243.972,-2.98591035077637,-2.975888,0.00899722385204002,2.72519471089573
243.983,-2.98578741146274,-2.975932,0.0134549848616394,2.72519471089573
243.984,-2.98577373835454,-2.975936,0.0138922395449424,2.72519471089573
243.986,-2.98574506496159,-2.975944,0.0147853811322007,2.75039389569453
243.995,-2.98099480131591,-2.97598,0.893839138785584,2.44034725000214
243.996,-2.9800913722151,-2.975984,0.913051439749973,2.40503663537438
243.997,-2.97917590655979,-2.975988,0.917932647057514,2.3747704627491
244.003,-2.97398134142027,-2.976012,0.786098317898912,2.29028320515416
244.007,-2.97114494792472,-2.976028,0.63367583492973,2.29028320515416
244.008,-2.97052965458533,-2.976032,0.597001587113876,2.29028320515416
244.016,-2.96672094691476,-2.976064,0.383002840764557,2.34929375866713
244.019,-2.96560982396334,-2.976076,0.358066438334569,2.34929375866713
244.02,-2.96525572093794,-2.97608,0.350173608070935,2.34929375866713
244.031,-2.96183317878736,-2.976124,0.275690959242776,2.34929375866713
244.032,-2.96156037890143,-2.976128,0.269934572325212,2.34929375866713
244.043,-2.95890281945778,-2.976172,0.215983310448837,2.34929375866713
244.044,-2.95868891195465,-2.976176,0.211851369378582,2.32899064279726
244.055,-2.95707864921871,-2.97622,0.0840569591062545,2.32899064279726
244.056,-2.95699998174845,-2.976224,0.0732983626403415,2.32899064279726
244.06,-2.95679114837484,-2.97624,0.0314107716048328,2.35417200717088
244.067,-2.95656482361117,-2.976268,0.0333365370408861,2.35417200717088
244.068,-2.95653132995701,-2.976272,0.033652484410169,2.35417200717088
244.079,-2.95613941541171,-2.976316,0.0378177385642669,2.35417200717088
244.08,-2.95610137716536,-2.97632,0.0382605803101789,2.35417200717088
244.081,-2.95606289058553,-2.976324,0.0387144188520307,2.33401748821252
244.084,-2.95599232529033,-2.976336,0,2.33362218397077
244.092,-2.95599232529033,-2.976368,0,2.33433777010635
244.103,-2.95599232529033,-2.976412,0,2.322282065901
244.104,-2.95599232529033,-2.976416,0,2.32109735652492
244.115,-2.95599232529033,-2.97646,0,2.30786397364678
244.116,-2.95599232529033,-2.976464,0,2.30664757017281
244.127,-2.95599232529033,-2.976508,0,2.29314081025145
244.128,-2.95599232529033,-2.976512,0,2.29190156484191
244.139,-2.95599232529033,-2.976556,0,2.27814532840324
244.14,-2.95599232529033,-2.97656,0,2.27688343525842
244.151,-2.95599232529033,-2.976604,0,2.2628778767971
244.152,-2.95599232529033,-2.976608,0,2.26159329659618
244.163,-2.95599232529033,-2.976652,0,2.24733793013289
244.164,-2.95599232529033,-2.976656,0,2.24603061725656
244.175,-2.95599232529033,-2.9767,0,2.2315249395372
244.176,-2.95599232529033,-2.976704,0,2.23019484819631
244.187,-2.95599232529033,-2.976748,0,2.21543835550079
244.188,-2.95599232529033,-2.976752,0,2.21408543990147
244.199,-2.95599232529033,-2.976796,0,2.19907762849731
244.2,-2.95599232529033,-2.9768,0,2.19770184284575
244.211,-2.95599232529033,-2.976844,0,2.18244220899998
244.212,-2.95599232529033,-2.976848,0,2.18104350750217
244.223,-2.95599232529033,-2.976892,0,2.16553154748177
244.224,-2.95599232529033,-2.976896,0,2.16410988434393
244.235,-2.95599232529033,-2.97694,0,2.1483450944161
244.236,-2.95599232529033,-2.976944,0,2.14690042384419
244.247,-2.95599232529033,-2.976988,0,2.13088230027591
244.248,-2.95599232529033,-2.976992,0,2.12941457647611
244.259,-2.95599232529033,-2.977036,0,2.11314261553443
244.26,-2.95599232529033,-2.97704,0,2.11165179271288
244.271,-2.95599232529033,-2.977084,0,2.09512549066485
244.272,-2.95599232529033,-2.977088,0,2.09361152302754
244.283,-2.95599232529033,-2.977132,0,2.07683037614028
244.284,-2.95599232529033,-2.977136,0,2.07529321789341
244.295,-2.95599232529033,-2.97718,0,2.05825672243388
244.296,-2.95599232529033,-2.977184,0,2.0566963277835
244.307,-2.95599232529033,-2.977228,0,2.03940398001883
244.308,-2.95599232529033,-2.977232,0,2.03782030317103
244.319,-2.95599232529033,-2.977276,0,2.02027159936833
244.32,-2.95599232529033,-2.97728,0,2.01866459452914
244.325,-2.95599232529033,-2.9773,0,2.01060037297758
244.331,-2.95600360299148,-2.977324,-0.00376296789549227,2.01060037297758
244.332,-2.95600768100164,-2.977328,-0.00439327752776016,2.01060037297758
244.34,-2.95606317927152,-2.97736,-0.00950578723672513,1.98993974123135
244.343,-2.95637926318159,-2.977372,-0.299805356877712,2.0171756261952
244.344,-2.95674753596391,-2.977376,-0.436565418749141,2.0501149996942
244.352,-2.96287329726466,-2.977408,-0.910873406028956,2.36282319744848
244.354,-2.96467651408716,-2.977416,-0.892628520854464,2.40382636461136
244.355,-2.96555636773867,-2.97742,-0.867172912611283,2.40382636461136
244.356,-2.96641104568796,-2.977424,-0.842274643079845,2.40382636461136
244.357,-2.96724109791321,-2.977428,-0.817919050332538,2.43498911541916
244.367,-2.97368483987315,-2.977468,-0.493414860948151,2.41449862581593
244.368,-2.97416672122711,-2.977472,-0.470412334640567,2.41449862581593
244.378,-2.97817508623559,-2.977512,-0.344343151249906,2.37050019255263
244.379,-2.9785184730989,-2.977516,-0.342455370791377,2.37050019255263
244.38,-2.97886004623423,-2.97752,-0.340715363981839,2.37050019255263
244.39,-2.98220742518578,-2.97756,-0.331048697123185,2.39700860182117
244.391,-2.98253289394322,-2.977564,-0.319925832085373,2.39700860182117
244.392,-2.98284734984284,-2.977568,-0.309021950388836,2.39700860182117
244.403,-2.9856371104384,-2.977612,-0.201875947871893,2.39700860182117
244.404,-2.98583461547327,-2.977616,-0.193159369121769,2.39700860182117
244.415,-2.98746695142728,-2.97766,-0.106155238315856,2.39700860182117
244.416,-2.98756949305827,-2.977664,-0.0989449573731698,2.39700860182117
244.42,-2.98790902060653,-2.97768,-0.071065903759202,2.37569876324201
244.427,-2.98845582618955,-2.977708,-0.0852680933634716,2.37569876324201
244.428,-2.98854213488123,-2.977712,-0.0873518556332104,2.37569876324201
244.437,-2.98941510221358,-2.977748,-0.106893997199708,2.40248199691413
244.439,-2.9896115157102,-2.977756,-0.0895943589630912,2.40248199691413
244.44,-2.98969685840744,-2.97776,-0.081108681907907,2.40248199691413
244.448,-2.99007639364863,-2.977792,0,2.39189584938233
244.451,-2.99007639364863,-2.977804,0,2.38388385462873
244.452,-2.99007639364863,-2.977808,0,2.38270280151884
244.455,-2.99007639364863,-2.97782,0,2.38137025888909
244.463,-2.99007639364863,-2.977852,0,2.38369652188362
244.464,-2.99007639364863,-2.977856,0,2.38416650789369
244.475,-2.99007639364863,-2.9779,0,2.38975959416818
244.476,-2.99007639364863,-2.977904,0,2.39028247293259
244.487,-2.99007639364863,-2.977948,0,2.39609134069881
244.488,-2.99007639364863,-2.977952,0,2.39662396272234
244.499,-2.99007639364863,-2.977996,0,2.40252988852825
244.5,-2.99007639364863,-2.978,0,2.40307104543123
244.511,-2.99007639364863,-2.978044,0,2.40907033694136
244.512,-2.99007639364863,-2.978048,0,2.40961995157271
244.523,-2.99007639364863,-2.978092,0,2.41571201905176
244.524,-2.99007639364863,-2.978096,0,2.41627004477192
244.535,-2.99007639364863,-2.97814,0,2.42245438216725
244.536,-2.99007639364863,-2.978144,0,2.42302077315939
244.547,-2.99007639364863,-2.978188,0,2.42929687667549
244.548,-2.99007639364863,-2.978192,0,2.42987158714516
244.559,-2.99007639364863,-2.978236,0,2.43623895304743
244.56,-2.99007639364863,-2.97824,0,2.4368219372007
244.571,-2.99007639364863,-2.978284,0,2.44328006175613
244.572,-2.99007639364863,-2.978288,0,2.4438712737991
244.583,-2.99007639364863,-2.978332,0,2.45041965327475
244.584,-2.99007639364863,-2.978336,0,2.45101904741352
244.595,-2.99007639364863,-2.97838,0,2.45765717807645
244.596,-2.99007639364863,-2.978384,0,2.45826470851711
244.607,-2.99007639364863,-2.978428,0,2.46499208663437
244.608,-2.99007639364863,-2.978432,0,2.46560770758308
244.619,-2.99007639364863,-2.978476,0,2.4724238294217
244.62,-2.99007639364863,-2.97848,0,2.47304749508443
244.631,-2.99007639364863,-2.978524,0,2.47995185691156
244.632,-2.99007639364863,-2.978528,0,2.48058352149453
244.643,-2.99007639364863,-2.978572,0,2.48757561957716
244.644,-2.99007639364863,-2.978576,0,2.48821523728635
244.655,-2.99007639364863,-2.97862,0,2.49529456789152
244.656,-2.99007639364863,-2.978624,0,2.49594209293315
244.667,-2.99007639364863,-2.978668,0,2.50310815232802
244.668,-2.99007639364863,-2.978672,0,2.50376353890805
244.679,-2.99007639364863,-2.978716,0,2.5110158233596
244.68,-2.99007639364863,-2.97872,0,2.5116790256842
244.691,-2.99007639364863,-2.978764,0,2.51901703145951
244.692,-2.99007639364863,-2.978768,0,2.51968800373477
244.703,-2.99007639364863,-2.978812,0,2.52711122710091
244.704,-2.99007639364863,-2.978816,0,2.52778992353293
244.715,-2.99007639364863,-2.97886,0,2.53529786075693
244.716,-2.99007639364863,-2.978864,0,2.53598423555181
244.727,-2.99007639364863,-2.978908,0,2.54357638290075
244.728,-2.99007639364863,-2.978912,0,2.54427039026458
244.739,-2.99007639364863,-2.978956,0,2.55194624400551
244.74,-2.99007639364863,-2.97896,0,2.55264783814444
244.751,-2.99007639364863,-2.979004,0,2.56040689454441
244.752,-2.99007639364863,-2.979008,0,2.56111602966443
244.763,-2.99007639364863,-2.979052,0,2.56895778499048
244.764,-2.99007639364863,-2.979056,0,2.5696744152978
244.775,-2.99007639364863,-2.9791,0,2.57759836581706
244.776,-2.99007639364863,-2.979104,0,2.57832244551765
244.787,-2.99007639364863,-2.979148,0,2.58632808749714
244.788,-2.99007639364863,-2.979152,0,2.58705957079717
244.799,-2.99007639364863,-2.979196,0,2.59514640050396
244.8,-2.99007639364863,-2.9792,0,2.59588524160952
244.811,-2.99007639364863,-2.979244,0,2.60405275531066
244.812,-2.99007639364863,-2.979248,0,2.60479890842784
244.823,-2.99007639364863,-2.979292,0,2.61304660239038
244.824,-2.99007639364863,-2.979296,0,2.61380002172529
244.835,-2.99007639364863,-2.97934,0,2.6221273922163
244.836,-2.99007639364863,-2.979344,0,2.62288803197503
244.847,-2.99007639364863,-2.979388,0,2.63129457526157
244.848,-2.99007639364863,-2.979392,0,2.63206238965026
244.859,-2.99007639364863,-2.979436,0,2.64054760199933
244.86,-2.99007639364863,-2.97944,0,2.64132254522398
244.871,-2.99007639364863,-2.979484,0,2.64988592290276
244.872,-2.99007639364863,-2.979488,0,2.65066794916957
244.883,-2.99007639364863,-2.979532,0,2.65930898844504
244.884,-2.99007639364863,-2.979536,0,2.66009805195999
244.895,-2.99007639364863,-2.97958,0,2.66881624909923
244.896,-2.99007639364863,-2.979584,0,2.66961230406849
244.907,-2.99007639364863,-2.979628,0,2.67840715533857
244.908,-2.99007639364863,-2.979632,0,2.67921015596822
244.919,-2.99007639364863,-2.979676,0,2.68808115763616
244.92,-2.99007639364863,-2.97968,0,2.68889105813231
244.931,-2.99007639364863,-2.979724,0,2.69783770646519
244.932,-2.99007639364863,-2.979728,0,2.69865446103393
244.943,-2.99007639364863,-2.979772,0,2.70767625229881
244.944,-2.99007639364863,-2.979776,0,2.70849981514624
244.955,-2.99007639364863,-2.97982,0,2.71759624561019
244.956,-2.99007639364863,-2.979824,0,2.71842657094245
244.967,-2.99007639364863,-2.979868,0,2.72759713687247
244.968,-2.99007639364863,-2.979872,0,2.72843417889555
244.969,-2.99007639364863,-2.979876,0,2.72927177857584
244.979,-2.99006551736916,-2.979916,0.00218326341153512,2.72927177857584
244.98,-2.99006322317377,-2.97992,0.00240529639701786,2.72927177857584
244.991,-2.99002300410938,-2.979964,0.00493982800484036,2.72927177857584
244.992,-2.99001794374895,-2.979968,0.00518126570213536,2.72927177857584
245.003,-2.98994569962105,-2.980012,0.00801253145475435,2.72927177857584
245.004,-2.98993754924248,-2.980016,0.00828882622433742,2.72927177857584
245.005,-2.98992912074709,-2.98002,0.00856878559176615,2.75485215350368
245.015,-2.98483181308597,-2.98006,0.898952202797472,2.43001289093323
245.016,-2.98392617626481,-2.980064,0.912361877303564,2.39679476200876
245.017,-2.98301384040977,-2.980068,0.912369044667891,2.36868400987196
245.024,-2.97715344422623,-2.980096,0.735947960585403,2.29302170525655
245.027,-2.9751181470383,-2.980108,0.621786097122122,2.29302170525655
245.028,-2.97451486931751,-2.980112,0.584859668814397,2.29302170525655
245.035,-2.97115900471989,-2.98014,0.392486902754055,2.34894545147849
245.039,-2.96967109678361,-2.980156,0.35207871503727,2.34894545147849
245.04,-2.96932380747158,-2.98016,0.3425357742208,2.34894545147849
245.051,-2.9660827957924,-2.980204,0.250465686605522,2.34894545147849
245.052,-2.96583600397321,-2.980208,0.243144236702507,2.34894545147849
245.063,-2.96356747576112,-2.980252,0.172030738176747,2.34894545147849
245.064,-2.9633983059059,-2.980256,0.166327979509477,2.34894545147849
245.075,-2.96188715527658,-2.9803,0.11037107317887,2.34894545147849
245.076,-2.96177906270636,-2.980304,0.105827501827002,2.34894545147849
245.087,-2.96087121640959,-2.980348,0.0605861769832453,2.34894545147849
245.088,-2.96081250390993,-2.980352,0.0568479343522298,2.34894545147849
245.099,-2.96040761020771,-2.980396,0,2.34563737500952
245.1,-2.96040761020771,-2.9804,0,2.34745682053357
245.103,-2.96040761020771,-2.980412,0,2.34904852658944
245.111,-2.96040761020771,-2.980444,0,2.34299228208564
245.112,-2.96040761020771,-2.980448,0,2.34191943510229
245.123,-2.96040761020771,-2.980492,0,2.32933920719151
245.124,-2.96040761020771,-2.980496,0,2.3281667630557
245.135,-2.96040761020771,-2.98054,0,2.31512994110385
245.136,-2.96040761020771,-2.980544,0,2.3139331793689
245.147,-2.96040761020771,-2.980588,0,2.30064585307027
245.148,-2.96040761020771,-2.980592,0,2.29942675960493
245.159,-2.96040761020771,-2.980636,0,2.28589399742997
245.16,-2.96040761020771,-2.98064,0,2.28465258123801
245.171,-2.96040761020771,-2.980684,0,2.27087402974628
245.172,-2.96040761020771,-2.980688,0,2.26961024651184
245.183,-2.96040761020771,-2.980732,0,2.25558540602408
245.184,-2.96040761020771,-2.980736,0,2.25429920999302
245.195,-2.96040761020771,-2.98078,0,2.24002757688558
245.196,-2.96040761020771,-2.980784,0,2.23871892226518
245.207,-2.96040761020771,-2.980828,0,2.22419999280816
245.208,-2.96040761020771,-2.980832,0,2.22286883380442
245.219,-2.96040761020771,-2.980876,0,2.20810210426492
245.22,-2.96040761020771,-2.98088,0,2.206748395084
245.231,-2.96040761020771,-2.980924,0,2.19173336172908
245.232,-2.96040761020771,-2.980928,0,2.19035705657708
245.243,-2.96040761020771,-2.980972,0,2.17509321567378
245.244,-2.96040761020771,-2.980976,0,2.1736942687568
245.255,-2.96040761020771,-2.98102,0,2.15818111657221
245.256,-2.96040761020771,-2.981024,0,2.15675948209634
245.267,-2.96040761020771,-2.981068,0,2.14099651489748
245.268,-2.96040761020771,-2.981072,0,2.13955214706882
245.279,-2.96040761020771,-2.981116,0,2.12353886112277
245.28,-2.96040761020771,-2.98112,0,2.12207171414747
245.291,-2.96040761020771,-2.981164,0,2.10580760572125
245.292,-2.96040761020771,-2.981168,0,2.10431763380529
245.303,-2.96040761020771,-2.981212,0,2.08780219916606
245.304,-2.96040761020771,-2.981216,0,2.08628935651566
245.315,-2.96040761020771,-2.98126,0,2.0695220919304
245.316,-2.96040761020771,-2.981264,0,2.06798633275153
245.327,-2.96040761020771,-2.981308,0,2.05096673448732
245.328,-2.96040761020771,-2.981312,0,2.04940801298614
245.339,-2.96040761020771,-2.981356,0,2.03213557731006
245.34,-2.96040761020771,-2.98136,0,2.03055384769266
245.35,-2.96040761020771,-2.9814,0,2.014630931491
245.351,-2.96040781448196,-2.981404,-0.000408559760092471,2.014630931491
245.352,-2.96040842737233,-2.981408,-0.000817254806210736,2.014630931491
245.363,-2.96044229288502,-2.981452,-0.00536065544251178,2.014630931491
245.364,-2.96044786385272,-2.981456,-0.00578158738490719,1.994272367277
245.375,-2.96594084959315,-2.9815,-0.902751849252443,2.32566373900085
245.376,-2.96684721995415,-2.981504,-0.910036048348881,2.35563784472201
245.38,-2.97041394500507,-2.98152,-0.855758621066163,2.42893722890615
245.387,-2.97561563966325,-2.981548,-0.635049863441504,2.42893722890615
245.388,-2.97623596095833,-2.981552,-0.60567560663043,2.42893722890615
245.398,-2.98103262749532,-2.981592,-0.384469383489738,2.38395889960903
245.399,-2.98141375072607,-2.981596,-0.377811214637898,2.38395889960903
245.4,-2.98178831747646,-2.9816,-0.37135570527273,2.38395889960903
245.411,-2.98553031965169,-2.981644,-0.312584278706717,2.38395889960903
245.412,-2.98584072882069,-2.981648,-0.308260250036824,2.38395889960903
245.423,-2.98900753651877,-2.981692,-0.270359600582322,2.41095496529187
245.424,-2.98927102814734,-2.981696,-0.25666036440492,2.41095496529187
245.435,-2.99131598218603,-2.98174,-0.118772878098688,2.41095496529187
245.436,-2.99142897387004,-2.981744,-0.107234306430589,2.38940520282678
245.447,-2.9924642052198,-2.981788,-0.082116394363882,2.38940520282678
245.448,-2.99254533494697,-2.981792,-0.0801510915547104,2.38940520282678
245.459,-2.99331943776207,-2.981836,-0.0614361459037067,2.38940520282678
245.46,-2.99338013900324,-2.98184,-0.0599723345980457,2.38940520282678
245.471,-2.99395974563069,-2.981884,-0.0460391916441773,2.38940520282678
245.472,-2.9940052380035,-2.981888,-0.0449500370857275,2.38940520282678
245.483,-2.99444012784853,-2.981932,-0.034590847806944,2.38940520282678
245.484,-2.99447431252809,-2.981936,-0.0337818660919717,2.38940520282678
245.495,-2.99480171071281,-2.98198,-0.0260970773172569,2.38940520282678
245.496,-2.99482750695631,-2.981984,-0.025497924810184,2.38940520282678
245.503,-2.99499231531084,-2.982012,-0.0217022791796171,2.41442305138818
245.504,-2.99499565330232,-2.982016,0,2.41294481746092
245.508,-2.99499565330232,-2.982032,0,2.41015482427495
245.519,-2.99499565330232,-2.982076,0,2.4144977159687
245.52,-2.99499565330232,-2.98208,0,2.41506828360893
245.531,-2.99499565330232,-2.982124,0,2.4215668724064
245.532,-2.99499565330232,-2.982128,0,2.42216689304308
245.543,-2.99499565330232,-2.982172,0,2.42882245266792
245.544,-2.99499565330232,-2.982176,0,2.42943222976528
245.555,-2.99499565330232,-2.98222,0,2.43619036076043
245.556,-2.99499565330232,-2.982224,0,2.43680931850792
245.567,-2.99499565330232,-2.982268,0,2.44366806347392
245.568,-2.99499565330232,-2.982272,0,2.44429614178217
245.579,-2.99499565330232,-2.982316,0,2.45125495777805
245.58,-2.99499565330232,-2.98232,0,2.4518921104676
245.591,-2.99499565330232,-2.982364,0,2.45895049270292
245.592,-2.99499565330232,-2.982368,0,2.45959667396944
245.603,-2.99499565330232,-2.982412,0,2.4667541186827
245.604,-2.99499565330232,-2.982416,0,2.46740928273203
245.615,-2.99499565330232,-2.98246,0,2.47466528618953
245.616,-2.99499565330232,-2.982464,0,2.47532938722775
245.627,-2.99499565330232,-2.982508,0,2.48268344569655
245.628,-2.99499565330232,-2.982512,0,2.4833564379298
245.639,-2.99499565330232,-2.982556,0,2.49080804767693
245.64,-2.99499565330232,-2.98256,0,2.49148988531115
245.651,-2.99499565330232,-2.982604,0,2.4990385426037
245.652,-2.99499565330232,-2.982608,0,2.49972917984521
245.663,-2.99499565330232,-2.982652,0,2.50737438095021
245.664,-2.99499565330232,-2.982656,0,2.50807377200493
245.675,-2.99499565330232,-2.9827,0,2.51581501318945
245.676,-2.99499565330232,-2.982704,0,2.51652311226354
245.687,-2.99499565330232,-2.982748,0,2.52435988979467
245.688,-2.99499565330232,-2.982752,0,2.52507665109422
245.699,-2.99499565330232,-2.982796,0,2.53300846123898
245.7,-2.99499565330232,-2.9828,0,2.53373383897009
245.711,-2.99499565330232,-2.982844,0,2.54176017799554
245.712,-2.99499565330232,-2.982848,0,2.54249412636431
245.723,-2.99499565330232,-2.982892,0,2.55061449053752
245.724,-2.99499565330232,-2.982896,0,2.55135696375005
245.735,-2.99499565330232,-2.98294,0,2.55957084933809
245.736,-2.99499565330232,-2.982944,0,2.56032180160052
245.747,-2.99499565330232,-2.982988,0,2.56862870487037
245.748,-2.99499565330232,-2.982992,0,2.5693880903887
245.759,-2.99499565330232,-2.983036,0,2.57778750760754
245.76,-2.99499565330232,-2.98304,0,2.57855528058797
245.771,-2.99499565330232,-2.983084,0,2.58704670802281
245.772,-2.99499565330232,-2.983088,0,2.58782282267131
245.783,-2.99499565330232,-2.983132,0,2.59640575658916
245.784,-2.99499565330232,-2.983136,0,2.59719016711196
245.795,-2.99499565330232,-2.98318,0,2.60586410377998
245.796,-2.99499565330232,-2.983184,0,2.60665676438305
245.807,-2.99499565330232,-2.983228,0,2.61542120006824
245.808,-2.99499565330232,-2.983232,0,2.61622206495773
245.819,-2.99499565330232,-2.983276,0,2.62507649592716
245.82,-2.99499565330232,-2.98328,0,2.62588551930924
245.831,-2.99499565330232,-2.983324,0,2.63482944182991
245.832,-2.99499565330232,-2.983328,0,2.63564657791055
245.843,-2.99499565330232,-2.983372,0,2.64467948824963
245.844,-2.99499565330232,-2.983376,0,2.64550469123504
245.855,-2.99499565330232,-2.98342,0,2.65462608565947
245.856,-2.99499565330232,-2.983424,0,2.6554593097557
245.867,-2.99499565330232,-2.983468,0,2.6646686845326
245.868,-2.99499565330232,-2.983472,0,2.66550988394574
245.879,-2.99499565330232,-2.983516,0,2.67480673534223
245.88,-2.99499565330232,-2.98352,0,2.67565586427831
245.891,-2.99499565330232,-2.983564,0,2.6850396885614
245.892,-2.99499565330232,-2.983568,0,2.68589670122659
245.903,-2.99499565330232,-2.983612,0,2.69536699466332
245.904,-2.99499565330232,-2.983616,0,2.69623184526371
245.915,-2.99499565330232,-2.98366,0,2.70578810412114
245.916,-2.99499565330232,-2.983664,0,2.70666074686282
245.927,-2.99499565330232,-2.983708,0,2.71630246740803
245.928,-2.99499565330232,-2.983712,0,2.7171828564971
245.939,-2.99499565330232,-2.983756,0,2.72690953499714
245.94,-2.99499565330232,-2.98376,0,2.7277976246397
245.948,-2.99499565330232,-2.983792,0,2.73492534231255
245.951,-2.99499400311905,-2.983804,0.00110048677143503,2.73492534231255
245.952,-2.99499271888691,-2.983808,0.00146807210662319,2.73492534231255
245.963,-2.99495406953945,-2.983852,0.00559036700256378,2.73492534231255
245.964,-2.99494828627239,-2.983856,0.00597659306399992,2.73492534231255
245.975,-2.99485840676344,-2.9839,0.0104378920252258,2.73492534231255
245.976,-2.99484775447533,-2.983904,0.0108674688092871,2.73492534231255
245.986,-2.99471660055472,-2.983944,0.015459851650028,2.76021333400735
245.987,-2.99467277526163,-2.983948,0.106800448813063,2.76021333400735
245.988,-2.99449026749323,-2.983952,0.258012855090728,2.73945848567329
245.997,-2.98813357138718,-2.983988,0.919835973201951,2.3849797644711
245.999,-2.98631200153631,-2.983996,0.896843597877002,2.33967467038652
246,-2.98542731946712,-2.984,0.872611116110311,2.33967467038652
246.001,-2.98456660042224,-2.984004,0.848915290152641,2.31311039318132
246.011,-2.97770176901893,-2.984044,0.53285812507484,2.31311039318132
246.012,-2.97718338493926,-2.984048,0.503983813517663,2.31311039318132
246.023,-2.97291021806434,-2.984092,0.304929021505778,2.36756837466449
246.024,-2.97260665351059,-2.984096,0.302223515029345,2.36756837466449
246.035,-2.96941194492362,-2.98414,0.281226793126456,2.34552476047582
246.036,-2.96913586746905,-2.984144,0.270960428284594,2.34552476047582
246.047,-2.96673140909649,-2.984188,0.169495568935255,2.34552476047582
246.048,-2.96656607967367,-2.984192,0.161185725900388,2.34552476047582
246.059,-2.96526484005395,-2.984236,0.0776291562543629,2.34552476047582
246.06,-2.96519070958149,-2.98424,0.0706465055190755,2.34552476047582
246.068,-2.96484720684821,-2.984272,0,2.35929275256604
246.071,-2.96484720684821,-2.984284,0,2.36508738887779
246.072,-2.96484720684821,-2.984288,0,2.36560427873416
246.073,-2.96484720684821,-2.984292,0,2.36570327769312
246.083,-2.96484720684821,-2.984332,0,2.3579556898765
246.084,-2.96484720684821,-2.984336,0,2.35689366942049
246.095,-2.96484720684821,-2.98438,0,2.34473592536706
246.096,-2.96484720684821,-2.984384,0,2.34361024413476
246.107,-2.96484720684821,-2.984428,0,2.33109881344332
246.108,-2.96484720684821,-2.984432,0,2.32995029593308
246.119,-2.96484720684821,-2.984476,0,2.3171967690602
246.12,-2.96484720684821,-2.98448,0,2.3160264718248
246.131,-2.96484720684821,-2.984524,0,2.30303336842324
246.132,-2.96484720684821,-2.984528,0,2.30184127540109
246.143,-2.96484720684821,-2.984572,0,2.28860817328417
246.144,-2.96484720684821,-2.984576,0,2.2873942394833
246.155,-2.96484720684821,-2.98462,0,2.27392063711754
246.156,-2.96484720684821,-2.984624,0,2.27268481676568
246.167,-2.96484720684821,-2.984668,0,2.25897021047746
246.168,-2.96484720684821,-2.984672,0,2.25771245778134
246.179,-2.96484720684821,-2.984716,0,2.24375634383926
246.18,-2.96484720684821,-2.98472,0,2.24247661300489
246.191,-2.96484720684821,-2.984764,0,2.22827848767617
246.192,-2.96484720684821,-2.984768,0,2.22697673290974
246.203,-2.96484720684821,-2.984812,0,2.21253609246137
246.204,-2.96484720684821,-2.984816,0,2.21121226796887
246.215,-2.96484720684821,-2.98486,0,2.19652860866788
246.216,-2.96484720684821,-2.984864,0,2.19518266865553
246.227,-2.96484720684821,-2.984908,0,2.18025548676908
246.228,-2.96484720684821,-2.984912,0,2.17888738544284
246.239,-2.96484720684821,-2.984956,0,2.16371617723792
246.24,-2.96484720684821,-2.98496,0,2.16232586880397
246.251,-2.96484720684821,-2.985004,0,2.14691013054765
246.252,-2.96484720684821,-2.985008,0,2.14549756921208
246.263,-2.96484720684821,-2.985052,0,2.12983679717142
246.264,-2.96484720684821,-2.985056,0,2.12840193714032
246.275,-2.96484720684821,-2.9851,0,2.11249562758238
246.276,-2.96484720684821,-2.985104,0,2.11103842306184
246.287,-2.96484720684821,-2.985148,0,2.09488607225367
246.288,-2.96484720684821,-2.985152,0,2.09340647744981
246.299,-2.96484720684821,-2.985196,0,2.07700758165848
246.3,-2.96484720684821,-2.9852,0,2.07550555077742
246.311,-2.96484720684821,-2.985244,0,2.05885960626999
246.312,-2.96484720684821,-2.985248,0,2.05733509351773
246.323,-2.96484720684821,-2.985292,0,2.0404415965612
246.324,-2.96484720684821,-2.985296,0,2.03889455614396
246.335,-2.96484720684821,-2.98534,0,2.0217530030055
246.336,-2.96484720684821,-2.985344,0,2.02018338912924
246.337,-2.96484720684821,-2.985348,0,2.01861189206433
246.347,-2.96485836174477,-2.985388,-0.00223713058983221,2.01861189206433
246.348,-2.96486071209006,-2.985392,-0.00246368965790253,2.01861189206433
246.351,-2.96486912837795,-2.985404,-0.00314856195214548,1.99764192197857
246.359,-2.96756417569756,-2.985436,-0.766504161682428,2.19935185654266
246.36,-2.96836132270607,-2.98544,-0.827750294606139,2.24283435853538
246.363,-2.97099739253355,-2.985452,-0.908582438710503,2.35097279235937
246.369,-2.97622913651465,-2.985476,-0.805327275239705,2.4438477316747
246.371,-2.97776661149449,-2.985484,-0.73255956165223,2.4438477316747
246.372,-2.97848138358656,-2.985488,-0.697082686441517,2.4438477316747
246.381,-2.98347293048353,-2.985524,-0.440181548385453,2.39692218628463
246.383,-2.98433037013119,-2.985532,-0.417434320638882,2.39692218628463
246.384,-2.98474229136775,-2.985536,-0.40645055419105,2.39692218628463
246.395,-2.98860840284527,-2.98558,-0.30088691032269,2.39692218628463
246.396,-2.98890509625159,-2.985584,-0.29253103749249,2.39692218628463
246.402,-2.99051793661077,-2.985608,-0.24610584737674,2.37674373291685
246.407,-2.99176352526732,-2.985628,-0.252483428410759,2.37674373291685
246.408,-2.99201676641444,-2.985632,-0.254012916646479,2.37674373291685
246.413,-2.9933082287591,-2.985652,-0.262922171483289,2.40545821588905
246.419,-2.99471562468067,-2.985676,-0.207233549891266,2.40545821588905
246.42,-2.9949184916956,-2.98568,-0.198526049470921,2.40545821588905
246.431,-2.99661089170625,-2.985724,-0.111747386502344,2.40545821588905
246.432,-2.99671904121556,-2.985728,-0.104568876952846,2.40545821588905
246.442,-2.99742385534769,-2.985768,-0.0378012373241352,2.3853682601013
246.443,-2.99746263684939,-2.985772,-0.0397614568161827,2.3853682601013
246.444,-2.99750337777077,-2.985776,-0.0417202044185355,2.3853682601013
246.455,-2.99808107309141,-2.98582,-0.063383080623208,2.3853682601013
246.456,-2.99814545498065,-2.985824,-0.0653819745485173,2.3853682601013
246.461,-2.99849758473045,-2.985844,-0.0755105696398063,2.41110250769621
246.467,-2.99880105613683,-2.985868,-0.0261866936317412,2.41110250769621
246.468,-2.99881918705092,-2.985872,0,2.40729096101918
246.475,-2.99881918705092,-2.9859,0,2.39709390195145
246.48,-2.99881918705092,-2.98592,0,2.39838556560144
246.491,-2.99881918705092,-2.985964,0,2.40421655834003
246.492,-2.99881918705092,-2.985968,0,2.40478507862706
246.503,-2.99881918705092,-2.986012,0,2.41112329230342
246.504,-2.99881918705092,-2.986016,0,2.4117049994394
246.515,-2.99881918705092,-2.98606,0,2.41815506323024
246.516,-2.99881918705092,-2.986064,0,2.41874602825457
246.527,-2.99881918705092,-2.986108,0,2.42529678813777
246.528,-2.99881918705092,-2.986112,0,2.42589686052037
246.539,-2.99881918705092,-2.986156,0,2.43254752550522
246.54,-2.99881918705092,-2.98616,0,2.43315665662728
246.551,-2.99881918705092,-2.986204,0,2.43990671523303
246.552,-2.99881918705092,-2.986208,0,2.44052485922437
246.563,-2.99881918705092,-2.986252,0,2.44737380750907
246.564,-2.99881918705092,-2.986256,0,2.4480009185738
246.575,-2.99881918705092,-2.9863,0,2.45494825279887
246.576,-2.99881918705092,-2.986304,0,2.45558428514303
246.587,-2.99881918705092,-2.986348,0,2.46262950157534
246.588,-2.99881918705092,-2.986352,0,2.46327440940503
246.599,-2.99881918705092,-2.986396,0,2.47041700431166
246.6,-2.99881918705092,-2.9864,0,2.47107074183303
246.611,-2.99881918705092,-2.986444,0,2.47831021148099
246.612,-2.99881918705092,-2.986448,0,2.47897273290003
246.623,-2.99881918705092,-2.986492,0,2.48630857355648
246.624,-2.99881918705092,-2.986496,0,2.48697983307939
246.635,-2.99881918705092,-2.98654,0,2.49441154101128
246.636,-2.99881918705092,-2.986544,0,2.4950914928441
246.647,-2.99881918705092,-2.986588,0,2.50261856431854
246.648,-2.99881918705092,-2.986592,0,2.50330716266737
246.659,-2.99881918705092,-2.986636,0,2.51092909395148
246.66,-2.99881918705092,-2.98664,0,2.51162629302235
246.671,-2.99881918705092,-2.986684,0,2.51934258038315
246.672,-2.99881918705092,-2.986688,0,2.52004833438222
246.683,-2.99881918705092,-2.986732,0,2.52785847408675
246.684,-2.99881918705092,-2.986736,0,2.52857273722012
246.695,-2.99881918705092,-2.98678,0,2.53647622553543
246.696,-2.99881918705092,-2.986784,0,2.5371989520092
246.707,-2.99881918705092,-2.986828,0,2.54519528520237
246.708,-2.99881918705092,-2.986832,0,2.54592642922262
246.719,-2.99881918705092,-2.986876,0,2.55401510356072
246.72,-2.99881918705092,-2.98688,0,2.55475461933356
246.731,-2.99881918705092,-2.986924,0,2.5629351310836
246.732,-2.99881918705092,-2.986928,0,2.56368297281518
246.743,-2.99881918705092,-2.986972,0,2.57195481824426
246.744,-2.99881918705092,-2.986976,0,2.57271094014055
246.755,-2.99881918705092,-2.98702,0,2.58107361551568
246.756,-2.99881918705092,-2.987024,0,2.58183797178291
246.767,-2.99881918705092,-2.987068,0,2.59029097337124
246.768,-2.99881918705092,-2.987072,0,2.59106351821538
246.779,-2.99881918705092,-2.987116,0,2.5996063422839
246.78,-2.99881918705092,-2.98712,0,2.60038702991111
246.791,-2.99881918705092,-2.987164,0,2.60901917272691
246.792,-2.99881918705092,-2.987168,0,2.60980795734329
246.803,-2.99881918705092,-2.987212,0,2.61852891517342
246.804,-2.99881918705092,-2.987216,0,2.61932575098505
246.815,-2.99881918705092,-2.98726,0,2.62813502009657
246.816,-2.99881918705092,-2.987264,0,2.62893986130956
246.827,-2.99881918705092,-2.987308,0,2.63783693796953
246.828,-2.99881918705092,-2.987312,0,2.63864973878997
246.839,-2.99881918705092,-2.987356,0,2.64763411926543
246.84,-2.99881918705092,-2.98736,0,2.64845483389948
246.851,-2.99881918705092,-2.987404,0,2.6575260144575
246.852,-2.99881918705092,-2.987408,0,2.65835459711108
246.863,-2.99881918705092,-2.987452,0,2.66751207401875
246.864,-2.99881918705092,-2.987456,0,2.66834847889819
246.875,-2.99881918705092,-2.9875,0,2.67759174842252
246.876,-2.99881918705092,-2.987504,0,2.67843592973373
246.887,-2.99881918705092,-2.987548,0,2.6877644881418
246.888,-2.99881918705092,-2.987552,0,2.68861640009095
246.899,-2.99881918705092,-2.987596,0,2.69802974364984
246.9,-2.99881918705092,-2.9876,0,2.69888934044302
246.911,-2.99881918705092,-2.987644,0,2.70838696541976
246.912,-2.99881918705092,-2.987648,0,2.70925420126307
246.923,-2.99881918705092,-2.987692,0,2.71883560392473
246.924,-2.99881918705092,-2.987696,0,2.71971043302426
246.935,-2.99881918705092,-2.98774,0,2.7293751096379
246.936,-2.99881918705092,-2.987744,0,2.73025748619975
246.945,-2.99881918705092,-2.98778,0,2.73822704705981
246.947,-2.99881912213406,-2.987788,6.49264172962696e-05,2.73822704705981
246.948,-2.9988190409611,-2.987792,9.74254662023828e-05,2.73822704705981
246.959,-2.99881598358587,-2.987836,0.00046093406830983,2.73822704705981
246.96,-2.99881550568308,-2.98784,0.00049490669188466,2.73822704705981
246.971,-2.99880794209517,-2.987884,0.000886409360464167,2.73822704705981
246.972,-2.99880703691008,-2.987888,0.000924027445423241,2.73822704705981
246.974,-2.99880511266123,-2.987896,0.00100050465194312,2.76372195847373
246.983,-2.99522843747961,-2.987932,0.835342851036559,2.50677176978173
246.984,-2.99437246517324,-2.987936,0.876600670550133,2.46589229873851
246.986,-2.99257764909363,-2.987944,0.910830899828194,2.39752027176677
246.99,-2.98902255970629,-2.98796,0.850929377816015,2.32027785137288
246.995,-2.98516985205961,-2.98798,0.692492050435773,2.32027785137288
246.996,-2.98449243327102,-2.987984,0.662430969058871,2.32027785137288
247.006,-2.97928047965181,-2.988024,0.38715850168365,2.34954824133012
247.007,-2.97889997091739,-2.988028,0.37390215114462,2.34954824133012
247.008,-2.97853259018428,-2.988032,0.360901301551734,2.34954824133012
247.017,-2.97577760671083,-2.988068,0.254267125916634,2.37496366041689
247.019,-2.97526971742586,-2.988076,0.253689398981477,2.37496366041689
247.02,-2.97501610557284,-2.98808,0.253550884462456,2.37496366041689
247.027,-2.97323784632304,-2.988108,0.255309686261933,2.35323515710327
247.031,-2.97228216116169,-2.988124,0.222962408769442,2.35323515710327
247.032,-2.97206305885179,-2.988128,0.215267235140216,2.35323515710327
247.043,-2.97012575529651,-2.988172,0.139522123405368,2.35323515710327
247.044,-2.96998932871929,-2.988176,0.133348594071736,2.35323515710327
247.055,-2.9688716982332,-2.98822,0.0716127428097783,2.35323515710327
247.056,-2.96880265469393,-2.988224,0.0664860843978539,2.35323515710327
247.066,-2.96838704007526,-2.988264,0,2.34612055897315
247.068,-2.96838704007526,-2.988272,0,2.34984634821437
247.07,-2.96838704007526,-2.98828,0,2.35086502785775
247.079,-2.96838704007526,-2.988316,0,2.34434418533205
247.08,-2.96838704007526,-2.98832,0,2.34326857397267
247.091,-2.96838704007526,-2.988364,0,2.33075016044511
247.092,-2.96838704007526,-2.988368,0,2.32958585534171
247.103,-2.96838704007526,-2.988412,0,2.31664159866035
247.104,-2.96838704007526,-2.988416,0,2.31545336977072
247.115,-2.96838704007526,-2.98846,0,2.30226053515785
247.116,-2.96838704007526,-2.988464,0,2.30105008488758
247.127,-2.96838704007526,-2.988508,0,2.28761296336472
247.128,-2.96838704007526,-2.988512,0,2.28638029307211
247.139,-2.96838704007526,-2.988556,0,2.27269851022966
247.14,-2.96838704007526,-2.98856,0,2.27144357539259
247.151,-2.96838704007526,-2.988604,0,2.2575166309857
247.152,-2.96838704007526,-2.988608,0,2.25623938584457
247.163,-2.96838704007526,-2.988652,0,2.24206677623435
247.164,-2.96838704007526,-2.988656,0,2.24076717499618
247.175,-2.96838704007526,-2.9887,0,2.22634839645224
247.176,-2.96838704007526,-2.988704,0,2.22502639332315
247.187,-2.96838704007526,-2.988748,0,2.21036094211262
247.188,-2.96838704007526,-2.988752,0,2.20901649129876
247.199,-2.96838704007526,-2.988796,0,2.19410386368872
247.2,-2.96838704007526,-2.9888,0,2.19273691939602
247.211,-2.96838704007526,-2.988844,0,2.17757661165351
247.212,-2.96838704007526,-2.988848,0,2.17618712808829
247.223,-2.96838704007526,-2.988892,0,2.16077863648036
247.224,-2.96838704007526,-2.988896,0,2.15936656784855
247.235,-2.96838704007526,-2.98894,0,2.14370938864227
247.236,-2.96838704007526,-2.988944,0,2.14227468915002
247.247,-2.96838704007526,-2.988988,0,2.12636831861246
247.248,-2.96838704007526,-2.988992,0,2.12491094246587
247.259,-2.96838704007526,-2.989036,0,2.10875487686407
247.26,-2.96838704007526,-2.98904,0,2.10727477826924
247.271,-2.96838704007526,-2.989084,0,2.09086851387026
247.272,-2.96838704007526,-2.989088,0,2.08936564703333
247.283,-2.96838704007526,-2.989132,0,2.07270868010419
247.284,-2.96838704007526,-2.989136,0,2.07118299923116
247.295,-2.96838704007526,-2.98918,0,2.05427482603902
247.296,-2.96838704007526,-2.989184,0,2.05272628533608
247.307,-2.96838704007526,-2.989228,0,2.0355664021479
247.308,-2.96838704007526,-2.989232,0,2.0339949558211
247.316,-2.96838704007526,-2.989264,0,2.02135456720657
247.319,-2.96838818810506,-2.989276,-0.000765543148874516,2.02135456720657
247.32,-2.96838908141112,-2.98928,-0.00102111824011301,2.02135456720657
247.33,-2.96841217080163,-2.98932,-0.00360948733353365,2.00034792905783
247.331,-2.9684202713298,-2.989324,-0.0125920111328307,2.00034792905783
247.332,-2.96843992993288,-2.989328,-0.0485987464978172,2.00034792905783
247.342,-2.97461156718801,-2.989368,-0.910268087707365,2.3559868972489
247.343,-2.97552080789613,-2.989372,-0.908274430739985,2.38211089844816
247.344,-2.97642284769841,-2.989376,-0.89588127101936,2.38211089844816
247.348,-2.97984398635222,-2.989392,-0.804409150449008,2.44726167189838
247.355,-2.98460349497389,-2.98942,-0.560098060950251,2.44726167189838
247.356,-2.98514718370889,-2.989424,-0.527362138420887,2.42291937125018
247.36,-2.9870811416574,-2.98944,-0.44061881356472,2.39982680397404
247.367,-2.98990002746919,-2.989468,-0.366792985762211,2.39982680397404
247.368,-2.99026200399738,-2.989472,-0.357197215325771,2.39982680397404
247.379,-2.99366291729267,-2.989516,-0.265014360807685,2.39982680397404
247.38,-2.99392427178004,-2.98952,-0.257721921895724,2.39982680397404
247.391,-2.99635640223655,-2.989564,-0.187314293159109,2.39982680397404
247.392,-2.99654090410937,-2.989568,-0.181709366837127,2.39982680397404
247.403,-2.99822852351995,-2.989612,-0.127182273652322,2.37980287298583
247.404,-2.99835760273247,-2.989616,-0.130978991947069,2.37980287298583
247.414,-2.99986115063559,-2.989656,-0.170133500128396,2.40858983282112
247.415,-3.00002742959024,-2.98966,-0.162446139338928,2.40858983282112
247.416,-3.00018608569451,-2.989664,-0.154887122125657,2.40858983282112
247.427,-3.00146158025075,-2.989708,-0.0791150771924013,2.40858983282112
247.428,-3.00153753318786,-2.989712,-0.0728047136468021,2.40858983282112
247.437,-3.00194643170092,-2.989748,0,2.39610558692062
247.439,-3.00194643170092,-2.989756,0,2.39014025378112
247.44,-3.00194643170092,-2.98976,0,2.38844970415195
247.444,-3.00194643170092,-2.989776,0,2.38609662229272
247.452,-3.00194643170092,-2.989808,0,2.38846173057667
247.463,-3.00194643170092,-2.989852,0,2.39396843737015
247.464,-3.00194643170092,-2.989856,0,2.39448645406088
247.475,-3.00194643170092,-2.9899,0,2.40024444344673
247.476,-3.00194643170092,-2.989904,0,2.40077248278215
247.487,-3.00194643170092,-2.989948,0,2.40662765079268
247.488,-3.00194643170092,-2.989952,0,2.4071641564572
247.499,-3.00194643170092,-2.989996,0,2.41311185647959
247.5,-3.00194643170092,-2.99,0,2.41365674193766
247.511,-3.00194643170092,-2.990044,0,2.41969635849798
247.512,-3.00194643170092,-2.990048,0,2.42024957685693
247.523,-3.00194643170092,-2.990092,0,2.42638060320833
247.524,-3.00194643170092,-2.990096,0,2.42694210864451
247.535,-3.00194643170092,-2.99014,0,2.43316404097273
247.536,-3.00194643170092,-2.990144,0,2.43373378769155
247.547,-3.00194643170092,-2.990188,0,2.44004612226156
247.548,-3.00194643170092,-2.990192,0,2.44062406446896
247.559,-3.00194643170092,-2.990236,0,2.44702629754769
247.56,-3.00194643170092,-2.99024,0,2.44761238944985
247.571,-3.00194643170092,-2.990284,0,2.45410401730437
247.572,-3.00194643170092,-2.990288,0,2.45469821310738
247.583,-3.00194643170092,-2.990332,0,2.46127873200473
247.584,-3.00194643170092,-2.990336,0,2.46188098591469
247.595,-3.00194643170092,-2.99038,0,2.46854989212195
247.596,-3.00194643170092,-2.990384,0,2.46916015834495
247.607,-3.00194643170092,-2.990428,0,2.47591694812918
247.608,-3.00194643170092,-2.990432,0,2.47653518087131
247.619,-3.00194643170092,-2.990476,0,2.48337935049956
247.62,-3.00194643170092,-2.99048,0,2.48400550396697
247.631,-3.00194643170092,-2.990524,0,2.4909365497063
247.632,-3.00194643170092,-2.990528,0,2.49157057810493
247.643,-3.00194643170092,-2.990572,0,2.49858799622242
247.644,-3.00194643170092,-2.990576,0,2.49922985375859
247.655,-3.00194643170092,-2.99062,0,2.50633314052126
247.656,-3.00194643170092,-2.990624,0,2.50698278140089
247.667,-3.00194643170092,-2.990668,0,2.51417143307582
247.668,-3.00194643170092,-2.990672,0,2.51482881150507
247.679,-3.00194643170092,-2.990716,0,2.52210232435933
247.68,-3.00194643170092,-2.99072,0,2.5227673945443
247.691,-3.00194643170092,-2.990764,0,2.53012526484493
247.692,-3.00194643170092,-2.990768,0,2.53079798099171
247.703,-3.00194643170092,-2.990812,0,2.53823970500578
247.704,-3.00194643170092,-2.990816,0,2.53892002132046
247.715,-3.00194643170092,-2.99086,0,2.54644509531503
247.716,-3.00194643170092,-2.990864,0,2.54713296600372
247.727,-3.00194643170092,-2.990908,0,2.55474088624585
247.728,-3.00194643170092,-2.990912,0,2.55543626551469
247.739,-3.00194643170092,-2.990956,0,2.56312652827138
247.74,-3.00194643170092,-2.99096,0,2.56382937032636
247.751,-3.00194643170092,-2.991004,0,2.57160147186478
247.752,-3.00194643170092,-2.991008,0,2.57231173091211
247.763,-3.00194643170092,-2.991052,0,2.58016516749926
247.764,-3.00194643170092,-2.991056,0,2.58088279774491
247.775,-3.00194643170092,-2.9911,0,2.58881706564785
247.776,-3.00194643170092,-2.991104,0,2.58954202129799
247.787,-3.00194643170092,-2.991148,0,2.5975566167838
247.788,-3.00194643170092,-2.991152,0,2.59828885204452
247.799,-3.00194643170092,-2.991196,0,2.60638327138023
247.8,-3.00194643170092,-2.9912,0,2.60712274045763
247.811,-3.00194643170092,-2.991244,0,2.61529647991031
247.812,-3.00194643170092,-2.991248,0,2.61604313701048
247.823,-3.00194643170092,-2.991292,0,2.62429569284719
247.824,-3.00194643170092,-2.991296,0,2.62504949217624
247.835,-3.00194643170092,-2.99134,0,2.63338036066405
247.836,-3.00194643170092,-2.991344,0,2.63414125642811
247.847,-3.00194643170092,-2.991388,0,2.64254993383402
247.848,-3.00194643170092,-2.991392,0,2.64331788023909
247.859,-3.00194643170092,-2.991436,0,2.65180386283025
247.86,-3.00194643170092,-2.99144,0,2.65257881408254
247.871,-3.00194643170092,-2.991484,0,2.66114159812597
247.872,-3.00194643170092,-2.991488,0,2.66192350843145
247.883,-3.00194643170092,-2.991532,0,2.67056259019415
247.884,-3.00194643170092,-2.991536,0,2.67135141375904
247.895,-3.00194643170092,-2.99158,0,2.6800662895082
247.896,-3.00194643170092,-2.991584,0,2.68086198053847
247.907,-3.00194643170092,-2.991628,0,2.68965214654107
247.908,-3.00194643170092,-2.991632,0,2.69045465924289
247.919,-3.00194643170092,-2.991676,0,2.69931961176599
247.92,-3.00194643170092,-2.99168,0,2.70012890034545
247.931,-3.00194643170092,-2.991724,0,2.70906813565613
247.932,-3.00194643170092,-2.991728,0,2.70988415431933
247.943,-3.00194643170092,-2.991772,0,2.71889716868462
247.944,-3.00194643170092,-2.991776,0,2.71971987163765
247.955,-3.00194643170092,-2.99182,0,2.72880616132463
247.956,-3.00194643170092,-2.991824,0,2.72963550277359
247.967,-3.00194643170092,-2.991868,0,2.73879456404931
247.968,-3.00194643170092,-2.991872,0,2.73963049820035
247.971,-3.00194643170092,-2.991884,0,2.74214158332979
247.979,-3.00193822817606,-2.991916,0.00205570881273824,2.74214158332979
247.98,-3.00193604262135,-2.99192,0.00231556146234549,2.74214158332979
247.991,-3.00189452290474,-2.991964,0.00526706029421664,2.74214158332979
247.992,-3.00188911611231,-2.991968,0.00554692248140784,2.74214158332979
248.003,-3.00181047479013,-2.992012,0.00881510919892493,2.74214158332979
248.004,-3.0018015011297,-2.992016,0.00913287210787886,2.74214158332979
248.008,-3.00176236705232,-2.992032,0.0104456863465419,2.76741855870552
248.015,-2.99906011493331,-2.99206,0.772545167632287,2.56001518368283
248.016,-2.99825656328754,-2.992064,0.83452496763202,2.51541290174805
248.019,-2.99559846604977,-2.992076,0.916147494640947,2.40399951628871
248.023,-2.99201267618949,-2.992092,0.860404605313609,2.32379258398191
248.027,-2.98882786521462,-2.992108,0.733523975784225,2.32379258398191
248.028,-2.98810955215573,-2.992112,0.703190528636105,2.32379258398191
248.039,-2.98208695224469,-2.992156,0.400730650648352,2.32379258398191
248.04,-2.98169876452359,-2.99216,0.375704956686489,2.35231545634249
248.051,-2.97830423946842,-2.992204,0.245896641972534,2.35231545634249
248.052,-2.97806364180757,-2.992208,0.235329129068517,2.37740791286457
248.062,-2.9757004391675,-2.992248,0.23878750768926,2.3553170944391
248.063,-2.97546580354328,-2.992252,0.230510578638797,2.3553170944391
248.064,-2.97523936508759,-2.992256,0.222392420763516,2.3553170944391
248.075,-2.97324781502919,-2.9923,0.142364356917231,2.3553170944391
248.076,-2.97310872691967,-2.992304,0.135830104889224,2.3553170944391
248.087,-2.97198471562582,-2.992348,0.0703539830549389,2.3553170944391
248.088,-2.97191709272037,-2.992352,0.0649039440101755,2.3553170944391
248.097,-2.97154902526865,-2.992388,0,2.3506139601583
248.1,-2.97154902526865,-2.9924,0,2.35528755501891
248.101,-2.97154902526865,-2.992404,0,2.35556161988484
248.111,-2.97154902526865,-2.992444,0,2.34760805327665
248.112,-2.97154902526865,-2.992448,0,2.34646219588036
248.123,-2.97154902526865,-2.992492,0,2.33329436469618
248.124,-2.97154902526865,-2.992496,0,2.33207401738204
248.135,-2.97154902526865,-2.99254,0,2.31851168953296
248.136,-2.97154902526865,-2.992544,0,2.31726690477699
248.147,-2.97154902526865,-2.992588,0,2.30344698012229
248.148,-2.97154902526865,-2.992592,0,2.30217906337277
248.159,-2.97154902526865,-2.992636,0,2.28810474420624
248.16,-2.97154902526865,-2.99264,0,2.28681368611477
248.171,-2.97154902526865,-2.992684,0,2.27248456866176
248.172,-2.97154902526865,-2.992688,0,2.27117032441735
248.183,-2.97154902526865,-2.992732,0,2.25658590764109
248.184,-2.97154902526865,-2.992736,0,2.25524843147644
248.195,-2.97154902526865,-2.99278,0,2.24040821171663
248.196,-2.97154902526865,-2.992784,0,2.23904745783845
248.207,-2.97154902526865,-2.992828,0,2.22395093136413
248.208,-2.97154902526865,-2.992832,0,2.22256685397859
248.219,-2.97154902526865,-2.992876,0,2.20721351705686
248.22,-2.97154902526865,-2.99288,0,2.20580607037006
248.231,-2.97154902526865,-2.992924,0,2.19019541926798
248.232,-2.97154902526865,-2.992928,0,2.18876455748602
248.243,-2.97154902526865,-2.992972,0,2.17289608847067
248.244,-2.97154902526865,-2.992976,0,2.17144176579963
248.255,-2.97154902526865,-2.99302,0,2.15531497513803
248.256,-2.97154902526865,-2.993024,0,2.15383714578403
248.267,-2.97154902526865,-2.993068,0,2.13745152974327
248.268,-2.97154902526865,-2.993072,0,2.13595014791244
248.279,-2.97154902526865,-2.993116,0,2.11930520275952
248.28,-2.97154902526865,-2.99312,0,2.11778022265787
248.291,-2.97154902526865,-2.993164,0,2.10087544465995
248.292,-2.97154902526865,-2.993168,0,2.09932682049366
248.303,-2.97154902526865,-2.993212,0,2.08216170591774
248.304,-2.97154902526865,-2.993216,0,2.08058939189281
248.315,-2.97154902526865,-2.99326,0,2.06316343700591
248.316,-2.97154902526865,-2.993264,0,2.06156738732856
248.327,-2.97154902526865,-2.993308,0,2.04388008839785
248.328,-2.97154902526865,-2.993312,0,2.04226025727403
248.339,-2.97154902526865,-2.993356,0,2.0243111105665
248.34,-2.97154906282486,-2.99336,-7.51144876254438e-05,2.0243111105665
248.351,-2.97155445472071,-2.993404,-0.000908498902413255,2.0243111105665
248.352,-2.97155540172422,-2.993408,-0.0009855603354651,2.00316049497767
248.363,-2.97653381839478,-2.993452,-0.892164567201095,2.31481448795669
248.364,-2.97743389130515,-2.993456,-0.908015240565999,2.34772114305715
248.365,-2.97834313337686,-2.99346,-0.91052329549593,2.37564901742847
248.37,-2.98271732032998,-2.99348,-0.820743105133615,2.44885601616038
248.375,-2.98637604389289,-2.9935,-0.645210817334617,2.44885601616038
248.376,-2.98700451114815,-2.993504,-0.611812972310892,2.44885601616038
248.383,-2.99058706145715,-2.993532,-0.43319659626111,2.4008575246612
248.387,-2.99223906494146,-2.993548,-0.393459881104623,2.4008575246612
248.388,-2.99262783802757,-2.993552,-0.384124781466182,2.4008575246612
248.399,-2.99634278771282,-2.993596,-0.295352106834689,2.4008575246612
248.4,-2.99663465953196,-2.9936,-0.288420281261971,2.4008575246612
248.411,-2.99942852177842,-2.993644,-0.222568876509736,2.4008575246612
248.412,-2.99964851239245,-2.993648,-0.217433871697845,2.4008575246612
248.423,-3.00176003710966,-2.993692,-0.168738981303433,2.4008575246612
248.424,-3.00192687389676,-2.993696,-0.164950749823256,2.4008575246612
248.435,-3.00353500344993,-2.99374,-0.129136042307978,2.4008575246612
248.436,-3.00366274585186,-2.993744,-0.126360946337511,2.4008575246612
248.447,-3.00490208607113,-2.993788,-0.100259304244594,2.4008575246612
248.448,-3.00500133638816,-2.993792,-0.0982505822400105,2.4008575246612
248.459,-3.00597370151315,-2.993836,-0.0795239214859384,2.4008575246612
248.46,-3.00605250985274,-2.99384,-0.0780998578720017,2.4008575246612
248.462,-3.00620595948869,-2.993848,-0.0753772825819788,2.42656535811107
248.467,-3.00643385024084,-2.993868,0,2.41888950090931
248.472,-3.00643385024084,-2.993888,0,2.40671193536775
248.475,-3.00643385024084,-2.9939,0,2.40580072707816
248.483,-3.00643385024084,-2.993932,0,2.40855544789874
248.484,-3.00643385024084,-2.993936,0,2.40905814553139
248.495,-3.00643385024084,-2.99398,0,2.41496777021089
248.496,-3.00643385024084,-2.993984,0,2.4155183525914
248.507,-3.00643385024084,-2.994028,0,2.42163220914666
248.508,-3.00643385024084,-2.994032,0,2.42219265727626
248.519,-3.00643385024084,-2.994076,0,2.42840609357212
248.52,-3.00643385024084,-2.99408,0,2.42897533744986
248.531,-3.00643385024084,-2.994124,0,2.43528504068022
248.532,-3.00643385024084,-2.994128,0,2.43586300688757
248.543,-3.00643385024084,-2.994172,0,2.44226839755356
248.544,-3.00643385024084,-2.994176,0,2.44285503955141
248.555,-3.00643385024084,-2.99422,0,2.44935561187655
248.556,-3.00643385024084,-2.994224,0,2.44995088385095
248.567,-3.00643385024084,-2.994268,0,2.45654613404722
248.568,-3.00643385024084,-2.994272,0,2.45714999020374
248.579,-3.00643385024084,-2.994316,0,2.46383941453665
248.58,-3.00643385024084,-2.99432,0,2.46445180908137
248.591,-3.00643385024084,-2.994364,0,2.47123490381796
248.592,-3.00643385024084,-2.994368,0,2.47185579095698
248.603,-3.00643385024084,-2.994412,0,2.47873205236431
248.604,-3.00643385024084,-2.994416,0,2.47936138630372
248.615,-3.00643385024084,-2.99446,0,2.48633031064888
248.616,-3.00643385024084,-2.994464,0,2.48696804559482
248.627,-3.00643385024084,-2.994508,0,2.49402912914478
248.628,-3.00643385024084,-2.994512,0,2.49467521930325
248.639,-3.00643385024084,-2.994556,0,2.50182795832519
248.64,-3.00643385024084,-2.99456,0,2.50248235790239
248.651,-3.00643385024084,-2.994604,0,2.5097262486633
248.652,-3.00643385024084,-2.994608,0,2.51038891186521
248.663,-3.00643385024084,-2.994652,0,2.51772345063212
248.664,-3.00643385024084,-2.994656,0,2.51839433166497
248.675,-3.00643385024084,-2.9947,0,2.52581901470503
248.676,-3.00643385024084,-2.994704,0,2.52649806777478
248.687,-3.00643385024084,-2.994748,0,2.534012391355
248.688,-3.00643385024084,-2.994752,0,2.53469957066782
248.699,-3.00643385024084,-2.994796,0,2.54230303105525
248.7,-3.00643385024084,-2.9948,0,2.54299829081723
248.711,-3.00643385024084,-2.994844,0,2.55069038427896
248.712,-3.00643385024084,-2.994848,0,2.55139367869619
248.723,-3.00643385024084,-2.994892,0,2.55917390149925
248.724,-3.00643385024084,-2.994896,0,2.55988518477784
248.735,-3.00643385024084,-2.99494,0,2.56775303318928
248.736,-3.00643385024084,-2.994944,0,2.56847225953532
248.747,-3.00643385024084,-2.994988,0,2.57642722982223
248.748,-3.00643385024084,-2.994992,0,2.57715435344187
248.759,-3.00643385024084,-2.995036,0,2.58519594187129
248.76,-3.00643385024084,-2.99504,0,2.58593091697051
248.771,-3.00643385024084,-2.995084,0,2.59405861980946
248.772,-3.00643385024084,-2.995088,0,2.59480140059448
248.783,-3.00643385024084,-2.995132,0,2.60301471411011
248.784,-3.00643385024084,-2.995136,0,2.60376525478689
248.795,-3.00643385024084,-2.99518,0,2.61206367524622
248.796,-3.00643385024084,-2.995184,0,2.61282193002094
248.807,-3.00643385024084,-2.995228,0,2.62120495369102
248.808,-3.00643385024084,-2.995232,0,2.62197087676976
248.819,-3.00643385024084,-2.995276,0,2.63043799991767
248.82,-3.00643385024084,-2.99528,0,2.63121154550654
248.831,-3.00643385024084,-2.995324,0,2.6397622643993
248.832,-3.00643385024084,-2.995328,0,2.64054338670444
248.843,-3.00643385024084,-2.995372,0,2.64917719760908
248.844,-3.00643385024084,-2.995376,0,2.64996585083654
248.855,-3.00643385024084,-2.99542,0,2.65868225002018
248.856,-3.00643385024084,-2.995424,0,2.65947838837604
248.867,-3.00643385024084,-2.995468,0,2.66827687210579
248.868,-3.00643385024084,-2.995472,0,2.6690804497961
248.879,-3.00643385024084,-2.995516,0,2.6779605143389
248.88,-3.00643385024084,-2.99552,0,2.67877148556988
248.891,-3.00643385024084,-2.995564,0,2.6877326271929
248.892,-3.00643385024084,-2.995568,0,2.68855094617051
248.903,-3.00643385024084,-2.995612,0,2.69759266114076
248.904,-3.00643385024084,-2.995616,0,2.69841828207117
248.915,-3.00643385024084,-2.99566,0,2.70754006665573
248.916,-3.00643385024084,-2.995664,0,2.70837294374503
248.927,-3.00643385024084,-2.995708,0,2.71757429421091
248.928,-3.00643385024084,-2.995712,0,2.71841438166521
248.939,-3.00643385024084,-2.995756,0,2.72769479427949
248.94,-3.00643385024084,-2.99576,0,2.72854204630493
248.951,-3.00643385024084,-2.995804,0,2.73790101733463
248.952,-3.00643385024084,-2.995808,0,2.73875538813719
248.961,-3.00643385024084,-2.995844,0,2.74647128959441
248.963,-3.00643375694238,-2.995852,9.33121793951649e-05,2.74647128959441
248.964,-3.00643364028071,-2.995856,0.000140019740789362,2.74647128959441
248.975,-3.0064292462476,-2.9959,0.000662447120178246,2.74647128959441
248.976,-3.00642855941383,-2.995904,0.00071127093274887,2.74647128959441
248.987,-3.0064176892927,-2.995948,0.00127390121339721,2.74647128959441
248.988,-3.00641638840977,-2.995952,0.00132796030759319,2.74647128959441
248.991,-3.00641215724376,-2.995964,0.00149375056957691,2.77173526941926
248.999,-3.00362283796858,-2.995996,0.777531870056363,2.55776041524843
249,-3.00281571897587,-2.996,0.83667707678384,2.51364827741468
249.003,-3.00016193919804,-2.996012,0.91157905752086,2.40451778693673
249.007,-2.9966041788261,-2.996028,0.851584638350914,2.32732044175129
249.011,-2.99345627689045,-2.996044,0.723884250584674,2.32732044175129
249.012,-2.99274770834634,-2.996048,0.693340878171589,2.32732044175129
249.023,-2.98684671925749,-2.996092,0.388420517212101,2.35578585029052
249.024,-2.98646511310048,-2.996096,0.374835493715966,2.35578585029052
249.034,-2.98334933080857,-2.996136,0.252055886552465,2.38184221621981
249.035,-2.98309748852678,-2.99614,0.251645510423976,2.38184221621981
249.036,-2.98284600628715,-2.996144,0.251335637587492,2.38184221621981
249.044,-2.98083529395173,-2.996176,0.252368645615567,2.36067174743674
249.047,-2.98011449860054,-2.996188,0.228402632589656,2.36067174743674
249.048,-2.97988994592204,-2.996192,0.220728058331476,2.36067174743674
249.059,-2.97789086130154,-2.996236,0.145331334710497,2.36067174743674
249.06,-2.97774860431268,-2.99624,0.139200513036006,2.36067174743674
249.071,-2.97656355166774,-2.996284,0.0780571217370327,2.36067174743674
249.072,-2.97648803132066,-2.996288,0.0729956407810638,2.36067174743674
249.083,-2.97597483070208,-2.996332,0.021482767116269,2.36067174743674
249.084,-2.97596749908117,-2.996336,0,2.35145948998215
249.088,-2.97596749908117,-2.996352,0,2.35496891891263
249.095,-2.97596749908117,-2.99638,0,2.3498469584435
249.096,-2.97596749908117,-2.996384,0,2.3487800633599
249.107,-2.97596749908117,-2.996428,0,2.33600978983975
249.108,-2.97596749908117,-2.996432,0,2.33481306171304
249.119,-2.97596749908117,-2.996476,0,2.32150030380565
249.12,-2.97596749908117,-2.99648,0,2.32027809341565
249.131,-2.97596749908117,-2.996524,0,2.30670867392703
249.132,-2.97596749908117,-2.996528,0,2.30546375124676
249.143,-2.97596749908117,-2.996572,0,2.29164488919547
249.144,-2.97596749908117,-2.996576,0,2.29037728437741
249.155,-2.97596749908117,-2.99662,0,2.27630868432727
249.156,-2.97596749908117,-2.996624,0,2.27501835362594
249.167,-2.97596749908117,-2.996668,0,2.26069951746216
249.168,-2.97596749908117,-2.996672,0,2.2593864151389
249.179,-2.97596749908117,-2.996716,0,2.24481683928007
249.18,-2.97596749908117,-2.99672,0,2.24348091954252
249.191,-2.97596749908117,-2.996764,0,2.22866010025978
249.192,-2.97596749908117,-2.996768,0,2.22730131731396
249.203,-2.97596749908117,-2.996812,0,2.21222875087445
249.204,-2.97596749908117,-2.996816,0,2.21084705892659
249.215,-2.97596749908117,-2.99686,0,2.19552224159745
249.216,-2.97596749908117,-2.996864,0,2.19411759485351
249.227,-2.97596749908117,-2.996908,0,2.17854002290176
249.228,-2.97596749908117,-2.996912,0,2.1771123755679
249.239,-2.97596749908117,-2.996956,0,2.1612815452606
249.24,-2.97596749908117,-2.99696,0,2.15983085154293
249.251,-2.97596749908117,-2.997004,0,2.14374625914714
249.252,-2.97596749908117,-2.997008,0,2.14227247325175
249.263,-2.97596749908117,-2.997052,0,2.12593361503452
249.264,-2.97596749908117,-2.997056,0,2.1244366911675
249.275,-2.97596749908117,-2.9971,0,2.10784306339588
249.276,-2.97596749908117,-2.997104,0,2.10632295576334
249.287,-2.97596749908117,-2.997148,0,2.08947405470441
249.288,-2.97596749908117,-2.997152,0,2.08793071751248
249.299,-2.97596749908117,-2.997196,0,2.0708260394333
249.3,-2.97596749908117,-2.9972,0,2.06925942688792
249.311,-2.97596749908117,-2.997244,0,2.05189846805555
249.312,-2.97596749908117,-2.997248,0,2.05030853436304
249.323,-2.97596749908117,-2.997292,0,2.03269079104453
249.324,-2.97596749908117,-2.997296,0,2.03107749041081
249.326,-2.97596749908117,-2.997304,0,2.02784504088887
249.335,-2.97597047303178,-2.99734,-0.000662352680133481,2.02784504088887
249.336,-2.97597117254739,-2.997344,-0.000736717090070315,2.02784504088887
249.339,-2.97597371904809,-2.997356,-0.000961371143759415,2.00700682625247
249.347,-2.97843207307164,-2.997388,-0.742410349454579,2.19416549415772
249.348,-2.97920824289479,-2.997392,-0.809879238339609,2.23826485205308
249.352,-2.98272522312528,-2.997408,-0.910276487633222,2.3786307953807
249.356,-2.98626923118434,-2.997424,-0.845779205827549,2.44543548531941
249.359,-2.9886562480362,-2.997436,-0.746463837111056,2.44543548531941
249.36,-2.98938669626165,-2.99744,-0.714526438633583,2.44543548531941
249.368,-2.99413429558143,-2.997472,-0.477580062495363,2.42022941912329
249.371,-2.99549024118726,-2.997484,-0.426865913762387,2.42022941912329
249.372,-2.99590894324554,-2.997488,-0.410588712872965,2.42022941912329
249.373,-2.9963115181444,-2.997492,-0.394610112737789,2.39840510958193
249.383,-2.99994743013132,-2.997532,-0.33575403609562,2.39840510958193
249.384,-3.0002807312597,-2.997536,-0.330876654841776,2.39840510958193
249.395,-3.00366600802806,-2.99758,-0.287699581932203,2.39840510958193
249.396,-3.00395217285593,-2.997584,-0.284652825156927,2.39840510958193
249.397,-3.00423535879134,-2.997588,-0.28174140971951,2.42415891791931
249.407,-3.00641816983163,-2.997628,-0.158000922825651,2.42415891791931
249.408,-3.00657046076255,-2.997632,-0.146607085570638,2.42415891791931
249.411,-3.00696003443521,-2.997644,-0.113327018594402,2.40303489153574
249.419,-3.00779997062685,-2.997676,-0.097272161482561,2.40303489153574
249.42,-3.00789636013404,-2.99768,-0.0955155582449692,2.40303489153574
249.431,-3.00885315338199,-2.997724,-0.079375800102949,2.40303489153574
249.432,-3.00893192434416,-2.997728,-0.0781729038074401,2.40303489153574
249.443,-3.00972875098571,-2.997772,-0.0674356635282469,2.40303489153574
249.444,-3.00979580034638,-2.997776,-0.0666684603516547,2.40303489153574
249.455,-3.01049052010656,-2.99782,-0.0602354597242334,2.42846313100673
249.456,-3.01054537071021,-2.997824,-0.0494846504338126,2.42846313100673
249.459,-3.01064252732462,-2.997836,0,2.42454533426907
249.466,-3.01064252732462,-2.997864,0,2.41361242553736
249.468,-3.01064252732462,-2.997872,0,2.41380000067116
249.479,-3.01064252732462,-2.997916,0,2.41890256704077
249.48,-3.01064252732462,-2.99792,0,2.41945864285696
249.491,-3.01064252732462,-2.997964,0,2.42571321499768
249.492,-3.01064252732462,-2.997968,0,2.42628870907999
249.503,-3.01064252732462,-2.998012,0,2.43267120857023
249.504,-3.01064252732462,-2.998016,0,2.43325600917781
249.515,-3.01064252732462,-2.99806,0,2.43973832459933
249.516,-3.01064252732462,-2.998064,0,2.44033211444127
249.527,-3.01064252732462,-2.998108,0,2.44691299743122
249.528,-3.01064252732462,-2.998112,0,2.4475157233908
249.539,-3.01064252732462,-2.998156,0,2.45419465013231
249.54,-3.01064252732462,-2.99816,0,2.45480626621806
249.551,-3.01064252732462,-2.998204,0,2.46158273243639
249.552,-3.01064252732462,-2.998208,0,2.46220319284921
249.563,-3.01064252732462,-2.998252,0,2.46907669479688
249.564,-3.01064252732462,-2.998256,0,2.46970595374259
249.575,-3.01064252732462,-2.9983,0,2.47667598768623
249.576,-3.01064252732462,-2.998304,0,2.47731399937098
249.587,-3.01064252732462,-2.998348,0,2.48438006157765
249.588,-3.01064252732462,-2.998352,0,2.48502678020755
249.599,-3.01064252732462,-2.998396,0,2.49218836694431
249.6,-3.01064252732462,-2.9984,0,2.49284374672544
249.611,-3.01064252732462,-2.998444,0,2.50010035425933
249.612,-3.01064252732462,-2.998448,0,2.50076434939786
249.623,-3.01064252732462,-2.998492,0,2.50811547399588
249.624,-3.01064252732462,-2.998496,0,2.50878803869784
249.635,-3.01064252732462,-2.99854,0,2.51623317662713
249.636,-3.01064252732462,-2.998544,0,2.51691426509861
249.647,-3.01064252732462,-2.998588,0,2.52445291262628
249.648,-3.01064252732462,-2.998592,0,2.52514247907332
249.659,-3.01064252732462,-2.998636,0,2.53277413246637
249.66,-3.01064252732462,-2.99864,0,2.53347213109514
249.671,-3.01064252732462,-2.998684,0,2.54119628662062
249.672,-3.01064252732462,-2.998688,0,2.5419026716372
249.683,-3.01064252732462,-2.998732,0,2.54971882556217
249.684,-3.01064252732462,-2.998736,0,2.55043355117266
249.695,-3.01064252732462,-2.99878,0,2.5583411997642
249.696,-3.01064252732462,-2.998784,0,2.5590642201747
249.707,-3.01064252732462,-2.998828,0,2.56706285969984
249.708,-3.01064252732462,-2.998832,0,2.56779412911644
249.719,-3.01064252732462,-2.998876,0,2.57588325584226
249.72,-3.01064252732462,-2.99888,0,2.57662272847112
249.731,-3.01064252732462,-2.998924,0,2.58480183866466
249.732,-3.01064252732462,-2.998928,0,2.5855494687117
249.743,-3.01064252732462,-2.998972,0,2.59381805864007
249.744,-3.01064252732462,-2.998976,0,2.59457380031162
249.755,-3.01064252732462,-2.99902,0,2.60293136624181
249.756,-3.01064252732462,-2.999024,0,2.60369517374379
249.767,-3.01064252732462,-2.999068,0,2.61214121194289
249.768,-3.01064252732462,-2.999072,0,2.61291303948146
249.779,-3.01064252732462,-2.999116,0,2.62144704621655
249.78,-3.01064252732462,-2.99912,0,2.6222268479978
249.791,-3.01064252732462,-2.999164,0,2.6308483195359
249.792,-3.01064252732462,-2.999168,0,2.63163604976593
249.803,-3.01064252732462,-2.999212,0,2.64034448237413
249.804,-3.01064252732462,-2.999216,0,2.64114009525904
249.815,-3.01064252732462,-2.99926,0,2.64993498520438
249.816,-3.01064252732462,-2.999264,0,2.65073843495026
249.827,-3.01064252732462,-2.999308,0,2.6596192784998
249.828,-3.01064252732462,-2.999312,0,2.6604305193128
249.839,-3.01064252732462,-2.999356,0,2.66939681273358
249.84,-3.01064252732462,-2.99936,0,2.67021579881969
249.851,-3.01064252732462,-2.999404,0,2.67926703837883
249.852,-3.01064252732462,-2.999408,0,2.68009372394425
249.863,-3.01064252732462,-2.999452,0,2.68922940590878
249.864,-3.01064252732462,-2.999456,0,2.69006374515949
249.875,-3.01064252732462,-2.9995,0,2.69928336579641
249.876,-3.01064252732462,-2.999504,0,2.70012531293865
249.887,-3.01064252732462,-2.999548,0,2.70942836851514
249.888,-3.01064252732462,-2.999552,0,2.71027787775485
249.899,-3.01064252732462,-2.999596,0,2.71966386453789
249.9,-3.01064252732462,-2.9996,0,2.72052089008126
249.911,-3.01064252732462,-2.999644,0,2.72998930433793
249.912,-3.01064252732462,-2.999648,0,2.73085380039104
249.923,-3.01064252732462,-2.999692,0,2.74040413838839
249.924,-3.01064252732462,-2.999696,0,2.74127605915734
249.935,-3.01064252732462,-2.99974,0,2.75090781716243
249.936,-3.01064252623086,-2.999744,2.18759658594301e-06,2.75090781716243
249.947,-3.01064236899384,-2.999788,2.65279912509746e-05,2.75090781716243
249.948,-3.01064234133522,-2.999792,2.87912818167963e-05,2.75090781716243
249.959,-3.01064188389149,-2.999836,5.47498951978431e-05,2.75090781716243
249.96,-3.0106418279019,-2.99984,5.7233399442586e-05,2.75090781716243
249.964,-3.01064157871963,-2.999856,6.74310010831808e-05,2.7766196108669
249.971,-3.00867401505863,-2.999884,0.68836571355005,2.61399496162912
249.972,-3.00794526858481,-2.999888,0.76906303250385,2.56797952828926
249.976,-3.00449959464374,-2.999904,0.911978842969079,2.41269204821926
249.98,-3.00092877213129,-2.99992,0.857230537496573,2.33286474162907
249.983,-2.99850062317407,-2.999932,0.762397962285788,2.33286474162907
249.984,-2.99775351455268,-2.999936,0.73190965589331,2.33286474162907
249.995,-2.99142146091728,-2.99998,0.428501219156109,2.33286474162907
249.996,-2.99100551379759,-2.999984,0.403454945046584,2.33286474162907
250,-2.98953678570294,-2,0.340026920861196,3.5
250.007,-2.97615386760769,-2.000028,3.46138535495366,3.5
250.008,-2.97247402337833,-2.000032,3.89803033883346,3.5
250.019,-2.90339923627586,-2.000076,8.65992718831383,3.5
250.02,-2.89452143800549,-2.00008,9.09592455370635,3.5
250.031,-2.76750260245999,-2.000124,14.0631225321861,3.5
250.032,-2.75320256376961,-2.000128,14.5377921709369,3.5
250.043,-2.56305309633218,-2.000172,20.1792369200872,3.5
250.044,-2.54259415633256,-2.000176,20.740250879918,3.5
250.049,-2.43290250215157,-2.000196,22.5381462696706,1.9045034490416
250.055,-2.30493247145802,-2.00022,19.4842408447575,0.717539758993347
250.056,-2.28582536457579,-2.000224,18.7315744505841,0.717539758993347
250.067,-2.11739262690592,-2.000268,12.8363210680952,1.35868455870821
250.068,-2.10470027878386,-2.000272,12.5495163260839,1.35868455870821
250.069,-2.09229133317519,-2.000276,12.2694948759036,1.38728959026464
250.079,-1.98208960103053,-2.000316,9.73998237462309,1.26260973293792
250.08,-1.97248635406392,-2.00032,9.46745379300196,1.26260973293792
250.091,-1.8834953300044,-2.000364,6.81229847043871,1.26260973293792
250.092,-1.87678999861217,-2.000368,6.5990761237713,1.29295813655284
250.103,-1.81491623230678,-2.000412,4.72325647063655,1.29295813655284
250.104,-1.81026826849936,-2.000416,4.57318562078515,1.29295813655284
250.107,-1.79720366782868,-2.000428,4.14094332037887,1.31812208907301
250.115,-1.76778982989816,-2.00046,3.22605245984014,1.2972265337754
250.116,-1.7646220885314,-2.000464,3.10980689922215,1.2972265337754
250.127,-1.73692158690636,-2.000508,1.96502196603687,1.2972265337754
250.128,-1.73500338268413,-2.000512,1.87164951910792,1.2972265337754
250.134,-1.72538679740838,-2.000536,1.34232493969223,1.32559441141508
250.139,-1.71945638216379,-2.000556,1.03410518157081,1.32559441141508
250.14,-1.71845169978462,-2.00056,0.975413467987515,1.32559441141508
250.151,-1.71106266424189,-2.000604,0.383012854425326,1.32559441141508
250.152,-1.71070458317795,-2.000608,0.333245407610994,1.32559441141508
250.159,-1.70955868345687,-2.000636,0,1.34279972398257
250.16,-1.70955868345687,-2.00064,0,1.34316858779739
250.163,-1.70955868345687,-2.000652,0,1.3226849468467
250.164,-1.70955868345687,-2.000656,0,1.31147132824557
250.175,-1.70957507116515,-2.0007,-0.0163897525836492,1.14773006512983
250.176,-1.7096623792983,-2.000704,-0.17177989106707,1.14773006512983
250.186,-1.71735513881955,-2.000744,-1.00969118770385,1.41295226315239
250.187,-1.71835462542592,-2.000748,-0.989385414717963,1.41295226315239
250.188,-1.71933411401024,-2.000752,-0.969692739226819,1.41295226315239
250.194,-1.72482406089219,-2.000776,-0.86364284333532,1.38363718384912
250.197,-1.72743673896133,-2.000788,-0.878647039019059,1.3595838751765
250.199,-1.72923894926969,-2.000796,-0.923691391703744,1.3595838751765
250.2,-1.73017403279077,-2.0008,-0.946509627154331,1.3595838751765
250.208,-1.73849863651671,-2.000832,-1.13719088258203,1.39087342124195
250.211,-1.74192603999031,-2.000844,-1.14844068813195,1.39087342124195
250.212,-1.7430767792301,-2.000848,-1.15311429452032,1.39087342124195
250.215,-1.74656023925412,-2.00086,-1.16987493736809,1.41587577452076
250.223,-1.75561526236522,-2.000892,-1.09997943389356,1.41587577452076
250.224,-1.75671208270466,-2.000896,-1.09375022024966,1.39335664429757
250.235,-1.76941013956798,-2.00094,-1.22295102841667,1.39335664429757
250.236,-1.77064012433059,-2.000944,-1.23708602129691,1.42231133467235
250.246,-1.7828293966548,-2.000984,-1.2099853309269,1.42231133467235
250.247,-1.78403947182033,-2.000988,-1.21025203261577,1.42231133467235
250.248,-1.7852500740132,-2.000992,-1.21103862263416,1.42231133467235
250.251,-1.78889019786407,-2.001004,-1.21647455091733,1.44773837848075
250.259,-1.79820495619484,-2.001036,-1.11877471664983,1.44773837848075
250.26,-1.79931892140484,-2.00104,-1.10925050728533,1.44773837848075
250.261,-1.80042364527745,-2.001044,-1.10029051316035,1.42763675500737
250.271,-1.81174441884676,-2.001084,-1.17095609896604,1.42763675500737
250.272,-1.81292003943563,-2.001088,-1.1803555444563,1.45346711657044
250.283,-1.82555714733497,-2.001132,-1.12816664359562,1.45346711657044
250.284,-1.82668447370293,-2.001136,-1.12656963550266,1.45346711657044
250.287,-1.83006034893669,-2.001148,-1.12475073404436,1.47928009650018
250.295,-1.83856296156872,-2.00118,-1.00720803002772,1.47928009650018
250.296,-1.83956406552718,-2.001184,-0.995090101759321,1.47928009650018
250.297,-1.84055332052285,-2.001188,-0.983508436261682,1.45723302881139
250.307,-1.85062074191071,-2.001228,-1.03641383253591,1.45723302881139
250.308,-1.85166082568804,-2.001232,-1.04381728927991,1.45723302881139
250.309,-1.85270850357221,-2.001236,-1.05160200019185,1.48481791207723
250.319,-1.86279816793781,-2.001276,-0.974720906082576,1.48481791207723
250.32,-1.86377034918068,-2.00128,-0.969718849896887,1.48481791207723
250.331,-1.87424730066529,-2.001324,-0.943865448021111,1.48481791207723
250.332,-1.87519121920989,-2.001328,-0.944039056927012,1.51114685773724
250.342,-1.88387619242119,-2.001368,-0.801303127056994,1.49048308970277
250.343,-1.88467836396209,-2.001372,-0.803094815762184,1.49048308970277
250.344,-1.88548249141571,-2.001376,-0.805214598734588,1.49048308970277
250.355,-1.89454931168076,-2.00142,-0.849710155201294,1.49048308970277
250.356,-1.89540196592655,-2.001424,-0.855650530858436,1.51774435272309
250.367,-1.90421157416491,-2.001468,-0.75467423481193,1.51774435272309
250.368,-1.90496285453066,-2.001472,-0.747950241724254,1.51774435272309
250.379,-1.91287569118629,-2.001516,-0.697785527216753,1.51774435272309
250.38,-1.91357218549404,-2.00152,-0.695256659396544,1.51774435272309
250.388,-1.91908509381853,-2.001552,-0.686229983403165,1.51774435272309
250.391,-1.92114544612191,-2.001564,-0.687773294116273,1.51774435272309
250.392,-1.92183374097896,-2.001568,-0.68886401325134,1.51774435272309
250.397,-1.92529935626594,-2.001588,-0.698548726483065,1.54360834957031
250.403,-1.92925450368677,-2.001612,-0.622204562577079,1.54360834957031
250.404,-1.92987098680955,-2.001616,-0.610822500716964,1.54360834957031
250.41,-1.93334688793304,-2.00164,-0.549838878580988,1.5222919100157
250.415,-1.93615564842797,-2.00166,-0.574487843687188,1.5222919100157
250.416,-1.93673288141774,-2.001664,-0.580011257535974,1.5222919100157
250.422,-1.94032136284915,-2.001688,-0.617356891478294,1.54825467369318
250.427,-1.94329408642567,-2.001708,-0.573118573787763,1.54825467369318
250.428,-1.94386324250091,-2.001712,-0.565245771809112,1.54825467369318
250.439,-1.9496794214842,-2.001756,-0.497888159141094,1.54825467369318
250.44,-1.95017503532339,-2.00176,-0.493381493976498,1.54825467369318
250.451,-1.95539028309382,-2.001804,-0.459480109614703,1.54825467369318
250.452,-1.95584887348676,-2.001808,-0.457735950925618,1.54825467369318
250.46,-1.95947587193553,-2.00184,-0.451159660565947,1.54825467369318
250.463,-1.9608300887278,-2.001852,-0.451937909616426,1.54825467369318
250.464,-1.96128233033665,-2.001856,-0.452576632040776,1.54825467369318
250.475,-1.96634583792178,-2.0019,-0.471721338729785,1.57598334054255
250.476,-1.96681025542966,-2.001904,-0.457168041246214,1.57598334054255
250.485,-1.97037864237838,-2.00194,-0.33963353171721,1.55474000531244
250.487,-1.97106109783772,-2.001948,-0.342909756612662,1.55474000531244
250.488,-1.97140491431768,-2.001952,-0.344745057076528,1.55474000531244
250.499,-1.97534102926441,-2.001996,-0.373536319003261,1.55474000531244
250.5,-1.97571625406074,-2.002,-0.376935069179834,1.55474000531244
250.506,-1.97804495345372,-2.002024,-0.400091082676041,1.58194879339307
250.511,-1.97989139119064,-2.002044,-0.339581320877716,1.58194879339307
250.512,-1.98022528352525,-2.002048,-0.328243595080777,1.58194879339307
250.518,-1.98200103384266,-2.002072,-0.264981857067922,1.55937870170102
250.523,-1.98338003539137,-2.002092,-0.286951138750768,1.55937870170102
250.524,-1.98366929824475,-2.002096,-0.291588462907949,1.55937870170102
250.534,-1.98683367917455,-2.002136,-0.342798086137531,1.58550990557796
250.535,-1.9871711616884,-2.00214,-0.332206344912829,1.58550990557796
250.536,-1.98749816957496,-2.002144,-0.321847740758547,1.58550990557796
250.547,-1.99046530189706,-2.002188,-0.221546407931533,1.58550990557796
250.548,-1.99068282283662,-2.002192,-0.2135225461028,1.56461683524641
250.559,-1.99334957308276,-2.002236,-0.272492628962547,1.56461683524641
250.56,-1.99362492341808,-2.00224,-0.278219354592722,1.56461683524641
250.563,-1.99448582096913,-2.002252,-0.295819702102847,1.59194820726206
250.571,-1.99651783149945,-2.002284,-0.214281516754185,1.59194820726206
250.572,-1.99672742304749,-2.002288,-0.204929990818748,1.59194820726206
250.576,-1.9974747410867,-2.002304,-0.169148031095868,1.57105212004939
250.583,-1.99876708168946,-2.002332,-0.200420901375073,1.57105212004939
250.584,-1.99896981765847,-2.002336,-0.205058781570892,1.57105212004939
250.593,-2.00101030005197,-2.002372,-0.249116029902091,1.59691443285737
250.595,-2.00148703896825,-2.00238,-0.22775243654539,1.59691443285737
250.596,-2.00170957771984,-2.002384,-0.217355906567856,1.59691443285737
250.605,-2.00326898002451,-2.00242,-0.131290046529856,1.57643140086831
250.607,-2.00353916741555,-2.002428,-0.138913905684929,1.57643140086831
250.608,-2.00368000437383,-2.002432,-0.142764502149061,1.57643140086831
250.619,-2.00549118686064,-2.002476,-0.187254840274504,1.57643140086831
250.62,-2.00568057564972,-2.00248,-0.191530051476449,1.57643140086831
250.625,-2.00669290850134,-2.0025,-0.213603978152073,1.60421701091027
250.631,-2.00775385075386,-2.002524,-0.141122047997749,1.60421701091027
250.632,-2.00788921866482,-2.002528,-0.129639906207774,1.60421701091027
250.635,-2.00822748976921,-2.00254,-0.0960908290673833,1.58319148597094
250.643,-2.00906297295576,-2.002572,-0.113060834933196,1.58319148597094
250.644,-2.00917715376539,-2.002576,-0.115305687412312,1.58319148597094
250.655,-2.01058926637462,-2.00262,-0.142123147615438,1.58319148597094
250.656,-2.01073271153042,-2.002624,-0.144773557479527,1.58319148597094
250.665,-2.01214872729151,-2.00266,-0.170470057231462,1.60925195453063
250.667,-2.01246386633062,-2.002668,-0.144787689487595,1.60925195453063
250.668,-2.01260234950104,-2.002672,-0.132206581959762,1.60925195453063
250.674,-2.01317617709008,-2.002696,-0.0599356770018549,1.58785701258361
250.679,-2.01349561301933,-2.002716,-0.0678953678262529,1.58785701258361
250.68,-2.01356432446778,-2.00272,-0.0695300772410652,1.58785701258361
250.691,-2.01443232274196,-2.002764,-0.088665374448201,1.58785701258361
250.692,-2.01452191600925,-2.002768,-0.0905248676339184,1.58785701258361
250.703,-2.0156362396972,-2.002812,-0.112602648390611,1.58785701258361
250.704,-2.01574992537346,-2.002816,-0.114773672291793,1.58785701258361
250.712,-2.01674075463653,-2.002848,-0.133284477781651,1.61301776968181
250.715,-2.01708267241034,-2.00286,-0.094898910463556,1.61301776968181
250.716,-2.01717131474399,-2.002864,-0.0824099646414161,1.61301776968181
250.721,-2.0174309422353,-2.002884,-0.021965650913708,1.58951888047556
250.727,-2.01761043573785,-2.002908,-0.0378063452445779,1.58951888047556
250.728,-2.0176495481472,-2.002912,-0.0404175221251738,1.58951888047556
250.739,-2.01825150155513,-2.002956,-0.06904918022809,1.58951888047556
250.74,-2.01832186167367,-2.00296,-0.0716723038330913,1.58951888047556
250.751,-2.01927159677356,-2.003004,-0.101282879590767,1.58951888047556
250.752,-2.01937427164607,-2.003008,-0.104070166062103,1.58951888047556
250.754,-2.01958803428007,-2.003016,-0.109706683807185,1.61524229266595
250.762,-2.02005079524291,-2.003048,0,1.5950640487494
250.764,-2.02005079524291,-2.003056,0,1.58644115603167
250.775,-2.02005079524291,-2.0031,0,1.57330924032706
250.776,-2.02005079524291,-2.003104,0,1.57286867347225
250.787,-2.02005079524291,-2.003148,0,1.56884240810491
250.788,-2.02005079524291,-2.003152,0,1.56850307069865
250.799,-2.02005079524291,-2.003196,0,1.56486239266549
250.8,-2.02005079524291,-2.0032,0,1.56453848980145
250.811,-2.02005079524291,-2.003244,0,1.56104771287531
250.812,-2.02005079524291,-2.003248,0,1.56073688594887
250.823,-2.02005079524291,-2.003292,0,1.55738916309394
250.824,-2.02005079524291,-2.003296,0,1.55709130393046
250.835,-2.02005079524291,-2.00334,0,1.55388596032328
250.836,-2.02005079524291,-2.003344,0,1.55360102144631
250.847,-2.02005079524291,-2.003388,0,1.55053754873933
250.848,-2.02005079524291,-2.003392,0,1.55026548430966
250.859,-2.02005079524291,-2.003436,0,1.5473433786454
250.86,-2.02005079524291,-2.00344,0,1.54708414286785
250.871,-2.02005079524291,-2.003484,0,1.54430290051013
250.872,-2.02005079524291,-2.003488,0,1.54405644759069
250.883,-2.02005079524291,-2.003532,0,1.54141556480643
250.884,-2.02005079524291,-2.003536,0,1.54118184895126
250.895,-2.02005079524291,-2.00358,0,1.5386808220075
250.896,-2.02005079524291,-2.003584,0,1.5384597974227
250.907,-2.02005079524291,-2.003628,0,1.53609812258653
250.908,-2.02005079524291,-2.003632,0,1.53588974347819
250.919,-2.02005079524291,-2.003676,0,1.53366691701664
250.92,-2.02005079524291,-2.00368,0,1.53347113759087
250.931,-2.02005079524291,-2.003724,0,1.531386655771
250.932,-2.02005079524291,-2.003728,0,1.53120343023388
250.943,-2.02005079524291,-2.003772,0,1.52925678932277
250.944,-2.02005079524291,-2.003776,0,1.52908607188041
250.955,-2.02005079524291,-2.00382,0,1.52727676814509
250.956,-2.02005079524291,-2.003824,0,1.52711851300358
250.967,-2.02005079524291,-2.003868,0,1.52544604271114
250.968,-2.02005079524291,-2.003872,0,1.52530020407662
250.979,-2.02005079524291,-2.003916,0,1.52376406349405
250.98,-2.02005079524291,-2.00392,0,1.52363059557258
250.991,-2.02005079524291,-2.003964,0,1.52223028096705
250.992,-2.02005079524291,-2.003968,0,1.52210913796465
251.003,-2.02005079524291,-2.004012,0,1.52084414560318
251.004,-2.02005079524291,-2.004016,0,1.52073528172601
251.015,-2.02005079524291,-2.00406,0,1.51960510787563
251.016,-2.02005079524291,-2.004064,0,1.51950847732981
251.027,-2.02005079524291,-2.004108,0,1.51851261825759
251.028,-2.02005079524291,-2.004112,0,1.51842817524919
251.039,-2.02005079524291,-2.004156,0,1.51756612722219
251.04,-2.02005079524291,-2.00416,0,1.51749382595732
251.051,-2.02005079524291,-2.004204,0,1.51676508524261
251.052,-2.02005079524291,-2.004208,0,1.51670487992741
251.063,-2.02005079524291,-2.004252,0,1.51610894279198
251.064,-2.02005079524291,-2.004256,0,1.51606078763249
251.075,-2.02005079524291,-2.0043,0,1.51559715034348
251.076,-2.02005079524291,-2.004304,0,1.5155609995458
251.087,-2.02005079524291,-2.004348,0,1.51522915837024
251.088,-2.02005079524291,-2.004352,0,1.51520496614047
251.099,-2.02005079524291,-2.004396,0,1.51500441734544
251.1,-2.02005079524291,-2.0044,0,1.51499213788967
251.111,-2.02005079524291,-2.004444,0,1.51492237774226
251.112,-2.02005079524291,-2.004448,0,1.51492196526654
251.123,-2.02005079524291,-2.004492,0,1.51498249003378
251.124,-2.02005079524291,-2.004496,0,1.51499389874426
251.135,-2.02005079524291,-2.00454,0,1.51518420469318
251.136,-2.02005079524291,-2.004544,0,1.51520738879596
251.147,-2.02005079524291,-2.004588,0,1.51552697219365
251.148,-2.02005079524291,-2.004592,0,1.51556188589481
251.159,-2.02005079524291,-2.004636,0,1.51601024300831
251.16,-2.02005079524291,-2.00464,0,1.51605684051396
251.171,-2.02005079524291,-2.004684,0,1.51663346761034
251.172,-2.02005079524291,-2.004688,0,1.51669170312663
251.183,-2.02005079524291,-2.004732,0,1.51739609647288
251.184,-2.02005079524291,-2.004736,0,1.51746592420585
251.195,-2.02005079524291,-2.00478,0,1.51829758006916
251.196,-2.02005079524291,-2.004784,0,1.51837895422483
251.207,-2.02005079524291,-2.004828,0,1.5193373688722
251.208,-2.02005079524291,-2.004832,0,1.51943024365675
251.219,-2.02005079524291,-2.004876,0,1.52051491335524
251.22,-2.02005079524291,-2.00488,0,1.52061924297475
251.231,-2.02005079524291,-2.004924,0,1.5218296639914
251.232,-2.02005079524291,-2.004928,0,1.52194540265199
251.243,-2.02005079524291,-2.004972,0,1.52328107125386
251.244,-2.02005079524291,-2.004976,0,1.52340817316161
251.255,-2.02005079524291,-2.00502,0,1.52486858561578
251.256,-2.02005079524291,-2.005024,0,1.52500700497679
251.267,-2.02005079524291,-2.005068,0,1.5265916575503
251.268,-2.02005079524291,-2.005072,0,1.52674134857066
251.279,-2.02005079524291,-2.005116,0,1.52844973753059
251.28,-2.02005079524291,-2.00512,0,1.52861065441645
251.291,-2.02005079524291,-2.005164,0,1.53044227602979
251.292,-2.02005079524291,-2.005168,0,1.5306143729872
251.303,-2.02005079524291,-2.005212,0,1.53256872352113
251.304,-2.02005079524291,-2.005216,0,1.53275195475611
251.315,-2.02005079524291,-2.00526,0,1.53482853047764
251.316,-2.02005079524291,-2.005264,0,1.53502285019637
251.327,-2.02005079524291,-2.005308,0,1.53722114737253
251.328,-2.02005079524291,-2.005312,0,1.53742650978109
251.339,-2.02005079524291,-2.005356,0,1.53974602467896
251.34,-2.02005079524291,-2.00536,0,1.53996238398345
251.351,-2.02005079524291,-2.005404,0,1.54240261287009
251.352,-2.02005079524291,-2.005408,0,1.54262992327661
251.363,-2.02005079524291,-2.005452,0,1.54519036241908
251.364,-2.02005079524291,-2.005456,0,1.54542857813372
251.375,-2.02005079524291,-2.0055,0,1.54810872379907
251.376,-2.02005079524291,-2.005504,0,1.54835779902793
251.387,-2.02005079524291,-2.005548,0,1.55115714748322
251.388,-2.02005079524291,-2.005552,0,1.5514170364324
251.399,-2.02005079524291,-2.005596,0,1.55433508394469
251.4,-2.02005079524291,-2.0056,0,1.55460574082034
251.411,-2.02005079524291,-2.005644,0,1.55764198365663
251.412,-2.02005079524291,-2.005648,0,1.55792336266479
251.423,-2.02005079524291,-2.005692,0,1.56107729709226
251.424,-2.02005079524291,-2.005696,0,1.56136935243896
251.435,-2.02005079524291,-2.00574,0,1.56464047472462
251.436,-2.02005079524291,-2.005744,0,1.56494316061602
251.447,-2.02005079524291,-2.005788,0,1.56833096702692
251.448,-2.02005079524291,-2.005792,0,1.56864423766912
251.459,-2.02005079524291,-2.005836,0,1.57214822447232
251.46,-2.02005079524291,-2.00584,0,1.57247203407141
251.471,-2.02005079524291,-2.005884,0,1.57609169753396
251.472,-2.02005079524291,-2.005888,0,1.57642600029605
251.483,-2.02005079524291,-2.005932,0,1.58016083668502
251.484,-2.02005079524291,-2.005936,0,1.5805055868162
251.495,-2.02005079524291,-2.00598,0,1.58435509239865
251.496,-2.02005079524291,-2.005984,0,1.58471024410501
251.507,-2.02005079524291,-2.006028,0,1.588673915148
251.508,-2.02005079524291,-2.006032,0,1.58903942263564
251.519,-2.02005079524291,-2.006076,0,1.59311675540621
251.52,-2.02005079524291,-2.00608,0,1.59349257288128
251.531,-2.02005079524291,-2.006124,0,1.59768306364646
251.532,-2.02005079524291,-2.006128,0,1.598069145315
251.543,-2.02005079524291,-2.006172,0,1.60237229034195
251.544,-2.02005079524291,-2.006176,0,1.60276859041
251.555,-2.02005079524291,-2.00622,0,1.60718388596573
251.556,-2.02005079524291,-2.006224,0,1.60759035863944
251.567,-2.02005079524291,-2.006268,0,1.612117300991
251.568,-2.02005079524291,-2.006272,0,1.61253390047647
251.579,-2.02005079524291,-2.006316,0,1.61717198589092
251.58,-2.02005079524291,-2.00632,0,1.61759866639425
251.591,-2.02005079524291,-2.006364,0,1.62234739113866
251.592,-2.02005079524291,-2.006368,0,1.62278410686594
251.603,-2.02005079524291,-2.006412,0,1.62764296720736
251.604,-2.02005079524291,-2.006416,0,1.62808967236469
251.615,-2.02005079524291,-2.00646,0,1.63305816457018
251.616,-2.02005079524291,-2.006464,0,1.63351481336366
251.627,-2.02005079524291,-2.006508,0,1.63859243370027
251.628,-2.02005079524291,-2.006512,0,1.63905898033605
251.639,-2.02005079524291,-2.006556,0,1.64424522507081
251.64,-2.02005079524291,-2.00656,0,1.64472162375492
251.651,-2.02005079524291,-2.006604,0,1.65001598915497
251.652,-2.02005079524291,-2.006608,0,1.65050219409346
251.663,-2.02005079524291,-2.006652,0,1.65590417642583
251.664,-2.02005079524291,-2.006656,0,1.65640014182485
251.675,-2.02005079524291,-2.0067,0,1.66190923735658
251.676,-2.02005079524291,-2.006704,0,1.66241491742222
251.687,-2.02005079524291,-2.006748,0,1.66803062242039
251.688,-2.02005079524291,-2.006752,0,1.66854597135876
251.699,-2.02005079524291,-2.006796,0,1.6742677820904
251.7,-2.02005079524291,-2.0068,0,1.6747927541076
251.711,-2.02005079524291,-2.006844,0,1.68062016683979
251.712,-2.02005079524291,-2.006848,0,1.6811547161419
251.723,-2.02005079524291,-2.006892,0,1.68708722714169
251.724,-2.02005079524291,-2.006896,0,1.68763130793481
251.735,-2.02005079524291,-2.00694,0,1.69366841346928
251.736,-2.02005079524291,-2.006944,0,1.69422197995951
251.747,-2.02005079524291,-2.006988,0,1.70036317629569
251.748,-2.02005079524291,-2.006992,0,1.70092618268918
251.759,-2.02005079524291,-2.007036,0,1.70717096609409
251.76,-2.02005079524291,-2.00704,0,1.70774336659689
251.771,-2.02005079524291,-2.007084,0,1.71409123333769
251.772,-2.02005079524291,-2.007088,0,1.71467298215582
251.783,-2.02005079524291,-2.007132,0,1.72112342849954
251.784,-2.02005079524291,-2.007136,0,1.72171447983916
251.795,-2.02005079524291,-2.00718,0,1.72826700205282
251.796,-2.02005079524291,-2.007184,0,1.72886731012004
251.807,-2.02005079524291,-2.007228,0,1.73552140447073
251.808,-2.02005079524291,-2.007232,0,1.73613092347163
251.819,-2.02005079524291,-2.007276,0,1.7428860862264
251.82,-2.02005079524291,-2.00728,0,1.74350477036709
251.831,-2.02005079524291,-2.007324,0,1.750360497793
251.832,-2.02005079524291,-2.007328,0,1.75098830127962
251.843,-2.02005079524291,-2.007372,0,1.75794408964367
251.844,-2.02005079524291,-2.007376,0,1.75858096668226
251.855,-2.02005079524291,-2.00742,0,1.76563631225157
251.856,-2.02005079524291,-2.007424,0,1.76628221704824
251.867,-2.02005079524291,-2.007468,0,1.77343661608986
251.868,-2.02005079524291,-2.007472,0,1.7740915028507
251.879,-2.02005079524291,-2.007516,0,1.78134445163175
251.88,-2.02005079524291,-2.00752,0,1.78200827456279
251.891,-2.02005079524291,-2.007564,0,1.78935926935029
251.892,-2.02005079524291,-2.007568,0,1.79003198265769
251.903,-2.02005079524291,-2.007612,0,1.79748051971868
251.904,-2.02005079524291,-2.007616,0,1.79816207760854
251.915,-2.02005079524291,-2.00766,0,1.80570765321007
251.916,-2.02005079524291,-2.007664,0,1.80639800988849
251.927,-2.02005079524291,-2.007708,0,1.81404012029765
251.928,-2.02005079524291,-2.007712,0,1.81473922997071
251.939,-2.02005079524291,-2.007756,0,1.82247737145453
251.94,-2.02005079524291,-2.00776,0,1.82318518832834
251.946,-2.02005079524291,-2.007784,0,1.82744727263333
251.951,-2.02004545846624,-2.007804,0.002136884114748,1.82744727263333
251.952,-2.02004310684115,-2.007808,0.00256655765333108,1.82744727263333
251.963,-2.01998843593952,-2.007852,0.00742255226418975,1.82744727263333
251.964,-2.01998078427823,-2.007856,0.00788139368760383,1.82744727263333
251.975,-2.01986521991122,-2.0079,0.0132337775374971,1.82744727263333
251.976,-2.0198517264333,-2.007904,0.013754277694941,1.82744727263333
251.987,-2.01966708571622,-2.007948,0.0199820906215805,1.82744727263333
251.988,-2.01957744415018,-2.007952,0.160397400593043,1.82744727263333
251.995,-2.01577454660608,-2.00798,0.738682338662977,1.58697165299512
251.998,-2.01363437742653,-2.007992,0.677955406006537,1.52693957205616
251.999,-2.01297912241762,-2.007996,0.63266401708138,1.52693957205616
252,-2.01236883457442,-2.008,0.588017096982257,1.52693957205616
252.009,-2.00872229807813,-2.008036,0.264973553829164,1.5847914479153
252.011,-2.00820082056926,-2.008044,0.256601997962779,1.5847914479153
252.012,-2.00794621454012,-2.008048,0.252633829035628,1.5847914479153
252.023,-2.00537333529282,-2.008092,0.217721609715962,1.5847914479153
252.024,-2.00515684445418,-2.008096,0.215278972235449,1.5847914479153
252.035,-2.00290931228958,-2.00814,0.19543441223328,1.5847914479153
252.036,-2.00271448974435,-2.008144,0.194226296378092,1.5847914479153
252.04,-2.00194589617304,-2.00816,0.190312111430234,1.56380953447236
252.047,-2.00094114166411,-2.008188,0.0981755036727921,1.56380953447236
252.048,-2.00084923373306,-2.008192,0.0856646876934433,1.56380953447236
252.053,-2.00057358240504,-2.008212,0.025124764350876,1.59265433040726
252.059,-2.00031476418904,-2.008236,0.0609527585029605,1.59265433040726
252.06,-2.00025087423508,-2.00824,0.0668233565255658,1.59265433040726
252.065,-1.9998438904791,-2.00826,0.0959087110332564,1.57232268247618
252.071,-1.99938786106949,-2.008284,0.0566311207539222,1.57232268247618
252.072,-1.99933436296557,-2.008288,0.0503778038727448,1.57232268247618
252.078,-1.99915758798984,-2.008312,0,1.57560872989953
252.083,-1.99915758798984,-2.008332,0,1.58164104244579
252.084,-1.99915758798984,-2.008336,0,1.58168917744509
252.095,-1.99915758798984,-2.00838,0,1.57653208337751
252.096,-1.99915758798984,-2.008384,0,1.57590595665129
252.107,-1.99915758798984,-2.008428,0,1.5688017153081
252.108,-1.99915758798984,-2.008432,0,1.56814585448102
252.119,-1.99915758798984,-2.008476,0,1.56086182164386
252.12,-1.99915758798984,-2.00848,0,1.56019356624845
252.131,-1.99915758798984,-2.008524,0,1.5527769205955
252.132,-1.99915758798984,-2.008528,0,1.55209669375197
252.143,-1.99915758798984,-2.008572,0,1.5445482176323
252.144,-1.99915758798984,-2.008576,0,1.54385598619423
252.155,-1.99915758798984,-2.00862,0,1.5361752105629
252.156,-1.99915758798984,-2.008624,0,1.5354709290775
252.167,-1.99915758798984,-2.008668,0,1.52765735113718
252.168,-1.99915758798984,-2.008672,0,1.52694097381975
252.179,-1.99915758798984,-2.008716,0,1.51899408986271
252.18,-1.99915758798984,-2.00872,0,1.51826557091964
252.191,-1.99915758798984,-2.008764,0,1.51018487721358
252.192,-1.99915758798984,-2.008768,0,1.50944417085093
252.203,-1.99915758798984,-2.008812,0,1.50122916366304
252.204,-1.99915758798984,-2.008816,0,1.50047622408684
252.215,-1.99915758798984,-2.00886,0,1.49212639968412
252.216,-1.99915758798984,-2.008864,0,1.49136118110053
252.227,-1.99915758798984,-2.008908,0,1.48287603575004
252.228,-1.99915758798984,-2.008912,0,1.48209849236515
252.239,-1.99915758798984,-2.008956,0,1.47347752233395
252.24,-1.99915758798984,-2.00896,0,1.47268760835387
252.251,-1.99915758798984,-2.009004,0,1.463930309909
252.252,-1.99915758798984,-2.009008,0,1.46312797953983
252.263,-1.99915758798984,-2.009052,0,1.45423384894837
252.264,-1.99915758798984,-2.009056,0,1.45341905639619
252.275,-1.99915758798984,-2.0091,0,1.4443875899252
252.276,-1.99915758798984,-2.009104,0,1.44356028939611
252.287,-1.99915758798984,-2.009148,0,1.43439098331264
252.288,-1.99915758798984,-2.009152,0,1.43355112901279
252.299,-1.99915758798984,-2.009196,0,1.42424347958386
252.3,-1.99915758798984,-2.0092,0,1.42339102571929
252.311,-1.99915758798984,-2.009244,0,1.41394452921206
252.312,-1.99915758798984,-2.009248,0,1.4130794299888
252.323,-1.99915758798984,-2.009292,0,1.40349358267028
252.324,-1.99915758798984,-2.009296,0,1.40261579229451
252.335,-1.99915758798984,-2.00934,0,1.39289009043174
252.336,-1.99915758798984,-2.009344,0,1.39199956310954
252.347,-1.99915758798984,-2.009388,0,1.38213350296959
252.348,-1.99915758798984,-2.009392,0,1.38123019290706
252.359,-1.99915758798984,-2.009436,0,1.371223270757
252.36,-1.99915758798984,-2.00944,0,1.37030713216023
252.371,-1.99915758798984,-2.009484,0,1.3601588442671
252.372,-1.99915758798984,-2.009488,0,1.3592298313422
252.379,-1.99915758798984,-2.009516,0,1.35269662508185
252.383,-1.99915835680402,-2.009532,-0.000384594644996043,1.35269662508185
252.384,-1.99915878959172,-2.009536,-0.000481007147570577,1.35269662508185
252.395,-1.99916997930608,-2.00958,-0.00156098833897595,1.35269662508185
252.396,-1.99917159068599,-2.009584,-0.00166186974642657,1.35269662508185
252.402,-1.99918340704161,-2.009608,-0.00228123880691888,1.33195468213814
252.407,-2.00026590078667,-2.009628,-0.538834308544159,1.42983594399602
252.408,-2.00084959618507,-2.009632,-0.628466173530978,1.47313165493001
252.411,-2.00295078818515,-2.009644,-0.738631201620394,1.58831339827727
252.414,-2.00509480857201,-2.009656,-0.680204068911569,1.65019448397155
252.419,-2.00793747396622,-2.009676,-0.459489532675348,1.65019448397155
252.42,-2.00837574825808,-2.00968,-0.417151924191863,1.65019448397155
252.428,-2.01083086644024,-2.009712,-0.252134702934253,1.57728215312297
252.431,-2.01161202346996,-2.009724,-0.268731166802438,1.57728215312297
252.432,-2.011883579671,-2.009728,-0.274392336976523,1.57728215312297
252.438,-2.01363496656047,-2.009752,-0.309841530019222,1.60503674209186
252.443,-2.015051559896,-2.009772,-0.257676176473284,1.60503674209186
252.444,-2.01530430953706,-2.009776,-0.247855254382273,1.60503674209186
252.455,-2.0174811115296,-2.00982,-0.151157068815488,1.60503674209186
252.456,-2.01762831033274,-2.009824,-0.143262351119906,1.60503674209186
252.467,-2.01875642886051,-2.009868,-0.0639803076314911,1.60503674209186
252.468,-2.01881709013961,-2.009872,-0.0573560477793781,1.60503674209186
252.469,-2.01887116796122,-2.009876,-0.0508128055399611,1.58458501720705
252.479,-2.01967904948725,-2.009916,-0.11048367782717,1.58458501720705
252.48,-2.01979248522074,-2.00992,-0.116387378269169,1.58458501720705
252.481,-2.01991182384104,-2.009924,-0.12228986970233,1.61283890133026
252.491,-2.02057484227725,-2.009964,0,1.60095008925552
252.492,-2.02057484227725,-2.009968,0,1.59673360147331
252.5,-2.02057484227725,-2.01,0,1.58800270199168
252.504,-2.02057484227725,-2.010016,0,1.58880464598614
252.515,-2.02057484227725,-2.01006,0,1.59299261186213
252.516,-2.02057484227725,-2.010064,0,1.5934045312508
252.527,-2.02057484227725,-2.010108,0,1.5980017266256
252.528,-2.02057484227725,-2.010112,0,1.59842387795447
252.539,-2.02057484227725,-2.010156,0,1.60310638228035
252.54,-2.02057484227725,-2.01016,0,1.6035355392387
252.551,-2.02057484227725,-2.010204,0,1.60829412563853
252.552,-2.02057484227725,-2.010208,0,1.60873015664803
252.563,-2.02057484227725,-2.010252,0,1.61356408610965
252.564,-2.02057484227725,-2.010256,0,1.61400694306269
252.575,-2.02057484227725,-2.0103,0,1.61891570550722
252.576,-2.02057484227725,-2.010304,0,1.61936534254751
252.587,-2.02057484227725,-2.010348,0,1.62434843407087
252.588,-2.02057484227725,-2.010352,0,1.6248048054028
252.599,-2.02057484227725,-2.010396,0,1.62986172226742
252.6,-2.02057484227725,-2.0104,0,1.63032478209705
252.611,-2.02057484227725,-2.010444,0,1.63545502056987
252.612,-2.02057484227725,-2.010448,0,1.63592472310334
252.623,-2.02057484227725,-2.010492,0,1.64112777945136
252.624,-2.02057484227725,-2.010496,0,1.64160407889473
252.635,-2.02057484227725,-2.01054,0,1.64687944938507
252.636,-2.02057484227725,-2.010544,0,1.64736229994442
252.647,-2.02057484227725,-2.010588,0,1.65270948084418
252.648,-2.02057484227725,-2.010592,0,1.65319883672556
252.659,-2.02057484227725,-2.010636,0,1.65861732430177
252.66,-2.02057484227725,-2.01064,0,1.65911313971132
252.671,-2.02057484227725,-2.010684,0,1.66460243023102
252.672,-2.02057484227725,-2.010688,0,1.66510465937484
252.683,-2.02057484227725,-2.010732,0,1.67066424910509
252.684,-2.02057484227725,-2.010736,0,1.67117284618929
252.695,-2.02057484227725,-2.01078,0,1.67680223139715
252.696,-2.02057484227725,-2.010784,0,1.67731715062782
252.707,-2.02057484227725,-2.010828,0,1.68301582758034
252.708,-2.02057484227725,-2.010832,0,1.68353702316358
252.719,-2.02057484227725,-2.010876,0,1.68930448812784
252.72,-2.02057484227725,-2.01088,0,1.68983191426979
252.731,-2.02057484227725,-2.010924,0,1.69566766351278
252.732,-2.02057484227725,-2.010928,0,1.69620127441949
252.743,-2.02057484227725,-2.010972,0,1.70210480420838
252.744,-2.02057484227725,-2.010976,0,1.70264455408588
252.755,-2.02057484227725,-2.01102,0,1.70861536068769
252.756,-2.02057484227725,-2.011024,0,1.70916120374214
252.767,-2.02057484227725,-2.011068,0,1.71519878342392
252.768,-2.02057484227725,-2.011072,0,1.71575067386141
252.779,-2.02057484227725,-2.011116,0,1.72185452289021
252.78,-2.02057484227725,-2.01112,0,1.72241241491684
252.791,-2.02057484227725,-2.011164,0,1.72858202955973
252.792,-2.02057484227725,-2.011168,0,1.72914587738161
252.803,-2.02057484227725,-2.011212,0,1.73538075390564
252.804,-2.02057484227725,-2.011216,0,1.73595051172885
252.815,-2.02057484227725,-2.01126,0,1.74225014640109
252.816,-2.02057484227725,-2.011264,0,1.74282576843173
252.827,-2.02057484227725,-2.011308,0,1.74918965751923
252.828,-2.02057484227725,-2.011312,0,1.7497710979634
252.839,-2.02057484227725,-2.011356,0,1.75619873773323
252.84,-2.02057484227725,-2.01136,0,1.75678595079707
252.851,-2.02057484227725,-2.011404,0,1.76327683751622
252.852,-2.02057484227725,-2.011408,0,1.76386977740579
252.863,-2.02057484227725,-2.011452,0,1.77042340734144
252.864,-2.02057484227725,-2.011456,0,1.77102202826276
252.875,-2.02057484227725,-2.0115,0,1.77763789768191
252.876,-2.02057484227725,-2.011504,0,1.77824215384115
252.887,-2.02057484227725,-2.011548,0,1.78491975901085
252.888,-2.02057484227725,-2.011552,0,1.7855296046141
252.899,-2.02057484227725,-2.011596,0,1.79226844180143
252.9,-2.02057484227725,-2.0116,0,1.79288383105478
252.911,-2.02057484227725,-2.011644,0,1.79968339652679
252.912,-2.02057484227725,-2.011648,0,1.80030428363634
252.923,-2.02057484227725,-2.011692,0,1.8071640736601
252.924,-2.02057484227725,-2.011696,0,1.80779041283195
252.935,-2.02057484227725,-2.01174,0,1.8147099236745
252.936,-2.02057484227725,-2.011744,0,1.81534166911474
252.947,-2.02057484227725,-2.011788,0,1.82232039704315
252.948,-2.02057484227725,-2.011792,0,1.82295750295788
252.955,-2.02057484227725,-2.01182,0,1.82742967644777
252.959,-2.02057356487142,-2.011836,0.000639119012198547,1.82742967644777
252.96,-2.02057284559911,-2.01184,0.000799484180400539,1.82742967644777
252.971,-2.02055420327546,-2.011884,0.00260671427365097,1.82742967644777
252.972,-2.02055151151674,-2.011888,0.00277702238380311,1.82742967644777
252.983,-2.02051026741823,-2.011932,0.00475881914361922,1.82742967644777
252.984,-2.0205054126437,-2.011936,0.00495112531467002,1.82742967644777
252.995,-2.02043864737431,-2.01198,0.00724777310561174,1.82742967644777
252.996,-2.02043128594229,-2.011984,0.00747569051871744,1.82742967644777
253.003,-2.02037310748984,-2.012012,0.00917988242812869,1.85271087385622
253.007,-2.01945381064245,-2.012028,0.506864994521234,1.76762614546106
253.008,-2.0188963270177,-2.012032,0.608001869127709,1.72434323531965
253.011,-2.01680609241774,-2.012044,0.75042554558178,1.60251330911252
253.015,-2.01392219837249,-2.01206,0.664127273074914,1.5206634250114
253.019,-2.01165446537394,-2.012076,0.471456163350803,1.5206634250114
253.02,-2.01120636780966,-2.01208,0.424836018871999,1.5206634250114
253.025,-2.00955287396429,-2.0121,0.264358443484558,1.58692902091245
253.031,-2.00802229217456,-2.012124,0.246640614892249,1.58692902091245
253.032,-2.00777690916186,-2.012128,0.244146444948862,1.58692902091245
253.043,-2.00521181384404,-2.012172,0.224550521483542,1.58692902091245
253.044,-2.00498782898059,-2.012176,0.223436770271559,1.58692902091245
253.051,-2.00344391054867,-2.012204,0.218502920558112,1.56496026018022
253.055,-2.0026793952354,-2.01222,0.164279509277381,1.56496026018022
253.056,-2.00252167168608,-2.012224,0.151197368247294,1.56496026018022
253.065,-2.00166769310632,-2.01226,0.04053640619273,1.59248596910633
253.067,-2.00157591597631,-2.012268,0.0512233836632833,1.59248596910633
253.068,-2.00152203724744,-2.012272,0.0565303639878933,1.59248596910633
253.077,-2.00080066974665,-2.012308,0.103634612254146,1.57197483026037
253.079,-2.00060827982756,-2.012316,0.0888248260351677,1.57197483026037
253.08,-2.00052308943117,-2.01232,0.0815723507903525,1.57197483026037
253.09,-2.00006889814865,-2.01236,0,1.57703737137528
253.091,-2.00006889814865,-2.012364,0,1.57956391236925
253.092,-2.00006889814865,-2.012368,0,1.58124970878419
253.096,-2.00006889814865,-2.012384,0,1.58318413441262
253.103,-2.00006889814865,-2.012412,0,1.57998032492773
253.104,-2.00006889814865,-2.012416,0,1.57932616188145
253.115,-2.00006889814865,-2.01246,0,1.57151656838126
253.116,-2.00006889814865,-2.012464,0,1.57078484735373
253.127,-2.00006889814865,-2.012508,0,1.56263971249329
253.128,-2.00006889814865,-2.012512,0,1.56189141004005
253.139,-2.00006889814865,-2.012556,0,1.55357759494813
253.14,-2.00006889814865,-2.01256,0,1.5528143111599
253.151,-2.00006889814865,-2.012604,0,1.54433582624064
253.152,-2.00006889814865,-2.012608,0,1.54355755971603
253.163,-2.00006889814865,-2.012652,0,1.53491402299103
253.164,-2.00006889814865,-2.012656,0,1.53412072913348
253.175,-2.00006889814865,-2.0127,0,1.52531164015373
253.176,-2.00006889814865,-2.012704,0,1.52450327320164
253.187,-2.00006889814865,-2.012748,0,1.5155281283228
253.188,-2.00006889814865,-2.012752,0,1.51470464248317
253.199,-2.00006889814865,-2.012796,0,1.50556293797462
253.2,-2.00006889814865,-2.0128,0,1.50472428745354
253.211,-2.00006889814865,-2.012844,0,1.49541551958251
253.212,-2.00006889814865,-2.012848,0,1.494561658586
253.223,-2.00006889814865,-2.012892,0,1.48508532361952
253.224,-2.00006889814865,-2.012896,0,1.48421620635374
253.235,-2.00006889814865,-2.01294,0,1.47457180055884
253.236,-2.00006889814865,-2.012944,0,1.47368738122989
253.247,-2.00006889814865,-2.012988,0,1.46387440087364
253.248,-2.00006889814865,-2.012992,0,1.46297463368762
253.259,-2.00006889814865,-2.013036,0,1.45299257503708
253.26,-2.00006889814865,-2.01304,0,1.45207741420008
253.271,-2.00006889814865,-2.013084,0,1.44192577352231
253.272,-2.00006889814865,-2.013088,0,1.44099517324049
253.283,-2.00006889814865,-2.013132,0,1.43067344680248
253.284,-2.00006889814865,-2.013136,0,1.42972736128188
253.295,-2.00006889814865,-2.01318,0,1.41923504535076
253.296,-2.00006889814865,-2.013184,0,1.41827342879747
253.307,-2.00006889814865,-2.013228,0,1.4076100196403
253.308,-2.00006889814865,-2.013232,0,1.40663282626041
253.319,-2.00006889814865,-2.013276,0,1.39579782014424
253.32,-2.00006889814865,-2.01328,0,1.39480500414386
253.331,-2.00006889814865,-2.013324,0,1.38379789733581
253.332,-2.00006889814865,-2.013328,0,1.38278941292096
253.343,-2.00006889814865,-2.013372,0,1.37160970168806
253.344,-2.00006889814865,-2.013376,0,1.3705855030649
253.355,-2.00006889814865,-2.01342,0,1.35923268367417
253.356,-2.00006889814865,-2.013424,0,1.35819272504881
253.361,-2.00006889814865,-2.013444,0,1.35297319455277
253.367,-2.00007354712238,-2.013468,-0.00155135838776376,1.35297319455277
253.368,-2.00007522842626,-2.013472,-0.00181135189702351,1.35297319455277
253.379,-2.00011110750603,-2.013516,-0.00473616446573882,1.35297319455277
253.38,-2.00011598068114,-2.01352,-0.00501048289225268,1.35297319455277
253.383,-2.00013225920173,-2.013532,-0.00584484170996152,1.33237435824511
253.391,-2.00333087511352,-2.013564,-0.729818741082923,1.56070069788555
253.392,-2.00406494737866,-2.013568,-0.738365122847883,1.59295303858222
253.395,-2.00619925307296,-2.01358,-0.674603008979244,1.65094508825418
253.403,-2.01019530668696,-2.013612,-0.342744240491691,1.62857775862352
253.404,-2.01052447837378,-2.013616,-0.315661808543879,1.60840312977819
253.407,-2.01140761080192,-2.013628,-0.273464681680433,1.58629589038703
253.408,-2.01168106471226,-2.013632,-0.273462569584398,1.58629589038703
253.415,-2.01360322218426,-2.01366,-0.276648443015463,1.58629589038703
253.416,-2.0138803128714,-2.013664,-0.277551305160078,1.58629589038703
253.424,-2.01614068014782,-2.013696,-0.288695021420598,1.61472214602572
253.427,-2.01693734969888,-2.013708,-0.242786900276347,1.61472214602572
253.428,-2.01717270490861,-2.013712,-0.227961646458618,1.61472214602572
253.436,-2.01854342101115,-2.013744,-0.116775423401347,1.59446392267285
253.439,-2.01889081684296,-2.013756,-0.114903938147505,1.59446392267285
253.44,-2.01900545858149,-2.01376,-0.114388428367322,1.59446392267285
253.45,-2.02013347689624,-2.0138,-0.112049914120879,1.59446392267285
253.451,-2.02024554091135,-2.013804,-0.112086029585098,1.59446392267285
253.452,-2.0203576647179,-2.013808,-0.112169433294025,1.59446392267285
253.463,-2.02160821583178,-2.013852,-0.11611795117735,1.59446392267285
253.464,-2.02172464425418,-2.013856,-0.116746265518766,1.59446392267285
253.465,-2.02184172308858,-2.01386,-0.117418757804852,1.62092216438135
253.472,-2.02228423244161,-2.013888,0,1.60366165790025
253.475,-2.02228423244161,-2.0139,0,1.59182895030932
253.476,-2.02228423244161,-2.013904,0,1.58988292539031
253.482,-2.02228423244161,-2.013928,0,1.58641889193024
253.488,-2.02228423244161,-2.013952,0,1.58747403157713
253.499,-2.02228423244161,-2.013996,0,1.59090176795382
253.5,-2.02228423244161,-2.014,0,1.59122940599394
253.511,-2.02228423244161,-2.014044,0,1.59487369324484
253.512,-2.02228423244161,-2.014048,0,1.59520777392193
253.523,-2.02228423244161,-2.014092,0,1.59890943646455
253.524,-2.02228423244161,-2.014096,0,1.59924835358807
253.535,-2.02228423244161,-2.01414,0,1.60300260801882
253.536,-2.02228423244161,-2.014144,0,1.60334627370819
253.547,-2.02228423244161,-2.014188,0,1.60715250086357
253.548,-2.02228423244161,-2.014192,0,1.60750086818972
253.559,-2.02228423244161,-2.014236,0,1.61135856122342
253.56,-2.02228423244161,-2.01424,0,1.61171158436183
253.571,-2.02228423244161,-2.014284,0,1.61562023945693
253.572,-2.02228423244161,-2.014288,0,1.61597787261287
253.583,-2.02228423244161,-2.014332,0,1.61993698603417
253.584,-2.02228423244161,-2.014336,0,1.62029918341372
253.595,-2.02228423244161,-2.01438,0,1.62430825142821
253.596,-2.02228423244161,-2.014384,0,1.62467496723746
253.607,-2.02228423244161,-2.014428,0,1.62873348611219
253.608,-2.02228423244161,-2.014432,0,1.62910467455724
253.619,-2.02228423244161,-2.014476,0,1.63321214055929
253.62,-2.02228423244161,-2.01448,0,1.63358775584629
253.631,-2.02228423244161,-2.014524,0,1.63774366524265
253.632,-2.02228423244161,-2.014528,0,1.63812366157764
253.643,-2.02228423244161,-2.014572,0,1.64232751063548
253.644,-2.02228423244161,-2.014576,0,1.6427118422245
253.655,-2.02228423244161,-2.01462,0,1.64696312721084
253.656,-2.02228423244161,-2.014624,0,1.64735174826004
253.667,-2.02228423244161,-2.014668,0,1.65164996544192
253.668,-2.02228423244161,-2.014672,0,1.6520428301574
253.679,-2.02228423244161,-2.014716,0,1.65638747580189
253.68,-2.02228423244161,-2.01472,0,1.65678453838975
253.691,-2.02228423244161,-2.014764,0,1.6611751087639
253.692,-2.02228423244161,-2.014768,0,1.66157632343024
253.703,-2.02228423244161,-2.014812,0,1.66601231480111
253.704,-2.02228423244161,-2.014816,0,1.66641763575202
253.715,-2.02228423244161,-2.01486,0,1.67089854438668
253.716,-2.02228423244161,-2.014864,0,1.67130792582826
253.727,-2.02228423244161,-2.014908,0,1.67583324799376
253.728,-2.02228423244161,-2.014912,0,1.67624664413215
253.739,-2.02228423244161,-2.014956,0,1.68081587609551
253.74,-2.02228423244161,-2.01496,0,1.68123324113675
253.751,-2.02228423244161,-2.015004,0,1.68584587916506
253.752,-2.02228423244161,-2.015008,0,1.68626716731526
253.763,-2.02228423244161,-2.015052,0,1.69092270767565
253.764,-2.02228423244161,-2.015056,0,1.69134787314084
253.775,-2.02228423244161,-2.0151,0,1.69604581210032
253.776,-2.02228423244161,-2.015104,0,1.69647480908665
253.787,-2.02228423244161,-2.015148,0,1.70121464291226
253.788,-2.02228423244161,-2.015152,0,1.70164742562584
253.799,-2.02228423244161,-2.015196,0,1.70642865058466
253.8,-2.02228423244161,-2.0152,0,1.70686517323158
253.811,-2.02228423244161,-2.015244,0,1.71168728559065
253.812,-2.02228423244161,-2.015248,0,1.71212750237701
253.823,-2.02228423244161,-2.015292,0,1.7169899984034
253.824,-2.02228423244161,-2.015296,0,1.71743386353529
253.835,-2.02228423244161,-2.01534,0,1.72233623949606
253.836,-2.02228423244161,-2.015344,0,1.72278370717958
253.847,-2.02228423244161,-2.015388,0,1.72772545934178
253.848,-2.02228423244161,-2.015392,0,1.72817648378308
253.859,-2.02228423244161,-2.015436,0,1.73315710841373
253.86,-2.02228423244161,-2.01544,0,1.73361164381885
253.871,-2.02228423244161,-2.015484,0,1.73863063718511
253.872,-2.02228423244161,-2.015488,0,1.73908863776008
253.883,-2.02228423244161,-2.015532,0,1.74414549612896
253.884,-2.02228423244161,-2.015536,0,1.74460691607995
253.895,-2.02228423244161,-2.01558,0,1.74970113571849
253.896,-2.02228423244161,-2.015584,0,1.75016592925159
253.907,-2.02228423244161,-2.015628,0,1.75529700642688
253.908,-2.02228423244161,-2.015632,0,1.75576512774818
253.919,-2.02228423244161,-2.015676,0,1.76093255872726
253.92,-2.02228423244161,-2.01568,0,1.76140396204287
253.931,-2.02228423244161,-2.015724,0,1.76660724309279
253.932,-2.02228423244161,-2.015728,0,1.7670818826088
253.943,-2.02228423244161,-2.015772,0,1.77232050999664
253.944,-2.02228423244161,-2.015776,0,1.77279833991915
253.955,-2.02228423244161,-2.01582,0,1.77807180991196
253.956,-2.02228423244161,-2.015824,0,1.77855278444706
253.967,-2.02228423244161,-2.015868,0,1.7838605933119
253.968,-2.02228423244161,-2.015872,0,1.78434466666573
253.979,-2.02228423244161,-2.015916,0,1.78968631066961
253.98,-2.02228423244161,-2.01592,0,1.79017343704823
253.991,-2.02228423244161,-2.015964,0,1.79554841245831
253.992,-2.02228423244161,-2.015968,0,1.79603854606775
254.003,-2.02228423244161,-2.016012,0,1.80144634915105
254.004,-2.02228423244161,-2.016016,0,1.80193944419746
254.015,-2.02228423244161,-2.01606,0,1.80737957122102
254.016,-2.02228423244161,-2.016064,0,1.80787558191051
254.027,-2.02228423244161,-2.016108,0,1.8133475291414
254.028,-2.02228423244161,-2.016112,0,1.81384640968006
254.039,-2.02228423244161,-2.016156,0,1.81934967338533
254.04,-2.02228423244161,-2.01616,0,1.81985137797926
254.051,-2.02228423244161,-2.016204,0,1.82538545442598
254.052,-2.02228423244161,-2.016208,0,1.82588993728132
254.058,-2.02228423244161,-2.016232,0,1.82892164183121
254.063,-2.02228121924472,-2.016252,0.00120650540548039,1.82892164183121
254.064,-2.02227989149473,-2.016256,0.00144910270415976,1.82892164183121
254.075,-2.02224902391749,-2.0163,0.00419080783320786,1.82892164183121
254.076,-2.02224470375615,-2.016304,0.00444986665822686,1.82892164183121
254.087,-2.02217945621632,-2.016348,0.00747171487072637,1.82892164183121
254.088,-2.02217183788366,-2.016352,0.00776557087927198,1.82892164183121
254.099,-2.02206759238873,-2.016396,0.0112814533377312,1.82892164183121
254.1,-2.02205613667489,-2.0164,0.0116309073381392,1.82892164183121
254.111,-2.02190551471426,-2.016444,0.0158897178083785,1.82892164183121
254.112,-2.02188941075612,-2.016448,0.0163195101710658,1.82892164183121
254.123,-2.02099603839174,-2.016492,0.458751360639383,1.77712772788908
254.124,-2.02048391937174,-2.016496,0.565375069077681,1.7360743108449
254.128,-2.01775746764908,-2.016512,0.735317616783722,1.58263151492233
254.131,-2.01564169817839,-2.016524,0.665507275629801,1.52573942472078
254.135,-2.01334933846417,-2.01654,0.482343461248856,1.52573942472078
254.136,-2.01288918422951,-2.016544,0.438059624370614,1.52573942472078
254.142,-2.01093629926287,-2.016568,0.248168602005025,1.59013909009362
254.147,-2.00971588499124,-2.016588,0.240486677189696,1.59013909009362
254.148,-2.00947600245897,-2.016592,0.239297186851901,1.59013909009362
254.159,-2.0068882264921,-2.016636,0.233329965357328,1.59013909009362
254.16,-2.00665486709509,-2.01664,0.233405383489833,1.59013909009362
254.162,-2.00618767489548,-2.016648,0.233852269200369,1.56870711777401
254.171,-2.00458319150084,-2.016684,0.125111887046007,1.56870711777401
254.172,-2.00446371594482,-2.016688,0.113863703988508,1.56870711777401
254.179,-2.00393281957152,-2.016716,0.0388320327829349,1.59487155381452
254.183,-2.00373072001058,-2.016732,0.0621426869673715,1.59487155381452
254.184,-2.00366569348881,-2.016736,0.0679067950574081,1.59487155381452
254.19,-2.00315526740269,-2.01676,0.102161734590694,1.57340456005655
254.195,-2.0027374586321,-2.01678,0.0653720703277741,1.57340456005655
254.196,-2.00267563189865,-2.016784,0.0582958731369424,1.57340456005655
254.202,-2.00245600953433,-2.016808,0,1.57454355889049
254.207,-2.00245600953433,-2.016828,0,1.5821305439371
254.208,-2.00245600953433,-2.016832,0,1.58217457233495
254.219,-2.00245600953433,-2.016876,0,1.57541820246829
254.22,-2.00245600953433,-2.01688,0,1.57460309139209
254.231,-2.00245600953433,-2.016924,0,1.56535156795825
254.232,-2.00245600953433,-2.016928,0,1.56449691133862
254.243,-2.00245600953433,-2.016972,0,1.55499774121723
254.244,-2.00245600953433,-2.016976,0,1.55412560044582
254.255,-2.00245600953433,-2.01702,0,1.5444389128702
254.256,-2.00245600953433,-2.017024,0,1.5435498384244
254.267,-2.00245600953433,-2.017068,0,1.53367676504382
254.268,-2.00245600953433,-2.017072,0,1.53277072721228
254.279,-2.00245600953433,-2.017116,0,1.52271080840306
254.28,-2.00245600953433,-2.01712,0,1.52178776182568
254.291,-2.00245600953433,-2.017164,0,1.51154049504453
254.292,-2.00245600953433,-2.017168,0,1.51060039393908
254.303,-2.00245600953433,-2.017212,0,1.50016527548526
254.304,-2.00245600953433,-2.017216,0,1.49920807405806
254.315,-2.00245600953433,-2.01726,0,1.48858460019945
254.316,-2.00245600953433,-2.017264,0,1.48761025265669
254.327,-2.00245600953433,-2.017308,0,1.47679791966034
254.328,-2.00245600953433,-2.017312,0,1.47580638020811
254.339,-2.00245600953433,-2.017356,0,1.46480468434111
254.34,-2.00245600953433,-2.01736,0,1.46379590718551
254.351,-2.00245600953433,-2.017404,0,1.45260434471492
254.352,-2.00245600953433,-2.017408,0,1.45157828406203
254.363,-2.00245600953433,-2.017452,0,1.44019635125489
254.364,-2.00245600953433,-2.017456,0,1.43915296131083
254.375,-2.00245600953433,-2.0175,0,1.42758015443421
254.376,-2.00245600953433,-2.017504,0,1.42651938940506
254.387,-2.00245600953433,-2.017548,0,1.41475520472602
254.388,-2.00245600953433,-2.017552,0,1.41367701881788
254.399,-2.00245600953433,-2.017596,0,1.40172095260347
254.4,-2.00245600953433,-2.0176,0,1.40062530002249
254.411,-2.00245600953433,-2.017644,0,1.38847684853972
254.412,-2.00245600953433,-2.017648,0,1.38736368349195
254.423,-2.00245600953433,-2.017692,0,1.37502234300799
254.424,-2.00245600953433,-2.017696,0,1.37389161969945
254.435,-2.00245600953433,-2.01774,0,1.36135688648132
254.436,-2.00245600953433,-2.017744,0,1.36020855911817
254.441,-2.00245600953433,-2.017764,0,1.35444487986773
254.447,-2.00245995960294,-2.017788,-0.00131813406408452,1.35444487986773
254.448,-2.00246138814695,-2.017792,-0.00153904104475145,1.35444487986773
254.459,-2.00249187326596,-2.017836,-0.00402413564466972,1.35444487986773
254.46,-2.00249601381328,-2.01784,-0.0042572113942397,1.33409915748997
254.469,-2.00632819826351,-2.017876,-0.738413755685526,1.58992191491951
254.47,-2.00706245032712,-2.01788,-0.730154581112733,1.61661011965086
254.471,-2.00778041006698,-2.017884,-0.705851681466348,1.61661011965086
254.472,-2.00847432474706,-2.017888,-0.682061964961407,1.65059637415028
254.483,-2.01349689004875,-2.017932,-0.279575778821953,1.59406772266839
254.484,-2.01377448467504,-2.017936,-0.275638888087106,1.59406772266839
254.495,-2.01660473256611,-2.01798,-0.241699465141722,1.59406772266839
254.496,-2.01684527236998,-2.017984,-0.239400548047716,1.59406772266839
254.507,-2.01936908594076,-2.018028,-0.221724582191974,1.59406772266839
254.508,-2.01959032304219,-2.018032,-0.220766714450173,1.59406772266839
254.517,-2.02155256422661,-2.018068,-0.216594209141123,1.62027167272284
254.519,-2.02195379453397,-2.018076,-0.184784795046471,1.62027167272284
254.52,-2.02213077239609,-2.01808,-0.169205932030522,1.62027167272284
254.526,-2.02287442611825,-2.018104,-0.0797658490118108,1.59990909150766
254.531,-2.0232506955098,-2.018124,-0.0709388099306028,1.59990909150766
254.532,-2.02332081685406,-2.018128,-0.0693111939776376,1.59990909150766
254.543,-2.02399509987106,-2.018172,-0.0540522687318019,1.59990909150766
254.544,-2.02404856409568,-2.018176,-0.0528816561834161,1.59990909150766
254.555,-2.02456718769429,-2.01822,-0.0419897594436467,1.59990909150766
254.556,-2.02460876183918,-2.018224,-0.0411626686326147,1.59990909150766
254.567,-2.02501738507983,-2.018268,-0.0335708673581945,1.59990909150766
254.568,-2.02505067149039,-2.018272,-0.0330051288545158,1.59990909150766
254.579,-2.02538402768202,-2.018316,-0.0279449231786433,1.59990909150766
254.58,-2.02541178978074,-2.01832,-0.0275817668949978,1.59990909150766
254.591,-2.02569679687231,-2.018364,-0.0245085748072562,1.59990909150766
254.592,-2.02572120358698,-2.018368,-0.0243068778195197,1.59990909150766
254.603,-2.02597930969929,-2.018412,-0.0228460578659082,1.59990909150766
254.604,-2.02600212096766,-2.018416,-0.0227781974671685,1.59990909150766
254.61,-2.02613802456464,-2.01844,-0.0225826273538581,1.59990909150766
254.615,-2.02625109847617,-2.01846,-0.022686379022841,1.59990909150766
254.616,-2.02627380853696,-2.018464,-0.0227352870629782,1.59990909150766
254.626,-2.026505358049,-2.018504,-0.0237249591825043,1.62546607561798
254.627,-2.02651088639264,-2.018508,0,1.62401733794102
254.628,-2.02651088639264,-2.018512,0,1.62240962738416
254.633,-2.02651088639264,-2.018532,0,1.61979421823393
254.64,-2.02651088639264,-2.01856,0,1.62110003149598
254.651,-2.02651088639264,-2.018604,0,1.6247416882028
254.652,-2.02651088639264,-2.018608,0,1.62508666956725
254.663,-2.02651088639264,-2.018652,0,1.62891780726783
254.664,-2.02651088639264,-2.018656,0,1.62926864059802
254.675,-2.02651088639264,-2.0187,0,1.63315252939574
254.676,-2.02651088639264,-2.018704,0,1.63350782923456
254.687,-2.02651088639264,-2.018748,0,1.63744029112721
254.688,-2.02651088639264,-2.018752,0,1.63779997554759
254.699,-2.02651088639264,-2.018796,0,1.64178040770043
254.7,-2.02651088639264,-2.0188,0,1.64214442993389
254.711,-2.02651088639264,-2.018844,0,1.64617232594103
254.712,-2.02651088639264,-2.018848,0,1.64654064016738
254.723,-2.02651088639264,-2.018892,0,1.65061549622378
254.724,-2.02651088639264,-2.018896,0,1.6509880566484
254.735,-2.02651088639264,-2.01894,0,1.65510936901919
254.736,-2.02651088639264,-2.018944,0,1.65548612984816
254.747,-2.02651088639264,-2.018988,0,1.65965339480033
254.748,-2.02651088639264,-2.018992,0,1.66003431023981
254.759,-2.02651088639264,-2.019036,0,1.66424702404037
254.76,-2.02651088639264,-2.01904,0,1.66463204829639
254.771,-2.02651088639264,-2.019084,0,1.66888970721251
254.772,-2.02651088639264,-2.019088,0,1.66927879449111
254.783,-2.02651088639264,-2.019132,0,1.6735808947898
254.784,-2.02651088639264,-2.019136,0,1.67397399929713
254.795,-2.02651088639264,-2.01918,0,1.67832003724544
254.796,-2.02651088639264,-2.019184,0,1.67871711318761
254.807,-2.02651088639264,-2.019228,0,1.68310658505261
254.808,-2.02651088639264,-2.019232,0,1.6835075866357
254.819,-2.02651088639264,-2.019276,0,1.68793998868443
254.82,-2.02651088639264,-2.01928,0,1.68834487011456
254.831,-2.02651088639264,-2.019324,0,1.69281969861409
254.832,-2.02651088639264,-2.019328,0,1.69322841409739
254.843,-2.02651088639264,-2.019372,0,1.69774516531473
254.844,-2.02651088639264,-2.019376,0,1.69815766905725
254.855,-2.02651088639264,-2.01942,0,1.70271583925951
254.856,-2.02651088639264,-2.019424,0,1.70313208546734
254.867,-2.02651088639264,-2.019468,0,1.70773117092158
254.868,-2.02651088639264,-2.019472,0,1.70815111380082
254.879,-2.02651088639264,-2.019516,0,1.71279061077415
254.88,-2.02651088639264,-2.01952,0,1.71321420453083
254.891,-2.02651088639264,-2.019564,0,1.71789360929027
254.892,-2.02651088639264,-2.019568,0,1.71832080813056
254.903,-2.02651088639264,-2.019612,0,1.72303961694314
254.904,-2.02651088639264,-2.019616,0,1.72347037507313
254.915,-2.02651088639264,-2.01966,0,1.72822808420594
254.916,-2.02651088639264,-2.019664,0,1.72866235583173
254.927,-2.02651088639264,-2.019708,0,1.7334584615518
254.928,-2.02651088639264,-2.019712,0,1.73389620087948
254.939,-2.02651088639264,-2.019756,0,1.7387301994539
254.94,-2.02651088639264,-2.01976,0,1.73917136068962
254.951,-2.02651088639264,-2.019804,0,1.74404274838538
254.952,-2.02651088639264,-2.019808,0,1.74448728573518
254.963,-2.02651088639264,-2.019852,0,1.74939555881945
254.964,-2.02651088639264,-2.019856,0,1.74984342648937
254.975,-2.02651088639264,-2.0199,0,1.75478808122915
254.976,-2.02651088639264,-2.019904,0,1.75523923342535
254.987,-2.02651088639264,-2.019948,0,1.76021976608771
254.988,-2.02651088639264,-2.019952,0,1.76067415701628
254.999,-2.02651088639264,-2.019996,0,1.76569006386827
255,-2.02651088639264,-2.02,0,1.76614764773531
255.011,-2.02651088639264,-2.020044,0,1.771198425044
255.012,-2.02651088639264,-2.020048,0,1.7716591560556
255.023,-2.02651088639264,-2.020092,0,1.77674430008802
255.024,-2.02651088639264,-2.020096,0,1.7772081324503
255.035,-2.02651088639264,-2.02014,0,1.78232713947354
255.036,-2.02651088639264,-2.020144,0,1.78279402739257
255.047,-2.02651088639264,-2.020188,0,1.78794639367367
255.048,-2.02651088639264,-2.020192,0,1.78841629135556
255.059,-2.02651088639264,-2.020236,0,1.79360151316159
255.06,-2.02651088639264,-2.02024,0,1.79407437481248
255.071,-2.02651088639264,-2.020284,0,1.79929194841045
255.072,-2.02651088639264,-2.020288,0,1.79976772823639
255.083,-2.02651088639264,-2.020332,0,1.80501714989345
255.084,-2.02651088639264,-2.020336,0,1.80549580210047
255.095,-2.02651088639264,-2.02038,0,1.81077656808365
255.096,-2.02651088639264,-2.020384,0,1.81125804687792
255.107,-2.02651088639264,-2.020428,0,1.81656965345425
255.108,-2.02651088639264,-2.020432,0,1.81705391304185
255.119,-2.02651088639264,-2.020476,0,1.82239585647842
255.12,-2.02651088639264,-2.02048,0,1.82288285106546
255.131,-2.02651088639264,-2.020524,0,1.82825462762931
255.132,-2.02651088639264,-2.020528,0,1.82874431142187
255.139,-2.02651088639264,-2.020556,0,1.83217829709568
255.143,-2.02650949239359,-2.020572,0.000697453310463894,1.83217829709568
255.144,-2.02650870747134,-2.020576,0.000872455081979358,1.83217829709568
255.155,-2.02648836373717,-2.02062,0.00284460202292047,1.83217829709568
255.156,-2.02648542633204,-2.020624,0.00303044733046209,1.83217829709568
255.167,-2.02644041894793,-2.020668,0.00519297081406395,1.83217829709568
255.168,-2.026435121275,-2.020672,0.00540280624324136,1.83217829709568
255.179,-2.02636226648537,-2.020716,0.00790868725619958,1.83217829709568
255.18,-2.02635423378988,-2.02072,0.00815735756638881,1.83217829709568
255.191,-2.0262483777708,-2.020764,0.011183883835006,1.83217829709568
255.192,-2.0262370417987,-2.020768,0.0114889831594246,1.83217829709568
255.203,-2.02609069577904,-2.020812,0.0152503062108459,1.83217829709568
255.204,-2.02607525454221,-2.020816,0.0156334245264117,1.83217829709568
255.215,-2.02582980850748,-2.02086,0.137056462367698,1.83217829709568
255.216,-2.02562235051565,-2.020864,0.277675730230973,1.83217829709568
255.222,-2.02211286349499,-2.020888,0.745084924480403,1.5978553692751
255.226,-2.01928168885928,-2.020904,0.645561698526301,1.52392924900336
255.227,-2.01866076682558,-2.020908,0.596394745512545,1.52392924900336
255.228,-2.01808867888155,-2.020912,0.547889268214296,1.52392924900336
255.235,-2.01532284570108,-2.02094,0.276053697139212,1.58305016328984
255.239,-2.01428316730647,-2.020956,0.244261241866102,1.58305016328984
255.24,-2.0140426770027,-2.02096,0.236747115843953,1.60812260011181
255.247,-2.01218671809337,-2.020988,0.293890930198081,1.58581223625105
255.251,-2.01105278760578,-2.021004,0.273512707560575,1.58581223625105
255.252,-2.01078163402482,-2.021008,0.268820415796106,1.56570179007547
255.263,-2.00880271053598,-2.021052,0.0952304674707046,1.56570179007547
255.264,-2.0087148057225,-2.021056,0.0806062039158263,1.59273040614494
255.275,-2.00769388170378,-2.0211,0.105429117671806,1.59273040614494
255.276,-2.00758725979399,-2.021104,0.107818913188902,1.59273040614494
255.28,-2.00713648159664,-2.02112,0.117643015913965,1.57034261409286
255.287,-2.00658268908773,-2.021148,0.0416156040520878,1.57034261409286
255.288,-2.00654627665382,-2.021152,0.0312266581623628,1.57034261409286
255.29,-2.00651802373786,-2.02116,0,1.58278838491378
255.296,-2.00651802373786,-2.021184,0,1.59114841126142
255.3,-2.00651802373786,-2.0212,0,1.58961729657132
255.311,-2.00651802373786,-2.021244,0,1.580989160361
255.312,-2.00651802373786,-2.021248,0,1.58013467551903
255.323,-2.00651802373786,-2.021292,0,1.57057957523099
255.324,-2.00651802373786,-2.021296,0,1.56970070625106
255.335,-2.00651802373786,-2.02134,0,1.55993713168221
255.336,-2.00651802373786,-2.021344,0,1.55904090343249
255.347,-2.00651802373786,-2.021388,0,1.54908774342312
255.348,-2.00651802373786,-2.021392,0,1.54817430081842
255.359,-2.00651802373786,-2.021436,0,1.53803157468883
255.36,-2.00651802373786,-2.02144,0,1.53710087707902
255.371,-2.00651802373786,-2.021484,0,1.52676809520398
255.372,-2.00651802373786,-2.021488,0,1.52582009693388
255.383,-2.00651802373786,-2.021532,0,1.51529675596095
255.384,-2.00651802373786,-2.021536,0,1.5143314112404
255.395,-2.00651802373786,-2.02158,0,1.50361700744691
255.396,-2.00651802373786,-2.021584,0,1.50263427048211
255.407,-2.00651802373786,-2.021628,0,1.4917283001354
255.408,-2.00651802373786,-2.021632,0,1.4907281251325
255.419,-2.00651802373786,-2.021676,0,1.47963008449958
255.42,-2.00651802373786,-2.02168,0,1.47861242566461
255.431,-2.00651802373786,-2.021724,0,1.46732181101265
255.432,-2.00651802373786,-2.021728,0,1.46628662255166
255.443,-2.00651802373786,-2.021772,0,1.45480293014767
255.444,-2.00651802373786,-2.021776,0,1.45375016626682
255.455,-2.00651802373786,-2.02182,0,1.44207289237784
255.456,-2.00651802373786,-2.021824,0,1.44100250728322
255.467,-2.00651802373786,-2.021868,0,1.42913114817633
255.468,-2.00651802373786,-2.021872,0,1.42804309607404
255.479,-2.00651802373786,-2.021916,0,1.41597714801628
255.48,-2.00651802373786,-2.02192,0,1.41487138311242
255.491,-2.00651802373786,-2.021964,0,1.40261034237086
255.492,-2.00651802373786,-2.021968,0,1.40148681887152
255.503,-2.00651802373786,-2.022012,0,1.38903018171321
255.504,-2.00651802373786,-2.022016,0,1.38788885382449
255.515,-2.00651802373786,-2.02206,0,1.3752361165165
255.516,-2.00651802373786,-2.022064,0,1.37407693844455
255.527,-2.00651802373786,-2.022108,0,1.36122759725388
255.528,-2.00651802373786,-2.022112,0,1.36005052320474
255.531,-2.00651802373786,-2.022124,0,1.35651033939403
255.539,-2.00653169142186,-2.022156,-0.00342357955684377,1.35651033939403
255.54,-2.00653533085621,-2.02216,-0.00385551086056006,1.35651033939403
255.551,-2.00660432427611,-2.022204,-0.00873494652073971,1.35651033939403
255.552,-2.00661328867558,-2.022208,-0.00919439851477759,1.33560988967809
255.561,-2.01078633733759,-2.022244,-0.744634095481145,1.60472896007197
255.563,-2.0122447343877,-2.022252,-0.71405984793513,1.64703116264211
255.564,-2.01293843655135,-2.022256,-0.673453572259311,1.64703116264211
255.573,-2.01744006784798,-2.022292,-0.33424068976586,1.6227678810456
255.575,-2.01806805469109,-2.0223,-0.293952115039844,1.6227678810456
255.576,-2.01835213637565,-2.022304,-0.274259929540782,1.59698735639917
255.587,-2.02117719908373,-2.022348,-0.24210222939588,1.59698735639917
255.588,-2.02141821829783,-2.022352,-0.239956408599562,1.59698735639917
255.599,-2.02395716604856,-2.022396,-0.223905448191435,1.59698735639917
255.6,-2.02418065612903,-2.0224,-0.223091750362464,1.59698735639917
255.607,-2.02572930813514,-2.022428,-0.220178746185656,1.62233498717414
255.611,-2.02648741521737,-2.022444,-0.159440011257174,1.62233498717414
255.612,-2.0266395015318,-2.022448,-0.144764522199158,1.62233498717414
255.617,-2.02718477150417,-2.022468,-0.0740443207820262,1.59918314823919
255.623,-2.02763808738485,-2.022492,-0.0772268110607242,1.59918314823919
255.624,-2.02771562546439,-2.022496,-0.0778539579288117,1.59918314823919
255.635,-2.02861697381182,-2.02254,-0.0865936436526764,1.59918314823919
255.636,-2.02870404725,-2.022544,-0.087558034972859,1.59918314823919
255.647,-2.02973293046088,-2.022588,-0.100116895220187,1.62477703566542
255.648,-2.02982589653955,-2.022592,-0.0858423322317281,1.62477703566542
255.653,-2.03007634838959,-2.022612,0,1.61332360728488
255.659,-2.03007634838959,-2.022636,0,1.59701506691729
255.66,-2.03007634838959,-2.02264,0,1.59636147194403
255.664,-2.03007634838959,-2.022656,0,1.59558103671011
255.671,-2.03007634838959,-2.022684,0,1.59672481918761
255.672,-2.03007634838959,-2.022688,0,1.59696265674061
255.683,-2.03007634838959,-2.022732,0,1.59980394509969
255.684,-2.03007634838959,-2.022736,0,1.60006970180137
255.695,-2.03007634838959,-2.02278,0,1.6030202110771
255.696,-2.03007634838959,-2.022784,0,1.60329055183031
255.707,-2.03007634838959,-2.022828,0,1.60628590315133
255.708,-2.03007634838959,-2.022832,0,1.60656015400698
255.719,-2.03007634838959,-2.022876,0,1.60959812081081
255.72,-2.03007634838959,-2.02288,0,1.60987621903255
255.731,-2.03007634838959,-2.022924,0,1.61295625111832
255.732,-2.03007634838959,-2.022928,0,1.61323815045523
255.743,-2.03007634838959,-2.022972,0,1.61635974283678
255.744,-2.03007634838959,-2.022976,0,1.61664539748256
255.755,-2.03007634838959,-2.02302,0,1.6198080463931
255.756,-2.03007634838959,-2.023024,0,1.62009741055358
255.767,-2.03007634838959,-2.023068,0,1.62330061225925
255.768,-2.03007634838959,-2.023072,0,1.62359364014052
255.779,-2.03007634838959,-2.023116,0,1.62683689090836
255.78,-2.03007634838959,-2.02312,0,1.6271335367165
255.791,-2.03007634838959,-2.023164,0,1.63041633281358
255.792,-2.03007634838959,-2.023168,0,1.6307165507547
255.803,-2.03007634838959,-2.023212,0,1.63403838844806
255.804,-2.03007634838959,-2.023216,0,1.63434213272826
255.815,-2.03007634838959,-2.02326,0,1.63770250828496
255.816,-2.03007634838959,-2.023264,0,1.63800973311033
255.827,-2.03007634838959,-2.023308,0,1.64140814279743
255.828,-2.03007634838959,-2.023312,0,1.64171880237407
255.839,-2.03007634838959,-2.023356,0,1.64515474245863
255.84,-2.03007634838959,-2.02336,0,1.64546879099269
255.851,-2.03007634838959,-2.023404,0,1.64894175774172
255.852,-2.03007634838959,-2.023408,0,1.64925914943923
255.863,-2.03007634838959,-2.023452,0,1.6527686391199
255.864,-2.03007634838959,-2.023456,0,1.65308932818691
255.875,-2.03007634838959,-2.0235,0,1.65663483706623
255.876,-2.03007634838959,-2.023504,0,1.65695877770889
255.887,-2.03007634838959,-2.023548,0,1.6605398020539
255.888,-2.03007634838959,-2.023552,0,1.66086694847831
255.899,-2.03007634838959,-2.023596,0,1.66448298455609
255.9,-2.03007634838959,-2.0236,0,1.66481329096835
255.911,-2.03007634838959,-2.023644,0,1.66846383504593
255.912,-2.03007634838959,-2.023648,0,1.66879725565214
255.923,-2.03007634838959,-2.023692,0,1.67248180399661
255.924,-2.03007634838959,-2.023696,0,1.67281829300285
255.935,-2.03007634838959,-2.02374,0,1.67653634188125
255.936,-2.03007634838959,-2.023744,0,1.67687585349363
255.947,-2.03007634838959,-2.023788,0,1.68062689917303
255.948,-2.03007634838959,-2.023792,0,1.68096938759769
255.959,-2.03007634838959,-2.023836,0,1.6847529263451
255.96,-2.03007634838959,-2.02384,0,1.68509834578808
255.971,-2.03007634838959,-2.023884,0,1.68891387387065
255.972,-2.03007634838959,-2.023888,0,1.689262178538
255.983,-2.03007634838959,-2.023932,0,1.69310919222276
255.984,-2.03007634838959,-2.023936,0,1.69346033632062
255.995,-2.03007634838959,-2.02398,0,1.69733833187462
255.996,-2.03007634838959,-2.023984,0,1.6976922696091
256.007,-2.03007634838959,-2.024028,0,1.70160074329939
256.008,-2.03007634838959,-2.024032,0,1.70195742887658
256.019,-2.03007634838959,-2.024076,0,1.70589587697022
256.02,-2.03007634838959,-2.02408,0,1.70625526459621
256.031,-2.03007634838959,-2.024124,0,1.71022318336025
256.032,-2.03007634838959,-2.024128,0,1.71058522724115
256.043,-2.03007634838959,-2.024172,0,1.71458211294267
256.044,-2.03007634838959,-2.024176,0,1.71494676728463
256.055,-2.03007634838959,-2.02422,0,1.71897211619063
256.056,-2.03007634838959,-2.024224,0,1.71933933519969
256.067,-2.03007634838959,-2.024268,0,1.72339264357728
256.068,-2.03007634838959,-2.024272,0,1.72376238145953
256.079,-2.03007634838959,-2.024316,0,1.72784314557576
256.08,-2.03007634838959,-2.02432,0,1.72821535653731
256.091,-2.03007634838959,-2.024364,0,1.7323230726593
256.092,-2.03007634838959,-2.024368,0,1.73269771090617
256.103,-2.03007634838959,-2.024412,0,1.73683187530095
256.104,-2.03007634838959,-2.024416,0,1.73720889503929
256.115,-2.03007634838959,-2.02446,0,1.7413690039739
256.116,-2.03007634838959,-2.024464,0,1.74174835940982
256.127,-2.03007634838959,-2.024508,0,1.74593390915131
256.128,-2.03007634838959,-2.024512,0,1.74631555449091
256.139,-2.03007634838959,-2.024556,0,1.75052604130634
256.14,-2.03007634838959,-2.02456,0,1.75090993075571
256.151,-2.03007634838959,-2.024604,0,1.75514485091214
256.152,-2.03007634838959,-2.024608,0,1.75553093867744
256.163,-2.03007634838959,-2.024652,0,1.75978978844189
256.164,-2.03007634838959,-2.024656,0,1.76017802872915
256.175,-2.03007634838959,-2.0247,0,1.76446030436873
256.176,-2.03007634838959,-2.024704,0,1.76485065138404
256.187,-2.03007634838959,-2.024748,0,1.7691558491658
256.188,-2.03007634838959,-2.024752,0,1.76954825711528
256.199,-2.03007634838959,-2.024796,0,1.77387587330626
256.2,-2.03007634838959,-2.0248,0,1.77427029639599
256.211,-2.03007634838959,-2.024844,0,1.77861982726335
256.212,-2.03007634838959,-2.024848,0,1.77901621969936
256.223,-2.03007634838959,-2.024892,0,1.78338716151009
256.224,-2.03007634838959,-2.024896,0,1.78378547749855
256.235,-2.03007634838959,-2.02494,0,1.7881773265197
256.236,-2.03007634838959,-2.024944,0,1.7885775202667
256.247,-2.03007634838959,-2.024988,0,1.79298977276532
256.248,-2.03007634838959,-2.024992,0,1.79339179847697
256.259,-2.03007634838959,-2.025036,0,1.79782395072012
256.26,-2.03007634838959,-2.02504,0,1.7982277626025
256.271,-2.03007634838959,-2.025084,0,1.80267931085727
256.272,-2.03007634838959,-2.025088,0,1.80308486311653
256.283,-2.03007634838959,-2.025132,0,1.80755530364989
256.284,-2.03007634838959,-2.025136,0,1.80796255049208
256.295,-2.03007634838959,-2.02518,0,1.81245137957117
256.296,-2.03007634838959,-2.025184,0,1.81286027520238
256.307,-2.03007634838959,-2.025228,0,1.81736698909423
256.308,-2.03007634838959,-2.025232,0,1.81777748772056
256.319,-2.03007634838959,-2.025276,0,1.8223015826923
256.32,-2.03007634838959,-2.02528,0,1.82271363851978
256.331,-2.03007634838959,-2.025324,0,1.82725461083844
256.332,-2.03007634838959,-2.025328,0,1.82766817807324
256.343,-2.03007634838959,-2.025372,0,1.83222552400584
256.344,-2.03007634838959,-2.025376,0,1.83264055685405
256.35,-2.03007634838959,-2.0254,0,1.83513326422755
256.355,-2.03007330750924,-2.02542,0.00121758901303645,1.83513326422755
256.356,-2.03007196756232,-2.025424,0.00146241383645659,1.83513326422755
256.367,-2.03004081671236,-2.025468,0.00422923081188197,1.83513326422755
256.368,-2.03003645694723,-2.025472,0.00449065418957024,1.83513326422755
256.379,-2.02997061248973,-2.025516,0.00753994231316573,1.83513326422755
256.38,-2.02996292460558,-2.02552,0.00783645154737998,1.83513326422755
256.391,-2.02985773025869,-2.025564,0.0113838610225712,1.83513326422755
256.392,-2.02984617058505,-2.025568,0.0117364269272733,1.83513326422755
256.403,-2.02969418699946,-2.025612,0.0160328704882854,1.83513326422755
256.404,-2.02967793800911,-2.025616,0.0164664326073726,1.83513326422755
256.415,-2.02862397458196,-2.02566,0.488266995926869,1.7634734688526
256.416,-2.02808843633752,-2.025664,0.582716611715271,1.72265877404697
256.419,-2.02609259908323,-2.025676,0.714929162114044,1.60778250182282
256.423,-2.0233476180364,-2.025692,0.631812700281417,1.53036761339917
256.427,-2.0211903165409,-2.025708,0.448472375964907,1.53036761339917
256.428,-2.02076407133206,-2.025712,0.404110418110936,1.53036761339917
256.433,-2.01919460310389,-2.025732,0.249282539634477,1.59206157507592
256.439,-2.01776924681096,-2.025756,0.226637351658548,1.59206157507592
256.44,-2.01754427948409,-2.02576,0.22331802690822,1.59206157507592
256.451,-2.01525892820443,-2.025804,0.194438897722817,1.59206157507592
256.452,-2.01506549009609,-2.025808,0.192453917468013,1.59206157507592
256.462,-2.01322190654822,-2.025848,0.177783443964606,1.57198440824611
256.463,-2.01305079157224,-2.025852,0.164477534240632,1.57198440824611
256.464,-2.01289289062091,-2.025856,0.151354205565084,1.57198440824611
256.475,-2.0119863017699,-2.0259,0,1.59836941919662
256.476,-2.0119863017699,-2.025904,0,1.60330144849101
256.482,-2.0119863017699,-2.025928,0,1.61217755826637
256.488,-2.0119863017699,-2.025952,0,1.60964547030939
256.499,-2.0119863017699,-2.025996,0,1.60120616047087
256.5,-2.0119863017699,-2.026,0,1.60039648751402
256.511,-2.0119863017699,-2.026044,0,1.5913654238454
256.512,-2.0119863017699,-2.026048,0,1.5905352726806
256.523,-2.0119863017699,-2.026092,0,1.58131209015457
256.524,-2.0119863017699,-2.026096,0,1.58046534999632
256.535,-2.0119863017699,-2.02614,0,1.57106033735418
256.536,-2.0119863017699,-2.026144,0,1.57019706854295
256.547,-2.0119863017699,-2.026188,0,1.56061001314456
256.548,-2.0119863017699,-2.026192,0,1.5597301727491
256.559,-2.0119863017699,-2.026236,0,1.5499605787129
256.56,-2.0119863017699,-2.02624,0,1.54906412101644
256.571,-2.0119863017699,-2.026284,0,1.5391114848212
256.572,-2.0119863017699,-2.026288,0,1.53819836403199
256.583,-2.0119863017699,-2.026332,0,1.52806218195047
256.584,-2.0119863017699,-2.026336,0,1.52713235227466
256.595,-2.0119863017699,-2.02638,0,1.51681212057406
256.596,-2.0119863017699,-2.026384,0,1.51586553621775
256.607,-2.0119863017699,-2.026428,0,1.50536075116514
256.608,-2.0119863017699,-2.026432,0,1.50439736633443
256.619,-2.0119863017699,-2.026476,0,1.49370752419689
256.62,-2.0119863017699,-2.02648,0,1.49272729309792
256.631,-2.0119863017699,-2.026524,0,1.48185189014244
256.632,-2.0119863017699,-2.026528,0,1.48085476698126
256.643,-2.0119863017699,-2.026572,0,1.46979329947495
256.644,-2.0119863017699,-2.026576,0,1.46877923845765
256.655,-2.0119863017699,-2.02662,0,1.45753120266757
256.656,-2.0119863017699,-2.026624,0,1.45650015800025
256.667,-2.0119863017699,-2.026668,0,1.44506505019352
256.668,-2.0119863017699,-2.026672,0,1.44401697608221
256.679,-2.0119863017699,-2.026716,0,1.43239429252584
256.68,-2.0119863017699,-2.02672,0,1.43132914317671
256.691,-2.0119863017699,-2.026764,0,1.41951838013776
256.692,-2.0119863017699,-2.026768,0,1.41843610975689
256.703,-2.0119863017699,-2.026812,0,1.40643676350241
256.704,-2.0119863017699,-2.026816,0,1.4053373262959
256.715,-2.0119863017699,-2.02686,0,1.39314889309294
256.716,-2.0119863017699,-2.026864,0,1.3920322432669
256.727,-2.0119863017699,-2.026908,0,1.37965421938254
256.728,-2.0119863017699,-2.026912,0,1.37852031114311
256.739,-2.0119863017699,-2.026956,0,1.36595219284434
256.74,-2.0119863017699,-2.02696,0,1.36480098039756
256.744,-2.0119863017699,-2.026976,0,1.36018168658644
256.751,-2.01199016655809,-2.027004,-0.00110587237246868,1.36018168658644
256.752,-2.01199135196202,-2.027008,-0.00126500768609926,1.36018168658644
256.763,-2.01201504647849,-2.027052,-0.00305894840981017,1.33928329102504
256.764,-2.01202463509363,-2.027056,-0.0161188568593343,1.33928329102504
256.772,-2.01578788612668,-2.027088,-0.740073991090566,1.59310514873508
256.775,-2.01794745732107,-2.0271,-0.689087188992679,1.65605528740638
256.776,-2.01861477959898,-2.027104,-0.645668645040684,1.65605528740638
256.786,-2.02308085963465,-2.027144,-0.286431013996732,1.60431693693738
256.787,-2.02336418325185,-2.027148,-0.280245276837158,1.60431693693738
256.788,-2.02364140761316,-2.027152,-0.274231817863633,1.60431693693738
256.791,-2.02443816771338,-2.027164,-0.257185129161085,1.58263159679653
256.799,-2.02675126711284,-2.027196,-0.321655353324174,1.61020476844251
256.8,-2.02706865128702,-2.0272,-0.313147834413711,1.61020476844251
256.811,-2.03004752020537,-2.027244,-0.232073963084612,1.61020476844251
256.812,-2.03027640367808,-2.027248,-0.225718392490082,1.61020476844251
256.823,-2.03241045415835,-2.027292,-0.164916566385412,1.61020476844251
256.824,-2.03257296651425,-2.027296,-0.16012656841383,1.61020476844251
256.835,-2.03407036618571,-2.02734,-0.11402301104542,1.61020476844251
256.836,-2.03418255255672,-2.027344,-0.110362946107339,1.61020476844251
256.847,-2.03519355291705,-2.027388,-0.074803669099878,1.61020476844251
256.848,-2.03526692389467,-2.027392,-0.0719475856848082,1.61020476844251
256.859,-2.03589844742291,-2.027436,-0.0438097488529275,1.61020476844251
256.86,-2.03594110470732,-2.02744,-0.0415111361812464,1.61020476844251
256.871,-2.03625233603902,-2.027484,0,1.62254863793682
256.872,-2.03625233603902,-2.027488,0,1.62067053644366
256.878,-2.03625233603902,-2.027512,0,1.61744248026418
256.884,-2.03625233603902,-2.027536,0,1.61864014182654
256.895,-2.03625233603902,-2.02758,0,1.62230147780328
256.896,-2.03625233603902,-2.027584,0,1.6226502501734
256.907,-2.03625233603902,-2.027628,0,1.62652874485646
256.908,-2.03625233603902,-2.027632,0,1.62688429265028
256.919,-2.03625233603902,-2.027676,0,1.63082410124793
256.92,-2.03625233603902,-2.02768,0,1.63118485103036
256.931,-2.03625233603902,-2.027724,0,1.63518127997661
256.932,-2.03625233603902,-2.027728,0,1.63554714475046
256.943,-2.03625233603902,-2.027772,0,1.63959957730489
256.944,-2.03625233603902,-2.027776,0,1.63997051016493
256.955,-2.03625233603902,-2.02782,0,1.64407843954663
256.956,-2.03625233603902,-2.027824,0,1.64445439466897
256.967,-2.03625233603902,-2.027868,0,1.64861731706271
256.968,-2.03625233603902,-2.027872,0,1.64899824865265
256.979,-2.03625233603902,-2.027916,0,1.65321566032331
256.98,-2.03625233603902,-2.02792,0,1.65360152258692
256.991,-2.03625233603902,-2.027964,0,1.65787291980148
256.992,-2.03625233603902,-2.027968,0,1.65826366694486
257.003,-2.03625233603902,-2.028012,0,1.6625885459704
257.004,-2.03625233603902,-2.028016,0,1.66298413219965
257.015,-2.03625233603902,-2.02806,0,1.6673619893032
257.016,-2.03625233603902,-2.028064,0,1.66776236882441
257.027,-2.03625233603902,-2.028108,0,1.67219270027307
257.028,-2.03625233603902,-2.028112,0,1.67259782729233
257.039,-2.03625233603902,-2.028156,0,1.67708012935314
257.04,-2.03625233603902,-2.02816,0,1.67748995807656
257.051,-2.03625233603902,-2.028204,0,1.68202372701657
257.052,-2.03625233603902,-2.028208,0,1.68243821165024
257.063,-2.03625233603902,-2.028252,0,1.68702294373652
257.064,-2.03625233603902,-2.028256,0,1.68744203848654
257.075,-2.03625233603902,-2.0283,0,1.69207722998621
257.076,-2.03625233603902,-2.028304,0,1.69250088905865
257.087,-2.03625233603902,-2.028348,0,1.69718603623867
257.088,-2.03625233603902,-2.028352,0,1.69761421383965
257.099,-2.03625233603902,-2.028396,0,1.70234881296711
257.1,-2.03625233603902,-2.0284,0,1.70278146330273
257.111,-2.03625233603902,-2.028444,0,1.70756501064469
257.112,-2.03625233603902,-2.028448,0,1.70800208792104
257.123,-2.03625233603902,-2.028492,0,1.71283407974455
257.124,-2.03625233603902,-2.028496,0,1.71327553816773
257.135,-2.03625233603902,-2.02854,0,1.71815547073988
257.136,-2.03625233603902,-2.028544,0,1.71860126451599
257.147,-2.03625233603902,-2.028588,0,1.72352863410382
257.148,-2.03625233603902,-2.028592,0,1.72397871743895
257.159,-2.03625233603902,-2.028636,0,1.72895302030952
257.16,-2.03625233603902,-2.02864,0,1.72940734740976
257.171,-2.03625233603902,-2.028684,0,1.73442807983013
257.172,-2.03625233603902,-2.028688,0,1.73488660490159
257.183,-2.03625233603902,-2.028732,0,1.73995326313889
257.184,-2.03625233603902,-2.028736,0,1.74041594038759
257.195,-2.03625233603902,-2.02878,0,1.74552802070881
257.196,-2.03625233603902,-2.028784,0,1.74599480434097
257.207,-2.03625233603902,-2.028828,0,1.75115180301313
257.208,-2.03625233603902,-2.028832,0,1.75162264723479
257.219,-2.03625233603902,-2.028876,0,1.75682406052498
257.22,-2.03625233603902,-2.02888,0,1.75729891954224
257.231,-2.03625233603902,-2.028924,0,1.76254424371751
257.232,-2.03625233603902,-2.028928,0,1.76302307173647
257.243,-2.03625233603902,-2.028972,0,1.76831180306391
257.244,-2.03625233603902,-2.028976,0,1.76879455429066
257.255,-2.03625233603902,-2.02902,0,1.77412618903732
257.256,-2.03625233603902,-2.029024,0,1.77461281767795
257.267,-2.03625233603902,-2.029068,0,1.77998685211089
257.268,-2.03625233603902,-2.029072,0,1.78047731237151
257.279,-2.03625233603902,-2.029116,0,1.78589324275778
257.28,-2.03625233603902,-2.02912,0,1.78638748884448
257.291,-2.03625233603902,-2.029164,0,1.79184481145114
257.292,-2.03625233603902,-2.029168,0,1.79234279757002
257.303,-2.03625233603902,-2.029212,0,1.7978410086642
257.304,-2.03625233603902,-2.029216,0,1.79834268902133
257.315,-2.03625233603902,-2.02926,0,1.80388128486998
257.316,-2.03625233603902,-2.029264,0,1.80438661367149
257.327,-2.03625233603902,-2.029308,0,1.80996509054171
257.328,-2.03625233603902,-2.029312,0,1.81047402199368
257.339,-2.03625233603902,-2.029356,0,1.81609187615254
257.34,-2.03625233603902,-2.02936,0,1.81660436446107
257.351,-2.03625233603902,-2.029404,0,1.8222610921756
257.352,-2.03625233603902,-2.029408,0,1.82277709154679
257.363,-2.03625233603902,-2.029452,0,1.82847218908409
257.364,-2.03625233603902,-2.029456,0,1.82899165372403
257.375,-2.03625233603902,-2.0295,0,1.83472461735114
257.376,-2.03625233603902,-2.029504,0,1.83524750146593
257.385,-2.03625233603902,-2.02954,0,1.83996615034947
257.387,-2.03625197050425,-2.029548,0.00036559420607956,1.83996615034947
257.388,-2.03625151341861,-2.029552,0.000548614248240113,1.83996615034947
257.399,-2.03623428459672,-2.029596,0.00259929285940807,1.83996615034947
257.4,-2.03623158931662,-2.0296,0.00279148647540675,1.83996615034947
257.411,-2.03618885450144,-2.029644,0.00501666436224801,1.83996615034947
257.412,-2.03618373057119,-2.029648,0.00523161275246735,1.83996615034947
257.423,-2.03611246996823,-2.029692,0.00778853547497722,1.83996615034947
257.424,-2.03610455530783,-2.029696,0.00804142889267148,1.83996615034947
257.435,-2.0359997332148,-2.02974,0.0111108021910017,1.83996615034947
257.436,-2.03598846851449,-2.029744,0.0114195144579537,1.83996615034947
257.447,-2.03584267717756,-2.029788,0.0152182896834785,1.83996615034947
257.448,-2.0358272663378,-2.029792,0.015604643114924,1.83996615034947
257.459,-2.03558083570875,-2.029836,0.138393675496309,1.83996615034947
257.46,-2.03537204433542,-2.02984,0.279005381517652,1.83996615034947
257.466,-2.03184148359969,-2.029864,0.751523049477163,1.60599755158036
257.47,-2.02897935518317,-2.02988,0.65431397126977,1.53066324734105
257.471,-2.02834962850174,-2.029884,0.605252179820713,1.53066324734105
257.472,-2.02776862950681,-2.029888,0.556854354177859,1.53066324734105
257.479,-2.02494105155849,-2.029916,0.283303540144404,1.58843769056126
257.483,-2.02387891297866,-2.029932,0.248265821666994,1.58843769056126
257.484,-2.0236348135366,-2.029936,0.239962163466382,1.61449409388892
257.491,-2.02176219794948,-2.029964,0.295458578334277,1.5934029021241
257.495,-2.02061739768694,-2.02998,0.277369827142065,1.5934029021241
257.496,-2.02034210494319,-2.029984,0.273241103192495,1.57301065589936
257.507,-2.01828822484935,-2.030028,0.104420505224571,1.57301065589936
257.508,-2.01819091462882,-2.030032,0.09022702256383,1.57301065589936
257.509,-2.01810771785213,-2.030036,0.076192400464706,1.60141297600174
257.519,-2.01716899900452,-2.030076,0.111715657369751,1.60141297600174
257.52,-2.01705547368328,-2.03008,0.115337933241728,1.60141297600174
257.523,-2.01669303182493,-2.030092,0.126320710321045,1.57830578366515
257.531,-2.01600815357555,-2.030124,0.0461988255914882,1.57830578366515
257.532,-2.0159667157965,-2.030128,0.0366932204329201,1.57830578366515
257.534,-2.01591562696902,-2.030136,0,1.58735312784761
257.54,-2.01591562696902,-2.03016,0,1.59832360298384
257.544,-2.01591562696902,-2.030176,0,1.59721613860969
257.555,-2.01591562696902,-2.03022,0,1.58895524253351
257.556,-2.01591562696902,-2.030224,0,1.58812288229604
257.567,-2.01591562696902,-2.030268,0,1.57880188477268
257.568,-2.01591562696902,-2.030272,0,1.57794418982489
257.579,-2.01591562696902,-2.030316,0,1.56841543221355
257.58,-2.01591562696902,-2.03032,0,1.56754074373471
257.591,-2.01591562696902,-2.030364,0,1.55782672509762
257.592,-2.01591562696902,-2.030368,0,1.55693522350593
257.603,-2.01591562696902,-2.030412,0,1.54703606053764
257.604,-2.01591562696902,-2.030416,0,1.54612770614049
257.615,-2.01591562696902,-2.03046,0,1.53604291184219
257.616,-2.01591562696902,-2.030464,0,1.53511765901024
257.627,-2.01591562696902,-2.030508,0,1.52484673010033
257.628,-2.01591562696902,-2.030512,0,1.52390453304411
257.639,-2.01591562696902,-2.030556,0,1.51344696580182
257.64,-2.01591562696902,-2.03056,0,1.51248777872756
257.651,-2.01591562696902,-2.030604,0,1.50184306942032
257.652,-2.01591562696902,-2.030608,0,1.50086684653405
257.663,-2.01591562696902,-2.030652,0,1.49003449142892
257.664,-2.01591562696902,-2.030656,0,1.48904118693679
257.675,-2.01591562696902,-2.0307,0,1.47802068230079
257.676,-2.01591562696902,-2.030704,0,1.47701025040891
257.687,-2.01591562696902,-2.030748,0,1.46580109250911
257.688,-2.01591562696902,-2.030752,0,1.46477348742357
257.699,-2.01591562696902,-2.030796,0,1.45337517252702
257.7,-2.01591562696902,-2.0308,0,1.45233034845392
257.711,-2.01591562696902,-2.030844,0,1.4407423728277
257.712,-2.01591562696902,-2.030848,0,1.43968028397318
257.723,-2.01591562696902,-2.030892,0,1.42790214388428
257.724,-2.01591562696902,-2.030896,0,1.42682274445438
257.735,-2.01591562696902,-2.03094,0,1.41485393616993
257.736,-2.01591562696902,-2.030944,0,1.41375718037076
257.747,-2.01591562696902,-2.030988,0,1.40159720015778
257.748,-2.01591562696902,-2.030992,0,1.40048304219543
257.759,-2.01591562696902,-2.031036,0,1.38813138632106
257.76,-2.01591562696902,-2.03104,0,1.38699978040157
257.771,-2.01591562696902,-2.031084,0,1.37445594513284
257.772,-2.01591562696902,-2.031088,0,1.37330684546236
257.782,-2.01591562696902,-2.031128,0,1.36173550290386
257.783,-2.01591594450302,-2.031132,-0.000635087321437404,1.36173550290386
257.784,-2.01591689722094,-2.031136,-0.00127040649497321,1.36173550290386
257.795,-2.01596956503758,-2.03118,-0.00834078314958821,1.36173550290386
257.796,-2.01597823370768,-2.031184,-0.00899708446425938,1.36173550290386
257.806,-2.0161017483037,-2.031224,-0.0157809345523059,1.3410855289313
257.807,-2.01615763092575,-2.031228,-0.126265540611981,1.3410855289313
257.808,-2.01636078697776,-2.031232,-0.279839561518146,1.3410855289313
257.814,-2.01994323691703,-2.031256,-0.754243089385649,1.59763184633721
257.817,-2.02214005320668,-2.031268,-0.6996907164506,1.66088669870348
257.819,-2.02345043449626,-2.031276,-0.61113707033657,1.66088669870348
257.82,-2.02403987017755,-2.03128,-0.567839639388971,1.66088669870348
257.828,-2.02732671855666,-2.031312,-0.288780734470508,1.60616181655505
257.831,-2.02816858909744,-2.031324,-0.272715140891516,1.60616181655505
257.832,-2.02843877626121,-2.031328,-0.267685624007906,1.60616181655505
257.833,-2.02870401263734,-2.031332,-0.26281298604304,1.58512156747665
257.841,-2.03106942844244,-2.031364,-0.329114128018479,1.61440576493503
257.843,-2.03170915773554,-2.031372,-0.310759067873863,1.61440576493503
257.844,-2.03201546978366,-2.031376,-0.301899576365127,1.61440576493503
257.855,-2.03484877590332,-2.03142,-0.216804875103518,1.61440576493503
257.856,-2.03506219929392,-2.031424,-0.210066758548585,1.61440576493503
257.867,-2.03699999655037,-2.031468,-0.144801958660535,1.61440576493503
257.868,-2.03714217848647,-2.031472,-0.139579505366799,1.61440576493503
257.879,-2.03838603558458,-2.031516,-0.0883533204485517,1.61440576493503
257.88,-2.03847230143978,-2.03152,-0.0841904778010509,1.61440576493503
257.891,-2.03916316533179,-2.031564,-0.0426134699579805,1.61440576493503
257.892,-2.03920404899336,-2.031568,-0.0391616913453034,1.61440576493503
257.898,-2.03937561285809,-2.031592,0,1.60831627129816
257.903,-2.03937561285809,-2.031612,0,1.60045101086611
257.904,-2.03937561285809,-2.031616,0,1.6000388503928
257.907,-2.03937561285809,-2.031628,0,1.59969782940299
257.915,-2.03937561285809,-2.03166,0,1.60117210592921
257.916,-2.03937561285809,-2.031664,0,1.6014292587009
257.927,-2.03937561285809,-2.031708,0,1.60443379955134
257.928,-2.03937561285809,-2.031712,0,1.60471318059643
257.939,-2.03937561285809,-2.031756,0,1.60781388072172
257.94,-2.03937561285809,-2.03176,0,1.60809799241388
257.951,-2.03937561285809,-2.031804,0,1.611246483265
257.952,-2.03937561285809,-2.031808,0,1.61153480910236
257.963,-2.03937561285809,-2.031852,0,1.61472929594461
257.964,-2.03937561285809,-2.031856,0,1.61502177743742
257.975,-2.03937561285809,-2.0319,0,1.61826172171716
257.976,-2.03937561285809,-2.031904,0,1.61855831272908
257.987,-2.03937561285809,-2.031948,0,1.6218432097742
257.988,-2.03937561285809,-2.031952,0,1.6221438645021
257.999,-2.03937561285809,-2.031996,0,1.62547321055439
258,-2.03937561285809,-2.032,0,1.62577788320404
258.011,-2.03937561285809,-2.032044,0,1.62915117452983
258.012,-2.03937561285809,-2.032048,0,1.6294598193074
258.023,-2.03937561285809,-2.032092,0,1.63287655217371
258.024,-2.03937561285809,-2.032096,0,1.63318912328528
258.035,-2.03937561285809,-2.03214,0,1.63664879395917
258.036,-2.03937561285809,-2.032144,0,1.63696524561085
258.047,-2.03937561285809,-2.032188,0,1.64046735035938
258.048,-2.03937561285809,-2.032192,0,1.64078763675726
258.059,-2.03937561285809,-2.032236,0,1.64433167184751
258.06,-2.03937561285809,-2.03224,0,1.64465574719773
258.071,-2.03937561285809,-2.032284,0,1.64824120889669
258.072,-2.03937561285809,-2.032288,0,1.6485690274053
258.083,-2.03937561285809,-2.032332,0,1.65219541198009
258.084,-2.03937561285809,-2.032336,0,1.65252692785319
258.095,-2.03937561285809,-2.03238,0,1.65619373157085
258.096,-2.03937561285809,-2.032384,0,1.65652889901454
258.107,-2.03937561285809,-2.032428,0,1.66023561814218
258.108,-2.03937561285809,-2.032432,0,1.66057439136249
258.119,-2.03937561285809,-2.032476,0,1.66432052216716
258.12,-2.03937561285809,-2.03248,0,1.66466285537024
258.131,-2.03937561285809,-2.032524,0,1.66844789411897
258.132,-2.03937561285809,-2.032528,0,1.66879374151092
258.143,-2.03937561285809,-2.032572,0,1.67261718447078
258.144,-2.03937561285809,-2.032576,0,1.6729665002577
258.155,-2.03937561285809,-2.03262,0,1.67682784369572
258.156,-2.03937561285809,-2.032624,0,1.67718058208371
258.167,-2.03937561285809,-2.032668,0,1.68107932226698
258.168,-2.03937561285809,-2.032672,0,1.68143543746218
258.179,-2.03937561285809,-2.032716,0,1.6853710706577
258.18,-2.03937561285809,-2.03272,0,1.68573051686616
258.191,-2.03937561285809,-2.032764,0,1.68970253934103
258.192,-2.03937561285809,-2.032768,0,1.69006527076885
258.203,-2.03937561285809,-2.032812,0,1.69407317879014
258.204,-2.03937561285809,-2.032816,0,1.6944391496434
258.215,-2.03937561285809,-2.03286,0,1.69848243947815
258.216,-2.03937561285809,-2.032864,0,1.69885160396297
258.227,-2.03937561285809,-2.032908,0,1.70292977187832
258.228,-2.03937561285809,-2.032912,0,1.70330208420072
258.239,-2.03937561285809,-2.032956,0,1.70741462646368
258.24,-2.03937561285809,-2.03296,0,1.70779004082981
258.251,-2.03937561285809,-2.033004,0,1.71193645370743
258.252,-2.03937561285809,-2.033008,0,1.7123149243234
258.263,-2.03937561285809,-2.033052,0,1.71649470408273
258.264,-2.03937561285809,-2.033056,0,1.71687618515463
258.275,-2.03937561285809,-2.0331,0,1.72108882806272
258.276,-2.03937561285809,-2.033104,0,1.72147327379665
258.287,-2.03937561285809,-2.033148,0,1.72571827612063
258.288,-2.03937561285809,-2.033152,0,1.72610564072267
258.299,-2.03937561285809,-2.033196,0,1.73038249872951
258.3,-2.03937561285809,-2.0332,0,1.73077273640578
258.311,-2.03937561285809,-2.033244,0,1.73508094636256
258.312,-2.03937561285809,-2.033248,0,1.73547401131915
258.323,-2.03937561285809,-2.033292,0,1.73981306949294
258.324,-2.03937561285809,-2.033296,0,1.74020891593593
258.335,-2.03937561285809,-2.03334,0,1.74457831859379
258.336,-2.03937561285809,-2.033344,0,1.7449769007293
258.347,-2.03937561285809,-2.033388,0,1.74937614413829
258.348,-2.03937561285809,-2.033392,0,1.74977741617241
258.359,-2.03937561285809,-2.033436,0,1.75420599659959
258.36,-2.03937561285809,-2.03344,0,1.7546099127384
258.371,-2.03937561285809,-2.033484,0,1.75906732645083
258.372,-2.03937561285809,-2.033488,0,1.75947384090045
258.383,-2.03937561285809,-2.033532,0,1.76395958416518
258.384,-2.03937561285809,-2.033536,0,1.76436865113169
258.395,-2.03937561285809,-2.03358,0,1.76888222021584
258.396,-2.03937561285809,-2.033584,0,1.76929379390528
258.407,-2.03937561285809,-2.033628,0,1.77383468507587
258.408,-2.03937561285809,-2.033632,0,1.77424871969445
258.419,-2.03937561285809,-2.033676,0,1.77881642921847
258.42,-2.03937561285809,-2.03368,0,1.77923287897223
258.431,-2.03937561285809,-2.033724,0,1.7838269031168
258.432,-2.03937561285809,-2.033728,0,1.78424572221184
258.443,-2.03937561285809,-2.033772,0,1.78886555724401
258.444,-2.03937561285809,-2.033776,0,1.78928669988643
258.455,-2.03937561285809,-2.03382,0,1.79393184207325
258.456,-2.03937561285809,-2.033824,0,1.79435526246915
258.467,-2.03937561285809,-2.033868,0,1.7990252080777
258.468,-2.03937561285809,-2.033872,0,1.79945086043317
258.479,-2.03937561285809,-2.033916,0,1.8041451057305
258.48,-2.03937561285809,-2.03392,0,1.80457294425163
258.491,-2.03937561285809,-2.033964,0,1.80929098550481
258.492,-2.03937561285809,-2.033968,0,1.8097209643977
258.503,-2.03937561285809,-2.034012,0,1.81446229787377
258.504,-2.03937561285809,-2.034016,0,1.81489437134452
258.515,-2.03937561285809,-2.03406,0,1.8196584933106
258.516,-2.03937561285809,-2.034064,0,1.8200926155653
258.527,-2.03937561285809,-2.034108,0,1.82487902228836
258.528,-2.03937561285809,-2.034112,0,1.82531514753311
258.539,-2.03937561285809,-2.034156,0,1.83012333528025
258.54,-2.03937561285809,-2.03416,0,1.83056141772115
258.551,-2.03937561285809,-2.034204,0,1.83539088275942
258.552,-2.03937561285809,-2.034208,0,1.83583087660256
258.563,-2.03937561285809,-2.034252,0,1.84068111519901
258.564,-2.03937561285809,-2.034256,0,1.8411229746505
258.567,-2.03937561285809,-2.034268,0,1.84244947213461
258.575,-2.03937003022546,-2.0343,0.00139928628161092,1.84244947213461
258.576,-2.03936854245848,-2.034304,0.00157636859446611,1.84244947213461
258.587,-2.03934024260371,-2.034348,0.00359433700410553,1.84244947213461
258.588,-2.03933655234388,-2.034352,0.00378648258587807,1.84244947213461
258.599,-2.03928275291406,-2.034396,0.00604328679385655,1.84244947213461
258.6,-2.0392765994862,-2.0344,0.00626406909496892,1.84244947213461
258.611,-2.03919350009833,-2.034444,0.00891913976202623,1.84244947213461
258.612,-2.03918444881805,-2.034448,0.00918415655434016,1.84244947213461
258.623,-2.03906617910155,-2.034492,0.0124250799767382,1.84244947213461
258.624,-2.039053590545,-2.034496,0.0127530564745058,1.84244947213461
258.635,-2.03889179509057,-2.03454,0.0168088445655542,1.84244947213461
258.636,-2.03887477988075,-2.034544,0.0172229584117002,1.84244947213461
258.647,-2.03711146687339,-2.034588,0.6181209213457,1.72249083551672
258.648,-2.03646106975223,-2.034592,0.682630746996637,1.68048129923139
258.65,-2.03503023321821,-2.0346,0.73633806498623,1.60722049654099
258.654,-2.03223033979514,-2.034616,0.638984322971125,1.5336771452903
258.659,-2.02963134636632,-2.034636,0.403178201130871,1.5336771452903
258.66,-2.02925091282458,-2.03464,0.357779551135196,1.56056891160849
258.668,-2.02704427460934,-2.034672,0.231483056014013,1.61647966362666
258.671,-2.02631547965746,-2.034684,0.254438952217097,1.61647966362666
258.672,-2.02605717686495,-2.034688,0.262174145536801,1.61647966362666
258.675,-2.02523552403046,-2.0347,0.285670902977656,1.59554476239323
258.681,-2.02360448895445,-2.034724,0.258930542551609,1.57292577054822
258.683,-2.02312205765279,-2.034732,0.223668935166428,1.57292577054822
258.684,-2.02290703949752,-2.034736,0.206407063575132,1.57292577054822
258.692,-2.02178597443126,-2.034768,0.0759747323074865,1.59995212394278
258.695,-2.02155324524533,-2.03478,0.0792139431955402,1.59995212394278
258.696,-2.02147346932917,-2.034784,0.0803419648332175,1.59995212394278
258.707,-2.02051508483816,-2.034828,0.0944396501088467,1.59995212394278
258.708,-2.02041992573247,-2.034832,0.0958832867619747,1.59995212394278
258.711,-2.02012558582516,-2.034844,0.100387008381782,1.57851217263598
258.719,-2.01969604011728,-2.034876,0,1.58835624819055
258.72,-2.01969604011728,-2.03488,0,1.59175537013913
258.725,-2.01969604011728,-2.0349,0,1.596833819085
258.732,-2.01969604011728,-2.034928,0,1.59301021470422
258.743,-2.01969604011728,-2.034972,0,1.58344834729893
258.744,-2.01969604011728,-2.034976,0,1.5825446702765
258.755,-2.01969604011728,-2.03502,0,1.5724815818914
258.756,-2.01969604011728,-2.035024,0,1.57155723958985
258.767,-2.01969604011728,-2.035068,0,1.56129154390268
258.768,-2.01969604011728,-2.035072,0,1.56034943208188
258.779,-2.01969604011728,-2.035116,0,1.54988869310447
258.78,-2.01969604011728,-2.03512,0,1.54892884530961
258.791,-2.01969604011728,-2.035164,0,1.53827277691088
258.792,-2.01969604011728,-2.035168,0,1.53729514948798
258.803,-2.01969604011728,-2.035212,0,1.5264432538041
258.804,-2.01969604011728,-2.035216,0,1.52544780101698
258.815,-2.01969604011728,-2.03526,0,1.51439957447334
258.816,-2.01969604011728,-2.035264,0,1.51338625052964
258.827,-2.01969604011728,-2.035308,0,1.50214118939755
258.828,-2.01969604011728,-2.035312,0,1.50110994850341
258.839,-2.01969604011728,-2.035356,0,1.48966754905005
258.84,-2.01969604011728,-2.03536,0,1.48861834541157
258.851,-2.01969604011728,-2.035404,0,1.47697810390399
258.852,-2.01969604011728,-2.035408,0,1.47591089172728
258.863,-2.01969604011728,-2.035452,0,1.46407230443261
258.864,-2.01969604011728,-2.035456,0,1.46298703792373
258.875,-2.01969604011728,-2.0355,0,1.45094960110892
258.876,-2.01969604011728,-2.035504,0,1.449846234474
258.887,-2.01969604011728,-2.035548,0,1.43760944440616
258.888,-2.01969604011728,-2.035552,0,1.43648793185128
258.899,-2.01969604011728,-2.035596,0,1.42405128479746
258.9,-2.01969604011728,-2.0356,0,1.42291158052873
258.911,-2.01969604011728,-2.035644,0,1.41027457275598
258.912,-2.01969604011728,-2.035648,0,1.40911663097949
258.923,-2.01969604011728,-2.035692,0,1.39627875875491
258.924,-2.01969604011728,-2.035696,0,1.3951025336768
258.935,-2.01969604011728,-2.03574,0,1.38206329326737
258.936,-2.01969604011728,-2.035744,0,1.38086873909369
258.947,-2.01969604011728,-2.035788,0,1.36762762676652
258.948,-2.01969604011728,-2.035792,0,1.36641469770337
258.95,-2.01969604011728,-2.0358,0,1.36398423933531
258.959,-2.01972166968672,-2.035836,-0.00570948168527673,1.36398423933531
258.96,-2.01972769983783,-2.03584,-0.00635118728153303,1.36398423933531
258.971,-2.01983711238327,-2.035884,-0.0136151432292342,1.36398423933531
258.972,-2.01985106973957,-2.035888,-0.014300418162016,1.3435936616965
258.98,-2.02358950221003,-2.03592,-0.752152772986937,1.59535737559755
258.983,-2.02579234790731,-2.035932,-0.705449334808243,1.66128158167537
258.984,-2.02647609682995,-2.035936,-0.662160760543537,1.66128158167537
258.995,-2.03137645748066,-2.03598,-0.279652938577011,1.60355162952473
258.996,-2.03165503277955,-2.035984,-0.277520493092783,1.60355162952473
259.007,-2.03461188023977,-2.036028,-0.262627819572474,1.60355162952473
259.008,-2.03487418893616,-2.036032,-0.262009058596903,1.60355162952473
259.013,-2.03617962055049,-2.036052,-0.260635982840863,1.60355162952473
259.019,-2.03774749394765,-2.036076,-0.262637495430185,1.62976357289423
259.02,-2.03800250569484,-2.03608,-0.247426057106587,1.62976357289423
259.03,-2.03975808623593,-2.03612,-0.106953140104994,1.60885341678493
259.031,-2.03986485326826,-2.036124,-0.106589020045869,1.60885341678493
259.032,-2.03997128037266,-2.036128,-0.106273190758742,1.60885341678493
259.038,-2.04060535719797,-2.036152,-0.105363341001585,1.60885341678493
259.043,-2.04113292347782,-2.036172,-0.105846749636767,1.60885341678493
259.044,-2.04123888049972,-2.036176,-0.106074481913742,1.60885341678493
259.055,-2.04243018305759,-2.03622,-0.111370884908854,1.60885341678493
259.056,-2.04254191609379,-2.036224,-0.112102060700411,1.60885341678493
259.06,-2.04299677809839,-2.03624,-0.115438776903175,1.63520824321704
259.067,-2.04343639112628,-2.036268,0,1.61830574042143
259.068,-2.04343639112628,-2.036272,0,1.61296527248872
259.078,-2.04343639112628,-2.036312,0,1.60019428337831
259.08,-2.04343639112628,-2.03632,0,1.60030469852919
259.091,-2.04343639112628,-2.036364,0,1.60246466906353
259.092,-2.04343639112628,-2.036368,0,1.60269628640629
259.103,-2.04343639112628,-2.036412,0,1.60529780830196
259.104,-2.04343639112628,-2.036416,0,1.6055370464796
259.115,-2.04343639112628,-2.03646,0,1.60818959692221
259.116,-2.04343639112628,-2.036464,0,1.60843257464994
259.127,-2.04343639112628,-2.036508,0,1.61112513037712
259.128,-2.04343639112628,-2.036512,0,1.61137169841082
259.139,-2.04343639112628,-2.036556,0,1.61410347195861
259.14,-2.04343639112628,-2.03656,0,1.61435358171415
259.151,-2.04343639112628,-2.036604,0,1.61712406169691
259.152,-2.04343639112628,-2.036608,0,1.61737766730516
259.163,-2.04343639112628,-2.036652,0,1.62018634978347
259.164,-2.04343639112628,-2.036656,0,1.62044340544845
259.175,-2.04343639112628,-2.0367,0,1.62328978668386
259.176,-2.04343639112628,-2.036704,0,1.62355024661161
259.187,-2.04343639112628,-2.036748,0,1.62643382287102
259.188,-2.04343639112628,-2.036752,0,1.62669764126764
259.199,-2.04343639112628,-2.036796,0,1.62961790881815
259.2,-2.04343639112628,-2.0368,0,1.62988503988967
259.211,-2.04343639112628,-2.036844,0,1.63284149499832
259.212,-2.04343639112628,-2.036848,0,1.6331118929509
259.223,-2.04343639112628,-2.036892,0,1.63610403188473
259.224,-2.04343639112628,-2.036896,0,1.63637765092447
259.235,-2.04343639112628,-2.03694,0,1.63940496995053
259.236,-2.04343639112628,-2.036944,0,1.63968176428352
259.247,-2.04343639112628,-2.036988,0,1.64274375966888
259.248,-2.04343639112628,-2.036992,0,1.64302368350122
259.259,-2.04343639112628,-2.037036,0,1.64611985151293
259.26,-2.04343639112628,-2.03704,0,1.64640285905071
259.271,-2.04343639112628,-2.037084,0,1.64953269595585
259.272,-2.04343639112628,-2.037088,0,1.64981874140522
259.283,-2.04343639112628,-2.037132,0,1.65298174347078
259.284,-2.04343639112628,-2.037136,0,1.65327078103779
259.295,-2.04343639112628,-2.03718,0,1.65646644453088
259.296,-2.04343639112628,-2.037184,0,1.65675842842163
259.307,-2.04343639112628,-2.037228,0,1.6599862496093
259.308,-2.04343639112628,-2.037232,0,1.66028113402988
259.319,-2.04343639112628,-2.037276,0,1.66354060917925
259.32,-2.04343639112628,-2.03728,0,1.66383834833569
259.331,-2.04343639112628,-2.037324,0,1.6671289737138
259.332,-2.04343639112628,-2.037328,0,1.66742952181227
259.343,-2.04343639112628,-2.037372,0,1.67075079368614
259.344,-2.04343639112628,-2.037376,0,1.67105410493273
259.355,-2.04343639112628,-2.03742,0,1.67440551956943
259.356,-2.04343639112628,-2.037424,0,1.67471154817023
259.367,-2.04343639112628,-2.037468,0,1.67809260183682
259.368,-2.04343639112628,-2.037472,0,1.67840130199794
259.379,-2.04343639112628,-2.037516,0,1.68181149096148
259.38,-2.04343639112628,-2.03752,0,1.68212281688906
259.391,-2.04343639112628,-2.037564,0,1.68556163741656
259.392,-2.04343639112628,-2.037568,0,1.68587554331664
259.403,-2.04343639112628,-2.037612,0,1.6893424916752
259.404,-2.04343639112628,-2.037616,0,1.68965893175388
259.415,-2.04343639112628,-2.03766,0,1.69315350421056
259.416,-2.04343639112628,-2.037664,0,1.69347243267394
259.427,-2.04343639112628,-2.037708,0,1.69699412549581
259.428,-2.04343639112628,-2.037712,0,1.69731549654999
259.439,-2.04343639112628,-2.037756,0,1.70086380600416
259.44,-2.04343639112628,-2.03776,0,1.70118757385516
259.451,-2.04343639112628,-2.037804,0,1.70476199620865
259.452,-2.04343639112628,-2.037808,0,1.70508811506264
259.463,-2.04343639112628,-2.037852,0,1.70868814658249
259.464,-2.04343639112628,-2.037856,0,1.70901657064556
259.475,-2.04343639112628,-2.0379,0,1.71264170759883
259.476,-2.04343639112628,-2.037904,0,1.71297239107708
259.487,-2.04343639112628,-2.037948,0,1.71662212973083
259.488,-2.04343639112628,-2.037952,0,1.71695502683035
259.499,-2.04343639112628,-2.037996,0,1.72062886345166
259.5,-2.04343639112628,-2.038,0,1.7209639283786
259.511,-2.04343639112628,-2.038044,0,1.72466135923445
259.512,-2.04343639112628,-2.038048,0,1.72499854619486
259.523,-2.04343639112628,-2.038092,0,1.72871906755237
259.524,-2.04343639112628,-2.038096,0,1.72905833075235
259.535,-2.04343639112628,-2.03814,0,1.73280143887858
259.536,-2.04343639112628,-2.038144,0,1.73314273252422
259.547,-2.04343639112628,-2.038188,0,1.73690792368627
259.548,-2.04343639112628,-2.038192,0,1.7372512019836
259.559,-2.04343639112628,-2.038236,0,1.74103797244851
259.56,-2.04343639112628,-2.03824,0,1.7413831896037
259.571,-2.04343639112628,-2.038284,0,1.74519103563851
259.572,-2.04343639112628,-2.038288,0,1.74553814585764
259.583,-2.04343639112628,-2.038332,0,1.74936656372941
259.584,-2.04343639112628,-2.038336,0,1.74971552121859
259.595,-2.04343639112628,-2.03838,0,1.75356400719436
259.596,-2.04343639112628,-2.038384,0,1.75391476615968
259.607,-2.04343639112628,-2.038428,0,1.75778281650654
259.608,-2.04343639112628,-2.038432,0,1.75813533115415
259.619,-2.04343639112628,-2.038476,0,1.76202244213909
259.62,-2.04343639112628,-2.03848,0,1.76237666667504
259.631,-2.04343639112628,-2.038524,0,1.76628233456518
259.632,-2.04343639112628,-2.038528,0,1.76663822319555
259.643,-2.04343639112628,-2.038572,0,1.77056194425794
259.644,-2.04343639112628,-2.038576,0,1.77091945118884
259.655,-2.04343639112628,-2.03862,0,1.77486072169054
259.656,-2.04343639112628,-2.038624,0,1.77521980112807
259.667,-2.04343639112628,-2.038668,0,1.77917811733619
259.668,-2.04343639112628,-2.038672,0,1.77953872348637
259.679,-2.04343639112628,-2.038716,0,1.78351358166794
259.68,-2.04343639112628,-2.03872,0,1.78387566873694
259.691,-2.04343639112628,-2.038764,0,1.78786656515901
259.692,-2.04343639112628,-2.038768,0,1.78823008735292
259.703,-2.04343639112628,-2.038812,0,1.79223651828253
259.704,-2.04343639112628,-2.038816,0,1.79260142980745
259.715,-2.04343639112628,-2.03886,0,1.79662289151166
259.716,-2.04343639112628,-2.038864,0,1.79698914657369
259.727,-2.04343639112628,-2.038908,0,1.80102513531958
259.728,-2.04343639112628,-2.038912,0,1.80139268812485
259.739,-2.04343639112628,-2.038956,0,1.80544270017942
259.74,-2.04343639112628,-2.03896,0,1.805811504934
259.751,-2.04343639112628,-2.039004,0,1.80987503656435
259.752,-2.04343639112628,-2.039008,0,1.81024504747432
259.763,-2.04343639112628,-2.039052,0,1.81432159494752
259.764,-2.04343639112628,-2.039056,0,1.81469276621898
259.775,-2.04343639112628,-2.0391,0,1.81878182580213
259.776,-2.04343639112628,-2.039104,0,1.81915411164111
259.787,-2.04343639112628,-2.039148,0,1.82325517960125
259.788,-2.04343639112628,-2.039152,0,1.82362853421391
259.799,-2.04343639112628,-2.039196,0,1.82774110681807
259.8,-2.04343639112628,-2.0392,0,1.82811548441052
259.811,-2.04343639112628,-2.039244,0,1.83223905792577
259.812,-2.04343639112628,-2.039248,0,1.83261441270408
259.823,-2.04343639112628,-2.039292,0,1.83674848339747
259.824,-2.04343639112628,-2.039296,0,1.83712476956776
259.835,-2.04343639112628,-2.03934,0,1.8412688337064
259.836,-2.04343639112628,-2.039344,0,1.8416460054747
259.846,-2.04343639112628,-2.039384,0,1.84542161598765
259.847,-2.04343638900045,-2.039388,4.25182160928907e-06,1.84542161598765
259.848,-2.04343638262195,-2.039392,8.50571557907993e-06,1.84542161598765
259.859,-2.04343602940386,-2.039436,5.60310591749327e-05,1.84542161598765
259.86,-2.04343597115427,-2.03944,6.04728483385607e-05,1.84542161598765
259.871,-2.04343502846991,-2.039484,0.000111765808436501,1.84542161598765
259.872,-2.04343491423711,-2.039488,0.0001167090609648,1.84542161598765
259.883,-2.04343331553767,-2.039532,0.000175390667470272,1.84542161598765
259.884,-2.0434331372574,-2.039536,0.000181184352908499,1.84542161598765
259.895,-2.04343076968259,-2.03958,0.000251397246404413,1.84542161598765
259.896,-2.04343051476914,-2.039584,0.000258450371763083,1.84542161598765
259.907,-2.04342721117968,-2.039628,0.000345151261607901,1.84542161598765
259.908,-2.04342686163737,-2.039632,0.000353961746191358,1.84542161598765
259.913,-2.0434249769191,-2.039652,0.000400690900361952,1.87057927113197
259.919,-2.04172330227168,-2.039676,0.629423412054125,1.72331741848963
259.92,-2.04106244755078,-2.03968,0.69224655714643,1.68051118167131
259.922,-2.03961667605364,-2.039688,0.74156948468185,1.60675017051979
259.926,-2.0368128245067,-2.039704,0.636124052900219,1.53477248533869
259.931,-2.03424262385908,-2.039724,0.394551157056832,1.53477248533869
259.932,-2.0338713846474,-2.039728,0.348018882262469,1.56505268008039
259.941,-2.03148171600163,-2.039764,0.224204798968636,1.62217966681248
259.943,-2.03101481044079,-2.039772,0.242715049315216,1.62217966681248
259.944,-2.03076745211194,-2.039776,0.252006131696218,1.62217966681248
259.947,-2.0299694179899,-2.039788,0.280068636829265,1.60191809959123
259.952,-2.02860351107823,-2.039808,0.266873432314671,1.5792351211641
259.955,-2.0278746327714,-2.03982,0.219401911064151,1.5792351211641
259.956,-2.02766293066337,-2.039824,0.204039071892473,1.5792351211641
259.966,-2.02635244215573,-2.039864,0.0610151303042749,1.6074855091014
259.967,-2.02628950808108,-2.039868,0.0648520377948851,1.6074855091014
259.968,-2.02622273976082,-2.039872,0.0686839026958041,1.6074855091014
259.979,-2.02523525281046,-2.039916,0.110971779754279,1.58705109427831
259.98,-2.02512858155071,-2.03992,0.102390512488173,1.58705109427831
259.991,-2.02450665462761,-2.039964,0,1.59293833787894
259.992,-2.02450665462761,-2.039968,0,1.59583866274968
259.996,-2.02450665462761,-2.039984,0,1.59980419555086
260,-2.02450665462761,-2.04,0,1.59844883307725
