t,x,r,v,u
240,-2,-2,0,1.58210744023499
240.012,-2,-2,0,1.58210744023499
240.024,-2,-2,0,1.58210744023499
240.036,-2,-2,0,1.58210744023499
240.048,-2,-2,0,1.58210744023499
240.06,-2,-2,0,1.58210744023499
240.072,-2,-2,0,1.58210744023499
240.084,-2,-2,0,1.58210744023499
240.096,-2,-2,0,1.58210744023499
240.108,-2,-2,0,1.58210744023499
240.12,-2,-2,0,1.58210744023499
240.132,-2,-2,0,1.58210744023499
240.144,-2,-2,0,1.58210744023499
240.156,-2,-2,0,1.58210744023499
240.168,-2,-2,0,1.58210744023499
240.18,-2,-2,0,1.58210744023499
240.192,-2,-2,0,1.58210744023499
240.204,-2,-2,0,1.58210744023499
240.216,-2,-2,0,1.58210744023499
240.228,-2,-2,0,1.58210744023499
240.24,-2,-2,0,1.58210744023499
240.252,-2,-2,0,1.58210744023499
240.264,-2,-2,0,1.58210744023499
240.276,-2,-2,0,1.58210744023499
240.288,-2,-2,0,1.58210744023499
240.3,-2,-2,0,1.58210744023499
240.312,-2,-2,0,1.58210744023499
240.324,-2,-2,0,1.58210744023499
240.336,-2,-2,0,1.58210744023499
240.348,-2,-2,0,1.58210744023499
240.36,-2,-2,0,1.58210744023499
240.372,-2,-2,0,1.58210744023499
240.384,-2,-2,0,1.58210744023499
240.396,-2,-2,0,1.58210744023499
240.408,-2,-2,0,1.58210744023499
240.42,-2,-2,0,1.58210744023499
240.432,-2,-2,0,1.58210744023499
240.444,-2,-2,0,1.58210744023499
240.456,-2,-2,0,1.58210744023499
240.468,-2,-2,0,1.58210744023499
240.48,-2,-2,0,1.58210744023499
240.492,-2,-2,0,1.58210744023499
240.504,-2,-2,0,1.58210744023499
240.516,-2,-2,0,1.58210744023499
240.528,-2,-2,0,1.58210744023499
240.54,-2,-2,0,1.58210744023499
240.552,-2,-2,0,1.58210744023499
240.564,-2,-2,0,1.58210744023499
240.576,-2,-2,0,1.58210744023499
240.588,-2,-2,0,1.58210744023499
240.6,-2,-2,0,1.58210744023499
240.612,-2,-2,0,1.58210744023499
240.624,-2,-2,0,1.58210744023499
240.636,-2,-2,0,1.58210744023499
240.648,-2,-2,0,1.58210744023499
240.66,-2,-2,0,1.58210744023499
240.672,-2,-2,0,1.58210744023499
240.684,-2,-2,0,1.58210744023499
240.696,-2,-2,0,1.58210744023499
240.708,-2,-2,0,1.58210744023499
240.72,-2,-2,0,1.58210744023499
240.732,-2,-2,0,1.58210744023499
240.744,-2,-2,0,1.58210744023499
240.756,-2,-2,0,1.58210744023499
240.768,-2,-2,0,1.58210744023499
240.78,-2,-2,0,1.58210744023499
240.792,-2,-2,0,1.58210744023499
240.804,-2,-2,0,1.58210744023499
240.816,-2,-2,0,1.58210744023499
240.828,-2,-2,0,1.58210744023499
240.84,-2,-2,0,1.58210744023499
240.852,-2,-2,0,1.58210744023499
240.864,-2,-2,0,1.58210744023499
240.876,-2,-2,0,1.58210744023499
240.888,-2,-2,0,1.58210744023499
240.9,-2,-2,0,1.58210744023499
240.912,-2,-2,0,1.58210744023499
240.924,-2,-2,0,1.58210744023499
240.936,-2,-2,0,1.58210744023499
240.948,-2,-2,0,1.58210744023499
240.96,-2,-2,0,1.58210744023499
240.972,-2,-2,0,1.58210744023499
240.984,-2,-2,0,1.58210744023499
240.996,-2,-2,0,1.58210744023499
241.008,-2,-2,0,1.58210744023499
241.02,-2,-2,0,1.58210744023499
241.032,-2,-2,0,1.58210744023499
241.044,-2,-2,0,1.58210744023499
241.056,-2,-2,0,1.58210744023499
241.068,-2,-2,0,1.58210744023499
241.08,-2,-2,0,1.58210744023499
241.092,-2,-2,0,1.58210744023499
241.104,-2,-2,0,1.58210744023499
241.116,-2,-2,0,1.58210744023499
241.128,-2,-2,0,1.58210744023499
241.14,-2,-2,0,1.58210744023499
241.152,-2,-2,0,1.58210744023499
241.164,-2,-2,0,1.58210744023499
241.176,-2,-2,0,1.58210744023499
241.188,-2,-2,0,1.58210744023499
241.2,-2,-2,0,1.58210744023499
241.212,-2,-2,0,1.58210744023499
241.224,-2,-2,0,1.58210744023499
241.236,-2,-2,0,1.58210744023499
241.248,-2,-2,0,1.58210744023499
241.26,-2,-2,0,1.58210744023499
241.272,-2,-2,0,1.58210744023499
241.284,-2,-2,0,1.58210744023499
241.296,-2,-2,0,1.58210744023499
241.308,-2,-2,0,1.58210744023499
241.32,-2,-2,0,1.58210744023499
241.332,-2,-2,0,1.58210744023499
241.344,-2,-2,0,1.58210744023499
241.356,-2,-2,0,1.58210744023499
241.368,-2,-2,0,1.58210744023499
241.38,-2,-2,0,1.58210744023499
241.392,-2,-2,0,1.58210744023499
241.404,-2,-2,0,1.58210744023499
241.416,-2,-2,0,1.58210744023499
241.428,-2,-2,0,1.58210744023499
241.44,-2,-2,0,1.58210744023499
241.452,-2,-2,0,1.58210744023499
241.464,-2,-2,0,1.58210744023499
241.476,-2,-2,0,1.58210744023499
241.488,-2,-2,0,1.58210744023499
241.5,-2,-2,0,1.58210744023499
241.512,-2,-2,0,1.58210744023499
241.524,-2,-2,0,1.58210744023499
241.536,-2,-2,0,1.58210744023499
241.548,-2,-2,0,1.58210744023499
241.56,-2,-2,0,1.58210744023499
241.572,-2,-2,0,1.58210744023499
241.584,-2,-2,0,1.58210744023499
241.596,-2,-2,0,1.58210744023499
241.608,-2,-2,0,1.58210744023499
241.62,-2,-2,0,1.58210744023499
241.632,-2,-2,0,1.58210744023499
241.644,-2,-2,0,1.58210744023499
241.656,-2,-2,0,1.58210744023499
241.668,-2,-2,0,1.58210744023499
241.68,-2,-2,0,1.58210744023499
241.692,-2,-2,0,1.58210744023499
241.704,-2,-2,0,1.58210744023499
241.716,-2,-2,0,1.58210744023499
241.728,-2,-2,0,1.58210744023499
241.74,-2,-2,0,1.58210744023499
241.752,-2,-2,0,1.58210744023499
241.764,-2,-2,0,1.58210744023499
241.776,-2,-2,0,1.58210744023499
241.788,-2,-2,0,1.58210744023499
241.8,-2,-2,0,1.58210744023499
241.812,-2,-2,0,1.58210744023499
241.824,-2,-2,0,1.58210744023499
241.836,-2,-2,0,1.58210744023499
241.848,-2,-2,0,1.58210744023499
241.86,-2,-2,0,1.58210744023499
241.872,-2,-2,0,1.58210744023499
241.884,-2,-2,0,1.58210744023499
241.896,-2,-2,0,1.58210744023499
241.908,-2,-2,0,1.58210744023499
241.92,-2,-2,0,1.58210744023499
241.932,-2,-2,0,1.58210744023499
241.944,-2,-2,0,1.58210744023499
241.956,-2,-2,0,1.58210744023499
241.968,-2,-2,0,1.58210744023499
241.98,-2,-2,0,1.58210744023499
241.992,-2,-2,0,1.58210744023499
242.004,-2,-2,0,1.58210744023499
242.016,-2,-2,0,1.58210744023499
242.028,-2,-2,0,1.58210744023499
242.04,-2,-2,0,1.58210744023499
242.052,-2,-2,0,1.58210744023499
242.064,-2,-2,0,1.58210744023499
242.076,-2,-2,0,1.58210744023499
242.088,-2,-2,0,1.58210744023499
242.1,-2,-2,0,1.58210744023499
242.112,-2,-2,0,1.58210744023499
242.124,-2,-2,0,1.58210744023499
242.136,-2,-2,0,1.58210744023499
242.148,-2,-2,0,1.58210744023499
242.16,-2,-2,0,1.58210744023499
242.172,-2,-2,0,1.58210744023499
242.184,-2,-2,0,1.58210744023499
242.196,-2,-2,0,1.58210744023499
242.208,-2,-2,0,1.58210744023499
242.22,-2,-2,0,1.58210744023499
242.232,-2,-2,0,1.58210744023499
242.244,-2,-2,0,1.58210744023499
242.256,-2,-2,0,1.58210744023499
242.268,-2,-2,0,1.58210744023499
242.28,-2,-2,0,1.58210744023499
242.292,-2,-2,0,1.58210744023499
242.304,-2,-2,0,1.58210744023499
242.316,-2,-2,0,1.58210744023499
242.328,-2,-2,0,1.58210744023499
242.34,-2,-2,0,1.58210744023499
242.352,-2,-2,0,1.58210744023499
242.364,-2,-2,0,1.58210744023499
242.376,-2,-2,0,1.58210744023499
242.388,-2,-2,0,1.58210744023499
242.4,-2,-2,0,1.58210744023499
242.412,-2,-2,0,1.58210744023499
242.424,-2,-2,0,1.58210744023499
242.436,-2,-2,0,1.58210744023499
242.448,-2,-2,0,1.58210744023499
242.46,-2,-2,0,1.58210744023499
242.472,-2,-2,0,1.58210744023499
242.484,-2,-2,0,1.58210744023499
242.496,-2,-2,0,1.58210744023499
242.508,-2,-2,0,1.58210744023499
242.52,-2,-2,0,1.58210744023499
242.532,-2,-2,0,1.58210744023499
242.544,-2,-2,0,1.58210744023499
242.556,-2,-2,0,1.58210744023499
242.568,-2,-2,0,1.58210744023499
242.58,-2,-2,0,1.58210744023499
242.592,-2,-2,0,1.58210744023499
242.604,-2,-2,0,1.58210744023499
242.616,-2,-2,0,1.58210744023499
242.628,-2,-2,0,1.58210744023499
242.64,-2,-2,0,1.58210744023499
242.652,-2,-2,0,1.58210744023499
242.664,-2,-2,0,1.58210744023499
242.676,-2,-2,0,1.58210744023499
242.688,-2,-2,0,1.58210744023499
242.7,-2,-2,0,1.58210744023499
242.712,-2,-2,0,1.58210744023499
242.724,-2,-2,0,1.58210744023499
242.736,-2,-2,0,1.58210744023499
242.748,-2,-2,0,1.58210744023499
242.76,-2,-2,0,1.58210744023499
242.772,-2,-2,0,1.58210744023499
242.784,-2,-2,0,1.58210744023499
242.796,-2,-2,0,1.58210744023499
242.808,-2,-2,0,1.58210744023499
242.82,-2,-2,0,1.58210744023499
242.832,-2,-2,0,1.58210744023499
242.844,-2,-2,0,1.58210744023499
242.856,-2,-2,0,1.58210744023499
242.868,-2,-2,0,1.58210744023499
242.88,-2,-2,0,1.58210744023499
242.892,-2,-2,0,1.58210744023499
242.904,-2,-2,0,1.58210744023499
242.916,-2,-2,0,1.58210744023499
242.928,-2,-2,0,1.58210744023499
242.94,-2,-2,0,1.58210744023499
242.952,-2,-2,0,1.58210744023499
242.964,-2,-2,0,1.58210744023499
242.976,-2,-2,0,1.58210744023499
242.988,-2,-2,0,1.58210744023499
243,-2,-2,0,1.58210744023499
243.012,-2,-2,0,1.58210744023499
243.024,-2,-2,0,1.58210744023499
243.036,-2,-2,0,1.58210744023499
243.048,-2,-2,0,1.58210744023499
243.06,-2,-2,0,1.58210744023499
243.072,-2,-2,0,1.58210744023499
243.084,-2,-2,0,1.58210744023499
243.096,-2,-2,0,1.58210744023499
243.108,-2,-2,0,1.58210744023499
243.12,-2,-2,0,1.58210744023499
243.132,-2,-2,0,1.58210744023499
243.144,-2,-2,0,1.58210744023499
243.156,-2,-2,0,1.58210744023499
243.168,-2,-2,0,1.58210744023499
243.18,-2,-2,0,1.58210744023499
243.192,-2,-2,0,1.58210744023499
243.204,-2,-2,0,1.58210744023499
243.216,-2,-2,0,1.58210744023499
243.228,-2,-2,0,1.58210744023499
243.24,-2,-2,0,1.58210744023499
243.252,-2,-2,0,1.58210744023499
243.264,-2,-2,0,1.58210744023499
243.276,-2,-2,0,1.58210744023499
243.288,-2,-2,0,1.58210744023499
243.3,-2,-2,0,1.58210744023499
243.312,-2,-2,0,1.58210744023499
243.324,-2,-2,0,1.58210744023499
243.336,-2,-2,0,1.58210744023499
243.348,-2,-2,0,1.58210744023499
243.36,-2,-2,0,1.58210744023499
243.372,-2,-2,0,1.58210744023499
243.384,-2,-2,0,1.58210744023499
243.396,-2,-2,0,1.58210744023499
243.408,-2,-2,0,1.58210744023499
243.42,-2,-2,0,1.58210744023499
243.432,-2,-2,0,1.58210744023499
243.444,-2,-2,0,1.58210744023499
243.456,-2,-2,0,1.58210744023499
243.468,-2,-2,0,1.58210744023499
243.48,-2,-2,0,1.58210744023499
243.492,-2,-2,0,1.58210744023499
243.504,-2,-2,0,1.58210744023499
243.516,-2,-2,0,1.58210744023499
243.528,-2,-2,0,1.58210744023499
243.54,-2,-2,0,1.58210744023499
243.552,-2,-2,0,1.58210744023499
243.564,-2,-2,0,1.58210744023499
243.576,-2,-2,0,1.58210744023499
243.588,-2,-2,0,1.58210744023499
243.6,-2,-2,0,1.58210744023499
243.612,-2,-2,0,1.58210744023499
243.624,-2,-2,0,1.58210744023499
243.636,-2,-2,0,1.58210744023499
243.648,-2,-2,0,1.58210744023499
243.66,-2,-2,0,1.58210744023499
243.672,-2,-2,0,1.58210744023499
243.684,-2,-2,0,1.58210744023499
243.696,-2,-2,0,1.58210744023499
243.708,-2,-2,0,1.58210744023499
243.72,-2,-2,0,1.58210744023499
243.732,-2,-2,0,1.58210744023499
243.744,-2,-2,0,1.58210744023499
243.756,-2,-2,0,1.58210744023499
243.768,-2,-2,0,1.58210744023499
243.78,-2,-2,0,1.58210744023499
243.792,-2,-2,0,1.58210744023499
243.804,-2,-2,0,1.58210744023499
243.816,-2,-2,0,1.58210744023499
243.828,-2,-2,0,1.58210744023499
243.84,-2,-2,0,1.58210744023499
243.852,-2,-2,0,1.58210744023499
243.864,-2,-2,0,1.58210744023499
243.876,-2,-2,0,1.58210744023499
243.888,-2,-2,0,1.58210744023499
243.9,-2,-2,0,1.58210744023499
243.912,-2,-2,0,1.58210744023499
243.924,-2,-2,0,1.58210744023499
243.936,-2,-2,0,1.58210744023499
243.948,-2,-2,0,1.58210744023499
243.96,-2,-2,0,1.58210744023499
243.972,-2,-2,0,1.58210744023499
243.984,-2,-2,0,1.58210744023499
243.996,-2,-2,0,1.58210744023499
244.008,-2,-2,0,1.58210744023499
244.02,-2,-2,0,1.58210744023499
244.032,-2,-2,0,1.58210744023499
244.044,-2,-2,0,1.58210744023499
244.056,-2,-2,0,1.58210744023499
244.068,-2,-2,0,1.58210744023499
244.08,-2,-2,0,1.58210744023499
244.092,-2,-2,0,1.58210744023499
244.104,-2,-2,0,1.58210744023499
244.116,-2,-2,0,1.58210744023499
244.128,-2,-2,0,1.58210744023499
244.14,-2,-2,0,1.58210744023499
244.152,-2,-2,0,1.58210744023499
244.164,-2,-2,0,1.58210744023499
244.176,-2,-2,0,1.58210744023499
244.188,-2,-2,0,1.58210744023499
244.2,-2,-2,0,1.58210744023499
244.212,-2,-2,0,1.58210744023499
244.224,-2,-2,0,1.58210744023499
244.236,-2,-2,0,1.58210744023499
244.248,-2,-2,0,1.58210744023499
244.26,-2,-2,0,1.58210744023499
244.272,-2,-2,0,1.58210744023499
244.284,-2,-2,0,1.58210744023499
244.296,-2,-2,0,1.58210744023499
244.308,-2,-2,0,1.58210744023499
244.32,-2,-2,0,1.58210744023499
244.332,-2,-2,0,1.58210744023499
244.344,-2,-2,0,1.58210744023499
244.356,-2,-2,0,1.58210744023499
244.368,-2,-2,0,1.58210744023499
244.38,-2,-2,0,1.58210744023499
244.392,-2,-2,0,1.58210744023499
244.404,-2,-2,0,1.58210744023499
244.416,-2,-2,0,1.58210744023499
244.428,-2,-2,0,1.58210744023499
244.44,-2,-2,0,1.58210744023499
244.452,-2,-2,0,1.58210744023499
244.464,-2,-2,0,1.58210744023499
244.476,-2,-2,0,1.58210744023499
244.488,-2,-2,0,1.58210744023499
244.5,-2,-2,0,1.58210744023499
244.512,-2,-2,0,1.58210744023499
244.524,-2,-2,0,1.58210744023499
244.536,-2,-2,0,1.58210744023499
244.548,-2,-2,0,1.58210744023499
244.56,-2,-2,0,1.58210744023499
244.572,-2,-2,0,1.58210744023499
244.584,-2,-2,0,1.58210744023499
244.596,-2,-2,0,1.58210744023499
244.608,-2,-2,0,1.58210744023499
244.62,-2,-2,0,1.58210744023499
244.632,-2,-2,0,1.58210744023499
244.644,-2,-2,0,1.58210744023499
244.656,-2,-2,0,1.58210744023499
244.668,-2,-2,0,1.58210744023499
244.68,-2,-2,0,1.58210744023499
244.692,-2,-2,0,1.58210744023499
244.704,-2,-2,0,1.58210744023499
244.716,-2,-2,0,1.58210744023499
244.728,-2,-2,0,1.58210744023499
244.74,-2,-2,0,1.58210744023499
244.752,-2,-2,0,1.58210744023499
244.764,-2,-2,0,1.58210744023499
244.776,-2,-2,0,1.58210744023499
244.788,-2,-2,0,1.58210744023499
244.8,-2,-2,0,1.58210744023499
244.812,-2,-2,0,1.58210744023499
244.824,-2,-2,0,1.58210744023499
244.836,-2,-2,0,1.58210744023499
244.848,-2,-2,0,1.58210744023499
244.86,-2,-2,0,1.58210744023499
244.872,-2,-2,0,1.58210744023499
244.884,-2,-2,0,1.58210744023499
244.896,-2,-2,0,1.58210744023499
244.908,-2,-2,0,1.58210744023499
244.92,-2,-2,0,1.58210744023499
244.932,-2,-2,0,1.58210744023499
244.944,-2,-2,0,1.58210744023499
244.956,-2,-2,0,1.58210744023499
244.968,-2,-2,0,1.58210744023499
244.98,-2,-2,0,1.58210744023499
244.992,-2,-2,0,1.58210744023499
245.004,-2,-2,0,1.58210744023499
245.016,-2,-2,0,1.58210744023499
245.028,-2,-2,0,1.58210744023499
245.04,-2,-2,0,1.58210744023499
245.052,-2,-2,0,1.58210744023499
245.064,-2,-2,0,1.58210744023499
245.076,-2,-2,0,1.58210744023499
245.088,-2,-2,0,1.58210744023499
245.1,-2,-2,0,1.58210744023499
245.112,-2,-2,0,1.58210744023499
245.124,-2,-2,0,1.58210744023499
245.136,-2,-2,0,1.58210744023499
245.148,-2,-2,0,1.58210744023499
245.16,-2,-2,0,1.58210744023499
245.172,-2,-2,0,1.58210744023499
245.184,-2,-2,0,1.58210744023499
245.196,-2,-2,0,1.58210744023499
245.208,-2,-2,0,1.58210744023499
245.22,-2,-2,0,1.58210744023499
245.232,-2,-2,0,1.58210744023499
245.244,-2,-2,0,1.58210744023499
245.256,-2,-2,0,1.58210744023499
245.268,-2,-2,0,1.58210744023499
245.28,-2,-2,0,1.58210744023499
245.292,-2,-2,0,1.58210744023499
245.304,-2,-2,0,1.58210744023499
245.316,-2,-2,0,1.58210744023499
245.328,-2,-2,0,1.58210744023499
245.34,-2,-2,0,1.58210744023499
245.352,-2,-2,0,1.58210744023499
245.364,-2,-2,0,1.58210744023499
245.376,-2,-2,0,1.58210744023499
245.388,-2,-2,0,1.58210744023499
245.4,-2,-2,0,1.58210744023499
245.412,-2,-2,0,1.58210744023499
245.424,-2,-2,0,1.58210744023499
245.436,-2,-2,0,1.58210744023499
245.448,-2,-2,0,1.58210744023499
245.46,-2,-2,0,1.58210744023499
245.472,-2,-2,0,1.58210744023499
245.484,-2,-2,0,1.58210744023499
245.496,-2,-2,0,1.58210744023499
245.508,-2,-2,0,1.58210744023499
245.52,-2,-2,0,1.58210744023499
245.532,-2,-2,0,1.58210744023499
245.544,-2,-2,0,1.58210744023499
245.556,-2,-2,0,1.58210744023499
245.568,-2,-2,0,1.58210744023499
245.58,-2,-2,0,1.58210744023499
245.592,-2,-2,0,1.58210744023499
245.604,-2,-2,0,1.58210744023499
245.616,-2,-2,0,1.58210744023499
245.628,-2,-2,0,1.58210744023499
245.64,-2,-2,0,1.58210744023499
245.652,-2,-2,0,1.58210744023499
245.664,-2,-2,0,1.58210744023499
245.676,-2,-2,0,1.58210744023499
245.688,-2,-2,0,1.58210744023499
245.7,-2,-2,0,1.58210744023499
245.712,-2,-2,0,1.58210744023499
245.724,-2,-2,0,1.58210744023499
245.736,-2,-2,0,1.58210744023499
245.748,-2,-2,0,1.58210744023499
245.76,-2,-2,0,1.58210744023499
245.772,-2,-2,0,1.58210744023499
245.784,-2,-2,0,1.58210744023499
245.796,-2,-2,0,1.58210744023499
245.808,-2,-2,0,1.58210744023499
245.82,-2,-2,0,1.58210744023499
245.832,-2,-2,0,1.58210744023499
245.844,-2,-2,0,1.58210744023499
245.856,-2,-2,0,1.58210744023499
245.868,-2,-2,0,1.58210744023499
245.88,-2,-2,0,1.58210744023499
245.892,-2,-2,0,1.58210744023499
245.904,-2,-2,0,1.58210744023499
245.916,-2,-2,0,1.58210744023499
245.928,-2,-2,0,1.58210744023499
245.94,-2,-2,0,1.58210744023499
245.952,-2,-2,0,1.58210744023499
245.964,-2,-2,0,1.58210744023499
245.976,-2,-2,0,1.58210744023499
245.988,-2,-2,0,1.58210744023499
246,-2,-2,0,1.58210744023499
246.012,-2,-2,0,1.58210744023499
246.024,-2,-2,0,1.58210744023499
246.036,-2,-2,0,1.58210744023499
246.048,-2,-2,0,1.58210744023499
246.06,-2,-2,0,1.58210744023499
246.072,-2,-2,0,1.58210744023499
246.084,-2,-2,0,1.58210744023499
246.096,-2,-2,0,1.58210744023499
246.108,-2,-2,0,1.58210744023499
246.12,-2,-2,0,1.58210744023499
246.132,-2,-2,0,1.58210744023499
246.144,-2,-2,0,1.58210744023499
246.156,-2,-2,0,1.58210744023499
246.168,-2,-2,0,1.58210744023499
246.18,-2,-2,0,1.58210744023499
246.192,-2,-2,0,1.58210744023499
246.204,-2,-2,0,1.58210744023499
246.216,-2,-2,0,1.58210744023499
246.228,-2,-2,0,1.58210744023499
246.24,-2,-2,0,1.58210744023499
246.252,-2,-2,0,1.58210744023499
246.264,-2,-2,0,1.58210744023499
246.276,-2,-2,0,1.58210744023499
246.288,-2,-2,0,1.58210744023499
246.3,-2,-2,0,1.58210744023499
246.312,-2,-2,0,1.58210744023499
246.324,-2,-2,0,1.58210744023499
246.336,-2,-2,0,1.58210744023499
246.348,-2,-2,0,1.58210744023499
246.36,-2,-2,0,1.58210744023499
246.372,-2,-2,0,1.58210744023499
246.384,-2,-2,0,1.58210744023499
246.396,-2,-2,0,1.58210744023499
246.408,-2,-2,0,1.58210744023499
246.42,-2,-2,0,1.58210744023499
246.432,-2,-2,0,1.58210744023499
246.444,-2,-2,0,1.58210744023499
246.456,-2,-2,0,1.58210744023499
246.468,-2,-2,0,1.58210744023499
246.48,-2,-2,0,1.58210744023499
246.492,-2,-2,0,1.58210744023499
246.504,-2,-2,0,1.58210744023499
246.516,-2,-2,0,1.58210744023499
246.528,-2,-2,0,1.58210744023499
246.54,-2,-2,0,1.58210744023499
246.552,-2,-2,0,1.58210744023499
246.564,-2,-2,0,1.58210744023499
246.576,-2,-2,0,1.58210744023499
246.588,-2,-2,0,1.58210744023499
246.6,-2,-2,0,1.58210744023499
246.612,-2,-2,0,1.58210744023499
246.624,-2,-2,0,1.58210744023499
246.636,-2,-2,0,1.58210744023499
246.648,-2,-2,0,1.58210744023499
246.66,-2,-2,0,1.58210744023499
246.672,-2,-2,0,1.58210744023499
246.684,-2,-2,0,1.58210744023499
246.696,-2,-2,0,1.58210744023499
246.708,-2,-2,0,1.58210744023499
246.72,-2,-2,0,1.58210744023499
246.732,-2,-2,0,1.58210744023499
246.744,-2,-2,0,1.58210744023499
246.756,-2,-2,0,1.58210744023499
246.768,-2,-2,0,1.58210744023499
246.78,-2,-2,0,1.58210744023499
246.792,-2,-2,0,1.58210744023499
246.804,-2,-2,0,1.58210744023499
246.816,-2,-2,0,1.58210744023499
246.828,-2,-2,0,1.58210744023499
246.84,-2,-2,0,1.58210744023499
246.852,-2,-2,0,1.58210744023499
246.864,-2,-2,0,1.58210744023499
246.876,-2,-2,0,1.58210744023499
246.888,-2,-2,0,1.58210744023499
246.9,-2,-2,0,1.58210744023499
246.912,-2,-2,0,1.58210744023499
246.924,-2,-2,0,1.58210744023499
246.936,-2,-2,0,1.58210744023499
246.948,-2,-2,0,1.58210744023499
246.96,-2,-2,0,1.58210744023499
246.972,-2,-2,0,1.58210744023499
246.984,-2,-2,0,1.58210744023499
246.996,-2,-2,0,1.58210744023499
247.008,-2,-2,0,1.58210744023499
247.02,-2,-2,0,1.58210744023499
247.032,-2,-2,0,1.58210744023499
247.044,-2,-2,0,1.58210744023499
247.056,-2,-2,0,1.58210744023499
247.068,-2,-2,0,1.58210744023499
247.08,-2,-2,0,1.58210744023499
247.092,-2,-2,0,1.58210744023499
247.104,-2,-2,0,1.58210744023499
247.116,-2,-2,0,1.58210744023499
247.128,-2,-2,0,1.58210744023499
247.14,-2,-2,0,1.58210744023499
247.152,-2,-2,0,1.58210744023499
247.164,-2,-2,0,1.58210744023499
247.176,-2,-2,0,1.58210744023499
247.188,-2,-2,0,1.58210744023499
247.2,-2,-2,0,1.58210744023499
247.212,-2,-2,0,1.58210744023499
247.224,-2,-2,0,1.58210744023499
247.236,-2,-2,0,1.58210744023499
247.248,-2,-2,0,1.58210744023499
247.26,-2,-2,0,1.58210744023499
247.272,-2,-2,0,1.58210744023499
247.284,-2,-2,0,1.58210744023499
247.296,-2,-2,0,1.58210744023499
247.308,-2,-2,0,1.58210744023499
247.32,-2,-2,0,1.58210744023499
247.332,-2,-2,0,1.58210744023499
247.344,-2,-2,0,1.58210744023499
247.356,-2,-2,0,1.58210744023499
247.368,-2,-2,0,1.58210744023499
247.38,-2,-2,0,1.58210744023499
247.392,-2,-2,0,1.58210744023499
247.404,-2,-2,0,1.58210744023499
247.416,-2,-2,0,1.58210744023499
247.428,-2,-2,0,1.58210744023499
247.44,-2,-2,0,1.58210744023499
247.452,-2,-2,0,1.58210744023499
247.464,-2,-2,0,1.58210744023499
247.476,-2,-2,0,1.58210744023499
247.488,-2,-2,0,1.58210744023499
247.5,-2,-2,0,1.58210744023499
247.512,-2,-2,0,1.58210744023499
247.524,-2,-2,0,1.58210744023499
247.536,-2,-2,0,1.58210744023499
247.548,-2,-2,0,1.58210744023499
247.56,-2,-2,0,1.58210744023499
247.572,-2,-2,0,1.58210744023499
247.584,-2,-2,0,1.58210744023499
247.596,-2,-2,0,1.58210744023499
247.608,-2,-2,0,1.58210744023499
247.62,-2,-2,0,1.58210744023499
247.632,-2,-2,0,1.58210744023499
247.644,-2,-2,0,1.58210744023499
247.656,-2,-2,0,1.58210744023499
247.668,-2,-2,0,1.58210744023499
247.68,-2,-2,0,1.58210744023499
247.692,-2,-2,0,1.58210744023499
247.704,-2,-2,0,1.58210744023499
247.716,-2,-2,0,1.58210744023499
247.728,-2,-2,0,1.58210744023499
247.74,-2,-2,0,1.58210744023499
247.752,-2,-2,0,1.58210744023499
247.764,-2,-2,0,1.58210744023499
247.776,-2,-2,0,1.58210744023499
247.788,-2,-2,0,1.58210744023499
247.8,-2,-2,0,1.58210744023499
247.812,-2,-2,0,1.58210744023499
247.824,-2,-2,0,1.58210744023499
247.836,-2,-2,0,1.58210744023499
247.848,-2,-2,0,1.58210744023499
247.86,-2,-2,0,1.58210744023499
247.872,-2,-2,0,1.58210744023499
247.884,-2,-2,0,1.58210744023499
247.896,-2,-2,0,1.58210744023499
247.908,-2,-2,0,1.58210744023499
247.92,-2,-2,0,1.58210744023499
247.932,-2,-2,0,1.58210744023499
247.944,-2,-2,0,1.58210744023499
247.956,-2,-2,0,1.58210744023499
247.968,-2,-2,0,1.58210744023499
247.98,-2,-2,0,1.58210744023499
247.992,-2,-2,0,1.58210744023499
248.004,-2,-2,0,1.58210744023499
248.016,-2,-2,0,1.58210744023499
248.028,-2,-2,0,1.58210744023499
248.04,-2,-2,0,1.58210744023499
248.052,-2,-2,0,1.58210744023499
248.064,-2,-2,0,1.58210744023499
248.076,-2,-2,0,1.58210744023499
248.088,-2,-2,0,1.58210744023499
248.1,-2,-2,0,1.58210744023499
248.112,-2,-2,0,1.58210744023499
248.124,-2,-2,0,1.58210744023499
248.136,-2,-2,0,1.58210744023499
248.148,-2,-2,0,1.58210744023499
248.16,-2,-2,0,1.58210744023499
248.172,-2,-2,0,1.58210744023499
248.184,-2,-2,0,1.58210744023499
248.196,-2,-2,0,1.58210744023499
248.208,-2,-2,0,1.58210744023499
248.22,-2,-2,0,1.58210744023499
248.232,-2,-2,0,1.58210744023499
248.244,-2,-2,0,1.58210744023499
248.256,-2,-2,0,1.58210744023499
248.268,-2,-2,0,1.58210744023499
248.28,-2,-2,0,1.58210744023499
248.292,-2,-2,0,1.58210744023499
248.304,-2,-2,0,1.58210744023499
248.316,-2,-2,0,1.58210744023499
248.328,-2,-2,0,1.58210744023499
248.34,-2,-2,0,1.58210744023499
248.352,-2,-2,0,1.58210744023499
248.364,-2,-2,0,1.58210744023499
248.376,-2,-2,0,1.58210744023499
248.388,-2,-2,0,1.58210744023499
248.4,-2,-2,0,1.58210744023499
248.412,-2,-2,0,1.58210744023499
248.424,-2,-2,0,1.58210744023499
248.436,-2,-2,0,1.58210744023499
248.448,-2,-2,0,1.58210744023499
248.46,-2,-2,0,1.58210744023499
248.472,-2,-2,0,1.58210744023499
248.484,-2,-2,0,1.58210744023499
248.496,-2,-2,0,1.58210744023499
248.508,-2,-2,0,1.58210744023499
248.52,-2,-2,0,1.58210744023499
248.532,-2,-2,0,1.58210744023499
248.544,-2,-2,0,1.58210744023499
248.556,-2,-2,0,1.58210744023499
248.568,-2,-2,0,1.58210744023499
248.58,-2,-2,0,1.58210744023499
248.592,-2,-2,0,1.58210744023499
248.604,-2,-2,0,1.58210744023499
248.616,-2,-2,0,1.58210744023499
248.628,-2,-2,0,1.58210744023499
248.64,-2,-2,0,1.58210744023499
248.652,-2,-2,0,1.58210744023499
248.664,-2,-2,0,1.58210744023499
248.676,-2,-2,0,1.58210744023499
248.688,-2,-2,0,1.58210744023499
248.7,-2,-2,0,1.58210744023499
248.712,-2,-2,0,1.58210744023499
248.724,-2,-2,0,1.58210744023499
248.736,-2,-2,0,1.58210744023499
248.748,-2,-2,0,1.58210744023499
248.76,-2,-2,0,1.58210744023499
248.772,-2,-2,0,1.58210744023499
248.784,-2,-2,0,1.58210744023499
248.796,-2,-2,0,1.58210744023499
248.808,-2,-2,0,1.58210744023499
248.82,-2,-2,0,1.58210744023499
248.832,-2,-2,0,1.58210744023499
248.844,-2,-2,0,1.58210744023499
248.856,-2,-2,0,1.58210744023499
248.868,-2,-2,0,1.58210744023499
248.88,-2,-2,0,1.58210744023499
248.892,-2,-2,0,1.58210744023499
248.904,-2,-2,0,1.58210744023499
248.916,-2,-2,0,1.58210744023499
248.928,-2,-2,0,1.58210744023499
248.94,-2,-2,0,1.58210744023499
248.952,-2,-2,0,1.58210744023499
248.964,-2,-2,0,1.58210744023499
248.976,-2,-2,0,1.58210744023499
248.988,-2,-2,0,1.58210744023499
249,-2,-2,0,1.58210744023499
249.012,-2,-2,0,1.58210744023499
249.024,-2,-2,0,1.58210744023499
249.036,-2,-2,0,1.58210744023499
249.048,-2,-2,0,1.58210744023499
249.06,-2,-2,0,1.58210744023499
249.072,-2,-2,0,1.58210744023499
249.084,-2,-2,0,1.58210744023499
249.096,-2,-2,0,1.58210744023499
249.108,-2,-2,0,1.58210744023499
249.12,-2,-2,0,1.58210744023499
249.132,-2,-2,0,1.58210744023499
249.144,-2,-2,0,1.58210744023499
249.156,-2,-2,0,1.58210744023499
249.168,-2,-2,0,1.58210744023499
249.18,-2,-2,0,1.58210744023499
249.192,-2,-2,0,1.58210744023499
249.204,-2,-2,0,1.58210744023499
249.216,-2,-2,0,1.58210744023499
249.228,-2,-2,0,1.58210744023499
249.24,-2,-2,0,1.58210744023499
249.252,-2,-2,0,1.58210744023499
249.264,-2,-2,0,1.58210744023499
249.276,-2,-2,0,1.58210744023499
249.288,-2,-2,0,1.58210744023499
249.3,-2,-2,0,1.58210744023499
249.312,-2,-2,0,1.58210744023499
249.324,-2,-2,0,1.58210744023499
249.336,-2,-2,0,1.58210744023499
249.348,-2,-2,0,1.58210744023499
249.36,-2,-2,0,1.58210744023499
249.372,-2,-2,0,1.58210744023499
249.384,-2,-2,0,1.58210744023499
249.396,-2,-2,0,1.58210744023499
249.408,-2,-2,0,1.58210744023499
249.42,-2,-2,0,1.58210744023499
249.432,-2,-2,0,1.58210744023499
249.444,-2,-2,0,1.58210744023499
249.456,-2,-2,0,1.58210744023499
249.468,-2,-2,0,1.58210744023499
249.48,-2,-2,0,1.58210744023499
249.492,-2,-2,0,1.58210744023499
249.504,-2,-2,0,1.58210744023499
249.516,-2,-2,0,1.58210744023499
249.528,-2,-2,0,1.58210744023499
249.54,-2,-2,0,1.58210744023499
249.552,-2,-2,0,1.58210744023499
249.564,-2,-2,0,1.58210744023499
249.576,-2,-2,0,1.58210744023499
249.588,-2,-2,0,1.58210744023499
249.6,-2,-2,0,1.58210744023499
249.612,-2,-2,0,1.58210744023499
249.624,-2,-2,0,1.58210744023499
249.636,-2,-2,0,1.58210744023499
249.648,-2,-2,0,1.58210744023499
249.66,-2,-2,0,1.58210744023499
249.672,-2,-2,0,1.58210744023499
249.684,-2,-2,0,1.58210744023499
249.696,-2,-2,0,1.58210744023499
249.708,-2,-2,0,1.58210744023499
249.72,-2,-2,0,1.58210744023499
249.732,-2,-2,0,1.58210744023499
249.744,-2,-2,0,1.58210744023499
249.756,-2,-2,0,1.58210744023499
249.768,-2,-2,0,1.58210744023499
249.78,-2,-2,0,1.58210744023499
249.792,-2,-2,0,1.58210744023499
249.804,-2,-2,0,1.58210744023499
249.816,-2,-2,0,1.58210744023499
249.828,-2,-2,0,1.58210744023499
249.84,-2,-2,0,1.58210744023499
249.852,-2,-2,0,1.58210744023499
249.864,-2,-2,0,1.58210744023499
249.876,-2,-2,0,1.58210744023499
249.888,-2,-2,0,1.58210744023499
249.9,-2,-2,0,1.58210744023499
249.912,-2,-2,0,1.58210744023499
249.924,-2,-2,0,1.58210744023499
249.936,-2,-2,0,1.58210744023499
249.948,-2,-2,0,1.58210744023499
249.96,-2,-2,0,1.58210744023499
249.972,-2,-2,0,1.58210744023499
249.984,-2,-2,0,1.58210744023499
249.996,-2,-2,0,1.58210744023499
250,-2,-3,0,0
250.007,-2.02353869915335,-3,-6.66209266833452,0
250.008,-2.03066145225576,-3,-7.58210053351864,0
250.019,-2.16778714358572,-3,-17.1988932386602,0
250.02,-2.18540171244005,-3,-18.0290596855606,0
250.03,-2.40434418945602,-3,-24.5620618085935,1.90636978964179
250.031,-2.42879624131962,-3,-24.3440355634708,2.31679835396102
250.032,-2.4529308578363,-3,-23.9277843068275,2.6513074508195
250.036,-2.5434086087556,-3,-21.131170563533,3.2680304298469
250.043,-2.67309439598061,-3,-16.2633193511891,2.89031537422822
250.044,-2.68910574729611,-3,-15.761557177776,2.81611393382138
250.049,-2.76279424823886,-3,-13.848285421965,2.59675917571121
250.055,-2.84066810007515,-3,-12.1600583412092,2.59675917571121
250.056,-2.85270099345739,-3,-11.9069951967347,2.62287810250361
250.065,-2.94959862639205,-3,-9.64079968791084,2.75273310474886
250.067,-2.96838383380083,-3,-9.14864722326782,2.75273310474886
250.068,-2.97741361373103,-3,-8.91192717385501,2.75273310474886
250.07,-2.99477797079832,-3,-8.45631591713429,2.77883433475457
250.079,-3.06211794199575,-3,-6.57679789295436,2.77883433475457
250.08,-3.06860202089345,-3,-6.39209228174207,2.77883433475457
250.091,-3.12876202378065,-3,-4.62084673647041,2.77883433475457
250.092,-3.13331255548546,-3,-4.48073526842384,2.77883433475457
250.103,-3.17484701187253,-3,-3.12384031092913,2.77883433475457
250.104,-3.17791637640714,-3,-3.0152539813483,2.77883433475457
250.106,-3.18373472816602,-3,-2.80449470995906,2.75858230534821
250.115,-3.20532730790678,-3,-2.01704773951023,2.75858230534821
250.116,-3.20730455256277,-3,-1.93768735964142,2.75858230534821
250.127,-3.22415836493699,-3,-1.15132111975679,2.75858230534821
250.128,-3.22527728120939,-3,-1.08667801618666,2.75858230534821
250.133,-3.22992843681213,-3,-0.77753196528829,2.73611466964171
250.139,-3.23369698260145,-3,-0.482658085855201,2.73611466964171
250.14,-3.23415613068008,-3,-0.435735159054784,2.73611466964171
250.151,-3.23648189146448,-3,0,2.70543765286364
250.152,-3.23648189146448,-3,0,2.70479174699715
250.163,-3.23648189146448,-3,0,2.81336921700417
250.164,-3.23648189146448,-3,0,2.82643452034598
250.175,-3.23648189146448,-3,0,2.97448042785602
250.176,-3.23648189146448,-3,0,2.98813507554376
250.18,-3.23647268201053,-3,0.0092107840241542,3.04195592687601
250.187,-3.23341725386809,-3,0.897724169527184,2.89394042558155
250.188,-3.23247230856548,-3,0.992097349983106,2.85225853108077
250.196,-3.22296384690688,-3,1.27429494482794,2.62713985825366
250.198,-3.22042366068805,-3,1.26623617253821,2.60631902959222
250.199,-3.21916300239472,-3,1.25517551704908,2.60631902959222
250.2,-3.21791312089613,-3,1.24468114437416,2.60631902959222
250.211,-3.20472058727207,-3,1.16437968989419,2.60631902959222
250.212,-3.20355839045539,-3,1.16009373618227,2.60631902959222
250.221,-3.19322497278374,-3,1.1423573669947,2.60631902959222
250.223,-3.19093958597751,-3,1.14331813835139,2.60631902959222
250.224,-3.1897957401494,-3,1.14444490562975,2.60631902959222
250.225,-3.18865055388033,-3,1.14599853697897,2.5860662096903
250.235,-3.17740918797774,-3,1.10992681898165,2.5860662096903
250.236,-3.17629986465947,-3,1.10879213933675,2.5860662096903
250.24,-3.17186747163961,-3,1.10853720164154,2.5644002820476
250.247,-3.164264910437,-3,1.06741026945239,2.5644002820476
250.248,-3.16319956442512,-3,1.06335530055179,2.5644002820476
250.257,-3.15373263739126,-3,1.04605789488115,2.54355998538544
250.259,-3.15165612158737,-3,1.03076495411779,2.54355998538544
250.26,-3.15062887528485,-3,1.02380278807566,2.54355998538544
250.271,-3.1396788383972,-3,0.975530165035319,2.54355998538544
250.272,-3.13870431390616,-3,0.9735838088449,2.54355998538544
250.276,-3.13481989268175,-3,0.969642289076788,2.52208501588395
250.283,-3.12821794059877,-3,0.920059999500422,2.52208501588395
250.284,-3.12730063297846,-3,0.914621392691605,2.52208501588395
250.295,-3.11747232704464,-3,0.879782804023855,2.52208501588395
250.296,-3.11659307580896,-3,0.878777362039418,2.52208501588395
250.297,-3.11571465745751,-3,0.878116514495395,2.50179320837048
250.307,-3.10729018810197,-3,0.813062101525549,2.50179320837048
250.308,-3.10647940014766,-3,0.808571931460208,2.50179320837048
250.319,-3.09777190191269,-3,0.781157378187027,2.50179320837048
250.32,-3.09699106415305,-3,0.780569017509067,2.50179320837048
250.321,-3.09621066257218,-3,0.78028457798075,2.48026234810334
250.331,-3.0887800104192,-3,0.711553832978421,2.48026234810334
250.332,-3.08807100628552,-3,0.706506876627479,2.48026234810334
250.343,-3.08052848957561,-3,0.670720478386815,2.48026234810334
250.344,-3.07985856890959,-3,0.669165989739677,2.48026234810334
250.351,-3.07519403831084,-3,0.665685535963882,2.45815639558922
250.355,-3.07259501586293,-3,0.634664770132895,2.45815639558922
250.356,-3.07196386729845,-3,0.627682551834709,2.45815639558922
250.367,-3.06540937074302,-3,0.569554560760517,2.45815639558922
250.368,-3.06484168607955,-3,0.565856353951465,2.45815639558922
250.379,-3.05878044301358,-3,0.540847380110075,2.45815639558922
250.38,-3.0582400743947,-3,0.539925847414369,2.45815639558922
250.388,-3.05392870266521,-3,0.54012955728892,2.43757297343682
250.391,-3.05234047735656,-3,0.519081383058899,2.43757297343682
250.392,-3.0518246663918,-3,0.512582745912589,2.43757297343682
250.403,-3.04651872578949,-3,0.456736481805027,2.43757297343682
250.404,-3.0460638842926,-3,0.452980987157779,2.43757297343682
250.415,-3.04125829183234,-3,0.424593092844599,2.43757297343682
250.416,-3.04083444992516,-3,0.423120024696089,2.43757297343682
250.424,-3.03747922155001,-3,0.417474861792757,2.43757297343682
250.427,-3.03622627222719,-3,0.418063877955799,2.43757297343682
250.428,-3.03580796482123,-3,0.418577113420664,2.43757297343682
250.432,-3.03412726421209,-3,0.422185283935862,2.41623901601384
250.439,-3.03134129451604,-3,0.375517190776236,2.41623901601384
250.44,-3.03096872040715,-3,0.36966319806278,2.41623901601384
250.451,-3.02721057437527,-3,0.317102732035073,2.41623901601384
250.452,-3.02689537835037,-3,0.313314912763385,2.41623901601384
250.463,-3.02364123136606,-3,0.28114509581083,2.41623901601384
250.464,-3.02336115722503,-3,0.279024183955311,2.41623901601384
250.475,-3.02038970909874,-3,0.263578226767363,2.41623901601384
250.476,-3.02012650332901,-3,0.262851265550975,2.41623901601384
250.482,-3.01855771635699,-3,0.260701162543859,2.41623901601384
250.487,-3.01725274698836,-3,0.261699203554703,2.41623901601384
250.488,-3.01699080878042,-3,0.262193366930301,2.41623901601384
250.499,-3.01405273580007,-3,0.273898224112931,2.41623901601384
250.5,-3.01377803322134,-3,0.27552232479232,2.41623901601384
250.509,-3.01121949228101,-3,0.294286184646064,2.39479871156377
250.511,-3.01064319931548,-3,0.282115269636669,2.39479871156377
250.512,-3.01036401966474,-3,0.27627024167335,2.39479871156377
250.523,-3.00764148136305,-3,0.221511340589032,2.39479871156377
250.524,-3.00742207563135,-3,0.217320167201672,2.39479871156377
250.535,-3.00525660471607,-3,0.178535936639301,2.39479871156377
250.536,-3.00507953610681,-3,0.175616810396032,2.39479871156377
250.547,-3.00330217907415,-3,0.149206962311849,2.39479871156377
250.548,-3.00315394073555,-3,0.147281983660527,2.39479871156377
250.553,-3.00243964906182,-3,0.138725130888225,2.42013996314613
250.559,-3.00144881093873,-3,0.191488694220314,2.42013996314613
250.56,-3.00125293634613,-3,0.200260698179265,2.42013996314613
250.569,-2.99936038933885,-3,0.213755188629943,2.37900559974361
250.571,-2.99894762517559,-3,0.199103572378375,2.37900559974361
250.572,-2.99875209140287,-3,0.191986633409115,2.37900559974361
250.583,-2.99703922714336,-3,0.121748337237206,2.37900559974361
250.584,-2.99692035804693,-3,0.116005659356953,2.37900559974361
250.588,-2.99650093543755,-3,0.0939389695135543,2.40503592168759
250.595,-2.9957128815447,-3,0.131204210457637,2.40503592168759
250.596,-2.99557901355183,-3,0.136532838077325,2.40503592168759
250.601,-2.99482949366508,-3,0.163326640274451,2.38480941984178
250.607,-2.9938989125468,-3,0.147362302602449,2.38480941984178
250.608,-2.99375274649148,-3,0.14498259680148,2.38480941984178
250.619,-2.99228363871558,-3,0.123502464135626,2.38480941984178
250.62,-2.99216092152543,-3,0.121942035120182,2.38480941984178
250.631,-2.99089941989363,-3,0.108524079782875,2.38480941984178
250.632,-2.99079135170325,-3,0.107620545076983,2.38480941984178
250.643,-2.98965023829172,-3,0.100769290593721,2.38480941984178
250.644,-2.9895496517162,-3,0.100410849109983,2.38480941984178
250.652,-2.98875368567876,-3,0.0990066113903658,2.38480941984178
250.655,-2.98845657455237,-3,0.0991243892952097,2.38480941984178
250.656,-2.98835739595066,-3,0.0992390407036822,2.38480941984178
250.657,-2.98825808406258,-3,0.0993909177946142,2.36446679725458
250.667,-2.98765806562428,-3,0.0220974398849589,2.36446679725458
250.668,-2.98765138719483,-3,0,2.38769017108272
250.679,-2.98765138719483,-3,0,2.40636900551286
250.68,-2.98765138719483,-3,0,2.40694207855513
250.691,-2.98765138719483,-3,0,2.41206020142333
250.692,-2.98765138719483,-3,0,2.41248941027798
250.703,-2.98765138719483,-3,0,2.41711567949854
250.704,-2.98765138719483,-3,0,2.41752954476297
250.715,-2.98765138719483,-3,0,2.42201645138565
250.716,-2.98765138719483,-3,0,2.42241843949591
250.727,-2.98765138719483,-3,0,2.42677549085035
250.728,-2.98765138719483,-3,0,2.42716569530258
250.739,-2.98765138719483,-3,0,2.43139314781887
250.74,-2.98765138719483,-3,0,2.43177157113483
250.751,-2.98765138719483,-3,0,2.43586943172938
250.752,-2.98765138719483,-3,0,2.43623607397708
250.763,-2.98765138719483,-3,0,2.44020434283642
250.764,-2.98765138719483,-3,0,2.44055920401772
250.775,-2.98765138719483,-3,0,2.44439788114688
250.776,-2.98765138719483,-3,0,2.44474096126181
250.787,-2.98765138719483,-3,0,2.44845004666094
250.788,-2.98765138719483,-3,0,2.44878134570949
250.799,-2.98765138719483,-3,0,2.45236083937859
250.8,-2.98765138719483,-3,0,2.45268035736078
250.811,-2.98765138719483,-3,0,2.45613025929985
250.812,-2.98765138719483,-3,0,2.45643799621567
250.823,-2.98765138719483,-3,0,2.4597583064247
250.824,-2.98765138719483,-3,0,2.46005426227416
250.835,-2.98765138719483,-3,0,2.46324498075316
250.836,-2.98765138719483,-3,0,2.46352915553625
250.847,-2.98765138719483,-3,0,2.46659028228522
250.848,-2.98765138719483,-3,0,2.46686267600194
250.859,-2.98765138719483,-3,0,2.46979421102088
250.86,-2.98765138719483,-3,0,2.47005482367123
250.871,-2.98765138719483,-3,0,2.47285676696014
250.872,-2.98765138719483,-3,0,2.47310559854412
250.883,-2.98765138719483,-3,0,2.475777950103
250.884,-2.98765138719483,-3,0,2.47601500062062
250.895,-2.98765138719483,-3,0,2.47855776044946
250.896,-2.98765138719483,-3,0,2.47878302990071
250.907,-2.98765138719483,-3,0,2.48119619799952
250.908,-2.98765138719483,-3,0,2.48140968638441
250.919,-2.98765138719483,-3,0,2.48369326275318
250.92,-2.98765138719483,-3,0,2.4838949700717
250.931,-2.98765138719483,-3,0,2.48604895471044
250.932,-2.98765138719483,-3,0,2.4862388809626
250.943,-2.98765138719483,-3,0,2.4882632738713
250.944,-2.98765138719483,-3,0,2.48844141905709
250.955,-2.98765138719483,-3,0,2.49033622023577
250.956,-2.98765138719483,-3,0,2.49050258435519
250.967,-2.98765138719483,-3,0,2.49226779380383
250.968,-2.98765138719483,-3,0,2.49242237685689
250.979,-2.98765138719483,-3,0,2.4940579945755
250.98,-2.98765138719483,-3,0,2.49420079656219
250.991,-2.98765138719483,-3,0,2.49570682255076
250.992,-2.98765138719483,-3,0,2.49583784347109
251.003,-2.98765138719483,-3,0,2.49721427772963
251.004,-2.98765138719483,-3,0,2.49733351758359
251.015,-2.98765138719483,-3,0,2.4985803601121
251.016,-2.98765138719483,-3,0,2.49868781889969
251.027,-2.98765138719483,-3,0,2.49980506969816
251.028,-2.98765138719483,-3,0,2.49990074741939
251.039,-2.98765138719483,-3,0,2.50088840648783
251.04,-2.98765138719483,-3,0,2.50097230314269
251.051,-2.98765138719483,-3,0,2.5018303704811
251.052,-2.98765138719483,-3,0,2.50190248606959
251.063,-2.98765138719483,-3,0,2.50263096167797
251.064,-2.98765138719483,-3,0,2.5026912962001
251.075,-2.98765138719483,-3,0,2.50329018007844
251.076,-2.98765138719483,-3,0,2.5033387335342
251.087,-2.98765138719483,-3,0,2.50380802568251
251.088,-2.98765138719483,-3,0,2.5038447980719
251.099,-2.98765138719483,-3,0,2.50418449849018
251.1,-2.98765138719483,-3,0,2.50420948981321
251.111,-2.98765138719483,-3,0,2.50441959850146
251.112,-2.98765138719483,-3,0,2.50443280875812
251.123,-2.98765138719483,-3,0,2.50451332571633
251.124,-2.98765138719483,-3,0,2.50451475490662
251.125,-2.98765138719483,-3,0,2.50451520234138
251.135,-2.98765138719483,-3,0,2.5044656801348
251.136,-2.98765138719483,-3,0,2.50445532825873
251.147,-2.98765138719483,-3,0,2.50427666175688
251.148,-2.98765138719483,-3,0,2.50425452881444
251.159,-2.98765138719483,-3,0,2.50394627058255
251.16,-2.98765138719483,-3,0,2.50391235657374
251.171,-2.98765138719483,-3,0,2.50347450661183
251.172,-2.98765138719483,-3,0,2.50342881153665
251.183,-2.98765138719483,-3,0,2.50286136984471
251.184,-2.98765138719483,-3,0,2.50280389370316
251.195,-2.98765138719483,-3,0,2.50210686028118
251.196,-2.98765138719483,-3,0,2.50203760307327
251.207,-2.98765138719483,-3,0,2.50121097792126
251.208,-2.98765138719483,-3,0,2.50112993964698
251.219,-2.98765138719483,-3,0,2.50017372276494
251.22,-2.98765138719483,-3,0,2.50008090342429
251.231,-2.98765138719483,-3,0,2.49899509481222
251.232,-2.98765138719483,-3,0,2.49889049440521
251.243,-2.98765138719483,-3,0,2.49767509406309
251.244,-2.98765138719483,-3,0,2.49755871258972
251.255,-2.98765138719483,-3,0,2.49621372051758
251.256,-2.98765138719483,-3,0,2.49608555797783
251.267,-2.98765138719483,-3,0,2.49461097417566
251.268,-2.98765138719483,-3,0,2.49447103056955
251.279,-2.98765138719483,-3,0,2.49286685503734
251.28,-2.98765138719483,-3,0,2.49271513036486
251.291,-2.98765138719483,-3,0,2.49098136310262
251.292,-2.98765138719483,-3,0,2.49081785736378
251.303,-2.98765138719483,-3,0,2.4889544983715
251.304,-2.98765138719483,-3,0,2.4887792115663
251.315,-2.98765138719483,-3,0,2.48678626084399
251.316,-2.98765138719483,-3,0,2.48659919297241
251.327,-2.98765138719483,-3,0,2.48447665052007
251.328,-2.98765138719483,-3,0,2.48427780158213
251.339,-2.98765138719483,-3,0,2.48202566739976
251.34,-2.98765138719483,-3,0,2.48181503739545
251.351,-2.98765138719483,-3,0,2.47943331148304
251.352,-2.98765138719483,-3,0,2.47921090041237
251.363,-2.98765138719483,-3,0,2.47669958276993
251.364,-2.98765138719483,-3,0,2.47646539063289
251.375,-2.98765138719483,-3,0,2.47382448126042
251.376,-2.98765138719483,-3,0,2.47357850805701
251.387,-2.98765138719483,-3,0,2.4708080069545
251.388,-2.98765138719483,-3,0,2.47055025268473
251.399,-2.98765138719483,-3,0,2.46765015985219
251.4,-2.98765138719483,-3,0,2.46738062451605
251.411,-2.98765138719483,-3,0,2.46435093995348
251.412,-2.98765138719483,-3,0,2.46406962355097
251.423,-2.98765138719483,-3,0,2.46091034725837
251.424,-2.98765138719483,-3,0,2.46061724978949
251.435,-2.98765138719483,-3,0,2.45732838176686
251.436,-2.98765138719483,-3,0,2.45702350323162
251.447,-2.98765138719483,-3,0,2.45360504347895
251.448,-2.98765138719483,-3,0,2.45328838387734
251.459,-2.98765138719483,-3,0,2.44974033239464
251.46,-2.98765138719483,-3,0,2.44941189172667
251.471,-2.98765138719483,-3,0,2.44573424851393
251.472,-2.98765138719483,-3,0,2.44539402677959
251.483,-2.98765138719483,-3,0,2.44158679183683
251.484,-2.98765138719483,-3,0,2.44123478903612
251.495,-2.98765138719483,-3,0,2.43729796236332
251.496,-2.98765138719483,-3,0,2.43693417849625
251.507,-2.98765138719483,-3,0,2.43286776009341
251.508,-2.98765138719483,-3,0,2.43249219515997
251.519,-2.98765138719483,-3,0,2.42829618502711
251.52,-2.98765138719483,-3,0,2.4279088390273
251.531,-2.98765138719483,-3,0,2.4235832371644
251.532,-2.98765138719483,-3,0,2.42318411009823
251.543,-2.98765138719483,-3,0,2.4187289165053
251.544,-2.98765138719483,-3,0,2.41831800837276
251.555,-2.98765138719483,-3,0,2.4137332230498
251.556,-2.98765138719483,-3,0,2.41331053385089
251.567,-2.98765138719483,-3,0,2.40859615679789
251.568,-2.98765138719483,-3,0,2.40816168653262
251.579,-2.98765138719483,-3,0,2.40331771774959
251.58,-2.98765138719483,-3,0,2.40287146641795
251.591,-2.98765138719483,-3,0,2.39789790590489
251.592,-2.98765138719483,-3,0,2.39743987350688
251.603,-2.98765138719483,-3,0,2.39233672126379
251.604,-2.98765138719483,-3,0,2.39186690779942
251.615,-2.98765138719483,-3,0,2.38663416382629
251.616,-2.98765138719483,-3,0,2.38615256929554
251.627,-2.98765138719483,-3,0,2.38079023359239
251.628,-2.98765138719483,-3,0,2.38029685799528
251.639,-2.98765138719483,-3,0,2.37480493056209
251.64,-2.98765138719483,-3,0,2.37429977389861
251.651,-2.98765138719483,-3,0,2.36867825473539
251.652,-2.98765138719483,-3,0,2.36816131700555
251.663,-2.98765138719483,-3,0,2.36241020611229
251.664,-2.98765138719483,-3,0,2.36188148731608
251.675,-2.98765138719483,-3,0,2.35600078469279
251.676,-2.98765138719483,-3,0,2.35546028483022
251.687,-2.98765138719483,-3,0,2.34944999047689
251.688,-2.98765138719483,-3,0,2.34889770954795
251.699,-2.98765138719483,-3,0,2.3427578234646
251.7,-2.98765138719483,-3,0,2.34219376146929
251.711,-2.98765138719483,-3,0,2.3359242836559
251.712,-2.98765138719483,-3,0,2.33534844059423
251.723,-2.98765138719483,-3,0,2.3289493710508
251.724,-2.98765138719483,-3,0,2.32836174692276
251.735,-2.98765138719483,-3,0,2.32183308564931
251.736,-2.98765138719483,-3,0,2.3212336804549
251.747,-2.98765138719483,-3,0,2.31457542745142
251.748,-2.98765138719483,-3,0,2.31396424119064
251.759,-2.98765138719483,-3,0,2.30717639645712
251.76,-2.98765138719483,-3,0,2.30655342912998
251.771,-2.98765138719483,-3,0,2.29963599266643
251.772,-2.98765138719483,-3,0,2.29900124427292
251.783,-2.98765138719483,-3,0,2.29195421607934
251.784,-2.98765138719483,-3,0,2.29130768661946
251.795,-2.98765138719483,-3,0,2.28413106669585
251.796,-2.98765138719483,-3,0,2.28347275616961
251.807,-2.98765138719483,-3,0,2.27616654451596
251.808,-2.98765138719483,-3,0,2.27549645292335
251.819,-2.98765138719483,-3,0,2.26806064953967
251.82,-2.98765138719483,-3,0,2.2673787768807
251.831,-2.98765138719483,-3,0,2.25981338176698
251.832,-2.98765138719483,-3,0,2.25911972804164
251.843,-2.98765138719483,-3,0,2.25142474119789
251.844,-2.98765138719483,-3,0,2.25071930640618
251.855,-2.98765138719483,-3,0,2.2428947278324
251.856,-2.98765138719483,-3,0,2.24217751197433
251.867,-2.98765138719483,-3,0,2.23422334167052
251.868,-2.98765138719483,-3,0,2.23349434474608
251.879,-2.98765138719483,-3,0,2.22541058271223
251.88,-2.98765138719483,-3,0,2.22466980472142
251.891,-2.98765138719483,-3,0,2.21645645095754
251.892,-2.98765138719483,-3,0,2.21570389190037
251.903,-2.98765138719483,-3,0,2.20736094640646
251.904,-2.98765138719483,-3,0,2.20659660628292
251.915,-2.98765138719483,-3,0,2.19812406905897
251.916,-2.98765138719483,-3,0,2.19734794786907
251.927,-2.98765138719483,-3,0,2.18874581891509
251.928,-2.98765138719483,-3,0,2.18795791665881
251.939,-2.98765138719483,-3,0,2.1792261959748
251.94,-2.98765138719483,-3,0,2.17842651265216
251.951,-2.98765138719483,-3,0,2.16956520023812
251.952,-2.98765138719483,-3,0,2.16875373584911
251.963,-2.98765138719483,-3,0,2.15976283170504
251.964,-2.98765138719483,-3,0,2.15893958624966
251.975,-2.98765138719483,-3,0,2.14981909037556
251.976,-2.98765138719483,-3,0,2.14898406385382
251.987,-2.98765138719483,-3,0,2.13973397624967
251.988,-2.98765138719483,-3,0,2.13888716866157
251.999,-2.98765138719483,-3,0,2.12950748932739
252,-2.98765138719483,-3,0,2.12864890067292
252.011,-2.98765138719483,-3,0,2.11913962960872
252.012,-2.98765138719483,-3,0,2.11826925988788
252.023,-2.98765138719483,-3,0,2.10863039709364
252.024,-2.98765138719483,-3,0,2.10774824630643
252.035,-2.98765138719483,-3,0,2.09797979178216
252.036,-2.98765138719483,-3,0,2.09708585992859
252.047,-2.98765138719483,-3,0,2.08718781367428
252.048,-2.98765138719483,-3,0,2.08628210075434
252.059,-2.98765138719483,-3,0,2.07625446277
252.06,-2.98765138719483,-3,0,2.0753369687837
252.071,-2.98765138719483,-3,0,2.06517973906932
252.072,-2.98765138719483,-3,0,2.06425046401665
252.083,-2.98765138719483,-3,0,2.05396364257225
252.084,-2.98765138719483,-3,0,2.05302258645321
252.095,-2.98765138719483,-3,0,2.04260617327877
252.096,-2.98765138719483,-3,0,2.04165333609337
252.101,-2.98765138719483,-3,0,2.03687442383339
252.107,-2.9876551263547,-3,-0.00124762146444818,2.03687442383339
252.108,-2.98765647842796,-3,-0.00145659947812513,2.03687442383339
252.119,-2.98768530720559,-3,-0.00380244253969511,2.03687442383339
252.12,-2.98768921922519,-3,-0.00402181202754179,2.03687442383339
252.125,-2.98771210813536,-3,-0.00514005140632333,2.01611054379078
252.131,-2.98915189909111,-3,-0.605516959777199,2.13947009044887
252.132,-2.98980488171916,-3,-0.700350678996382,2.18477637133654
252.137,-2.99398103862651,-3,-0.902275823315165,2.37973244521162
252.143,-2.9991303259732,-3,-0.785653605724239,2.46873748413711
252.144,-2.99989710034895,-3,-0.74799974756317,2.46873748413711
252.155,-3.00607359854972,-3,-0.411390747264288,2.41998346896158
252.156,-3.00647899820102,-3,-0.399451867661841,2.41998346896158
252.167,-3.01021142662985,-3,-0.283642077180007,2.41998346896158
252.168,-3.01049041624721,-3,-0.274368437444827,2.41998346896158
252.176,-3.01240653988446,-3,-0.206427921870558,2.39993793951764
252.179,-3.01302761176432,-3,-0.207733776354852,2.39993793951764
252.18,-3.01323563239851,-3,-0.208319980567963,2.39993793951764
252.187,-3.01471338651166,-3,-0.214495929188819,2.4262033774364
252.191,-3.01549655645447,-3,-0.177502820732403,2.4262033774364
252.192,-3.01566961109826,-3,-0.168630322364585,2.4262033774364
252.203,-3.01702059896107,-3,-0.0793627675763935,2.4262033774364
252.204,-3.01709622101381,-3,-0.0718968805112921,2.4262033774364
252.212,-3.01742920362537,-3,0,2.41010232040733
252.215,-3.01742920362537,-3,0,2.40451180357552
252.216,-3.01742920362537,-3,0,2.40397428047159
252.217,-3.01742920362537,-3,0,2.40382833045303
252.227,-3.01742920362537,-3,0,2.41054578954642
252.228,-3.01742920362537,-3,0,2.41148524173428
252.239,-3.01742920362537,-3,0,2.42224492738896
252.24,-3.01742920362537,-3,0,2.42324039596713
252.251,-3.01742920362537,-3,0,2.43429102067765
252.252,-3.01742920362537,-3,0,2.43530417978033
252.263,-3.01742920362537,-3,0,2.44654062790804
252.264,-3.01742920362537,-3,0,2.44757044381636
252.275,-3.01742920362537,-3,0,2.45898988019986
252.276,-3.01742920362537,-3,0,2.46003632503254
252.287,-3.01742920362537,-3,0,2.4716386732023
252.288,-3.01742920362537,-3,0,2.47270174620735
252.299,-3.01742920362537,-3,0,2.48448700410086
252.3,-3.01742920362537,-3,0,2.48556670525797
252.311,-3.01742920362537,-3,0,2.4975348728196
252.312,-3.01742920362537,-3,0,2.49863120212823
252.323,-3.01742920362537,-3,0,2.51078227935649
252.324,-3.01742920362537,-3,0,2.51189523681663
252.335,-3.01742920362537,-3,0,2.52422922371146
252.336,-3.01742920362537,-3,0,2.52535880932311
252.347,-3.01742920362537,-3,0,2.53787570588452
252.348,-3.01742920362537,-3,0,2.53902191964768
252.359,-3.01742920362537,-3,0,2.55172172587566
252.36,-3.01742920362537,-3,0,2.55288456779033
252.371,-3.01742920362537,-3,0,2.5657672836849
252.372,-3.01742920362537,-3,0,2.56694675375106
252.383,-3.01742920362537,-3,0,2.58001237931221
252.384,-3.01742920362537,-3,0,2.58120847752989
252.395,-3.01742920362537,-3,0,2.59445701275762
252.396,-3.01742920362537,-3,0,2.5956697391268
252.407,-3.01742920362537,-3,0,2.60910118402111
252.408,-3.01742920362537,-3,0,2.6103305385418
252.419,-3.01742920362537,-3,0,2.62394489310268
252.42,-3.01742920362537,-3,0,2.62519087577488
252.431,-3.01742920362537,-3,0,2.63898814000234
252.432,-3.01742920362537,-3,0,2.64025075082605
252.443,-3.01742920362537,-3,0,2.65423092472009
252.444,-3.01742920362537,-3,0,2.6555101636953
252.455,-3.01742920362537,-3,0,2.66967324725592
252.456,-3.01742920362537,-3,0,2.67096911438264
252.467,-3.01742920362537,-3,0,2.68531510760984
252.468,-3.01742920362537,-3,0,2.68662760288807
252.479,-3.01742920362537,-3,0,2.70115650578185
252.48,-3.01742920362537,-3,0,2.70248562921158
252.491,-3.01742920362537,-3,0,2.71719744177194
252.492,-3.01742920362537,-3,0,2.71854319335318
252.503,-3.01742920362537,-3,0,2.73343791558012
252.504,-3.01742920362537,-3,0,2.73480029531286
252.515,-3.01742920362537,-3,0,2.74987792720638
252.516,-3.01742920362537,-3,0,2.75125693509063
252.522,-3.01742920362537,-3,0,2.7595600816613
252.527,-3.01742249923451,-3,0.00268421978561472,2.7595600816613
252.528,-3.01741954539981,-3,0.00322366672788351,2.7595600816613
252.539,-3.01735094613522,-3,0.00930434181449903,2.7595600816613
252.54,-3.01734135591332,-3,0.00987680690178893,2.7595600816613
252.544,-3.01729720269526,-3,0.0122127824952916,2.78467760469687
252.551,-3.01444409073164,-3,0.791654145596889,2.57197359209438
252.552,-3.01362223505087,-3,0.85202744863882,2.52783563875062
252.555,-3.01091651972837,-3,0.930884144675101,2.41836093339373
252.559,-3.00727119432988,-3,0.875981046924945,2.34027354912739
252.563,-3.00401700257179,-3,0.752634817247383,2.34027354912739
252.564,-3.00327913786662,-3,0.723182930692908,2.34027354912739
252.575,-2.99698311620243,-3,0.430485834688388,2.34027354912739
252.576,-2.99656472258645,-3,0.40636217084271,2.36870174043754
252.587,-2.99278355123771,-3,0.285666377295738,2.36870174043754
252.588,-2.99250274956787,-3,0.275968735132294,2.36870174043754
252.592,-2.991473746928,-3,0.239006458713466,2.39416097744364
252.599,-2.9897575062352,-3,0.251994324851607,2.39416097744364
252.6,-2.98950443230839,-3,0.254166788309209,2.39416097744364
252.601,-2.9892491461091,-3,0.25641890120704,2.37248659929415
252.611,-2.98699208527759,-3,0.197281938443756,2.37248659929415
252.612,-2.98679741084717,-3,0.192086824190642,2.37248659929415
252.616,-2.98606892230475,-3,0.17245642536977,2.35230071415338
252.623,-2.98517088677029,-3,0.0853942462825486,2.35230071415338
252.624,-2.98509142934033,-3,0.0735425856002389,2.35230071415338
252.628,-2.98489023154604,-3,0.0273710579196778,2.37982579620433
252.635,-2.98469718688118,-3,0.0278666207786377,2.37982579620433
252.636,-2.98466926574961,-3,0.0279772829674081,2.37982579620433
252.647,-2.98435236241468,-3,0.0298367218317544,2.37982579620433
252.648,-2.98432241301311,-3,0.0300636868870781,2.37982579620433
252.659,-2.98397554261773,-3,0.0332001205982688,2.37982579620433
252.66,-2.98394217132849,-3,0.0335441173130624,2.35877394079641
252.662,-2.98389802584317,-3,0,2.35877944765259
252.667,-2.98389802584317,-3,0,2.36337203470255
252.672,-2.98389802584317,-3,0,2.36132905224516
252.683,-2.98389802584317,-3,0,2.35309573460795
252.684,-2.98389802584317,-3,0,2.35229760139546
252.695,-2.98389802584317,-3,0,2.34339161018713
252.696,-2.98389802584317,-3,0,2.34257316168549
252.707,-2.98389802584317,-3,0,2.33348460382768
252.708,-2.98389802584317,-3,0,2.3326506598027
252.719,-2.98389802584317,-3,0,2.32339275437732
252.72,-2.98389802584317,-3,0,2.32254344482691
252.731,-2.98389802584317,-3,0,2.31311654837684
252.732,-2.98389802584317,-3,0,2.31225187680728
252.743,-2.98389802584317,-3,0,2.30265599894913
252.744,-2.98389802584317,-3,0,2.30177596545499
252.755,-2.98389802584317,-3,0,2.29201110644814
252.756,-2.98389802584317,-3,0,2.29111571103197
252.767,-2.98389802584317,-3,0,2.28118187088341
252.768,-2.98389802584317,-3,0,2.28027111354529
252.779,-2.98389802584317,-3,0,2.27016829225521
252.78,-2.98389802584317,-3,0,2.26924217299514
252.791,-2.98389802584317,-3,0,2.25897037056354
252.792,-2.98389802584317,-3,0,2.25802888938151
252.803,-2.98389802584317,-3,0,2.2475881058084
252.804,-2.98389802584317,-3,0,2.24663126270441
252.815,-2.98389802584317,-3,0,2.23602149798979
252.816,-2.98389802584317,-3,0,2.23504929296384
252.827,-2.98389802584317,-3,0,2.22427054710771
252.828,-2.98389802584317,-3,0,2.22328298015981
252.839,-2.98389802584317,-3,0,2.21233525316216
252.84,-2.98389802584317,-3,0,2.2113323242923
252.851,-2.98389802584317,-3,0,2.20021561615314
252.852,-2.98389802584317,-3,0,2.19919732536133
252.863,-2.98389802584317,-3,0,2.18791163608065
252.864,-2.98389802584317,-3,0,2.18687798336689
252.875,-2.98389802584317,-3,0,2.1754233129447
252.876,-2.98389802584317,-3,0,2.17437429830897
252.887,-2.98389802584317,-3,0,2.16275064674527
252.888,-2.98389802584317,-3,0,2.16168627018759
252.899,-2.98389802584317,-3,0,2.14989363748238
252.9,-2.98389802584317,-3,0,2.14881389900274
252.911,-2.98389802584317,-3,0,2.13685228515601
252.912,-2.98389802584317,-3,0,2.13575718475442
252.923,-2.98389802584317,-3,0,2.12362658976618
252.924,-2.98389802584317,-3,0,2.12251612744263
252.935,-2.98389802584317,-3,0,2.11021655131287
252.936,-2.98389802584317,-3,0,2.10909072706737
252.947,-2.98389802584317,-3,0,2.0966221697961
252.948,-2.98389802584317,-3,0,2.09548098362865
252.959,-2.98389802584317,-3,0,2.08284344521586
252.96,-2.98389802584317,-3,0,2.08168689712645
252.971,-2.98389802584317,-3,0,2.06888037757215
252.972,-2.98389802584317,-3,0,2.06770846756078
252.983,-2.98389802584317,-3,0,2.05473296686497
252.984,-2.98389802584317,-3,0,2.05354569493164
252.995,-2.98389802584317,-3,0,2.04040121309432
252.996,-2.98389802584317,-3,0,2.03919857923904
253.001,-2.98389802584317,-3,0,2.03316620756019
253.007,-2.98390696634385,-3,-0.00298311952601333,2.03316620756019
253.008,-2.98391019921237,-3,-0.00348279549661161,2.03316620756019
253.019,-2.98397913013886,-3,-0.00909181515200953,2.03316620756019
253.02,-2.98398848395792,-3,-0.00961633790013812,2.03316620756019
253.022,-2.98400877314892,-3,-0.0106750869183943,2.01242819646489
253.031,-2.98822793986076,-3,-0.866109461973454,2.29497860295258
253.032,-2.989108333461,-3,-0.894691528893368,2.33219605344354
253.034,-2.99091795176213,-3,-0.908424132740971,2.39223158227741
253.039,-2.9952595408768,-3,-0.810383672066864,2.46340993400105
253.043,-2.99820744231419,-3,-0.66517726636966,2.46340993400105
253.044,-2.9988551529812,-3,-0.630336684347114,2.46340993400105
253.051,-3.00251604370705,-3,-0.433540017904645,2.41963008361488
253.055,-3.00414516438842,-3,-0.381738801105675,2.41963008361488
253.056,-3.00452073478985,-3,-0.369443908641033,2.41963008361488
253.059,-3.00557539560164,-3,-0.334020084129053,2.39955117361073
253.067,-3.00815668526737,-3,-0.31286960684937,2.39955117361073
253.068,-3.00846854383037,-3,-0.310870393085592,2.39955117361073
253.072,-3.00969801290581,-3,-0.304217677133064,2.42535996473286
253.079,-3.01154701209839,-3,-0.225690342609646,2.42535996473286
253.08,-3.01176745825594,-3,-0.215231180220296,2.42535996473286
253.091,-3.0135425365863,-3,-0.110416098325815,2.42535996473286
253.092,-3.01364857976341,-3,-0.101689573085619,2.42535996473286
253.096,-3.01398715393137,-3,-0.0678781164072583,2.40479941067871
253.103,-3.01446698021534,-3,-0.0694151568016752,2.40479941067871
253.104,-3.01453655179993,-3,-0.0697320227285958,2.40479941067871
253.115,-3.01532879466962,-3,-0.0747912064591712,2.40479941067871
253.116,-3.01540388503442,-3,-0.0753934781058869,2.40479941067871
253.118,-3.01555593195139,-3,-0.0766692932746783,2.43135882424153
253.124,-3.0158324138499,-3,0,2.42711049171293
253.128,-3.0158324138499,-3,0,2.41832964379391
253.13,-3.0158324138499,-3,0,2.4176668197902
253.139,-3.0158324138499,-3,0,2.4226795702786
253.14,-3.0158324138499,-3,0,2.42348908990519
253.151,-3.0158324138499,-3,0,2.43288404516108
253.152,-3.0158324138499,-3,0,2.43375664895086
253.163,-3.0158324138499,-3,0,2.44344934870607
253.164,-3.0158324138499,-3,0,2.44433835133927
253.175,-3.0158324138499,-3,0,2.45420075263645
253.176,-3.0158324138499,-3,0,2.45510489492443
253.187,-3.0158324138499,-3,0,2.46513354421036
253.188,-3.0158324138499,-3,0,2.4660527921905
253.199,-3.0158324138499,-3,0,2.47624759631652
253.2,-3.0158324138499,-3,0,2.47718194907278
253.211,-3.0158324138499,-3,0,2.48754290552649
253.212,-3.0158324138499,-3,0,2.48849236303417
253.223,-3.0158324138499,-3,0,2.49901947174782
253.224,-3.0158324138499,-3,0,2.49998403400625
253.235,-3.0158324138499,-3,0,2.510677294978
253.236,-3.0158324138499,-3,0,2.51165696198716
253.247,-3.0158324138499,-3,0,2.52251637521696
253.248,-3.0158324138499,-3,0,2.52351114697686
253.259,-3.0158324138499,-3,0,2.53453671246471
253.26,-3.0158324138499,-3,0,2.53554658897534
253.271,-3.0158324138499,-3,0,2.54673830672125
253.272,-3.0158324138499,-3,0,2.5477632879826
253.283,-3.0158324138499,-3,0,2.55912115798657
253.284,-3.0158324138499,-3,0,2.56016124399866
253.295,-3.0158324138499,-3,0,2.57168526626067
253.296,-3.0158324138499,-3,0,2.57274045702349
253.307,-3.0158324138499,-3,0,2.58443063154356
253.308,-3.0158324138499,-3,0,2.58550092705712
253.319,-3.0158324138499,-3,0,2.59735725383524
253.32,-3.0158324138499,-3,0,2.59844265409952
253.331,-3.0158324138499,-3,0,2.6104651331357
253.332,-3.0158324138499,-3,0,2.61156563815072
253.343,-3.0158324138499,-3,0,2.62375426944494
253.344,-3.0158324138499,-3,0,2.62486987921069
253.355,-3.0158324138499,-3,0,2.63722466276297
253.356,-3.0158324138499,-3,0,2.63835537727945
253.367,-3.0158324138499,-3,0,2.65087631308979
253.368,-3.0158324138499,-3,0,2.652022132357
253.379,-3.0158324138499,-3,0,2.66470922042539
253.38,-3.0158324138499,-3,0,2.66587014444334
253.391,-3.0158324138499,-3,0,2.67872338476978
253.392,-3.0158324138499,-3,0,2.67989941353845
253.403,-3.0158324138499,-3,0,2.69291880612295
253.404,-3.0158324138499,-3,0,2.69410993964236
253.415,-3.0158324138499,-3,0,2.70729548448491
253.416,-3.0158324138499,-3,0,2.70850172275505
253.427,-3.0158324138499,-3,0,2.72185341985565
253.428,-3.0158324138499,-3,0,2.72307476287652
253.439,-3.0158324138499,-3,0,2.73659261223518
253.44,-3.0158324138499,-3,0,2.73782906000678
253.451,-3.0158324138499,-3,0,2.75151306162349
253.452,-3.0158324138499,-3,0,2.75276461414583
253.455,-3.0158324138499,-3,0,2.75652682408821
253.463,-3.01583226135182,-3,3.82141189234466e-05,2.75652682408821
253.464,-3.015832220724,-3,4.30445038685661e-05,2.75652682408821
253.475,-3.01583144891878,-3,9.7906977905647e-05,2.78185335810018
253.476,-3.01582618994279,-3,0.010420434976963,2.78185335810018
253.487,-3.00967809717826,-3,0.9192383602323,2.42111431961669
253.488,-3.00875893084916,-3,0.919153931081483,2.39365442636932
253.495,-3.00283448281608,-3,0.748497791651391,2.31983965591547
253.499,-3.00013510546953,-3,0.602695377724334,2.31983965591547
253.5,-2.9995499960872,-3,0.567609925675004,2.31983965591547
253.507,-2.99624167411069,-3,0.399301384029239,2.37918761722238
253.511,-2.99470445951149,-3,0.36986773431096,2.37918761722238
253.512,-2.99433802990957,-3,0.363024718651012,2.37918761722238
253.523,-2.99071142361614,-3,0.29990427490562,2.37918761722238
253.524,-2.99041389698138,-3,0.295174848761793,2.37918761722238
253.531,-2.98845316882681,-3,0.266203897642759,2.35866832956283
253.535,-2.98748300580275,-3,0.219392108611428,2.35866832956283
253.536,-2.98726924637016,-3,0.208156420291134,2.35866832956283
253.547,-2.98561845428101,-3,0.0949195460799982,2.35866832956283
253.548,-2.98552828811708,-3,0.0854320756594207,2.35866832956283
253.551,-2.98531393149463,-3,0.0576323861881262,2.3855506399801
253.559,-2.98478916283502,-3,0.0736479801924601,2.3855506399801
253.56,-2.98471449359332,-3,0.0756924067048635,2.3855506399801
253.566,-2.9842229745364,-3,0.0882303625872422,2.36480109756957
253.571,-2.98386036046508,-3,0.0571530176739771,2.36480109756957
253.572,-2.98380620490735,-3,0.051170104117732,2.36480109756957
253.578,-2.98361466118953,-3,0,2.36767609070938
253.583,-2.98361466118953,-3,0,2.37366639171083
253.584,-2.98361466118953,-3,0,2.3735915898278
253.595,-2.98361466118953,-3,0,2.3665085765635
253.596,-2.98361466118953,-3,0,2.36569058357111
253.607,-2.98361466118953,-3,0,2.35644015331082
253.608,-2.98361466118953,-3,0,2.35558690445984
253.619,-2.98361466118953,-3,0,2.34611069803568
253.62,-2.98361466118953,-3,0,2.3452412876373
253.631,-2.98361466118953,-3,0,2.33559167466103
253.632,-2.98361466118953,-3,0,2.33470661772381
253.643,-2.98361466118953,-3,0,2.32488501069984
253.644,-2.98361466118953,-3,0,2.3239843211145
253.655,-2.98361466118953,-3,0,2.31399075814067
253.656,-2.98361466118953,-3,0,2.31307443628187
253.667,-2.98361466118953,-3,0,2.30290891838575
253.668,-2.98361466118953,-3,0,2.30197696426359
253.679,-2.98361466118953,-3,0,2.29163949147289
253.68,-2.98361466118953,-3,0,2.29069190508766
253.691,-2.98361466118953,-3,0,2.28018247740313
253.692,-2.98361466118953,-3,0,2.27921925875482
253.703,-2.98361466118953,-3,0,2.26853787617647
253.704,-2.98361466118953,-3,0,2.26755902526509
253.715,-2.98361466118953,-3,0,2.25670568779294
253.716,-2.98361466118953,-3,0,2.25571120461848
253.727,-2.98361466118953,-3,0,2.24468591225252
253.728,-2.98361466118953,-3,0,2.24367579681499
253.739,-2.98361466118953,-3,0,2.23247854955521
253.74,-2.98361466118953,-3,0,2.2314528018546
253.751,-2.98361466118953,-3,0,2.22008359970102
253.752,-2.98361466118953,-3,0,2.21904221973734
253.763,-2.98361466118953,-3,0,2.20750106268995
253.764,-2.98361466118953,-3,0,2.2064440504632
253.775,-2.98361466118953,-3,0,2.19473093852199
253.776,-2.98361466118953,-3,0,2.19365829403216
253.787,-2.98361466118953,-3,0,2.18177322719715
253.788,-2.98361466118953,-3,0,2.18068495044425
253.799,-2.98361466118953,-3,0,2.16862792871542
253.8,-2.98361466118953,-3,0,2.16752401969945
253.811,-2.98361466118953,-3,0,2.15529504307681
253.812,-2.98361466118953,-3,0,2.15417550179776
253.823,-2.98361466118953,-3,0,2.14177457028132
253.824,-2.98361466118953,-3,0,2.1406393967392
253.835,-2.98361466118953,-3,0,2.12806651032894
253.836,-2.98361466118953,-3,0,2.12691570452374
253.847,-2.98361466118953,-3,0,2.11417086321967
253.848,-2.98361466118953,-3,0,2.1130044251514
253.859,-2.98361466118953,-3,0,2.10008762895353
253.86,-2.98361466118953,-3,0,2.09890555862218
253.871,-2.98361466118953,-3,0,2.08581680753049
253.872,-2.98361466118953,-3,0,2.08461910493608
253.883,-2.98361466118953,-3,0,2.07135839895058
253.884,-2.98361466118953,-3,0,2.07014506409309
253.895,-2.98361466118953,-3,0,2.05671240321378
253.896,-2.98361466118953,-3,0,2.05548343609321
253.907,-2.98361466118953,-3,0,2.04187882032009
253.908,-2.98361466118953,-3,0,2.04063422093645
253.914,-2.98361466118953,-3,0,2.03313926817424
253.919,-2.9836198361072,-3,-0.00207139153022338,2.03313926817424
253.92,-2.9836221153276,-3,-0.00248717475529743,2.03313926817424
253.931,-2.98367491922437,-3,-0.00714549330437533,2.03313926817424
253.932,-2.98368228192468,-3,-0.00758031269929825,2.03313926817424
253.933,-2.9836900806845,-3,-0.00801763632166733,2.01266123932764
253.943,-2.98852509604598,-3,-0.888624761172614,2.32224190140599
253.944,-2.98942236911489,-3,-0.905952926833211,2.35616459967022
253.945,-2.99033010511079,-3,-0.909571642850888,2.38508892079423
253.949,-2.99387249634082,-3,-0.845152267887656,2.45438843423443
253.955,-2.99834093514411,-3,-0.647787075380215,2.45438843423443
253.956,-2.99897319989193,-3,-0.616828318218403,2.45438843423443
253.966,-3.00380149911745,-3,-0.379134766891369,2.40852021919253
253.967,-3.00417667670406,-3,-0.371255877818732,2.40852021919253
253.968,-3.00454408100533,-3,-0.363587389646851,2.40852021919253
253.979,-3.00812875747696,-3,-0.291837402374395,2.40852021919253
253.98,-3.00841783988016,-3,-0.286353858139861,2.40852021919253
253.991,-3.01127359950487,-3,-0.235689980881217,2.40852021919253
253.992,-3.01150737639395,-3,-0.231884269989228,2.40852021919253
253.996,-3.01240622822201,-3,-0.217852966331817,2.43376484577526
254.003,-3.01360944104868,-3,-0.127372358252443,2.43376484577526
254.004,-3.0137306736684,-3,-0.115118242759377,2.43376484577526
254.008,-3.01409524583357,-3,-0.0675341022926067,2.41227666169163
254.015,-3.01450041479513,-3,-0.048599921914437,2.41227666169163
254.016,-3.01454774570304,-3,-0.0460685519221608,2.41227666169163
254.027,-3.01491050643894,-3,-0.0205444480121299,2.41227666169163
254.028,-3.0149156563573,-3,0,2.4024569710624
254.032,-3.0149156563573,-3,0,2.39924082936185
254.04,-3.0149156563573,-3,0,2.4028678533482
254.051,-3.0149156563573,-3,0,2.41107810265103
254.052,-3.0149156563573,-3,0,2.41185029975424
254.063,-3.0149156563573,-3,0,2.42044145894147
254.064,-3.0149156563573,-3,0,2.42123009273525
254.075,-3.0149156563573,-3,0,2.42998383522627
254.076,-3.0149156563573,-3,0,2.43078675866282
254.087,-3.0149156563573,-3,0,2.43969719578963
254.088,-3.0149156563573,-3,0,2.44051435095913
254.099,-3.0149156563573,-3,0,2.44958132389355
254.1,-3.0149156563573,-3,0,2.45041270923407
254.111,-3.0149156563573,-3,0,2.45963621369221
254.112,-3.0149156563573,-3,0,2.46048182916163
254.123,-3.0149156563573,-3,0,2.46986186502795
254.124,-3.0149156563573,-3,0,2.47072171062512
254.135,-3.0149156563573,-3,0,2.4802582778965
254.136,-3.0149156563573,-3,0,2.4811323536214
254.147,-3.0149156563573,-3,0,2.49082545229777
254.148,-3.0149156563573,-3,0,2.49171375815039
254.159,-3.0149156563573,-3,0,2.50156338823173
254.16,-3.0149156563573,-3,0,2.50246592421208
254.171,-3.0149156563573,-3,0,2.5124720856984
254.172,-3.0149156563573,-3,0,2.51338885180648
254.183,-3.0149156563573,-3,0,2.52355154469778
254.184,-3.0149156563573,-3,0,2.52448254093357
254.195,-3.0149156563573,-3,0,2.53480176522985
254.196,-3.0149156563573,-3,0,2.53574699159337
254.207,-3.0149156563573,-3,0,2.54622274729463
254.208,-3.0149156563573,-3,0,2.54718220378588
254.219,-3.0149156563573,-3,0,2.55781449089211
254.22,-3.0149156563573,-3,0,2.55878817751108
254.231,-3.0149156563573,-3,0,2.56957699602229
254.232,-3.0149156563573,-3,0,2.57056491276899
254.243,-3.0149156563573,-3,0,2.58151026268518
254.244,-3.0149156563573,-3,0,2.5825124095596
254.255,-3.0149156563573,-3,0,2.59361429088076
254.256,-3.0149156563573,-3,0,2.59463066788291
254.267,-3.0149156563573,-3,0,2.60588908060906
254.268,-3.0149156563573,-3,0,2.60691968773893
254.279,-3.0149156563573,-3,0,2.61833463187005
254.28,-3.0149156563573,-3,0,2.61937946912765
254.291,-3.0149156563573,-3,0,2.63095094466375
254.292,-3.0149156563573,-3,0,2.63201001204907
254.303,-3.0149156563573,-3,0,2.64373801899015
254.304,-3.0149156563573,-3,0,2.6448113165032
254.315,-3.0149156563573,-3,0,2.65669585484925
254.316,-3.0149156563573,-3,0,2.65778338249002
254.327,-3.0149156563573,-3,0,2.66982445224105
254.328,-3.0149156563573,-3,0,2.67092621000955
254.339,-3.0149156563573,-3,0,2.68312381116556
254.34,-3.0149156563573,-3,0,2.68423979906178
254.351,-3.0149156563573,-3,0,2.69659393162277
254.352,-3.0149156563573,-3,0,2.69772414964672
254.363,-3.0149156563573,-3,0,2.71023481361268
254.364,-3.0149156563573,-3,0,2.71137926176436
254.375,-3.0149156563573,-3,0,2.7240464571353
254.376,-3.0149156563573,-3,0,2.7252051354147
254.387,-3.0149156563573,-3,0,2.73802886219061
254.388,-3.0149156563573,-3,0,2.73920177059774
254.399,-3.0149156563573,-3,0,2.75218202877864
254.4,-3.0149156563573,-3,0,2.75336916731349
254.402,-3.0149156563573,-3,0,2.75574700191513
254.411,-3.01491194997797,-3,0.000826089826458988,2.75574700191513
254.412,-3.01491107738676,-3,0.000919156719938808,2.75574700191513
254.423,-3.01489520899042,-3,0.00197882276719075,2.75574700191513
254.424,-3.01489317989051,-3,0.00207952616237567,2.7812364604298
254.435,-3.00945514535802,-3,0.911194332776312,2.4448948918528
254.436,-3.00853910358492,-3,0.920935211135895,2.41338415780657
254.44,-3.00494081781754,-3,0.862664941251048,2.33672164361389
254.447,-2.99966471490445,-3,0.649238779031785,2.33672164361389
254.448,-2.99902971940427,-3,0.620832634556044,2.33672164361389
254.456,-2.99492624595726,-3,0.409509230640265,2.36386946569882
254.459,-2.99375797883698,-3,0.369728984474494,2.36386946569882
254.46,-2.99339464424361,-3,0.356981540363212,2.36386946569882
254.467,-2.99119175058678,-3,0.274225427535719,2.38960036071504
254.471,-2.99009760054851,-3,0.273138010994702,2.38960036071504
254.472,-2.98982447330903,-3,0.273134093369085,2.38960036071504
254.477,-2.9884560191904,-3,0.274678041874887,2.36877786409101
254.483,-2.98694607015197,-3,0.229603933656588,2.36877786409101
254.484,-2.98671996268493,-3,0.222635427185319,2.36877786409101
254.495,-2.98465832860015,-3,0.15472345595425,2.36877786409101
254.496,-2.98450634812584,-3,0.149255041703453,2.36877786409101
254.507,-2.98317091300772,-3,0.0953377338552933,2.36877786409101
254.508,-2.98307778310305,-3,0.0909343354447344,2.36877786409101
254.519,-2.98232697855058,-3,0.0467968722470828,2.36877786409101
254.52,-2.98228202334565,-3,0.0431216683691394,2.36877786409101
254.527,-2.98207411618028,-3,0,2.35308310861503
254.532,-2.98207411618028,-3,0,2.35728429543005
254.543,-2.98207411618028,-3,0,2.34933041606367
254.544,-2.98207411618028,-3,0,2.34840120296501
254.555,-2.98207411618028,-3,0,2.33788790277231
254.556,-2.98207411618028,-3,0,2.33691826805447
254.567,-2.98207411618028,-3,0,2.32615288754245
254.568,-2.98207411618028,-3,0,2.32516552184774
254.579,-2.98207411618028,-3,0,2.31421029421862
254.58,-2.98207411618028,-3,0,2.31320580955525
254.591,-2.98207411618028,-3,0,2.30206241335257
254.592,-2.98207411618028,-3,0,2.30104082622752
254.603,-2.98207411618028,-3,0,2.28970930672466
254.604,-2.98207411618028,-3,0,2.28867061758316
254.615,-2.98207411618028,-3,0,2.27715097600123
254.616,-2.98207411618028,-3,0,2.27609518485529
254.627,-2.98207411618028,-3,0,2.26438742122722
254.628,-2.98207411618028,-3,0,2.26331452807716
254.639,-2.98207411618028,-3,0,2.25141864240384
254.64,-2.98207411618028,-3,0,2.25032864724967
254.651,-2.98207411618028,-3,0,2.23824463953113
254.652,-2.98207411618028,-3,0,2.23713754237285
254.663,-2.98207411618028,-3,0,2.22486541260909
254.664,-2.98207411618028,-3,0,2.22374121344669
254.675,-2.98207411618028,-3,0,2.21128096163771
254.676,-2.98207411618028,-3,0,2.2101396604712
254.687,-2.98207411618028,-3,0,2.197491286617
254.688,-2.98207411618028,-3,0,2.19633288344638
254.699,-2.98207411618028,-3,0,2.18349638754696
254.7,-2.98207411618028,-3,0,2.18232088237223
254.711,-2.98207411618028,-3,0,2.16929626442759
254.712,-2.98207411618028,-3,0,2.16810365724874
254.723,-2.98207411618028,-3,0,2.15489091725888
254.724,-2.98207411618028,-3,0,2.15368120807593
254.735,-2.98207411618028,-3,0,2.14028034604083
254.736,-2.98207411618028,-3,0,2.13905353485377
254.747,-2.98207411618028,-3,0,2.12546455077346
254.748,-2.98207411618028,-3,0,2.12422063758228
254.759,-2.98207411618028,-3,0,2.11044353145675
254.76,-2.98207411618028,-3,0,2.10918251626146
254.771,-2.98207411618028,-3,0,2.09521728809071
254.772,-2.98207411618028,-3,0,2.09393917089131
254.783,-2.98207411618028,-3,0,2.07978582067533
254.784,-2.98207411618028,-3,0,2.07849060147182
254.795,-2.98207411618028,-3,0,2.06414912921062
254.796,-2.98207411618028,-3,0,2.062836808003
254.807,-2.98207411618028,-3,0,2.04830721369658
254.808,-2.98207411618028,-3,0,2.04697779048485
254.819,-2.98207411618028,-3,0,2.0322600741332
254.82,-2.98207424993299,-3,-0.000267512802802808,2.0322600741332
254.831,-2.98209345253982,-3,-0.00323549655383253,2.0322600741332
254.832,-2.98209682516241,-3,-0.00350993437098826,2.0322600741332
254.836,-2.98211307826621,-3,-0.0046201979273345,2.0111364801347
254.843,-2.98420446182562,-3,-0.702380069397901,2.17737132733747
254.844,-2.98494525024153,-3,-0.77913088826312,2.22252700199575
254.848,-2.9884036230215,-3,-0.909331348401495,2.37221256562325
254.854,-2.99361011831952,-3,-0.797483294607297,2.46159214189216
254.855,-2.99438903941791,-3,-0.760463395298626,2.46159214189216
254.856,-2.99513125074838,-3,-0.724060425197828,2.46159214189216
254.866,-3.00073966264522,-3,-0.430177652690113,2.41353248716585
254.867,-3.00116405255777,-3,-0.418646132670657,2.41353248716585
254.868,-3.00157704170973,-3,-0.407375015537653,2.41353248716585
254.879,-3.00543651677327,-3,-0.298794616343676,2.41353248716585
254.88,-3.00573098567751,-3,-0.290174534266199,2.41353248716585
254.891,-3.00844537271051,-3,-0.20658770695515,2.41353248716585
254.892,-3.00864860402935,-3,-0.199897600078467,2.41353248716585
254.899,-3.00989294580387,-3,-0.15662262000225,2.39348128082654
254.903,-3.0105391976522,-3,-0.166611652514281,2.39348128082654
254.904,-3.0107071059735,-3,-0.169212018932409,2.39348128082654
254.91,-3.01177112991041,-3,-0.185729378625624,2.42109043164866
254.915,-3.01259795767716,-3,-0.145555527889888,2.42109043164866
254.916,-3.01273967781528,-3,-0.137904827262224,2.42109043164866
254.927,-3.01382135625904,-3,-0.0607414015374648,2.42109043164866
254.928,-3.01387885540507,-3,-0.0542698407347866,2.42109043164866
254.934,-3.01408241412501,-3,0,2.40699476515458
254.939,-3.01408241412501,-3,0,2.39939315905363
254.94,-3.01408241412501,-3,0,2.39926778802114
254.951,-3.01408241412501,-3,0,2.40473351894606
254.952,-3.01408241412501,-3,0,2.40541945647266
254.963,-3.01408241412501,-3,0,2.41322128685292
254.964,-3.01408241412501,-3,0,2.41394217966839
254.975,-3.01408241412501,-3,0,2.42195081984373
254.976,-3.01408241412501,-3,0,2.42268572827752
254.987,-3.01408241412501,-3,0,2.43084374740336
254.988,-3.01408241412501,-3,0,2.43159210667419
254.999,-3.01408241412501,-3,0,2.4398979557354
255,-3.01408241412501,-3,0,2.44065975061007
255.011,-3.01408241412501,-3,0,2.44911338782687
255.012,-3.01408241412501,-3,0,2.44988861789452
255.023,-3.01408241412501,-3,0,2.45849004214003
255.024,-3.01408241412501,-3,0,2.45927870738958
255.035,-3.01408241412501,-3,0,2.46802791863341
255.036,-3.01408241412501,-3,0,2.46883001906456
255.047,-3.01408241412501,-3,0,2.47772701730589
255.048,-3.01408241412501,-3,0,2.47854255291862
255.059,-3.01408241412501,-3,0,2.48758733815744
255.06,-3.01408241412501,-3,0,2.48841630895176
255.071,-3.01408241412501,-3,0,2.49760888118805
255.072,-3.01408241412501,-3,0,2.49845128716396
255.083,-3.01408241412501,-3,0,2.50779164639773
255.084,-3.01408241412501,-3,0,2.50864748755523
255.095,-3.01408241412501,-3,0,2.51813563378648
255.096,-3.01408241412501,-3,0,2.51900491012557
255.107,-3.01408241412501,-3,0,2.5286408433543
255.108,-3.01408241412501,-3,0,2.52952355487498
255.119,-3.01408241412501,-3,0,2.53930727510118
255.12,-3.01408241412501,-3,0,2.54020342180345
255.131,-3.01408241412501,-3,0,2.55013492902713
255.132,-3.01408241412501,-3,0,2.55104451091099
255.143,-3.01408241412501,-3,0,2.56112380513215
255.144,-3.01408241412501,-3,0,2.56204682219759
255.155,-3.01408241412501,-3,0,2.57227390341623
255.156,-3.01408241412501,-3,0,2.57321035566327
255.167,-3.01408241412501,-3,0,2.58358522387938
255.168,-3.01408241412501,-3,0,2.58453511130801
255.179,-3.01408241412501,-3,0,2.5950577665216
255.18,-3.01408241412501,-3,0,2.59602108913181
255.191,-3.01408241412501,-3,0,2.60669153134289
255.192,-3.01408241412501,-3,0,2.60766828913469
255.203,-3.01408241412501,-3,0,2.61848651834324
255.204,-3.01408241412501,-3,0,2.61947671131663
255.215,-3.01408241412501,-3,0,2.63044272752266
255.216,-3.01408241412501,-3,0,2.63144635567764
255.227,-3.01408241412501,-3,0,2.64256015888115
255.228,-3.01408241412501,-3,0,2.64357722221772
255.239,-3.01408241412501,-3,0,2.6548388124187
255.24,-3.01408241412501,-3,0,2.65586931093686
255.251,-3.01408241412501,-3,0,2.66727868813532
255.252,-3.01408241412501,-3,0,2.66832262183507
255.263,-3.01408241412501,-3,0,2.67987978603101
255.264,-3.01408241412501,-3,0,2.68093715491235
255.275,-3.01408241412501,-3,0,2.69264210610577
255.276,-3.01408241412501,-3,0,2.69371291016869
255.287,-3.01408241412501,-3,0,2.7055656483596
255.288,-3.01408241412501,-3,0,2.70664988760411
255.299,-3.01408241412501,-3,0,2.71865041279249
255.3,-3.01408241412501,-3,0,2.71974808721859
255.311,-3.01408241412501,-3,0,2.73189639940444
255.312,-3.01408241412501,-3,0,2.73300750901214
255.323,-3.01408241412501,-3,0,2.74530360819547
255.324,-3.01408241412501,-3,0,2.74642815298475
255.332,-3.01408241412501,-3,0,2.75546481684375
255.335,-3.01408086694876,-3,0.00103179201567558,2.75546481684375
255.336,-3.01407966288174,-3,0.00137643053889681,2.75546481684375
255.347,-3.01404342667226,-3,0.00524124734795805,2.75546481684375
255.348,-3.01403800458309,-3,0.00560332960023659,2.75546481684375
255.358,-3.01396332701659,-3,0.00938704281891044,2.78059579368408
255.359,-3.01394861782647,-3,0.0205467155399753,2.78059579368408
255.36,-3.01385212607758,-3,0.172227470595969,2.78059579368408
255.37,-3.00695536751971,-3,0.922745567313198,2.39381827062357
255.371,-3.0060377448346,-3,0.912573141900872,2.37079900641098
255.372,-3.00513476953225,-3,0.893462088660609,2.37079900641098
255.376,-3.00176495810727,-3,0.783137470071022,2.31851895341489
255.383,-2.99718156830559,-3,0.530918694549142,2.31851895341489
255.384,-2.996667652798,-3,0.496992795111854,2.35030963282651
255.389,-2.99443333529985,-3,0.398146092367628,2.37726943345477
255.395,-2.99217842298516,-3,0.354729581911836,2.37726943345477
255.396,-2.99182697653322,-3,0.348195180171949,2.37726943345477
255.407,-2.98834679945993,-3,0.287962783071305,2.37726943345477
255.408,-2.98806110344477,-3,0.283454033297676,2.37726943345477
255.412,-2.98696122485217,-3,0.266862619332073,2.35687582409303
255.419,-2.98538260255806,-3,0.185686903043769,2.35687582409303
255.42,-2.98520237420203,-3,0.174796844668824,2.35687582409303
255.431,-2.98390142329073,-3,0.0643823055077467,2.35687582409303
255.432,-2.98384170666827,-3,0.0550680432646699,2.38317219169002
255.443,-2.98313807887582,-3,0.0730810771652534,2.38317219169002
255.444,-2.98306414441782,-3,0.0747901725880008,2.38317219169002
255.448,-2.98275109652785,-3,0.0817747429231569,2.3612395890461
255.455,-2.9823518686353,-3,0.0329564677390072,2.3612395890461
255.456,-2.98232225171247,-3,0.0262887887428001,2.3612395890461
255.457,-2.98230017985456,-3,0,2.36217212742334
255.463,-2.98230017985456,-3,0,2.37008023256877
255.468,-2.98230017985456,-3,0,2.36749179592702
255.479,-2.98230017985456,-3,0,2.35771968866959
255.48,-2.98230017985456,-3,0,2.35677711148358
255.491,-2.98230017985456,-3,0,2.34627005451077
255.492,-2.98230017985456,-3,0,2.34530519009988
255.503,-2.98230017985456,-3,0,2.33459757055996
255.504,-2.98230017985456,-3,0,2.33361567414665
255.515,-2.98230017985456,-3,0,2.32272190544037
255.516,-2.98230017985456,-3,0,2.32172311876762
255.527,-2.98230017985456,-3,0,2.31064358965084
255.528,-2.98230017985456,-3,0,2.30962791654171
255.539,-2.98230017985456,-3,0,2.29836263749988
255.54,-2.98230017985456,-3,0,2.2973300780575
255.551,-2.98230017985456,-3,0,2.28587904937342
255.552,-2.98230017985456,-3,0,2.28482960360056
255.563,-2.98230017985456,-3,0,2.27319282528187
255.564,-2.98230017985456,-3,0,2.27212649317861
255.575,-2.98230017985456,-3,0,2.26030396522552
255.576,-2.98230017985456,-3,0,2.25922074679185
255.587,-2.98230017985456,-3,0,2.24721246920436
255.588,-2.98230017985456,-3,0,2.2461123644403
255.599,-2.98230017985456,-3,0,2.2339183372184
255.6,-2.98230017985456,-3,0,2.23280134612394
255.611,-2.98230017985456,-3,0,2.22042156926764
255.612,-2.98230017985456,-3,0,2.21928769184278
255.623,-2.98230017985456,-3,0,2.20672216535208
255.624,-2.98230017985456,-3,0,2.20557140159682
255.635,-2.98230017985456,-3,0,2.19282012547173
255.636,-2.98230017985456,-3,0,2.19165247538606
255.647,-2.98230017985456,-3,0,2.17871544962657
255.648,-2.98230017985456,-3,0,2.1775309132105
255.659,-2.98230017985456,-3,0,2.16440813781661
255.66,-2.98230017985456,-3,0,2.16320671507014
255.671,-2.98230017985456,-3,0,2.14989819004184
255.672,-2.98230017985456,-3,0,2.14867988096498
255.683,-2.98230017985456,-3,0,2.13518560630228
255.684,-2.98230017985456,-3,0,2.13395041089502
255.695,-2.98230017985456,-3,0,2.12027038659792
255.696,-2.98230017985456,-3,0,2.11901830486025
255.707,-2.98230017985456,-3,0,2.10515253092875
255.708,-2.98230017985456,-3,0,2.10388356286069
255.719,-2.98230017985456,-3,0,2.08983203929478
255.72,-2.98230017985456,-3,0,2.08854618489632
255.731,-2.98230017985456,-3,0,2.07430891169602
255.732,-2.98230017985456,-3,0,2.07300617096715
255.743,-2.98230017985456,-3,0,2.05858314813245
255.744,-2.98230017985456,-3,0,2.05726352107319
255.755,-2.98230017985456,-3,0,2.04265474860408
255.756,-2.98230017985456,-3,0,2.04131823521442
255.763,-2.98230017985456,-3,0,2.03192324004917
255.767,-2.98230403138249,-3,-0.00192661219252867,2.03192324004917
255.768,-2.98230619935812,-3,-0.00240945845079576,2.03192324004917
255.779,-2.98236221252699,-3,-0.0078086576999122,2.03192324004917
255.78,-2.98237027248298,-3,-0.00831169807764697,2.03192324004917
255.781,-2.98237883683846,-3,-0.00881748443386111,2.01128182797866
255.791,-2.98732345319783,-3,-0.894033702558977,2.32475038353249
255.792,-2.98822537174456,-3,-0.909837502481519,2.35815717104691
255.793,-2.98913633905421,-3,-0.912151844901473,2.38652742842863
255.797,-2.99268145069045,-3,-0.844403180256508,2.45370315213264
255.803,-2.997142116701,-3,-0.645951991246938,2.45370315213264
255.804,-2.99777245757092,-3,-0.61481578579969,2.45370315213264
255.813,-3.00221447980143,-3,-0.396068000206746,2.40947152695927
255.815,-3.00298865032113,-3,-0.378253454964653,2.40947152695927
255.816,-3.00336259906232,-3,-0.369680429374038,2.40947152695927
255.827,-3.00696189230943,-3,-0.288561618013825,2.40947152695927
255.828,-3.00724729381556,-3,-0.282268783965184,2.40947152695927
255.839,-3.01001031571817,-3,-0.222985052918749,2.40947152695927
255.84,-3.01023100422382,-3,-0.218412697560971,2.40947152695927
255.851,-3.01238633782177,-3,-0.17566082947587,2.40947152695927
255.852,-3.01256035865897,-3,-0.172396698420764,2.40947152695927
255.856,-3.01322519365189,-3,-0.160261086285325,2.43457443809749
255.863,-3.01403559949247,-3,-0.0725276968145969,2.43457443809749
255.864,-3.01410213629914,-3,-0.0605673073984976,2.43457443809749
255.87,-3.01429549172698,-3,0,2.4035751975315
255.875,-3.01429549172698,-3,0,2.3950425853578
255.876,-3.01429549172698,-3,0,2.39484364241432
255.887,-3.01429549172698,-3,0,2.40004896157606
255.888,-3.01429549172698,-3,0,2.40072607770927
255.899,-3.01429549172698,-3,0,2.40844676495023
255.9,-3.01429549172698,-3,0,2.40916078061398
255.911,-3.01429549172698,-3,0,2.41709528867015
255.912,-3.01429549172698,-3,0,2.41782357019351
255.923,-3.01429549172698,-3,0,2.42590982211706
255.924,-3.01429549172698,-3,0,2.42665175902845
255.935,-3.01429549172698,-3,0,2.43488808049032
255.936,-3.01429549172698,-3,0,2.43564365632419
255.947,-3.01429549172698,-3,0,2.44403000216465
255.948,-3.01429549172698,-3,0,2.44479921647691
255.959,-3.01429549172698,-3,0,2.45333558547793
255.96,-3.01429549172698,-3,0,2.45411843825659
255.971,-3.01429549172698,-3,0,2.46280483038531
255.972,-3.01429549172698,-3,0,2.46360132163005
255.983,-3.01429549172698,-3,0,2.47243773688559
255.984,-3.01429549172698,-3,0,2.4732478665964
255.995,-3.01429549172698,-3,0,2.48223430497873
255.996,-3.01429549172698,-3,0,2.48305807315561
256.007,-3.01429549172698,-3,0,2.49219453466473
256.008,-3.01429549172698,-3,0,2.49303194130769
256.019,-3.01429549172698,-3,0,2.5023184259436
256.02,-3.01429549172698,-3,0,2.50316947105263
256.031,-3.01429549172698,-3,0,2.51260597881533
256.032,-3.01429549172698,-3,0,2.51347066239043
256.043,-3.01429549172698,-3,0,2.52305719327993
256.044,-3.01429549172698,-3,0,2.5239355153211
256.055,-3.01429549172698,-3,0,2.53367206933738
256.056,-3.01429549172698,-3,0,2.53456402984463
256.067,-3.01429549172698,-3,0,2.5444506069877
256.068,-3.01429549172698,-3,0,2.54535620596102
256.079,-3.01429549172698,-3,0,2.55539280623089
256.08,-3.01429549172698,-3,0,2.55631204367028
256.091,-3.01429549172698,-3,0,2.56649866706694
256.092,-3.01429549172698,-3,0,2.5674315429724
256.103,-3.01429549172698,-3,0,2.57776818949585
256.104,-3.01429549172698,-3,0,2.57871470386738
256.115,-3.01429549172698,-3,0,2.58920137351762
256.116,-3.01429549172698,-3,0,2.59016152635523
256.127,-3.01429549172698,-3,0,2.60079821913226
256.128,-3.01429549172698,-3,0,2.60177201043594
256.139,-3.01429549172698,-3,0,2.61255872633976
256.14,-3.01429549172698,-3,0,2.61354615610951
256.151,-3.01429549172698,-3,0,2.62448289514013
256.152,-3.01429549172698,-3,0,2.62548396337594
256.163,-3.01429549172698,-3,0,2.63657072553335
256.164,-3.01429549172698,-3,0,2.63758543223524
256.175,-3.01429549172698,-3,0,2.64882221751944
256.176,-3.01429549172698,-3,0,2.64985056268741
256.187,-3.01429549172698,-3,0,2.6612373710984
256.188,-3.01429549172698,-3,0,2.66227935473243
256.199,-3.01429549172698,-3,0,2.67381618627022
256.2,-3.01429549172698,-3,0,2.67487180837032
256.211,-3.01429549172698,-3,0,2.6865586630349
256.212,-3.01429549172698,-3,0,2.68762792360108
256.223,-3.01429549172698,-3,0,2.69946480139244
256.224,-3.01429549172698,-3,0,2.70054770042469
256.235,-3.01429549172698,-3,0,2.71253460134285
256.236,-3.01429549172698,-3,0,2.71363113884117
256.247,-3.01429549172698,-3,0,2.72576806288612
256.248,-3.01429549172698,-3,0,2.72687823885051
256.259,-3.01429549172698,-3,0,2.73916518602225
256.26,-3.01429549172698,-3,0,2.74028900045272
256.271,-3.01429549172698,-3,0,2.75272597075125
256.272,-3.01429549172698,-3,0,2.75386342364779
256.273,-3.01429549172698,-3,0,2.75500201308317
256.283,-3.01429242589082,-3,0.000615418733704209,2.75500201308317
256.284,-3.01429177920381,-3,0.000678002811856236,2.75500201308317
256.295,-3.01428044266824,-3,0.00139234201479125,2.75500201308317
256.296,-3.01427901635871,-3,0.00146038186059782,2.78080265935766
256.307,-3.00887813409528,-3,0.909776749760378,2.44525201722896
256.308,-3.00796331832625,-3,0.919900185560193,2.41355008023449
256.312,-3.00436731125537,-3,0.862420321787959,2.3362041255746
256.319,-2.99909278413469,-3,0.649032239172323,2.3362041255746
256.32,-2.99845799266735,-3,0.620631091145587,2.3362041255746
256.328,-2.99435598192181,-3,0.409344070379437,2.36226087446897
256.331,-2.99319018139413,-3,0.368254793177992,2.36226087446897
256.332,-2.99282853620984,-3,0.355077410204007,2.36226087446897
256.338,-2.99092448109065,-3,0.280969591921884,2.38761103894794
256.343,-2.98953296028176,-3,0.276121643335341,2.38761103894794
256.344,-2.98925716121318,-3,0.275495170215549,2.38761103894794
256.349,-2.9878845237216,-3,0.274013005632555,2.36569147187912
256.355,-2.98639710744249,-3,0.222801340333092,2.36569147187912
256.356,-2.98617830291842,-3,0.214833079113739,2.36569147187912
256.367,-2.98426185459424,-3,0.136192835288051,2.36569147187912
256.368,-2.98412888543438,-3,0.1297631768361,2.36569147187912
256.379,-2.98306606653283,-3,0.0652362320804793,2.36569147187912
256.38,-2.9830035263877,-3,0.0598557447473151,2.36569147187912
256.388,-2.98269314007606,-3,0,2.37061665542557
256.391,-2.98269314007606,-3,0,2.37633284445655
256.392,-2.98269314007606,-3,0,2.37692481769296
256.393,-2.98269314007606,-3,0,2.37712892533962
256.403,-2.98269314007606,-3,0,2.37107034750383
256.404,-2.98269314007606,-3,0,2.3701993017399
256.415,-2.98269314007606,-3,0,2.360195896432
256.416,-2.98269314007606,-3,0,2.35926932427709
256.427,-2.98269314007606,-3,0,2.34897728762576
256.428,-2.98269314007606,-3,0,2.3480331517351
256.439,-2.98269314007606,-3,0,2.33755660320808
256.44,-2.98269314007606,-3,0,2.33659592750406
256.451,-2.98269314007606,-3,0,2.32593767539423
256.452,-2.98269314007606,-3,0,2.32496048749392
256.463,-2.98269314007606,-3,0,2.31412060754608
256.464,-2.98269314007606,-3,0,2.31312690819436
256.475,-2.98269314007606,-3,0,2.30210540245149
256.476,-2.98269314007606,-3,0,2.30109519166845
256.487,-2.98269314007606,-3,0,2.28989206018564
256.488,-2.98269314007606,-3,0,2.28886533797182
256.499,-2.98269314007606,-3,0,2.27748058075058
256.5,-2.98269314007606,-3,0,2.276437347106
256.511,-2.98269314007606,-3,0,2.26487096414635
256.512,-2.98269314007606,-3,0,2.263811219071
256.523,-2.98269314007606,-3,0,2.25206321037295
256.524,-2.98269314007606,-3,0,2.25098695386684
256.535,-2.98269314007606,-3,0,2.23905731943039
256.536,-2.98269314007606,-3,0,2.23796455149351
256.547,-2.98269314007606,-3,0,2.22585329131866
256.548,-2.98269314007606,-3,0,2.22474401195102
256.559,-2.98269314007606,-3,0,2.21245112603776
256.56,-2.98269314007606,-3,0,2.21132533523936
256.571,-2.98269314007606,-3,0,2.1988508235877
256.572,-2.98269314007606,-3,0,2.19770852135853
256.583,-2.98269314007606,-3,0,2.18505238396847
256.584,-2.98269314007606,-3,0,2.18389357030854
256.595,-2.98269314007606,-3,0,2.17105580718008
256.596,-2.98269314007606,-3,0,2.16988048208938
256.607,-2.98269314007606,-3,0,2.15686109322252
256.608,-2.98269314007606,-3,0,2.15566925670106
256.619,-2.98269314007606,-3,0,2.1424682420958
256.62,-2.98269314007606,-3,0,2.14125989414357
256.631,-2.98269314007606,-3,0,2.1278772537999
256.632,-2.98269314007606,-3,0,2.12665239441692
256.643,-2.98269314007606,-3,0,2.11308812833485
256.644,-2.98269314007606,-3,0,2.1118467575211
256.655,-2.98269314007606,-3,0,2.09810086570063
256.656,-2.98269314007606,-3,0,2.09684298345611
256.667,-2.98269314007606,-3,0,2.08291546589724
256.668,-2.98269314007606,-3,0,2.08164107222196
256.679,-2.98269314007606,-3,0,2.06753192892469
256.68,-2.98269314007606,-3,0,2.06624102381865
256.691,-2.98269314007606,-3,0,2.05195025478297
256.692,-2.98269314007606,-3,0,2.05064283824617
256.703,-2.98269314007606,-3,0,2.03617044347209
256.704,-2.98269314007606,-3,0,2.03484651550452
256.706,-2.98269314007606,-3,0,2.03219453171169
256.715,-2.98271339807166,-3,-0.00451181086045835,2.03219453171169
256.716,-2.98271816302583,-3,-0.00501835984489489,2.03219453171169
256.724,-2.98277471534597,-3,-0.0091446207726619,2.01205500911351
256.727,-2.98306791757955,-3,-0.287392031134585,2.03781592384893
256.728,-2.98342397444929,-3,-0.424545622881143,2.07017379178776
256.736,-2.98949118298962,-3,-0.908952464031796,2.38514320699877
256.738,-2.9912927170007,-3,-0.892859429840705,2.42758023450764
256.739,-2.99217312714583,-3,-0.868053910362942,2.42758023450764
256.74,-2.99302900849309,-3,-0.843799417650134,2.45311797160415
256.751,-3.00035335204378,-3,-0.498621413433181,2.45311797160415
256.752,-3.00083773478705,-3,-0.470216522472666,2.42921181175702
256.757,-3.00296575794748,-3,-0.382313345004147,2.4069394064624
256.763,-3.00512867338454,-3,-0.339859037875197,2.4069394064624
256.764,-3.00546531910551,-3,-0.333463242517218,2.4069394064624
256.775,-3.00879032175629,-3,-0.27436335657334,2.4069394064624
256.776,-3.00906245304698,-3,-0.269923080571083,2.4069394064624
256.785,-3.01133127196818,-3,-0.236006932901192,2.43281260857041
256.787,-3.01177603970156,-3,-0.208895984433824,2.43281260857041
256.788,-3.01197829051718,-3,-0.195637709384016,2.43281260857041
256.797,-3.01322711863429,-3,-0.0840409528216018,2.41235847488122
256.799,-3.01338852117057,-3,-0.0774013167135696,2.41235847488122
256.8,-3.01346430164451,-3,-0.0741691226549126,2.41235847488122
256.811,-3.01409776761577,-3,-0.0419594097779023,2.41235847488122
256.812,-3.01413839179791,-3,-0.0392953709232392,2.41235847488122
256.82,-3.01436542596165,-3,0,2.40184161927307
256.823,-3.01436542596165,-3,0,2.39771131681823
256.824,-3.01436542596165,-3,0,2.39730663728699
256.825,-3.01436542596165,-3,0,2.39718907478195
256.835,-3.01436542596165,-3,0,2.40201343913965
256.836,-3.01436542596165,-3,0,2.40269277783093
256.847,-3.01436542596165,-3,0,2.41048586436891
256.848,-3.01436542596165,-3,0,2.4112077765505
256.859,-3.01436542596165,-3,0,2.4192307966961
256.86,-3.01436542596165,-3,0,2.41996719269486
256.871,-3.01436542596165,-3,0,2.42814310542456
256.872,-3.01436542596165,-3,0,2.42889322761053
256.883,-3.01436542596165,-3,0,2.43721995498674
256.884,-3.01436542596165,-3,0,2.43798378292526
256.895,-3.01436542596165,-3,0,2.44646126890219
256.896,-3.01436542596165,-3,0,2.44723880204209
256.907,-3.01436542596165,-3,0,2.45586704510808
256.908,-3.01436542596165,-3,0,2.4566582834345
256.919,-3.01436542596165,-3,0,2.46543728354878
256.92,-3.01436542596165,-3,0,2.46624222706131
256.931,-3.01436542596165,-3,0,2.47517198422278
256.932,-3.01436542596165,-3,0,2.47599063292143
256.943,-3.01436542596165,-3,0,2.48507114713006
256.944,-3.01436542596165,-3,0,2.4859035010148
256.955,-3.01436542596165,-3,0,2.4951347722706
256.956,-3.01436542596165,-3,0,2.49598083134145
256.967,-3.01436542596165,-3,0,2.5053628596444
256.968,-3.01436542596165,-3,0,2.50622262390136
256.979,-3.01436542596165,-3,0,2.51575540925147
256.98,-3.01436542596165,-3,0,2.51662887869453
256.991,-3.01436542596165,-3,0,2.5263124210918
256.992,-3.01436542596165,-3,0,2.52719959572097
257.003,-3.01436542596165,-3,0,2.5370338951654
257.004,-3.01436542596165,-3,0,2.53793477498068
257.015,-3.01436542596165,-3,0,2.54791983147227
257.016,-3.01436542596165,-3,0,2.54883441647365
257.027,-3.01436542596165,-3,0,2.5589702300124
257.028,-3.01436542596165,-3,0,2.55989852019988
257.039,-3.01436542596165,-3,0,2.5701850907858
257.04,-3.01436542596165,-3,0,2.57112708615939
257.051,-3.01436542596165,-3,0,2.58156441379246
257.052,-3.01436542596165,-3,0,2.58252011435215
257.063,-3.01436542596165,-3,0,2.59310819903238
257.064,-3.01436542596165,-3,0,2.59407760477819
257.075,-3.01436542596165,-3,0,2.60481644650558
257.076,-3.01436542596165,-3,0,2.60579955743748
257.087,-3.01436542596165,-3,0,2.61668915621203
257.088,-3.01436542596165,-3,0,2.61768597233005
257.099,-3.01436542596165,-3,0,2.62872632815176
257.1,-3.01436542596165,-3,0,2.62973684945587
257.111,-3.01436542596165,-3,0,2.64092796232474
257.112,-3.01436542596165,-3,0,2.64195218881497
257.123,-3.01436542596165,-3,0,2.653294058731
257.124,-3.01436542596165,-3,0,2.65433199040733
257.135,-3.01436542596165,-3,0,2.66582461737052
257.136,-3.01436542596165,-3,0,2.66687625423295
257.147,-3.01436542596165,-3,0,2.6785196382433
257.148,-3.01436542596165,-3,0,2.67958498029184
257.159,-3.01436542596165,-3,0,2.69137912134935
257.16,-3.01436542596165,-3,0,2.69245816858399
257.171,-3.01436542596165,-3,0,2.70440306668866
257.172,-3.01436542596165,-3,0,2.70549581910941
257.183,-3.01436542596165,-3,0,2.71759147426124
257.184,-3.01436542596165,-3,0,2.7186979318681
257.195,-3.01436542596165,-3,0,2.73094434406709
257.196,-3.01436542596165,-3,0,2.73206450686005
257.207,-3.01436542596165,-3,0,2.7444616761062
257.208,-3.01436542596165,-3,0,2.74559554408526
257.217,-3.01436542596165,-3,0,2.75585175034476
257.219,-3.01436467267568,-3,0.000753396722305692,2.75585175034476
257.22,-3.01436373075671,-3,0.00113051046128725,2.75585175034476
257.231,-3.01432825373073,-3,0.00534852071702536,2.75585175034476
257.232,-3.01432270831784,-3,0.00574271273640351,2.75585175034476
257.243,-3.01423494498454,-3,0.0102851655806652,2.75585175034476
257.244,-3.01422444198414,-3,0.0107216073737141,2.78168576887181
257.255,-3.0079763731923,-3,0.925794474697655,2.41747060961629
257.256,-3.00705109099513,-3,0.924831162979022,2.39007015611508
257.259,-3.00434660414701,-3,0.872832261065985,2.33718135962439
257.267,-2.99834366708957,-3,0.633642424564613,2.33718135962439
257.268,-2.99772386008784,-3,0.60604991000923,2.33718135962439
257.276,-2.99371379417967,-3,0.400825184491488,2.36237856068648
257.279,-2.99257192874851,-3,0.360807867052829,2.36237856068648
257.28,-2.99221755725757,-3,0.347976001302815,2.36237856068648
257.287,-2.99007996029137,-3,0.264552244463845,2.38778678520907
257.291,-2.98902638849383,-3,0.262516956911652,2.38778678520907
257.292,-2.98876400311042,-3,0.262271083673543,2.38778678520907
257.298,-2.98719020512576,-3,0.262931726364777,2.36472168933597
257.303,-2.98598560430372,-3,0.219602759986008,2.36472168933597
257.304,-2.98577010542872,-3,0.211420452419284,2.36472168933597
257.315,-2.98390406935837,-3,0.130440509704169,2.36472168933597
257.316,-2.98377695922691,-3,0.123797373100317,2.36472168933597
257.327,-2.98279284516057,-3,0.0568740303053094,2.36472168933597
257.328,-2.98273877920461,-3,0.0512693441341465,2.36472168933597
257.334,-2.98253286442227,-3,0,2.37227206849479
257.339,-2.98253286442227,-3,0,2.37901430412058
257.34,-2.98253286442227,-3,0,2.37894463633241
257.351,-2.98253286442227,-3,0,2.37120693580128
257.352,-2.98253286442227,-3,0,2.37030991158806
257.363,-2.98253286442227,-3,0,2.36016543322772
257.364,-2.98253286442227,-3,0,2.35922987882309
257.375,-2.98253286442227,-3,0,2.34884212165841
257.376,-2.98253286442227,-3,0,2.3478893131516
257.387,-2.98253286442227,-3,0,2.33731663071639
257.388,-2.98253286442227,-3,0,2.33634714196252
257.399,-2.98253286442227,-3,0,2.32559110815854
257.4,-2.98253286442227,-3,0,2.32460495463553
257.411,-2.98253286442227,-3,0,2.3136656119138
257.412,-2.98253286442227,-3,0,2.31266279403913
257.423,-2.98253286442227,-3,0,2.30154014354462
257.424,-2.98253286442227,-3,0,2.30052066132954
257.435,-2.98253286442227,-3,0,2.28921470309314
257.436,-2.98253286442227,-3,0,2.28817855653796
257.447,-2.98253286442227,-3,0,2.2766892905605
257.448,-2.98253286442227,-3,0,2.27563647966523
257.459,-2.98253286442227,-3,0,2.26396390594674
257.46,-2.98253286442227,-3,0,2.26289443071137
257.471,-2.98253286442227,-3,0,2.25103854925184
257.472,-2.98253286442227,-3,0,2.24995240967638
257.483,-2.98253286442227,-3,0,2.23791322047581
257.484,-2.98253286442227,-3,0,2.23681041656026
257.495,-2.98253286442227,-3,0,2.22458791961866
257.496,-2.98253286442227,-3,0,2.22346845136301
257.507,-2.98253286442227,-3,0,2.21106264668038
257.508,-2.98253286442227,-3,0,2.20992651408463
257.519,-2.98253286442227,-3,0,2.19733740166096
257.52,-2.98253286442227,-3,0,2.19618460472512
257.531,-2.98253286442227,-3,0,2.18341218456041
257.532,-2.98253286442227,-3,0,2.18224272328448
257.543,-2.98253286442227,-3,0,2.16928699537874
257.544,-2.98253286442227,-3,0,2.16810086976272
257.555,-2.98253286442227,-3,0,2.15496183411594
257.556,-2.98253286442227,-3,0,2.15375904415982
257.567,-2.98253286442227,-3,0,2.14043670077201
257.568,-2.98253286442227,-3,0,2.1392172464758
257.579,-2.98253286442227,-3,0,2.12571159534695
257.58,-2.98253286442227,-3,0,2.12447547671064
257.591,-2.98253286442227,-3,0,2.11078651784076
257.592,-2.98253286442227,-3,0,2.10953373486436
257.603,-2.98253286442227,-3,0,2.09566146825344
257.604,-2.98253286442227,-3,0,2.09439202093694
257.615,-2.98253286442227,-3,0,2.08033644658499
257.616,-2.98253286442227,-3,0,2.0790503349284
257.627,-2.98253286442227,-3,0,2.06481145283541
257.628,-2.98253286442227,-3,0,2.06350867683873
257.639,-2.98253286442227,-3,0,2.04908648700471
257.64,-2.98253286442227,-3,0,2.04776704666793
257.651,-2.98253286442227,-3,0,2.03316154909287
257.652,-2.98253288793993,-3,-4.70366113955108e-05,2.03316154909287
257.663,-2.98253626432538,-3,-0.000568896349340064,2.03316154909287
257.664,-2.98253685733264,-3,-0.000617150853069506,2.03316154909287
257.667,-2.98253892734953,-3,-0.000763202501454208,2.0119329503818
257.675,-2.9849964831727,-3,-0.740996461458279,2.20129778041651
257.676,-2.98577094683145,-3,-0.807881529718638,2.24552517436105
257.68,-2.98927532360651,-3,-0.906004225668612,2.38616044178455
257.684,-2.99279803988913,-3,-0.8394327696126,2.45305453447144
257.687,-2.99516381586367,-3,-0.7386517060887,2.45305453447144
257.688,-2.99588620877492,-3,-0.706228098872523,2.45305453447144
257.696,-3.00055191662793,-3,-0.465406388793803,2.42766881117055
257.699,-3.00186936690844,-3,-0.413374133075595,2.42766881117055
257.7,-3.00227435623267,-3,-0.396654761384476,2.42766881117055
257.701,-3.00266277540838,-3,-0.380232327786287,2.40558339974147
257.711,-3.00613643629219,-3,-0.317630223152351,2.40558339974147
257.712,-3.00645141749963,-3,-0.312360005284426,2.40558339974147
257.723,-3.00960821959493,-3,-0.264585834826279,2.40558339974147
257.724,-3.00987104803478,-3,-0.261092933453685,2.40558339974147
257.726,-3.01038655086438,-3,-0.254495022124807,2.43082151685407
257.735,-3.01215548443708,-3,-0.14108950295886,2.43082151685407
257.736,-3.0122906925832,-3,-0.129352316328016,2.43082151685407
257.74,-3.01271635426056,-3,-0.0838487185977483,2.40791134098265
257.747,-3.01326273284611,-3,-0.0726173102053285,2.40791134098265
257.748,-3.01333462930861,-3,-0.0711822831607533,2.40791134098265
257.759,-3.01404028704763,-3,-0.0578267151527805,2.40791134098265
257.76,-3.01409760457288,-3,-0.0568134634802218,2.40791134098265
257.771,-3.01466855996565,-3,-0.0475448937753942,2.40791134098265
257.772,-3.01471575963099,-3,-0.0468584477313284,2.40791134098265
257.782,-3.01515441039353,-3,-0.0412333282263255,2.43372087392851
257.783,-3.01519017515004,-3,-0.030314089051446,2.43372087392851
257.784,-3.0152141671204,-3,0,2.43343940478793
257.79,-3.0152141671204,-3,0,2.42582771671113
257.796,-3.0152141671204,-3,0,2.42849932046872
257.807,-3.0152141671204,-3,0,2.43681829927802
257.808,-3.0152141671204,-3,0,2.437612715513
257.819,-3.0152141671204,-3,0,2.4464620630464
257.82,-3.0152141671204,-3,0,2.4472746397505
257.831,-3.0152141671204,-3,0,2.45629364997397
257.832,-3.0152141671204,-3,0,2.45712083992408
257.843,-3.0152141671204,-3,0,2.46629978393482
257.844,-3.0152141671204,-3,0,2.46714149145582
257.855,-3.0152141671204,-3,0,2.47648010684748
257.856,-3.0152141671204,-3,0,2.47733632935885
257.867,-3.0152141671204,-3,0,2.48683460905385
257.868,-3.0152141671204,-3,0,2.48770534648598
257.879,-3.0152141671204,-3,0,2.49736329029343
257.88,-3.0152141671204,-3,0,2.49824854264444
257.891,-3.0152141671204,-3,0,2.50806615055918
257.892,-3.0152141671204,-3,0,2.50896591782903
257.903,-3.0152141671204,-3,0,2.51894318985093
257.904,-3.0152141671204,-3,0,2.51985747203961
257.915,-3.0152141671204,-3,0,2.52999440816867
257.916,-3.0152141671204,-3,0,2.53092320527618
257.927,-3.0152141671204,-3,0,2.5412198055124
257.928,-3.0152141671204,-3,0,2.54216311753874
257.939,-3.0152141671204,-3,0,2.55261938188211
257.94,-3.0152141671204,-3,0,2.55357720882729
257.951,-3.0152141671204,-3,0,2.56419313727781
257.952,-3.0152141671204,-3,0,2.56516547914182
257.963,-3.0152141671204,-3,0,2.5759410716995
257.964,-3.0152141671204,-3,0,2.57692792848234
257.975,-3.0152141671204,-3,0,2.58786318514717
257.976,-3.0152141671204,-3,0,2.58886455684885
257.987,-3.0152141671204,-3,0,2.59995947762084
257.988,-3.0152141671204,-3,0,2.60097536424134
257.999,-3.0152141671204,-3,0,2.61222994912048
258,-3.0152141671204,-3,0,2.61326035065982
258.011,-3.0152141671204,-3,0,2.62467459964612
258.012,-3.0152141671204,-3,0,2.62571951610429
258.023,-3.0152141671204,-3,0,2.63729342919774
258.024,-3.0152141671204,-3,0,2.63835286057475
258.035,-3.0152141671204,-3,0,2.65008643777535
258.036,-3.0152141671204,-3,0,2.65116038407119
258.047,-3.0152141671204,-3,0,2.66305362537895
258.048,-3.0152141671204,-3,0,2.66414208659362
258.059,-3.0152141671204,-3,0,2.67619499200854
258.06,-3.0152141671204,-3,0,2.67729796814204
258.071,-3.0152141671204,-3,0,2.68951053766411
258.072,-3.0152141671204,-3,0,2.69062802871644
258.083,-3.0152141671204,-3,0,2.70300026234567
258.084,-3.0152141671204,-3,0,2.70413226831683
258.095,-3.0152141671204,-3,0,2.71666416605321
258.096,-3.0152141671204,-3,0,2.71781068694321
258.107,-3.0152141671204,-3,0,2.73050224878675
258.108,-3.0152141671204,-3,0,2.73166328459558
258.119,-3.0152141671204,-3,0,2.74451451054627
258.12,-3.0152141671204,-3,0,2.74569006127393
258.129,-3.0152141671204,-3,0,2.7563244487685
258.131,-3.01521377725603,-3,0.000389921671926943,2.7563244487685
258.132,-3.01521328976439,-3,0.000585097434627029,2.7563244487685
258.143,-3.01519492860594,-3,0.0027681257811094,2.7563244487685
258.144,-3.01519205857941,-3,0.00297213820915888,2.7563244487685
258.152,-3.01516160517129,-3,0.00465911099208622,2.7817112059682
258.155,-3.01492984415829,-3,0.254984445044621,2.7610159021544
258.156,-3.01460409418029,-3,0.396337765982708,2.73044995522724
258.164,-3.00858891089041,-3,0.922024459407779,2.40768305507478
258.166,-3.00676018729925,-3,0.901821470957429,2.36210548256799
258.167,-3.00586982782228,-3,0.878986394763727,2.36210548256799
258.168,-3.00500203885231,-3,0.85667830082234,2.33507172731494
258.179,-2.99745755729123,-3,0.525435600859259,2.33507172731494
258.18,-2.99694576688999,-3,0.498216195931482,2.33507172731494
258.183,-2.99557081237762,-3,0.419018399147942,2.36429648656728
258.191,-2.99263813587341,-3,0.316810397683093,2.36429648656728
258.192,-2.99232719631061,-3,0.305105254988729,2.36429648656728
258.193,-2.99202785335844,-3,0.293616131720531,2.38940600117103
258.202,-2.98941366355609,-3,0.288891736491621,2.38940600117103
258.203,-2.98912475671118,-3,0.288940526314317,2.36896930139125
258.204,-2.98883994011769,-3,0.280722612869783,2.36896930139125
258.215,-2.98620709724909,-3,0.201077086783876,2.36896930139125
258.216,-2.9860092157091,-3,0.194707762560198,2.36896930139125
258.227,-2.98422230528659,-3,0.132420185486159,2.36896930139125
258.228,-2.984092411276,-3,0.127383355060331,2.36896930139125
258.239,-2.98297433978312,-3,0.0774729195599759,2.36896930139125
258.24,-2.98289892244296,-3,0.0733724526964972,2.36896930139125
258.251,-2.98232520870501,-3,0.0319923553257273,2.36896930139125
258.252,-2.9822949560221,-3,0.0285199082681529,2.36896930139125
258.255,-2.98223415813729,-3,0,2.35248658545868
258.264,-2.98223415813729,-3,0,2.3542537861784
258.275,-2.98223415813729,-3,0,2.34441000592779
258.276,-2.98223415813729,-3,0,2.3434494300148
258.287,-2.98223415813729,-3,0,2.33273257097137
258.288,-2.98223415813729,-3,0,2.33174829328318
258.299,-2.98223415813729,-3,0,2.32082647190527
258.3,-2.98223415813729,-3,0,2.31982506277319
258.311,-2.98223415813729,-3,0,2.30871629938616
258.312,-2.98223415813729,-3,0,2.30769793602406
258.323,-2.98223415813729,-3,0,2.29640271666912
258.324,-2.98223415813729,-3,0,2.2953674038568
258.335,-2.98223415813729,-3,0,2.28388574164336
258.336,-2.98223415813729,-3,0,2.28283347950973
258.347,-2.98223415813729,-3,0,2.27116537479139
258.348,-2.98223415813729,-3,0,2.27009616333992
258.359,-2.98223415813729,-3,0,2.25824161612622
258.36,-2.98223415813729,-3,0,2.25715545535701
258.371,-2.98223415813729,-3,0,2.24511446564819
258.372,-2.98223415813729,-3,0,2.24401135556125
258.383,-2.98223415813729,-3,0,2.23178392335732
258.384,-2.98223415813729,-3,0,2.23066386395264
258.395,-2.98223415813729,-3,0,2.21824998925361
258.396,-2.98223415813729,-3,0,2.21711298053119
258.407,-2.98223415813729,-3,0,2.20451266333706
258.408,-2.98223415813729,-3,0,2.20335870529691
258.419,-2.98223415813729,-3,0,2.19057194560767
258.42,-2.98223415813729,-3,0,2.18940103824978
258.431,-2.98223415813729,-3,0,2.17642783606544
258.432,-2.98223415813729,-3,0,2.17523997938981
258.443,-2.98223415813729,-3,0,2.16208033471036
258.444,-2.98223415813729,-3,0,2.160875528717
258.455,-2.98223415813729,-3,0,2.14752944154244
258.456,-2.98223415813729,-3,0,2.14630768623134
258.467,-2.98223415813729,-3,0,2.13277515656168
258.468,-2.98223415813729,-3,0,2.13153645193285
258.479,-2.98223415813729,-3,0,2.11781747976808
258.48,-2.98223415813729,-3,0,2.11656182582151
258.491,-2.98223415813729,-3,0,2.10265641116164
258.492,-2.98223415813729,-3,0,2.10138380789733
258.503,-2.98223415813729,-3,0,2.08729195074236
258.504,-2.98223415813729,-3,0,2.08600239816031
258.515,-2.98223415813729,-3,0,2.07172409851023
258.516,-2.98223415813729,-3,0,2.07041759661045
258.527,-2.98223415813729,-3,0,2.05595285446527
258.528,-2.98223415813729,-3,0,2.05462940324774
258.539,-2.98223415813729,-3,0,2.03997821860746
258.54,-2.98223415813729,-3,0,2.0386378180722
258.545,-2.98223415813729,-3,0,2.03191462874874
258.551,-2.98224249987707,-3,-0.00278333537752729,2.03191462874874
258.552,-2.98224551623558,-3,-0.0032495477450608,2.03191462874874
258.563,-2.98230983085925,-3,-0.00848294944145483,2.01110708357298
258.564,-2.98232285251357,-3,-0.0175610688589061,2.01110708357298
258.575,-2.9890372777134,-3,-0.912316014160154,2.38552746485471
258.576,-2.98994525078688,-3,-0.903700916039678,2.38552746485471
258.579,-2.99258569853857,-3,-0.845741659544,2.45337050118828
258.587,-2.99828965145416,-3,-0.586219424398928,2.45337050118828
258.588,-2.99886080538826,-3,-0.556168999389024,2.45337050118828
258.596,-3.00252254600071,-3,-0.382617463572832,2.40559978674399
258.599,-3.0036384121662,-3,-0.361599283739988,2.40559978674399
258.6,-3.00399669245108,-3,-0.354993822875347,2.40559978674399
258.611,-3.00754829979681,-3,-0.294220586574025,2.40559978674399
258.612,-3.00784023848857,-3,-0.289682068967669,2.40559978674399
258.622,-3.01053773661523,-3,-0.252087371556668,2.43234942333952
258.623,-3.01078285070863,-3,-0.238176600536237,2.43234942333952
258.624,-3.01101416018168,-3,-0.224476930515818,2.43234942333952
258.635,-3.01270193746192,-3,-0.0857703618598703,2.4096943650796
258.636,-3.01278646126547,-3,-0.0832862278474499,2.4096943650796
258.647,-3.01356492638239,-3,-0.0591809009532496,2.4096943650796
258.648,-3.01362313858604,-3,-0.0572500052129968,2.4096943650796
258.659,-3.01414515399454,-3,-0.0383272900386381,2.4096943650796
258.66,-3.01418271188354,-3,-0.036793091887123,2.4096943650796
258.671,-3.0145010070366,-3,-0.0215426112290799,2.4096943650796
258.672,-3.0145219192606,-3,-0.0202849757009145,2.4096943650796
258.673,-3.01452705417516,-3,0,2.41397818330119
258.684,-3.01452705417516,-3,0,2.41443670709221
258.695,-3.01452705417516,-3,0,2.42231388119151
258.696,-3.01452705417516,-3,0,2.42305924024435
258.707,-3.01452705417516,-3,0,2.43135677442583
258.708,-3.01452705417516,-3,0,2.43211862749005
258.719,-3.01452705417516,-3,0,2.44057584085411
258.72,-3.01452705417516,-3,0,2.44135162436483
258.731,-3.01452705417516,-3,0,2.44996148586983
258.732,-3.01452705417516,-3,0,2.45075113068303
258.743,-3.01452705417516,-3,0,2.4595134506889
258.744,-3.01452705417516,-3,0,2.46031695493962
258.755,-3.01452705417516,-3,0,2.46923172833142
258.756,-3.01452705417516,-3,0,2.47004909196937
258.767,-3.01452705417516,-3,0,2.47911631860914
258.768,-3.01452705417516,-3,0,2.47994754163295
258.779,-3.01452705417516,-3,0,2.48916722151697
258.78,-3.01452705417516,-3,0,2.49001230392662
258.791,-3.01452705417516,-3,0,2.49938443705479
258.792,-3.01452705417516,-3,0,2.50024337885026
258.803,-3.01452705417516,-3,0,2.50976796522258
258.804,-3.01452705417516,-3,0,2.51064076640389
258.815,-3.01452705417516,-3,0,2.52031780602035
258.816,-3.01452705417516,-3,0,2.52120446658748
258.827,-3.01452705417516,-3,0,2.53103395944809
258.828,-3.01452705417516,-3,0,2.53193447940106
258.839,-3.01452705417516,-3,0,2.54191642550581
258.84,-3.01452705417516,-3,0,2.54283080484461
258.851,-3.01452705417516,-3,0,2.5529652041935
258.852,-3.01452705417516,-3,0,2.55389344291814
258.863,-3.01452705417516,-3,0,2.56418029551118
258.864,-3.01452705417516,-3,0,2.56512239362164
258.875,-3.01452705417516,-3,0,2.57556169945883
258.876,-3.01452705417516,-3,0,2.57651765695512
258.887,-3.01452705417516,-3,0,2.58710941603645
258.888,-3.01452705417516,-3,0,2.58807923291858
258.899,-3.01452705417516,-3,0,2.59882344524405
258.9,-3.01452705417516,-3,0,2.59980712151201
258.911,-3.01452705417516,-3,0,2.61070378708163
258.912,-3.01452705417516,-3,0,2.61170132273542
258.923,-3.01452705417516,-3,0,2.62275044154919
258.924,-3.01452705417516,-3,0,2.62376183658881
258.935,-3.01452705417516,-3,0,2.63496340864672
258.936,-3.01452705417516,-3,0,2.63598866307217
258.947,-3.01452705417516,-3,0,2.64734268837422
258.948,-3.01452705417516,-3,0,2.64838180218551
258.959,-3.01452705417516,-3,0,2.65988828073171
258.96,-3.01452705417516,-3,0,2.66094125392882
258.971,-3.01452705417516,-3,0,2.67260018571917
258.972,-3.01452705417516,-3,0,2.67366701830211
258.983,-3.01452705417516,-3,0,2.6854784033366
258.984,-3.01452705417516,-3,0,2.68655909530538
258.995,-3.01452705417516,-3,0,2.69852293358402
258.996,-3.01452705417516,-3,0,2.69961748493863
259.007,-3.01452705417516,-3,0,2.71173377646141
259.008,-3.01452705417516,-3,0,2.71284218720185
259.019,-3.01452705417516,-3,0,2.72511093196877
259.02,-3.01452705417516,-3,0,2.72623320209505
259.031,-3.01452705417516,-3,0,2.73865440010612
259.032,-3.01452705417516,-3,0,2.73979052961822
259.043,-3.01452705417516,-3,0,2.75236418087343
259.044,-3.01452705417516,-3,0,2.75351416977137
259.046,-3.01452705417516,-3,0,2.7558176124137
259.055,-3.01451521781504,-3,0.00263812797857459,2.7558176124137
259.056,-3.0145124311839,-3,0.00293533913589041,2.7558176124137
259.067,-3.01446175511012,-3,0.00631943165675237,2.7558176124137
259.068,-3.01445527511458,-3,0.00664103576656795,2.7558176124137
259.071,-3.01443388464087,-3,0.00762399688606377,2.78121711629761
259.079,-3.01114820594841,-3,0.821518382929257,2.54274760967721
259.08,-3.01030188172803,-3,0.871116780309538,2.50032280115382
259.083,-3.00758134448015,-3,0.923132864155737,2.39878042669678
259.089,-3.00236403353099,-3,0.790433653190729,2.31921679049911
259.091,-3.00085843546192,-3,0.715565556935373,2.31921679049911
259.092,-3.00016119286894,-3,0.6790152211058,2.31921679049911
259.102,-2.99494642565377,-3,0.401761167166162,2.37643486117612
259.103,-2.99454884684739,-3,0.393433777056939,2.37643486117612
259.104,-2.99415948427807,-3,0.385327855928652,2.37643486117612
259.115,-2.99035948973098,-3,0.309445781020505,2.37643486117612
259.116,-2.99005295883437,-3,0.30364395565756,2.37643486117612
259.127,-2.98702412020954,-3,0.250031274991496,2.37643486117612
259.128,-2.98677611338103,-3,0.246004064545956,2.37643486117612
259.129,-2.9865320691543,-3,0.242105634932735,2.35523350276122
259.139,-2.98470881770737,-3,0.125369283431075,2.35523350276122
259.14,-2.98458886238427,-3,0.114564430042098,2.35523350276122
259.146,-2.98409011662147,-3,0.0524068953657686,2.38164829017248
259.151,-2.98381678640017,-3,0.0569806819601444,2.38164829017248
259.152,-2.9837593291094,-3,0.0579362414050918,2.38164829017248
259.163,-2.98306048975693,-3,0.0694405653029393,2.38164829017248
259.164,-2.9829904790359,-3,0.0705837621002347,2.38164829017248
259.165,-2.98291931641264,-3,0.0717444193275617,2.35951582592501
259.172,-2.98261179873586,-3,0,2.36134223469412
259.176,-2.98261179873586,-3,0,2.36854711405884
259.177,-2.98261179873586,-3,0,2.36884249855528
259.187,-2.98261179873586,-3,0,2.36291774158418
259.188,-2.98261179873586,-3,0,2.36203504462887
259.199,-2.98261179873586,-3,0,2.35187092277974
259.2,-2.98261179873586,-3,0,2.35092883608513
259.211,-2.98261179873586,-3,0,2.3404648461675
259.212,-2.98261179873586,-3,0,2.33950501602578
259.223,-2.98261179873586,-3,0,2.32885538054989
259.224,-2.98261179873586,-3,0,2.3278789302379
259.235,-2.98261179873586,-3,0,2.31704672999419
259.236,-2.98261179873586,-3,0,2.31605368980876
259.247,-2.98261179873586,-3,0,2.3050390078918
259.248,-2.98261179873586,-3,0,2.30402937865009
259.259,-2.98261179873586,-3,0,2.2928322173011
259.26,-2.98261179873586,-3,0,2.29180599902515
259.271,-2.98261179873586,-3,0,2.28042635830457
259.272,-2.98261179873586,-3,0,2.27938355099497
259.283,-2.98261179873586,-3,0,2.26782143090443
259.284,-2.98261179873586,-3,0,2.2667620345612
259.295,-2.98261179873586,-3,0,2.25501743510075
259.296,-2.98261179873586,-3,0,2.2539414497239
259.307,-2.98261179873586,-3,0,2.24201437089354
259.308,-2.98261179873586,-3,0,2.24092179648305
259.319,-2.98261179873586,-3,0,2.22881223828278
259.32,-2.98261179873586,-3,0,2.22770307483866
259.331,-2.98261179873586,-3,0,2.21541103726848
259.332,-2.98261179873586,-3,0,2.21428528479073
259.343,-2.98261179873586,-3,0,2.20181076785064
259.344,-2.98261179873586,-3,0,2.20066842633927
259.355,-2.98261179873586,-3,0,2.18801143002926
259.356,-2.98261179873586,-3,0,2.18685249948426
259.367,-2.98261179873586,-3,0,2.17401302380434
259.368,-2.98261179873586,-3,0,2.17283750422571
259.379,-2.98261179873586,-3,0,2.15981554917587
259.38,-2.98261179873586,-3,0,2.15862344056362
259.391,-2.98261179873586,-3,0,2.14541900614387
259.392,-2.98261179873586,-3,0,2.14421030849799
259.403,-2.98261179873586,-3,0,2.13082339470833
259.404,-2.98261179873586,-3,0,2.12959810802882
259.415,-2.98261179873586,-3,0,2.11602871486924
259.416,-2.98261179873586,-3,0,2.1147868391561
259.427,-2.98261179873586,-3,0,2.10103496662662
259.428,-2.98261179873586,-3,0,2.09977650187985
259.439,-2.98261179873586,-3,0,2.08584214998045
259.44,-2.98261179873586,-3,0,2.08456709620006
259.451,-2.98261179873586,-3,0,2.07045026493074
259.452,-2.98261179873586,-3,0,2.06915862211672
259.463,-2.98261179873586,-3,0,2.0548593114775
259.464,-2.98261179873586,-3,0,2.05355107962984
259.475,-2.98261179873586,-3,0,2.03906928962071
259.476,-2.98261179873586,-3,0,2.03774446873943
259.48,-2.98261179873586,-3,0,2.03243136101961
259.487,-2.98262098568762,-3,-0.00262838376430098,2.03243136101961
259.488,-2.98262380297511,-3,-0.00300634635623671,2.03243136101961
259.497,-2.98266634191071,-3,-0.00646782361101327,2.0123493217209
259.499,-2.98271047336476,-3,-0.0863540489200094,2.0123493217209
259.5,-2.9828715203669,-3,-0.235535830814866,2.0123493217209
259.509,-2.98909197928304,-3,-0.908620775781299,2.37728703348505
259.511,-2.99089897910412,-3,-0.898639466919505,2.42270948569724
259.512,-2.99178606670886,-3,-0.875626566014008,2.42270948569724
259.513,-2.99265041159299,-3,-0.853151746946975,2.45086629229231
259.523,-2.99958974388266,-3,-0.543698406501554,2.45086629229231
259.524,-3.00011932380457,-3,-0.515536498199475,2.45086629229231
259.531,-3.00317820787861,-3,-0.374011785881844,2.40747679784448
259.535,-3.00461440852767,-3,-0.344627032415796,2.40747679784448
259.536,-3.00495559334083,-3,-0.33777438753349,2.40747679784448
259.547,-3.00830166536401,-3,-0.273972718139815,2.40747679784448
259.548,-3.00857320407457,-3,-0.269129104326473,2.40747679784448
259.559,-3.01127534795503,-3,-0.224776095050644,2.40747679784448
259.56,-3.01149846947978,-3,-0.221485999545542,2.40747679784448
259.561,-3.0117183576712,-3,-0.218309057405112,2.43327720468918
259.571,-3.01324990006287,-3,-0.0908106633233806,2.43327720468918
259.572,-3.01333475399535,-3,-0.0789196823435976,2.43327720468918
259.573,-3.01340778342914,-3,-0.0671607094629988,2.41102310468701
259.583,-3.01395582235642,-3,-0.0431416984710308,2.41102310468701
259.584,-3.01399786793439,-3,-0.040955282414736,2.41102310468701
259.595,-3.01431352106061,-3,0,2.40265625866221
259.596,-3.01431352106061,-3,0,2.40098619855185
259.6,-3.01431352106061,-3,0,2.3990585281427
259.607,-3.01431352106061,-3,0,2.40219514429863
259.608,-3.01431352106061,-3,0,2.40283711654837
259.619,-3.01431352106061,-3,0,2.41049998959583
259.62,-3.01431352106061,-3,0,2.41121760894409
259.631,-3.01431352106061,-3,0,2.41920071707174
259.632,-3.01431352106061,-3,0,2.41993366410929
259.643,-3.01431352106061,-3,0,2.42807157039649
259.644,-3.01431352106061,-3,0,2.42881821819833
259.655,-3.01431352106061,-3,0,2.43710646050811
259.656,-3.01431352106061,-3,0,2.43786676519308
259.667,-3.01431352106061,-3,0,2.44630522317344
259.668,-3.01431352106061,-3,0,2.44707918355799
259.679,-3.01431352106061,-3,0,2.45566785396282
259.68,-3.01431352106061,-3,0,2.45645547001503
259.691,-3.01431352106061,-3,0,2.46519435275677
259.692,-3.01431352106061,-3,0,2.46599562447577
259.703,-3.01431352106061,-3,0,2.47488471955206
259.704,-3.01431352106061,-3,0,2.47569964693783
259.715,-3.01431352106061,-3,0,2.4847389543486
259.716,-3.01431352106061,-3,0,2.48556753740115
259.727,-3.01431352106061,-3,0,2.49475705714641
259.728,-3.01431352106061,-3,0,2.49559929586572
259.739,-3.01431352106061,-3,0,2.50493902794547
259.74,-3.01431352106061,-3,0,2.50579492233155
259.751,-3.01431352106061,-3,0,2.51528486674578
259.752,-3.01431352106061,-3,0,2.51615441679864
259.763,-3.01431352106061,-3,0,2.52579457354735
259.764,-3.01431352106061,-3,0,2.52667777926698
259.775,-3.01431352106061,-3,0,2.53646814835017
259.776,-3.01431352106061,-3,0,2.53736500973658
259.787,-3.01431352106061,-3,0,2.54730559115425
259.788,-3.01431352106061,-3,0,2.54821610820743
259.799,-3.01431352106061,-3,0,2.55830690195959
259.8,-3.01431352106061,-3,0,2.55923107467954
259.811,-3.01431352106061,-3,0,2.56947208076618
259.812,-3.01431352106061,-3,0,2.5704099091529
259.823,-3.01431352106061,-3,0,2.58080112757403
259.824,-3.01431352106061,-3,0,2.58175261162752
259.835,-3.01431352106061,-3,0,2.59229404238313
259.836,-3.01431352106061,-3,0,2.59325918210339
259.847,-3.01431352106061,-3,0,2.60395082519349
259.848,-3.01431352106061,-3,0,2.60492962058052
259.859,-3.01431352106061,-3,0,2.6157714760051
259.86,-3.01431352106061,-3,0,2.6167639270589
259.871,-3.01431352106061,-3,0,2.62775599481797
259.872,-3.01431352106061,-3,0,2.62876210153854
259.883,-3.01431352106061,-3,0,2.63990438163209
259.884,-3.01431352106061,-3,0,2.64092414401944
259.895,-3.01431352106061,-3,0,2.65221663644747
259.896,-3.01431352106061,-3,0,2.65325005450159
259.907,-3.01431352106061,-3,0,2.6646927592641
259.908,-3.01431352106061,-3,0,2.66573983298499
259.919,-3.01431352106061,-3,0,2.67733275008199
259.92,-3.01431352106061,-3,0,2.67839347946965
259.931,-3.01431352106061,-3,0,2.69013660890114
259.932,-3.01431352106061,-3,0,2.69121099395557
259.943,-3.01431352106061,-3,0,2.70310433572153
259.944,-3.01431352106061,-3,0,2.70419237644274
259.955,-3.01431352106061,-3,0,2.71623593054319
259.956,-3.01431352106061,-3,0,2.71733762693116
259.967,-3.01431352106061,-3,0,2.7295313933661
259.968,-3.01431352106061,-3,0,2.73064674542084
259.979,-3.01431352106061,-3,0,2.74299072419027
259.98,-3.01431352106061,-3,0,2.74411973191178
259.99,-3.01431352106061,-3,0,2.75547239759963
259.991,-3.01431339862439,-3,0.000244881433065878,2.75547239759963
259.992,-3.01431303126174,-3,0.000489870869112656,2.75547239759963
260.003,-3.01429270126658,-3,0.00322291511810125,2.75547239759963
260.004,-3.01428935108712,-3,0.00347769006510603,2.75547239759963
260.015,-3.01423522732754,-3,0.00640671729502107,2.78117266087764
260.016,-3.01422344255844,-3,0.0171636952412056,2.78117266087764
260.027,-3.0074818788444,-3,0.92286024082969,2.40130691733895
260.028,-3.00656271680912,-3,0.915533375428919,2.37692009827517
260.033,-3.00225163681872,-3,0.794208089202806,2.31907917137942
260.039,-2.99815059566354,-3,0.576203930056604,2.31907917137942
260.04,-2.99759165164403,-3,0.541768112200331,2.31907917137942
260.046,-2.99479415571429,-3,0.402735310123416,2.37541005980874
260.051,-2.99288595425296,-3,0.361450347418618,2.37541005980874
260.052,-2.99252833205126,-3,0.353827837152753,2.37541005980874
260.063,-2.98904947704773,-3,0.282263656947271,2.37541005980874
260.064,-2.98876997283761,-3,0.276770536193649,2.37541005980874
260.075,-2.98602119440409,-3,0.225746735185206,2.37541005980874
260.076,-2.98579738776387,-3,0.221886435450662,2.35421263000875
260.087,-2.98407632031565,-3,0.0942405805514153,2.35421263000875
260.088,-2.98398745207555,-3,0.083516868593933,2.35421263000875
260.092,-2.98373741396767,-3,0.0418040067379424,2.38119655568503
260.099,-2.98342167376335,-3,0.0484832740871946,2.38119655568503
260.1,-2.9833726948342,-3,0.0494763257434002,2.38119655568503
260.111,-2.98276552429056,-3,0.0611655343925536,2.38119655568503
260.112,-2.98270378981728,-3,0.0623057675943187,2.35922740169189
260.118,-2.98247830014627,-3,0,2.36069959615734
260.123,-2.98247830014627,-3,0,2.36688041014708
260.124,-2.98247830014627,-3,0,2.36675578732829
260.135,-2.98247830014627,-3,0,2.35869229955465
260.136,-2.98247830014627,-3,0,2.35777314565164
260.147,-2.98247830014627,-3,0,2.34739247965301
260.148,-2.98247830014627,-3,0,2.34643563026575
260.159,-2.98247830014627,-3,0,2.33581354495163
260.16,-2.98247830014627,-3,0,2.33483941332336
260.171,-2.98247830014627,-3,0,2.32403189571587
260.172,-2.98247830014627,-3,0,2.32304103242916
260.183,-2.98247830014627,-3,0,2.3120495926009
260.184,-2.98247830014627,-3,0,2.31104201250597
260.195,-2.98247830014627,-3,0,2.29986669118635
260.196,-2.98247830014627,-3,0,2.29884239468374
260.207,-2.98247830014627,-3,0,2.28748319297133
260.208,-2.98247830014627,-3,0,2.28644218007184
260.219,-2.98247830014627,-3,0,2.27489909799625
260.22,-2.98247830014627,-3,0,2.27384136870017
260.231,-2.98247830014627,-3,0,2.26211440626221
260.232,-2.98247830014627,-3,0,2.26103996056956
260.243,-2.98247830014627,-3,0,2.24912911776925
260.244,-2.98247830014627,-3,0,2.24803795568002
260.255,-2.98247830014627,-3,0,2.23594323251735
260.256,-2.98247830014627,-3,0,2.23483535403155
260.267,-2.98247830014627,-3,0,2.22255675050652
260.268,-2.98247830014627,-3,0,2.22143215562414
260.279,-2.98247830014627,-3,0,2.20896967173677
260.28,-2.98247830014627,-3,0,2.20782836045781
260.291,-2.98247830014627,-3,0,2.19518199620808
260.292,-2.98247830014627,-3,0,2.19402396853254
260.303,-2.98247830014627,-3,0,2.18119372392046
260.304,-2.98247830014627,-3,0,2.18001897984835
260.315,-2.98247830014627,-3,0,2.16700485487392
260.316,-2.98247830014627,-3,0,2.16581339440523
260.327,-2.98247830014627,-3,0,2.15261538906844
260.328,-2.98247830014627,-3,0,2.15140721220318
260.339,-2.98247830014627,-3,0,2.13802532650404
260.34,-2.98247830014627,-3,0,2.1368004332422
260.351,-2.98247830014627,-3,0,2.12323466718071
260.352,-2.98247830014627,-3,0,2.12199305752229
260.363,-2.98247830014627,-3,0,2.10824341109845
260.364,-2.98247830014627,-3,0,2.10698508504345
260.375,-2.98247830014627,-3,0,2.09305155825725
260.376,-2.98247830014627,-3,0,2.09177651580568
260.387,-2.98247830014627,-3,0,2.07765910865713
260.388,-2.98247830014627,-3,0,2.07636734980898
260.399,-2.98247830014627,-3,0,2.06206606229808
260.4,-2.98247830014627,-3,0,2.06075758705335
260.411,-2.98247830014627,-3,0,2.0462724191801
260.412,-2.98247830014627,-3,0,2.04494722753879
260.421,-2.98247830014627,-3,0,2.03295781627983
260.423,-2.98247852633663,-3,-0.000226215271661806,2.03295781627983
260.424,-2.98247880914466,-3,-0.000339416366874668,2.03295781627983
260.435,-2.9824894422079,-3,-0.00160030662715893,2.03295781627983
260.436,-2.98249110098696,-3,-0.00171734287354987,2.03295781627983
260.437,-2.98249287708285,-3,-0.00183494674248919,2.01212377676523
260.447,-2.98664427846029,-3,-0.860295486414352,2.2911287174799
260.448,-2.98751937953127,-3,-0.88991858339362,2.32841554237515
260.45,-2.98932140460528,-3,-0.905569038078511,2.3887155245212
260.455,-2.99365853664514,-3,-0.811245815439377,2.46075392804581
260.459,-2.99661342323115,-3,-0.667799275456469,2.46075392804581
260.46,-2.99726397241815,-3,-0.633391273129305,2.46075392804581
260.468,-3.00136727346158,-3,-0.418527881397303,2.41203824205365
260.471,-3.0025757940645,-3,-0.387519944893605,2.41203824205365
260.472,-3.00295836651168,-3,-0.377663771279996,2.41203824205365
260.483,-3.00657106818205,-3,-0.283237457700969,2.41203824205365
260.484,-3.00685056931936,-3,-0.275793491604171,2.41203824205365
260.495,-3.00947430134462,-3,-0.204231078740949,2.41203824205365
260.496,-3.00967568886407,-3,-0.198565034377995,2.41203824205365
260.507,-3.01154672356167,-3,-0.143806694170268,2.41203824205365
260.508,-3.01168834043302,-3,-0.139442401053359,2.41203824205365
260.519,-3.01297967855532,-3,-0.0969266625363752,2.41203824205365
260.52,-3.01307488862864,-3,-0.0935044979361143,2.41203824205365
260.531,-3.01391175033938,-3,-0.0597728151969779,2.41203824205365
260.532,-3.01397014228923,-3,-0.057018772684992,2.41203824205365
260.543,-3.01444134653174,-3,-0.0294204616655071,2.41203824205365
260.544,-3.01446961571228,-3,-0.0271229970097366,2.41203824205365
260.548,-3.01454526609876,-3,0,2.41325587019339
260.552,-3.01454526609876,-3,0,2.40999473553906
260.556,-3.01454526609876,-3,0,2.4110521551701
260.567,-3.01454526609876,-3,0,2.41836059917847
260.568,-3.01454526609876,-3,0,2.41909357986196
260.579,-3.01454526609876,-3,0,2.42729442548946
260.58,-3.01454526609876,-3,0,2.42804855778849
260.591,-3.01454526609876,-3,0,2.43642200039285
260.592,-3.01454526609876,-3,0,2.43719020566877
260.603,-3.01454526609876,-3,0,2.44571683079958
260.604,-3.01454526609876,-3,0,2.44649891812854
260.615,-3.01454526609876,-3,0,2.45517820214248
260.616,-3.01454526609876,-3,0,2.45597416637491
260.627,-3.01454526609876,-3,0,2.46480609514837
260.628,-3.01454526609876,-3,0,2.46561593614538
260.639,-3.01454526609876,-3,0,2.47460050929741
260.64,-3.01454526609876,-3,0,2.47542422705526
260.651,-3.01454526609876,-3,0,2.48456144457559
260.652,-3.01454526609876,-3,0,2.48539903909417
260.663,-3.01454526609876,-3,0,2.49468890098252
260.664,-3.01454526609876,-3,0,2.49554037226183
260.675,-3.01454526609876,-3,0,2.5049828785182
260.676,-3.01454526609876,-3,0,2.50584822655823
260.687,-3.01454526609876,-3,0,2.51544337718262
260.688,-3.01454526609876,-3,0,2.51632260198339
260.699,-3.01454526609876,-3,0,2.52607039697579
260.7,-3.01454526609876,-3,0,2.52696349853729
260.711,-3.01454526609876,-3,0,2.53686393789771
260.712,-3.01454526609876,-3,0,2.53777091621993
260.723,-3.01454526609876,-3,0,2.54782399994837
260.724,-3.01454526609876,-3,0,2.54874485503132
260.735,-3.01454526609876,-3,0,2.55895058312777
260.736,-3.01454526609876,-3,0,2.55988531497145
260.747,-3.01454526609876,-3,0,2.57024368743592
260.748,-3.01454526609876,-3,0,2.57119229604033
260.759,-3.01454526609876,-3,0,2.58170331287282
260.76,-3.01454526609876,-3,0,2.58266579823796
260.771,-3.01454526609876,-3,0,2.59332945943846
260.772,-3.01454526609876,-3,0,2.59430582156433
260.783,-3.01454526609876,-3,0,2.60512212713285
260.784,-3.01454526609876,-3,0,2.60611236601944
260.795,-3.01454526609876,-3,0,2.61708131595598
260.796,-3.01454526609876,-3,0,2.6180854316033
260.807,-3.01454526609876,-3,0,2.62920702590786
260.808,-3.01454526609876,-3,0,2.63022501831591
260.819,-3.01454526609876,-3,0,2.64149925698848
260.82,-3.01454526609876,-3,0,2.64253112615726
260.831,-3.01454526609876,-3,0,2.65395800919784
260.832,-3.01454526609876,-3,0,2.65500375512735
260.843,-3.01454526609876,-3,0,2.66658328253596
260.844,-3.01454526609876,-3,0,2.66764290522619
260.855,-3.01454526609876,-3,0,2.67937507700281
260.856,-3.01454526609876,-3,0,2.68044857645378
260.867,-3.01454526609876,-3,0,2.69233339259841
260.868,-3.01454526609876,-3,0,2.69342076881011
260.879,-3.01454526609876,-3,0,2.70545822932276
260.88,-3.01454526609876,-3,0,2.70655948229518
260.891,-3.01454526609876,-3,0,2.71874958717585
260.892,-3.01454526609876,-3,0,2.719864716909
260.903,-3.01454526609876,-3,0,2.73220746615769
260.904,-3.01454526609876,-3,0,2.73333647265157
260.915,-3.01454526609876,-3,0,2.74583186626827
260.916,-3.01454526609876,-3,0,2.74697474952288
260.924,-3.01454526609876,-3,0,2.75615944584195
260.927,-3.01454336346025,-3,0.00126884525408304,2.75615944584195
260.928,-3.01454188275997,-3,0.00169266417337959,2.75615944584195
260.939,-3.01449732130627,-3,0.00644542162843515,2.75615944584195
260.94,-3.01449065349428,-3,0.00689069254818216,2.75615944584195
260.951,-3.01438703052861,-3,0.0120335718789636,2.78154278564253
260.952,-3.01436455517949,-3,0.06056558244993,2.78154278564253
260.962,-3.00803469619169,-3,0.926545476816393,2.41427621217646
260.963,-3.00710932828136,-3,0.924253408230437,2.38746245885512
260.964,-3.00619152905297,-3,0.911422032930966,2.36574903921134
260.966,-3.00441094503546,-3,0.86950734558204,2.33618947471185
260.975,-2.9978341848156,-3,0.599174067164018,2.33618947471185
260.976,-2.99724880827312,-3,0.571655073444332,2.33618947471185
260.983,-2.99389156475329,-3,0.390840120000742,2.36645026856386
260.987,-2.99242192787126,-3,0.344617062322796,2.36645026856386
260.988,-2.99208281586842,-3,0.33364424340951,2.36645026856386
260.999,-2.98902437779745,-3,0.226265083889102,2.36645026856386
261,-2.9888024708897,-3,0.21757531733169,2.39145310232383
261.009,-2.98676760185637,-3,0.235569837147328,2.36941345570433
261.011,-2.98630979225872,-3,0.222336197869647,2.36941345570433
261.012,-2.98609066943501,-3,0.215932630829853,2.36941345570433
261.023,-2.98407027655293,-3,0.153808896086736,2.36941345570433
261.024,-2.98391896326763,-3,0.148834481160164,2.36941345570433
261.027,-2.98349418040844,-3,0.134497230694539,2.34931618465233
261.035,-2.98281915495398,-3,0.0357292869531025,2.34931618465233
261.036,-2.98278931957631,-3,0.0239601636156827,2.34931618465233
261.037,-2.98278156874747,-3,0,2.37326853122049
261.043,-2.98278156874747,-3,0,2.38416188874782
261.048,-2.98278156874747,-3,0,2.38219904314457
261.059,-2.98278156874747,-3,0,2.37300063175151
261.06,-2.98278156874747,-3,0,2.372101109971
261.071,-2.98278156874747,-3,0,2.36206084524088
261.072,-2.98278156874747,-3,0,2.36113839451653
261.083,-2.98278156874747,-3,0,2.35089959947861
261.084,-2.98278156874747,-3,0,2.3499605463204
261.095,-2.98278156874747,-3,0,2.3395405725758
261.096,-2.98278156874747,-3,0,2.3385850876213
261.107,-2.98278156874747,-3,0,2.32798440317452
261.108,-2.98278156874747,-3,0,2.32701249102614
261.119,-2.98278156874747,-3,0,2.31623110850011
261.12,-2.98278156874747,-3,0,2.31524276928199
261.131,-2.98278156874747,-3,0,2.30428068901717
261.132,-2.98278156874747,-3,0,2.30327592273266
261.143,-2.98278156874747,-3,0,2.29213314473824
261.144,-2.98278156874747,-3,0,2.29111195138741
261.155,-2.98278156874747,-3,0,2.27978847566365
261.156,-2.98278156874747,-3,0,2.27875085524652
261.167,-2.98278156874747,-3,0,2.26724668179341
261.168,-2.98278156874747,-3,0,2.26619263430998
261.179,-2.98278156874747,-3,0,2.25450776312752
261.18,-2.98278156874747,-3,0,2.25343728857778
261.191,-2.98278156874747,-3,0,2.24157171966598
261.192,-2.98278156874747,-3,0,2.24048481804993
261.203,-2.98278156874747,-3,0,2.22843855140878
261.204,-2.98278156874747,-3,0,2.22733522272643
261.215,-2.98278156874747,-3,0,2.21510825835594
261.216,-2.98278156874747,-3,0,2.21398850260729
261.227,-2.98278156874747,-3,0,2.20158084050745
261.228,-2.98278156874747,-3,0,2.20044465769249
261.239,-2.98278156874747,-3,0,2.18785629786331
261.24,-2.98278156874747,-3,0,2.18670368798205
261.251,-2.98278156874747,-3,0,2.17393463042352
261.252,-2.98278156874747,-3,0,2.17276559347595
261.263,-2.98278156874747,-3,0,2.15981583818807
261.264,-2.98278156874747,-3,0,2.15863037417421
261.275,-2.98278156874747,-3,0,2.14549992115698
261.276,-2.98278156874747,-3,0,2.14429803007681
261.287,-2.98278156874747,-3,0,2.13098687933024
261.288,-2.98278156874747,-3,0,2.12976856118376
261.299,-2.98278156874747,-3,0,2.11627671270785
261.3,-2.98278156874747,-3,0,2.11504196749506
261.311,-2.98278156874747,-3,0,2.1013694212898
261.312,-2.98278156874747,-3,0,2.10011824901072
261.323,-2.98278156874747,-3,0,2.08626500507611
261.324,-2.98278156874747,-3,0,2.08499740573072
261.335,-2.98278156874747,-3,0,2.07096346406677
261.336,-2.98278156874747,-3,0,2.06967943765507
261.347,-2.98278156874747,-3,0,2.05546479826177
261.348,-2.98278156874747,-3,0,2.05416434478378
261.359,-2.98278156874747,-3,0,2.03976900766113
261.36,-2.98278156874747,-3,0,2.03845212711683
261.364,-2.98278156874747,-3,0,2.0331709157177
261.371,-2.98278464447501,-3,-0.000879964934225892,2.0331709157177
261.372,-2.98278558768374,-3,-0.0010065044629328,2.0331709157177
261.38,-2.98279772965137,-3,-0.0020343361261621,2.01266860162358
261.383,-2.98290105435847,-3,-0.156273749039876,2.01266860162358
261.384,-2.98313169174165,-3,-0.30480162060728,2.04226055217187
261.393,-2.98961143235604,-3,-0.904749441951331,2.38878445520997
261.395,-2.99140174229498,-3,-0.885845296891606,2.42970205833185
261.396,-2.99227475410755,-3,-0.860272036439653,2.42970205833185
261.398,-2.99394544131717,-3,-0.810775274362854,2.46101978735474
261.407,-2.99981308277355,-3,-0.500618420540968,2.43499411236498
261.408,-3.00030305154391,-3,-0.479381477850362,2.43499411236498
261.411,-3.00164808675284,-3,-0.417835939256379,2.41249387239307
261.419,-3.00466650412816,-3,-0.33922684453189,2.41249387239307
261.42,-3.00500129812842,-3,-0.330395405812552,2.41249387239307
261.431,-3.00814956869755,-3,-0.24558165873468,2.41249387239307
261.432,-3.00839178442928,-3,-0.238875010104927,2.41249387239307
261.443,-3.01064909442875,-3,-0.174159428425563,2.41249387239307
261.444,-3.01082067062436,-3,-0.169011370954935,2.41249387239307
261.455,-3.01239415306812,-3,-0.11897483157442,2.41249387239307
261.456,-3.01251111313988,-3,-0.114958577514914,2.41249387239307
261.467,-3.01355119447652,-3,-0.0755015474118021,2.41249387239307
261.468,-3.01362508697576,-3,-0.0722927874541126,2.41249387239307
261.479,-3.01423910803152,-3,-0.0402834033139817,2.41249387239307
261.48,-3.01427806295053,-3,-0.0376327246118341,2.41249387239307
261.488,-3.01448008139834,-3,0,2.40811625634681
261.491,-3.01448008139834,-3,0,2.40517451759255
261.492,-3.01448008139834,-3,0,2.40498855756944
261.503,-3.01448008139834,-3,0,2.41043958786236
261.504,-3.01448008139834,-3,0,2.41114187432706
261.515,-3.01448008139834,-3,0,2.41914315304704
261.516,-3.01448008139834,-3,0,2.41988283911506
261.527,-3.01448008139834,-3,0,2.42810076435283
261.528,-3.01448008139834,-3,0,2.42885490112432
261.539,-3.01448008139834,-3,0,2.4372265313595
261.54,-3.01448008139834,-3,0,2.43799449986056
261.551,-3.01448008139834,-3,0,2.446518137445
261.552,-3.01448008139834,-3,0,2.44729992098076
261.563,-3.01448008139834,-3,0,2.45597552012577
261.564,-3.01448008139834,-3,0,2.45677111824596
261.575,-3.01448008139834,-3,0,2.46559867771654
261.576,-3.01448008139834,-3,0,2.466408090409
261.587,-3.01448008139834,-3,0,2.47538761017183
261.588,-3.01448008139834,-3,0,2.47621083743624
261.599,-3.01448008139834,-3,0,2.48534231749043
261.6,-3.01448008139834,-3,0,2.48617935932678
261.611,-3.01448008139834,-3,0,2.49546279967231
261.612,-3.01448008139834,-3,0,2.4963136560806
261.623,-3.01448008139834,-3,0,2.50574905671745
261.624,-3.01448008139834,-3,0,2.50661372769768
261.635,-3.01448008139834,-3,0,2.51620108862587
261.636,-3.01448008139834,-3,0,2.51707957417803
261.647,-3.01448008139834,-3,0,2.52681889539755
261.648,-3.01448008139834,-3,0,2.52771119552166
261.659,-3.01448008139834,-3,0,2.53760247703251
261.66,-3.01448008139834,-3,0,2.53850859172856
261.671,-3.01448008139834,-3,0,2.54855183353075
261.672,-3.01448008139834,-3,0,2.54947176279873
261.683,-3.01448008139834,-3,0,2.55966696489225
261.684,-3.01448008139834,-3,0,2.56060070873218
261.695,-3.01448008139834,-3,0,2.57094787111703
261.696,-3.01448008139834,-3,0,2.57189542952889
261.707,-3.01448008139834,-3,0,2.58239455220507
261.708,-3.01448008139834,-3,0,2.58335592518888
261.719,-3.01448008139834,-3,0,2.59400700815639
261.72,-3.01448008139834,-3,0,2.59498219571214
261.731,-3.01448008139834,-3,0,2.60578523897098
261.732,-3.01448008139834,-3,0,2.60677424109867
261.743,-3.01448008139834,-3,0,2.61772924464885
261.744,-3.01448008139834,-3,0,2.61873206134847
261.755,-3.01448008139834,-3,0,2.62983902518998
261.756,-3.01448008139834,-3,0,2.63085565646154
261.767,-3.01448008139834,-3,0,2.64211458059439
261.768,-3.01448008139834,-3,0,2.64314502643789
261.779,-3.01448008139834,-3,0,2.65455591086207
261.78,-3.01448008139834,-3,0,2.65560017127751
261.791,-3.01448008139834,-3,0,2.66716301599302
261.792,-3.01448008139834,-3,0,2.6682210909804
261.803,-3.01448008139834,-3,0,2.67993589598724
261.804,-3.01448008139834,-3,0,2.68100778554656
261.815,-3.01448008139834,-3,0,2.69287455084473
261.816,-3.01448008139834,-3,0,2.69396025497599
261.827,-3.01448008139834,-3,0,2.7059789805655
261.828,-3.01448008139834,-3,0,2.7070784992687
261.839,-3.01448008139834,-3,0,2.71924918514954
261.84,-3.01448008139834,-3,0,2.72036251842468
261.851,-3.01448008139834,-3,0,2.73268516459685
261.852,-3.01448008139834,-3,0,2.73381231244392
261.863,-3.01448008139834,-3,0,2.74628691890743
261.864,-3.01448008139834,-3,0,2.74742788132644
261.871,-3.01448008139834,-3,0,2.75544685226074
261.875,-3.01447879265815,-3,0.00064474892580308,2.75544685226074
261.876,-3.01447806707579,-3,0.000806469121935429,2.75544685226074
261.887,-3.01445927907263,-3,0.00262470764153648,2.75544685226074
261.888,-3.01445656908324,-3,0.00279547031469185,2.75544685226074
261.895,-3.01443272419628,-3,0.00402961811979325,2.78140191398838
261.899,-3.01388788382444,-3,0.392119121988036,2.7310204933904
261.9,-3.01343144200691,-3,0.520614394773996,2.69220069979872
261.907,-3.00788808819749,-3,0.921956159127331,2.40758792324228
261.911,-3.0043001211515,-3,0.857166146444657,2.33436373412724
261.912,-3.00345942385869,-3,0.82432792371818,2.33436373412724
261.923,-2.99624005828502,-3,0.498369002326426,2.33436373412724
261.924,-2.99575513668619,-3,0.471542949306651,2.33436373412724
261.926,-2.99486476054489,-3,0.419094814372269,2.36285425802031
261.935,-2.99163325421435,-3,0.302366476829932,2.36285425802031
261.936,-2.99133680186456,-3,0.290573948750094,2.38865376484345
261.945,-2.98875076892172,-3,0.285662930720608,2.38865376484345
261.947,-2.98817936060482,-3,0.285818689634013,2.36504213693408
261.948,-2.98789827806219,-3,0.276377832761018,2.36504213693408
261.959,-2.98538535109909,-3,0.183736112887944,2.36504213693408
261.96,-2.98520538728062,-3,0.176213776330678,2.36504213693408
261.971,-2.98369126800613,-3,0.101319746716065,2.36504213693408
261.972,-2.98359304949303,-3,0.0951324003461297,2.36504213693408
261.983,-2.982900248668,-3,0.0323037992678339,2.36504213693408
261.984,-2.98287060426613,-3,0.0269944810182033,2.36504213693408
261.986,-2.98283887070187,-3,0,2.37465107049662
261.991,-2.98283887070187,-3,0,2.38002603476721
261.996,-2.98283887070187,-3,0,2.37775289034684
262.007,-2.98283887070187,-3,0,2.36845096400849
262.008,-2.98283887070187,-3,0,2.36754875751897
262.019,-2.98283887070187,-3,0,2.35748597068097
262.02,-2.98283887070187,-3,0,2.35656168049473
262.031,-2.98283887070187,-3,0,2.34630313300633
262.032,-2.98283887070187,-3,0,2.34536231637793
262.043,-2.98283887070187,-3,0,2.33492325001775
262.044,-2.98283887070187,-3,0,2.33396605683653
262.055,-2.98283887070187,-3,0,2.32334688270327
262.056,-2.98283887070187,-3,0,2.32237331701202
262.067,-2.98283887070187,-3,0,2.31157404619376
262.068,-2.98283887070187,-3,0,2.31058410810152
262.079,-2.98283887070187,-3,0,2.29960474089734
262.08,-2.98283887070187,-3,0,2.29859843040705
262.091,-2.98283887070187,-3,0,2.28743896682501
262.092,-2.98283887070187,-3,0,2.28641628393675
262.103,-2.98283887070187,-3,0,2.27507672397707
262.104,-2.98283887070187,-3,0,2.27403766869084
262.115,-2.98283887070187,-3,0,2.26251801235352
262.116,-2.98283887070187,-3,0,2.26146258466932
262.127,-2.98283887070187,-3,0,2.24976283195436
262.128,-2.98283887070187,-3,0,2.2486910318722
262.139,-2.98283887070187,-3,0,2.2368111827796
262.14,-2.98283887070187,-3,0,2.23572301029947
262.151,-2.98283887070187,-3,0,2.22366306482924
262.152,-2.98283887070187,-3,0,2.22255851995114
262.163,-2.98283887070187,-3,0,2.21031847810327
262.164,-2.98283887070187,-3,0,2.2091975608272
262.175,-2.98283887070187,-3,0,2.19677742260169
262.176,-2.98283887070187,-3,0,2.19564013292766
262.187,-2.98283887070187,-3,0,2.18303989832451
262.188,-2.98283887070187,-3,0,2.18188623625251
262.199,-2.98283887070187,-3,0,2.16910590527173
262.2,-2.98283887070187,-3,0,2.16793587080176
262.211,-2.98283887070187,-3,0,2.15497544344334
262.212,-2.98283887070187,-3,0,2.15378903657541
262.223,-2.98283887070187,-3,0,2.14064851283934
262.224,-2.98283887070187,-3,0,2.13944573357345
262.235,-2.98283887070187,-3,0,2.12612511345975
262.236,-2.98283887070187,-3,0,2.12490596179588
262.247,-2.98283887070187,-3,0,2.11140524530454
262.248,-2.98283887070187,-3,0,2.11016972124271
262.259,-2.98283887070187,-3,0,2.09648890837374
262.26,-2.98283887070187,-3,0,2.09523701191394
262.271,-2.98283887070187,-3,0,2.08137610266733
262.272,-2.98283887070187,-3,0,2.08010783380956
262.283,-2.98283887070187,-3,0,2.06606682818531
262.284,-2.98283887070187,-3,0,2.06478218692958
262.295,-2.98283887070187,-3,0,2.05056108492769
262.296,-2.98283887070187,-3,0,2.04926007127399
262.307,-2.98283887070187,-3,0,2.03485887289446
262.308,-2.98283887070187,-3,0,2.0335414868428
262.309,-2.98283887070187,-3,0,2.03222273642463
262.319,-2.98286572380224,-3,-0.00538539622030265,2.03222273642463
262.32,-2.98287138173074,-3,-0.00593077227981795,2.03222273642463
262.328,-2.98293650850374,-3,-0.0103795951521241,2.01152297131912
262.331,-2.98327447267459,-3,-0.310601656330475,2.04162802305335
262.332,-2.98365289129775,-3,-0.446063190457503,2.07549293565453
262.34,-2.98980932407237,-3,-0.910416386226402,2.38939952616536
262.342,-2.99161052325582,-3,-0.891070299133266,2.43037478696312
262.343,-2.99248864111573,-3,-0.865259811996849,2.43037478696312
262.344,-2.99334122915573,-3,-0.840008164621696,2.43037478696312
262.345,-2.99416883879119,-3,-0.815300567597569,2.46169100461957
262.355,-3.00056105108677,-3,-0.481919504636146,2.43541855357042
262.356,-3.00103245918205,-3,-0.460957431405566,2.43541855357042
262.358,-3.00191328343397,-3,-0.420098607160388,2.41283993955468
262.367,-3.00528466485791,-3,-0.332187159065379,2.41283993955468
262.368,-3.00561249774973,-3,-0.323512197651832,2.41283993955468
262.379,-3.00869356271667,-3,-0.240174517380781,2.41283993955468
262.38,-3.00893042859366,-3,-0.23358193200796,2.41283993955468
262.391,-3.01113569298092,-3,-0.169935843044514,2.41283993955468
262.392,-3.01130308677384,-3,-0.164869763316956,2.41283993955468
262.403,-3.01283542050089,-3,-0.115593705348226,2.41283993955468
262.404,-3.01294902832034,-3,-0.111634900667459,2.41283993955468
262.415,-3.01395559928986,-3,-0.072700480085829,2.41283993955468
262.416,-3.01402671004147,-3,-0.0695301253734282,2.41283993955468
262.427,-3.01461232954923,-3,-0.0378567714156576,2.41283993955468
262.428,-3.01464886957098,-3,-0.0352293732673,2.41283993955468
262.435,-3.01481666902026,-3,0,2.40984726393287
262.439,-3.01481666902026,-3,0,2.40668912022483
262.44,-3.01481666902026,-3,0,2.40674636622611
262.451,-3.01481666902026,-3,0,2.4130510802039
262.452,-3.01481666902026,-3,0,2.41378203354488
262.463,-3.01481666902026,-3,0,2.42205123499557
262.464,-3.01481666902026,-3,0,2.42281411388266
262.475,-3.01481666902026,-3,0,2.43128759982947
262.476,-3.01481666902026,-3,0,2.43206509423145
262.487,-3.01481666902026,-3,0,2.44069538877411
262.488,-3.01481666902026,-3,0,2.44148703180774
262.499,-3.01481666902026,-3,0,2.45027285443419
262.5,-3.01481666902026,-3,0,2.45107863350676
262.511,-3.01481666902026,-3,0,2.46001994967927
262.512,-3.01481666902026,-3,0,2.46083986445113
262.523,-3.01481666902026,-3,0,2.46993667323814
262.524,-3.01481666902026,-3,0,2.47077072370014
262.535,-3.01481666902026,-3,0,2.48002302507652
262.536,-3.01481666902026,-3,0,2.4808712112284
262.547,-3.01481666902026,-3,0,2.49027900519348
262.548,-3.01481666902026,-3,0,2.49114132703524
262.559,-3.01481666902026,-3,0,2.500704613589
262.56,-3.01481666902026,-3,0,2.50158107112064
262.571,-3.01481666902026,-3,0,2.51129985026307
262.572,-3.01481666902026,-3,0,2.5121904434846
262.583,-3.01481666902026,-3,0,2.52206471521571
262.584,-3.01481666902026,-3,0,2.52296944412711
262.595,-3.01481666902026,-3,0,2.5329992084469
262.596,-3.01481666902026,-3,0,2.53391807304819
262.607,-3.01481666902026,-3,0,2.54410332995665
262.608,-3.01481666902026,-3,0,2.54503633024782
262.619,-3.01481666902026,-3,0,2.55537707974496
262.62,-3.01481666902026,-3,0,2.55632421572601
262.631,-3.01481666902026,-3,0,2.56682045781183
262.632,-3.01481666902026,-3,0,2.56778172948275
262.643,-3.01481666902026,-3,0,2.57843346415725
262.644,-3.01481666902026,-3,0,2.57940887151805
262.655,-3.01481666902026,-3,0,2.59021609878123
262.656,-3.01481666902026,-3,0,2.59120564183192
262.667,-3.01481666902026,-3,0,2.60216836168377
262.668,-3.01481666902026,-3,0,2.60317204042433
262.679,-3.01481666902026,-3,0,2.61429025286487
262.68,-3.01481666902026,-3,0,2.61530806729531
262.691,-3.01481666902026,-3,0,2.62658177232452
262.692,-3.01481666902026,-3,0,2.62761372244485
262.703,-3.01481666902026,-3,0,2.63904292006274
262.704,-3.01481666902026,-3,0,2.64008900587294
262.715,-3.01481666902026,-3,0,2.65167369607951
262.716,-3.01481666902026,-3,0,2.65273391757959
262.727,-3.01481666902026,-3,0,2.66447410037484
262.728,-3.01481666902026,-3,0,2.6655484575648
262.739,-3.01481666902026,-3,0,2.67744413294872
262.74,-3.01481666902026,-3,0,2.67853262582856
262.751,-3.01481666902026,-3,0,2.69058379380117
262.752,-3.01481666902026,-3,0,2.69168642237089
262.763,-3.01481666902026,-3,0,2.70389308293217
262.764,-3.01481666902026,-3,0,2.70500984719177
262.775,-3.01481666902026,-3,0,2.71737200034173
262.776,-3.01481666902026,-3,0,2.71850290029121
262.787,-3.01481666902026,-3,0,2.73102054602985
262.788,-3.01481666902026,-3,0,2.73216558166921
262.799,-3.01481666902026,-3,0,2.74483871999652
262.8,-3.01481666902026,-3,0,2.74599789132576
262.809,-3.01481666902026,-3,0,2.75648344212598
262.811,-3.01481579890295,-3,0.000870245229807276,2.75648344212598
262.812,-3.0148147108965,-3,0.00130584764952892,2.75648344212598
262.823,-3.01477373153788,-3,0.00617805342389015,2.75648344212598
262.824,-3.01476732605508,-3,0.00663338307400569,2.75648344212598
262.835,-3.01466595098364,-3,0.0118803555176353,2.75648344212598
262.836,-3.01465381900764,-3,0.0123844884128176,2.78217150517821
262.847,-3.00825419569492,-3,0.92809692184059,2.41338616171879
262.848,-3.00732750661549,-3,0.925345014510854,2.38676010967692
262.851,-3.00462738972935,-3,0.869627275952265,2.3360220702754
262.859,-2.99866752489462,-3,0.626105238901133,2.3360220702754
262.86,-2.99805552131307,-3,0.597980499198666,2.3360220702754
262.867,-2.99452783508901,-3,0.413325304513432,2.36260427407221
262.871,-2.99298412101424,-3,0.359233526913297,2.36260427407221
262.872,-2.99263134952311,-3,0.346350310780727,2.36260427407221
262.877,-2.99105425554073,-3,0.285424290821481,2.3876872819219
262.883,-2.9893611552435,-3,0.279646491542846,2.3876872819219
262.884,-2.9890817973627,-3,0.279088080867048,2.3876872819219
262.888,-2.98796827563957,-3,0.277966461354832,2.36542592437847
262.895,-2.98623851381884,-3,0.21762761987761,2.36542592437847
262.896,-2.98602488546514,-3,0.209654134611359,2.36542592437847
262.907,-2.98416620292277,-3,0.130831068667866,2.36542592437847
262.908,-2.98403860926184,-3,0.124373640392574,2.36542592437847
262.919,-2.9830372145813,-3,0.0594210916228832,2.36542592437847
262.92,-2.9829805142223,-3,0.0539910091244274,2.36542592437847
262.927,-2.9827396082917,-3,0,2.37275284890735
262.931,-2.9827396082917,-3,0,2.37840925859388
262.932,-2.9827396082917,-3,0,2.37854442148819
262.943,-2.9827396082917,-3,0,2.37148005647829
262.944,-2.9827396082917,-3,0,2.37060177121684
262.955,-2.9827396082917,-3,0,2.36062186674133
262.956,-2.9827396082917,-3,0,2.3597002239753
262.967,-2.9827396082917,-3,0,2.34946542960232
262.968,-2.9827396082917,-3,0,2.34852659445452
262.979,-2.9827396082917,-3,0,2.33810867277919
262.98,-2.9827396082917,-3,0,2.33715335097092
262.991,-2.9827396082917,-3,0,2.32655423756196
262.992,-2.9827396082917,-3,0,2.32558244812781
263.003,-2.9827396082917,-3,0,2.31480219519107
263.004,-2.9827396082917,-3,0,2.31381393864445
263.015,-2.9827396082917,-3,0,2.30285254758799
263.016,-2.9827396082917,-3,0,2.30184782394275
263.027,-2.9827396082917,-3,0,2.29070529480457
263.028,-2.9827396082917,-3,0,2.28968410406106
263.039,-2.9827396082917,-3,0,2.27836043684218
263.04,-2.9827396082917,-3,0,2.27732277900043
263.051,-2.9827396082917,-3,0,2.26581797370088
263.052,-2.9827396082917,-3,0,2.26476384876089
263.063,-2.9827396082917,-3,0,2.25307790538065
263.064,-2.9827396082917,-3,0,2.25200731334242
263.075,-2.9827396082917,-3,0,2.24014023188152
263.076,-2.9827396082917,-3,0,2.23905317274504
263.087,-2.9827396082917,-3,0,2.22700495320346
263.088,-2.9827396082917,-3,0,2.22590142696874
263.099,-2.9827396082917,-3,0,2.21367206934648
263.1,-2.9827396082917,-3,0,2.21255207601352
263.111,-2.9827396082917,-3,0,2.20014158031059
263.112,-2.9827396082917,-3,0,2.19900511987939
263.123,-2.9827396082917,-3,0,2.18641348609578
263.124,-2.9827396082917,-3,0,2.18526055856633
263.135,-2.9827396082917,-3,0,2.17248778670205
263.136,-2.9827396082917,-3,0,2.17131839207436
263.147,-2.9827396082917,-3,0,2.1583644821294
263.148,-2.9827396082917,-3,0,2.15717862040347
263.159,-2.9827396082917,-3,0,2.14404357237784
263.16,-2.9827396082917,-3,0,2.14284124355366
263.171,-2.9827396082917,-3,0,2.12952505744736
263.172,-2.9827396082917,-3,0,2.12830626152494
263.183,-2.9827396082917,-3,0,2.11480893733796
263.184,-2.9827396082917,-3,0,2.1135736743173
263.195,-2.9827396082917,-3,0,2.09989521204964
263.196,-2.9827396082917,-3,0,2.09864348193074
263.207,-2.9827396082917,-3,0,2.08478388158241
263.208,-2.9827396082917,-3,0,2.08351568436526
263.219,-2.9827396082917,-3,0,2.06947494593626
263.22,-2.9827396082917,-3,0,2.06819028162087
263.231,-2.9827396082917,-3,0,2.05396840511119
263.232,-2.9827396082917,-3,0,2.05266727369755
263.243,-2.9827396082917,-3,0,2.0382642591072
263.244,-2.9827396082917,-3,0,2.03694666059532
263.247,-2.9827396082917,-3,0,2.03298563151056
263.255,-2.98274563378516,-3,-0.00150902748837875,2.03298563151056
263.256,-2.9827472378766,-3,-0.0016992437408488,2.03298563151056
263.263,-2.98276383793295,-3,-0.00305002802084126,2.01291328814914
263.267,-2.98312614671466,-3,-0.318134461447524,2.04512060567714
263.268,-2.98351132338045,-3,-0.45204908990282,2.07957749999614
263.276,-2.98966082380276,-3,-0.904064842137135,2.39111958023814
263.278,-2.99144790292296,-3,-0.883304180002458,2.43109222532336
263.279,-2.99231810832588,-3,-0.857200937829111,2.43109222532336
263.28,-2.99316249089725,-3,-0.831656003602849,2.43109222532336
263.281,-2.99398160146486,-3,-0.806654476459077,2.4612293704224
263.291,-3.00030745808607,-3,-0.480975419136242,2.44060670383994
263.292,-3.00077681636408,-3,-0.457804969225229,2.44060670383994
263.302,-3.00464033639347,-3,-0.32772321448958,2.39691534962063
263.303,-3.0049668478368,-3,-0.32532407065113,2.39691534962063
263.304,-3.00529103296908,-3,-0.323070232258384,2.39691534962063
263.315,-3.00874338395485,-3,-0.307311527488479,2.42522829302957
263.316,-3.00904459119026,-3,-0.295139852387541,2.42522829302957
263.327,-3.01160596999858,-3,-0.174284026331187,2.42522829302957
263.328,-3.01177526420522,-3,-0.164329559913822,2.42522829302957
263.337,-3.01287080355358,-3,-0.0808329656944196,2.40471558014895
263.339,-3.01303176833709,-3,-0.0801544186859795,2.40471558014895
263.34,-3.01311177556407,-3,-0.0798655828516075,2.40471558014895
263.349,-3.01382346214759,-3,-0.078712577220521,2.40471558014895
263.351,-3.01398095076302,-3,-0.0787960085654652,2.40471558014895
263.352,-3.01405978751121,-3,-0.078882422364884,2.40471558014895
263.361,-3.0147773594997,-3,-0.080965293718412,2.43062403761827
263.363,-3.01491904833498,-3,-0.0607994667257258,2.43062403761827
263.364,-3.01497488044642,-3,-0.0508825279971602,2.43062403761827
263.368,-3.01508800689637,-3,0,2.42243682663963
263.374,-3.01508800689637,-3,0,2.41446609130719
263.376,-3.01508800689637,-3,0,2.41487170232907
263.387,-3.01508800689637,-3,0,2.42199951984194
263.388,-3.01508800689637,-3,0,2.42275969319904
263.399,-3.01508800689637,-3,0,2.43130592914623
263.4,-3.01508800689637,-3,0,2.43209288881006
263.411,-3.01508800689637,-3,0,2.44083145150532
263.412,-3.01508800689637,-3,0,2.44163313995433
263.423,-3.01508800689637,-3,0,2.45053095945779
263.424,-3.01508800689637,-3,0,2.45134705147852
263.435,-3.01508800689637,-3,0,2.46040323583328
263.436,-3.01508800689637,-3,0,2.46123372265413
263.447,-3.01508800689637,-3,0,2.47044824780248
263.448,-3.01508800689637,-3,0,2.47129312918686
263.459,-3.01508800689637,-3,0,2.48066599447992
263.46,-3.01508800689637,-3,0,2.48152527042146
263.471,-3.01508800689637,-3,0,2.49105647584173
263.472,-3.01508800689637,-3,0,2.49193014634024
263.483,-3.01508800689637,-3,0,2.50161969188725
263.484,-3.01508800689637,-3,0,2.50250775694274
263.495,-3.01508800689637,-3,0,2.51235564261648
263.496,-3.01508800689637,-3,0,2.51325810222894
263.507,-3.01508800689637,-3,0,2.5232643280294
263.508,-3.01508800689637,-3,0,2.52418118219884
263.519,-3.01508800689637,-3,0,2.53434574812602
263.52,-3.01508800689637,-3,0,2.53527699685244
263.531,-3.01508800689637,-3,0,2.54559990290635
263.532,-3.01508800689637,-3,0,2.54654554618973
263.543,-3.01508800689637,-3,0,2.55702679237037
263.544,-3.01508800689637,-3,0,2.55798683021073
263.555,-3.01508800689637,-3,0,2.56862641651809
263.556,-3.01508800689637,-3,0,2.56960084891543
263.567,-3.01508800689637,-3,0,2.58039877534952
263.568,-3.01508800689637,-3,0,2.58138760230383
263.579,-3.01508800689637,-3,0,2.59234386886464
263.58,-3.01508800689637,-3,0,2.59334709037593
263.591,-3.01508800689637,-3,0,2.60446169706346
263.592,-3.01508800689637,-3,0,2.60547931313173
263.603,-3.01508800689637,-3,0,2.61675225994599
263.604,-3.01508800689637,-3,0,2.61778427057122
263.615,-3.01508800689637,-3,0,2.62921555751221
263.616,-3.01508800689637,-3,0,2.63026196269442
263.627,-3.01508800689637,-3,0,2.64185158976213
263.628,-3.01508800689637,-3,0,2.64291238950132
263.639,-3.01508800689637,-3,0,2.65466035669575
263.64,-3.01508800689637,-3,0,2.65573555099192
263.651,-3.01508800689637,-3,0,2.66764185831307
263.652,-3.01508800689637,-3,0,2.66873144716621
263.663,-3.01508800689637,-3,0,2.68079609461409
263.664,-3.01508800689637,-3,0,2.68190007802421
263.675,-3.01508800689637,-3,0,2.69412306559881
263.676,-3.01508800689637,-3,0,2.6952414435659
263.687,-3.01508800689637,-3,0,2.70762277126723
263.688,-3.01508800689637,-3,0,2.7087555437913
263.699,-3.01508800689637,-3,0,2.72129521161936
263.7,-3.01508800689637,-3,0,2.72244237870039
263.711,-3.01508800689637,-3,0,2.73514038665518
263.712,-3.01508800689637,-3,0,2.73630194829319
263.723,-3.01508800689637,-3,0,2.7491582963747
263.724,-3.01508800689637,-3,0,2.75033425256969
263.729,-3.01508800689637,-3,0,2.75623202674085
263.735,-3.01508416999527,-3,0.00128065858071989,2.75623202674085
263.736,-3.01508278195293,-3,0.00149552812757125,2.75623202674085
263.747,-3.01505310786087,-3,0.00392373064334374,2.75623202674085
263.748,-3.01504906970299,-3,0.00415288190158658,2.75623202674085
263.752,-3.01503059715089,-3,0.00508882431559425,2.78130675948029
263.759,-3.01272550550878,-3,0.730929203467229,2.59985908340029
263.76,-3.0119580958069,-3,0.80383942015659,2.554486639068
263.764,-3.00842775709911,-3,0.921512971216488,2.40650632601688
263.768,-3.00484569186285,-3,0.854930998314431,2.33462823095926
263.771,-3.00242770325146,-3,0.757930774487302,2.33462823095926
263.772,-3.00168541911175,-3,0.726728541860301,2.33462823095926
263.783,-2.99545275493109,-3,0.415657818950441,2.365197659191
263.784,-2.99504373557471,-3,0.402425826921703,2.365197659191
263.794,-2.99163293591971,-3,0.283600280132485,2.39053054473527
263.795,-2.99134949586209,-3,0.28329854417465,2.39053054473527
263.796,-2.9910663015877,-3,0.283108540908965,2.39053054473527
263.804,-2.98879644301093,-3,0.285500182816081,2.36788827930172
263.807,-2.98797782394609,-3,0.260509946154106,2.36788827930172
263.808,-2.98772132074557,-3,0.252524265704015,2.36788827930172
263.819,-2.98538771658512,-3,0.17463039716186,2.36788827930172
263.82,-2.98521623562163,-3,0.168351477884024,2.36788827930172
263.831,-2.98371644602133,-3,0.10636552299429,2.36788827930172
263.832,-2.98361262237745,-3,0.1012956577456,2.36788827930172
263.843,-2.98278593011233,-3,0.0503925146734793,2.36788827930172
263.844,-2.9827376655457,-3,0.0461457755954297,2.36788827930172
263.851,-2.9825254506141,-3,0,2.36044478504426
263.856,-2.9825254506141,-3,0,2.36478958035472
263.867,-2.9825254506141,-3,0,2.35705229012068
263.868,-2.9825254506141,-3,0,2.35614179581085
263.879,-2.9825254506141,-3,0,2.34583558223861
263.88,-2.9825254506141,-3,0,2.34488495687252
263.891,-2.9825254506141,-3,0,2.33433101542916
263.892,-2.9825254506141,-3,0,2.33336308590033
263.903,-2.9825254506141,-3,0,2.32262402348173
263.904,-2.9825254506141,-3,0,2.32163940547333
263.915,-2.9825254506141,-3,0,2.31071691070222
263.916,-2.9825254506141,-3,0,2.30971562082034
263.927,-2.9825254506141,-3,0,2.29860973924197
263.928,-2.9825254506141,-3,0,2.29759177793452
263.939,-2.9825254506141,-3,0,2.28630251077732
263.94,-2.9825254506141,-3,0,2.28526787805637
263.951,-2.9825254506141,-3,0,2.27379522535348
263.952,-2.9825254506141,-3,0,2.27274392121936
263.963,-2.9825254506141,-3,0,2.26108788297167
263.964,-2.9825254506141,-3,0,2.26001990742439
263.975,-2.9825254506141,-3,0,2.24818048363193
263.976,-2.9825254506141,-3,0,2.24709583667149
263.987,-2.9825254506141,-3,0,2.23507302733426
263.988,-2.9825254506141,-3,0,2.23397170896065
263.999,-2.9825254506141,-3,0,2.22176551407864
264,-2.9825254506141,-3,0,2.22064752429188
264.011,-2.9825254506141,-3,0,2.2082579438651
264.012,-2.9825254506141,-3,0,2.20712328266518
264.023,-2.9825254506141,-3,0,2.19455031669363
264.024,-2.9825254506141,-3,0,2.19339898408054
264.035,-2.9825254506141,-3,0,2.18064263256422
264.036,-2.9825254506141,-3,0,2.17947462853797
264.047,-2.9825254506141,-3,0,2.16653489147688
264.048,-2.9825254506141,-3,0,2.16535021603747
264.059,-2.9825254506141,-3,0,2.1522270934316
264.06,-2.9825254506141,-3,0,2.15102574657903
264.071,-2.9825254506141,-3,0,2.13771923842839
264.072,-2.9825254506141,-3,0,2.13650122016266
264.083,-2.9825254506141,-3,0,2.12301132646724
264.084,-2.9825254506141,-3,0,2.12177663678835
264.095,-2.9825254506141,-3,0,2.10810335754816
264.096,-2.9825254506141,-3,0,2.10685199645611
264.107,-2.9825254506141,-3,0,2.09299533167115
264.108,-2.9825254506141,-3,0,2.09172729916594
264.119,-2.9825254506141,-3,0,2.0776872488362
264.12,-2.9825254506141,-3,0,2.07640254491783
264.131,-2.9825254506141,-3,0,2.06217910904333
264.132,-2.9825254506141,-3,0,2.06087773371179
264.143,-2.9825254506141,-3,0,2.04647091229252
264.144,-2.9825254506141,-3,0,2.04515286554782
264.153,-2.9825254506141,-3,0,2.0332279270462
264.155,-2.98252548499475,-3,-3.43844342905126e-05,2.0332279270462
264.156,-2.98252552798121,-3,-5.15908587024311e-05,2.0332279270462
264.167,-2.9825271441943,-3,-0.000243244861491386,2.0332279270462
264.168,-2.98252739632693,-3,-0.000261034289806734,2.01320797769413
264.179,-2.98731259055665,-3,-0.883123692990717,2.32017083144641
264.18,-2.98820458342042,-3,-0.900892608061318,2.35401972945925
264.181,-2.98910748887468,-3,-0.90496989880026,2.38290267505818
264.185,-2.99263513812396,-3,-0.842363390847339,2.45225100592033
264.191,-2.9970940897826,-3,-0.6473888916925,2.45225100592033
264.192,-2.99772614911211,-3,-0.616815091588818,2.45225100592033
264.202,-3.00256911746882,-3,-0.381275085861934,2.40728737205612
264.203,-3.00294643990548,-3,-0.373405386598411,2.40728737205612
264.204,-3.003315998629,-3,-0.365746852438182,2.40728737205612
264.215,-3.00692522181428,-3,-0.294156100556548,2.40728737205612
264.216,-3.00721663233527,-3,-0.288691519966983,2.40728737205612
264.227,-3.01009944260201,-3,-0.238285857849146,2.40728737205612
264.228,-3.01033582932479,-3,-0.234508189307548,2.40728737205612
264.233,-3.01146440521317,-3,-0.217407055536657,2.43280910854285
264.239,-3.01253184217179,-3,-0.13948813534585,2.43280910854285
264.24,-3.01266512456891,-3,-0.12710299114659,2.43280910854285
264.245,-3.01314987699007,-3,-0.0673813615300772,2.41069422723988
264.251,-3.01350923100386,-3,-0.0526679195304907,2.41069422723988
264.252,-3.01356074364756,-3,-0.0503639698097377,2.41069422723988
264.263,-3.01398449260685,-3,-0.027341655070327,2.41069422723988
264.264,-3.01401087694415,-3,-0.0254314426266586,2.41069422723988
264.267,-3.01407783636707,-3,0,2.40371684834348
264.272,-3.01407783636707,-3,0,2.39903429398026
264.276,-3.01407783636707,-3,0,2.40017347235182
264.287,-3.01407783636707,-3,0,2.40718102112865
264.288,-3.01407783636707,-3,0,2.40787894151891
264.299,-3.01407783636707,-3,0,2.41568417615523
264.3,-3.01407783636707,-3,0,2.41640191900961
264.311,-3.01407783636707,-3,0,2.42437242286158
264.312,-3.01407783636707,-3,0,2.4251037689247
264.323,-3.01407783636707,-3,0,2.43322248455637
264.324,-3.01407783636707,-3,0,2.43396726608351
264.335,-3.01407783636707,-3,0,2.44223373342459
264.336,-3.01407783636707,-3,0,2.44299194589137
264.347,-3.01407783636707,-3,0,2.4514061525329
264.348,-3.01407783636707,-3,0,2.45217779581728
264.359,-3.01407783636707,-3,0,2.46073974142458
264.36,-3.01407783636707,-3,0,2.46152481552329
264.371,-3.01407783636707,-3,0,2.47023450008732
264.372,-3.01407783636707,-3,0,2.47103300500026
264.383,-3.01407783636707,-3,0,2.47989042852079
264.384,-3.01407783636707,-3,0,2.48070236424795
264.395,-3.01407783636707,-3,0,2.48970752672498
264.396,-3.01407783636707,-3,0,2.49053289326637
264.407,-3.01407783636707,-3,0,2.49968579469988
264.408,-3.01407783636707,-3,0,2.50052459205549
264.419,-3.01407783636707,-3,0,2.5098252324455
264.42,-3.01407783636707,-3,0,2.51067746061534
264.431,-3.01407783636707,-3,0,2.52012583996183
264.432,-3.01407783636707,-3,0,2.5209914989459
264.443,-3.01407783636707,-3,0,2.53058761724888
264.444,-3.01407783636707,-3,0,2.53146670704717
264.455,-3.01407783636707,-3,0,2.54121056430664
264.456,-3.01407783636707,-3,0,2.54210308491916
264.467,-3.01407783636707,-3,0,2.55199468113512
264.468,-3.01407783636707,-3,0,2.55290063256186
264.479,-3.01407783636707,-3,0,2.56293996773431
264.48,-3.01407783636707,-3,0,2.56385934997529
264.491,-3.01407783636707,-3,0,2.57404642410422
264.492,-3.01407783636707,-3,0,2.57497923715942
264.503,-3.01407783636707,-3,0,2.58531405024485
264.504,-3.01407783636707,-3,0,2.58626029411427
264.515,-3.01407783636707,-3,0,2.59674284615619
264.516,-3.01407783636707,-3,0,2.59770252083984
264.527,-3.01407783636707,-3,0,2.60833281183825
264.528,-3.01407783636707,-3,0,2.60930591733613
264.539,-3.01407783636707,-3,0,2.62008394729102
264.54,-3.01407783636707,-3,0,2.62107048360312
264.551,-3.01407783636707,-3,0,2.63199625251451
264.552,-3.01407783636707,-3,0,2.63299621964084
264.563,-3.01407783636707,-3,0,2.64406972750871
264.564,-3.01407783636707,-3,0,2.64508312544927
264.575,-3.01407783636707,-3,0,2.65630437227363
264.576,-3.01407783636707,-3,0,2.65733120102842
264.587,-3.01407783636707,-3,0,2.66870018680927
264.588,-3.01407783636707,-3,0,2.66974044637828
264.599,-3.01407783636707,-3,0,2.68125717111562
264.6,-3.01407783636707,-3,0,2.68231086149885
264.611,-3.01407783636707,-3,0,2.69397532519269
264.612,-3.01407783636707,-3,0,2.69504244639015
264.623,-3.01407783636707,-3,0,2.70685464904047
264.624,-3.01407783636707,-3,0,2.70793520105215
264.635,-3.01407783636707,-3,0,2.71989514265896
264.636,-3.01407783636707,-3,0,2.72098912548487
264.647,-3.01407783636707,-3,0,2.73309680604817
264.648,-3.01407783636707,-3,0,2.73420421968831
264.659,-3.01407783636707,-3,0,2.7464596392081
264.66,-3.01407783636707,-3,0,2.74758048366247
264.667,-3.01407783636707,-3,0,2.75545773340956
264.671,-3.01407509207376,-3,0.00137295351939238,2.75545773340956
264.672,-3.01407354699027,-3,0.00171732704418094,2.75545773340956
264.683,-3.01403353900881,-3,0.00558917492138399,2.75545773340956
264.684,-3.01402776822951,-3,0.00595280789264787,2.75545773340956
264.693,-3.01395905008717,-3,0.00936332992103975,2.7804751542587
264.695,-3.01384898495044,-3,0.17112013906052,2.7804751542587
264.696,-3.01360255390616,-3,0.321545553959289,2.74776938083892
264.705,-3.00696023359198,-3,0.922402326514189,2.39397931568531
264.706,-3.00604292081129,-3,0.912296462815125,2.37093087835002
264.707,-3.00514019511847,-3,0.89323945873148,2.37093087835002
264.708,-3.00425627471689,-3,0.874683994753284,2.33890246154998
264.711,-3.00177095234347,-3,0.783057590578832,2.31852402199077
264.719,-2.99667427223591,-3,0.49691602487642,2.35023563154622
264.72,-2.99618763100007,-3,0.476426467040659,2.35023563154622
264.724,-2.99444073676873,-3,0.397910908201728,2.37721046248965
264.731,-2.99183663231054,-3,0.34778695907117,2.37721046248965
264.732,-2.99149204581574,-3,0.341417217047847,2.37721046248965
264.743,-2.98807741390291,-3,0.282752937126929,2.37721046248965
264.744,-2.9877968661657,-3,0.2783668195506,2.37721046248965
264.747,-2.98698053701058,-3,0.266062648799764,2.35709806060622
264.755,-2.98522525795272,-3,0.174694216640931,2.35709806060622
264.756,-2.98505590034712,-3,0.164046992190487,2.35709806060622
264.767,-2.98385997682552,-3,0.0559267877144191,2.3827942524722
264.768,-2.98380334164161,-3,0.0573452100371425,2.3827942524722
264.779,-2.98308392591095,-3,0.0737113838635725,2.3827942524722
264.78,-2.98300943109265,-3,0.0752808213416513,2.3827942524722
264.783,-2.98277641926192,-3,0.0800849540762997,2.36160394328339
264.791,-2.98235628499198,-3,0.0257830087607259,2.36160394328339
264.792,-2.98233534817725,-3,0,2.3625453963265
264.797,-2.98233534817725,-3,0,2.37013970015348
264.804,-2.98233534817725,-3,0,2.36668365656072
264.815,-2.98233534817725,-3,0,2.35671566268898
264.816,-2.98233534817725,-3,0,2.35576800306077
264.827,-2.98233534817725,-3,0,2.34521795254346
264.828,-2.98233534817725,-3,0,2.34424953918025
264.839,-2.98233534817725,-3,0,2.3335034090193
264.84,-2.98233534817725,-3,0,2.33251803766172
264.851,-2.98233534817725,-3,0,2.32158623836427
264.852,-2.98233534817725,-3,0,2.3205840113904
264.863,-2.98233534817725,-3,0,2.3094668237469
264.864,-2.98233534817725,-3,0,2.30844774391806
264.875,-2.98233534817725,-3,0,2.29714517550196
264.876,-2.98233534817725,-3,0,2.29610924289263
264.887,-2.98233534817725,-3,0,2.28462129390818
264.888,-2.98233534817725,-3,0,2.28356850852037
264.899,-2.98233534817725,-3,0,2.27189517897309
264.9,-2.98233534817725,-3,0,2.27082554080685
264.911,-2.98233534817725,-3,0,2.25896683069689
264.912,-2.98233534817725,-3,0,2.25788033975222
264.923,-2.98233534817725,-3,0,2.24583624907958
264.924,-2.98233534817725,-3,0,2.24473290535649
264.935,-2.98233534817725,-3,0,2.23250343412116
264.936,-2.98233534817725,-3,0,2.23138323761965
264.947,-2.98233534817725,-3,0,2.21896838582165
264.948,-2.98233534817725,-3,0,2.21783133654171
264.959,-2.98233534817725,-3,0,2.20523110418102
264.96,-2.98233534817725,-3,0,2.20407720212266
264.971,-2.98233534817725,-3,0,2.19129158919929
264.972,-2.98233534817725,-3,0,2.1901208343625
264.983,-2.98233534817725,-3,0,2.17714984087645
264.984,-2.98233534817725,-3,0,2.17596223326124
264.995,-2.98233534817725,-3,0,2.16280585921251
264.996,-2.98233534817725,-3,0,2.16160139881887
265.007,-2.98233534817725,-3,0,2.14825964420747
265.008,-2.98233534817725,-3,0,2.1470383310354
265.019,-2.98233534817725,-3,0,2.13351119586132
265.02,-2.98233534817725,-3,0,2.13227302991083
265.031,-2.98233534817725,-3,0,2.11856051417407
265.032,-2.98233534817725,-3,0,2.11730549544515
265.043,-2.98233534817725,-3,0,2.10340759914571
265.044,-2.98233534817725,-3,0,2.10213572763836
265.055,-2.98233534817725,-3,0,2.08805245077624
265.056,-2.98233534817725,-3,0,2.08676372649047
265.067,-2.98233534817725,-3,0,2.07249506906567
265.068,-2.98233534817725,-3,0,2.07118949200148
265.079,-2.98233534817725,-3,0,2.056735454014
265.08,-2.98233534817725,-3,0,2.05541302417138
265.091,-2.98233534817725,-3,0,2.04077360562122
265.092,-2.98233534817725,-3,0,2.03943432300017
265.097,-2.98233534817725,-3,0,2.03271684392191
265.103,-2.98233832639923,-3,-0.00099372477061494,2.03271684392191
265.104,-2.9823394033196,-3,-0.00116017527526857,2.03271684392191
265.113,-2.98235665525443,-3,-0.00268213682378216,2.01209451161415
265.115,-2.98237939380677,-3,-0.0210122122073095,2.01209451161415
265.116,-2.98247537282117,-3,-0.170737369385784,2.01209451161415
265.126,-2.98926752331544,-3,-0.905448235679342,2.39078946799894
265.127,-2.99016762207039,-3,-0.894822541062902,2.39078946799894
265.128,-2.99105731360442,-3,-0.884632475062049,2.43074859814743
265.131,-2.99359489347561,-3,-0.807914813164034,2.46084561416697
265.139,-2.99892145263715,-3,-0.529718931810731,2.44011785972181
265.14,-2.99943917756807,-3,-0.50579901814828,2.44011785972181
265.143,-3.00085161596226,-3,-0.436401386065953,2.41687396578765
265.151,-3.00394824851763,-3,-0.340456903895976,2.41687396578765
265.152,-3.00428323474282,-3,-0.329552813687834,2.39652564508085
265.163,-3.00779069722912,-3,-0.310933698773093,2.39652564508085
265.164,-3.00810117412348,-3,-0.310041274078958,2.42153169122591
265.175,-3.01088748907725,-3,-0.20026448256845,2.42153169122591
265.176,-3.01108326744932,-3,-0.191317697064463,2.42153169122591
265.187,-3.01268163762295,-3,-0.101833463712049,2.42153169122591
265.188,-3.01277974599787,-3,-0.0944002367435361,2.42153169122591
265.194,-3.01321665660789,-3,-0.0517708805159103,2.40113789911958
265.199,-3.01349402163562,-3,-0.0592109124122866,2.40113789911958
265.2,-3.01355398946294,-3,-0.060726421914473,2.40113789911958
265.211,-3.01431656869731,-3,-0.0781875924581933,2.40113789911958
265.212,-3.01439559104037,-3,-0.0798597686212112,2.42644768705649
265.22,-3.01475390526332,-3,0,2.42059392925694
265.223,-3.01475390526332,-3,0,2.41450355069413
265.224,-3.01475390526332,-3,0,2.41376903989533
265.226,-3.01475390526332,-3,0,2.41334846578732
265.235,-3.01475390526332,-3,0,2.41787922099279
265.236,-3.01475390526332,-3,0,2.41858608829311
265.247,-3.01475390526332,-3,0,2.42676573872207
265.248,-3.01475390526332,-3,0,2.42752517879174
265.259,-3.01475390526332,-3,0,2.43596524803073
265.26,-3.01475390526332,-3,0,2.43673980224469
265.271,-3.01475390526332,-3,0,2.44533755322015
265.272,-3.01475390526332,-3,0,2.44612621125063
265.283,-3.01475390526332,-3,0,2.45487887295539
265.284,-3.01475390526332,-3,0,2.45568160755201
265.295,-3.01475390526332,-3,0,2.46458910524693
265.296,-3.01475390526332,-3,0,2.46540591567469
265.307,-3.01475390526332,-3,0,2.47446824734392
265.308,-3.01475390526332,-3,0,2.475299133583
265.319,-3.01475390526332,-3,0,2.48451629917217
265.32,-3.01475390526332,-3,0,2.48536126122203
265.331,-3.01475390526332,-3,0,2.49473326072967
265.332,-3.01475390526332,-3,0,2.49559229859029
265.343,-3.01475390526332,-3,0,2.50511913201637
265.344,-3.01475390526332,-3,0,2.50599224568776
265.355,-3.01475390526332,-3,0,2.51567391303226
265.356,-3.01475390526332,-3,0,2.51656110251442
265.367,-3.01475390526332,-3,0,2.52639760377735
265.368,-3.01475390526332,-3,0,2.52729886907028
265.379,-3.01475390526332,-3,0,2.53729020425164
265.38,-3.01475390526332,-3,0,2.53820554535533
265.391,-3.01475390526332,-3,0,2.54835171445513
265.392,-3.01475390526332,-3,0,2.54928113136959
265.403,-3.01475390526332,-3,0,2.55958213438781
265.404,-3.01475390526332,-3,0,2.56052562711304
265.415,-3.01475390526332,-3,0,2.5709814640497
265.416,-3.01475390526332,-3,0,2.57193903258569
265.427,-3.01475390526332,-3,0,2.58254970344078
265.428,-3.01475390526332,-3,0,2.58352134778753
265.439,-3.01475390526332,-3,0,2.59428685256105
265.44,-3.01475390526332,-3,0,2.59527257271857
265.451,-3.01475390526332,-3,0,2.60619291141053
265.452,-3.01475390526332,-3,0,2.60719270737882
265.463,-3.01475390526332,-3,0,2.6182678799892
265.464,-3.01475390526332,-3,0,2.61928175176825
265.475,-3.01475390526332,-3,0,2.63051175829707
265.476,-3.01475390526332,-3,0,2.63153970588689
265.487,-3.01475390526332,-3,0,2.64292454633414
265.488,-3.01475390526332,-3,0,2.64396656973473
265.499,-3.01475390526332,-3,0,2.6555062441004
265.5,-3.01475390526332,-3,0,2.65656234331176
265.511,-3.01475390526332,-3,0,2.66825685159587
265.512,-3.01475390526332,-3,0,2.66932702661799
265.523,-3.01475390526332,-3,0,2.68117636882053
265.524,-3.01475390526332,-3,0,2.68226061965341
265.535,-3.01475390526332,-3,0,2.69426479577438
265.536,-3.01475390526332,-3,0,2.69536312241803
265.547,-3.01475390526332,-3,0,2.70752213245744
265.548,-3.01475390526332,-3,0,2.70863453491185
265.559,-3.01475390526332,-3,0,2.72094837886969
265.56,-3.01475390526332,-3,0,2.72207485713487
265.571,-3.01475390526332,-3,0,2.73454353501114
265.572,-3.01475390526332,-3,0,2.73568408908709
265.583,-3.01475390526332,-3,0,2.74830760088179
265.584,-3.01475390526332,-3,0,2.74946223076851
265.59,-3.01475390526332,-3,0,2.75641464275766
265.595,-3.01474846724229,-3,0.0021772068864128,2.75641464275766
265.596,-3.01474607134694,-3,0.00261475994314475,2.75641464275766
265.607,-3.01469042946213,-3,0.00754690188028421,2.75641464275766
265.608,-3.01468265067665,-3,0.00801124095483567,2.75641464275766
265.617,-3.01459118721344,-3,0.0123744547138319,2.78188711439101
265.619,-3.0144257015776,-3,0.217040255873806,2.78188711439101
265.62,-3.01413338411928,-3,0.367401765938529,2.73984431359858
265.628,-3.00820419459893,-3,0.92738865422197,2.41355276743554
265.63,-3.00636004163056,-3,0.911598825106952,2.36533517261509
265.631,-3.00545921173493,-3,0.890148653086571,2.36533517261509
265.632,-3.0045795710204,-3,0.869218402795057,2.33605794742738
265.643,-2.99686931353065,-3,0.543074442731994,2.33605794742738
265.644,-2.99633964612656,-3,0.516331826076566,2.33605794742738
265.648,-2.99448219565614,-3,0.41344787463025,2.3622818314193
265.655,-2.99192014679718,-3,0.320634199836133,2.3622818314193
265.656,-2.99160567561831,-3,0.308345732621742,2.3622818314193
265.658,-2.9910130448518,-3,0.284428833809498,2.3876119000842
265.667,-2.98849253029457,-3,0.277239210763678,2.3876119000842
265.668,-2.9882154174525,-3,0.277004684258281,2.3876119000842
265.669,-2.98793848467038,-3,0.276878926461971,2.3655718047759
265.679,-2.98559839089251,-3,0.193819271683392,2.3655718047759
265.68,-2.9854083182404,-3,0.186348859098875,2.3655718047759
265.691,-2.98377870747874,-3,0.112252057272193,2.3655718047759
265.692,-2.9836695104441,-3,0.106157704598311,2.3655718047759
265.703,-2.98284893377464,-3,0.0445809304780407,2.3655718047759
265.704,-2.98280694505806,-3,0.039406578186593,2.3655718047759
265.708,-2.98269273368335,-3,0,2.37091716709709
265.713,-2.98269273368335,-3,0,2.37753988465316
265.716,-2.98269273368335,-3,0,2.37672263566864
265.727,-2.98269273368335,-3,0,2.36795524340722
265.728,-2.98269273368335,-3,0,2.36704977545345
265.739,-2.98269273368335,-3,0,2.35689847791658
265.74,-2.98269273368335,-3,0,2.35596467483603
265.751,-2.98269273368335,-3,0,2.34559931972835
265.752,-2.98269273368335,-3,0,2.34464868593303
265.763,-2.98269273368335,-3,0,2.33410082619116
265.764,-2.98269273368335,-3,0,2.33313367197614
265.775,-2.98269273368335,-3,0,2.32240415864061
265.776,-2.98269273368335,-3,0,2.32142049237512
265.787,-2.98269273368335,-3,0,2.31050934840005
265.788,-2.98269273368335,-3,0,2.30950917030983
265.799,-2.98269273368335,-3,0,2.29841639631433
265.8,-2.98269273368335,-3,0,2.29739970640546
265.811,-2.98269273368335,-3,0,2.28612530240624
265.812,-2.98269273368335,-3,0,2.28509210067889
265.823,-2.98269273368335,-3,0,2.27363606667638
265.824,-2.98269273368335,-3,0,2.27258635313055
265.835,-2.98269273368335,-3,0,2.26094868912478
265.836,-2.98269273368335,-3,0,2.25988246376047
265.847,-2.98269273368335,-3,0,2.24806316975144
265.848,-2.98269273368335,-3,0,2.24698043256865
265.859,-2.98269273368335,-3,0,2.23497950855635
265.86,-2.98269273368335,-3,0,2.23388025955509
265.871,-2.98269273368335,-3,0,2.22169770553953
265.872,-2.98269273368335,-3,0,2.22058194471978
265.883,-2.98269273368335,-3,0,2.20821776070095
265.884,-2.98269273368335,-3,0,2.20708548806273
265.895,-2.98269273368335,-3,0,2.19453967404064
265.896,-2.98269273368335,-3,0,2.19339088958393
265.907,-2.98269273368335,-3,0,2.18066344555858
265.908,-2.98269273368335,-3,0,2.1794981492834
265.919,-2.98269273368335,-3,0,2.16658907525478
265.92,-2.98269273368335,-3,0,2.16540726716112
265.931,-2.98269273368335,-3,0,2.15231656312924
265.932,-2.98269273368335,-3,0,2.1511182432171
265.943,-2.98269273368335,-3,0,2.13784590918196
265.944,-2.98269273368335,-3,0,2.13663107745134
265.955,-2.98269273368335,-3,0,2.12317711341293
265.956,-2.98269273368335,-3,0,2.12194576986383
265.967,-2.98269273368335,-3,0,2.10831017582216
265.968,-2.98269273368335,-3,0,2.10706232045458
265.979,-2.98269273368335,-3,0,2.09324509640965
265.98,-2.98269273368335,-3,0,2.09198072922359
265.991,-2.98269273368335,-3,0,2.07798187517539
265.992,-2.98269273368335,-3,0,2.07670099617086
266.003,-2.98269273368335,-3,0,2.06252051211939
266.004,-2.98269273368335,-3,0,2.06122312129638
266.015,-2.98269273368335,-3,0,2.04686100724165
266.016,-2.98269273368335,-3,0,2.04554710460016
266.026,-2.98269273368335,-3,0,2.03233239901726
266.027,-2.98269295471616,-3,-0.000442077775499547,2.03233239901726
266.028,-2.98269361788759,-3,-0.000884301608711761,2.03233239901726
266.039,-2.98273026132212,-3,-0.00580032089514597,2.03233239901726
266.04,-2.98273628919451,-3,-0.00625575578782393,2.03233239901726
266.044,-2.98276498742259,-3,-0.00809967839690975,2.01172085038764
266.051,-2.98515531190982,-3,-0.739742920705954,2.19706774902635
266.052,-2.98592942505239,-3,-0.808431351380421,2.24184178897368
266.056,-2.98944670629687,-3,-0.911258899494932,2.38486324787944
266.06,-2.99299405594518,-3,-0.846091540962193,2.45348128747288
266.063,-2.99537912996243,-3,-0.744864068161226,2.45348128747288
266.064,-2.99610766429887,-3,-0.712299197586607,2.45348128747288
266.072,-3.00081777306742,-3,-0.470470554032326,2.42931498868858
266.075,-3.00214768531542,-3,-0.416628272817704,2.42931498868858
266.076,-3.00255563322142,-3,-0.399318834409527,2.42931498868858
266.077,-3.002946424012,-3,-0.382312486048129,2.40682756815602
266.087,-3.00642067695708,-3,-0.315726477584451,2.40682756815602
266.088,-3.0067335635903,-3,-0.310075019170192,2.40682756815602
266.099,-3.00984267709053,-3,-0.25823106958567,2.40682756815602
266.1,-3.01009896932313,-3,-0.254375388191176,2.40682756815602
266.105,-3.01132612837668,-3,-0.237006692400819,2.43306970336014
266.111,-3.01250562287434,-3,-0.157300049684956,2.43306970336014
266.112,-3.01265658420439,-3,-0.144650469464916,2.43306970336014
266.117,-3.01322601002047,-3,-0.083739232398085,2.4123119224907
266.123,-3.01367008964629,-3,-0.0646224086666938,2.4123119224907
266.124,-3.01373320863791,-3,-0.061623916774845,2.4123119224907
266.135,-3.01424118044552,-3,-0.0315649717447045,2.4123119224907
266.136,-3.01427149097139,-3,-0.0290616031972808,2.4123119224907
266.14,-3.01436334249249,-3,0,2.40185609752211
266.145,-3.01436334249249,-3,0,2.39710643769347
266.148,-3.01436334249249,-3,0,2.39780549479654
266.159,-3.01436334249249,-3,0,2.40465114346386
266.16,-3.01436334249249,-3,0,2.40535450171848
266.171,-3.01436334249249,-3,0,2.41324110254711
266.172,-3.01436334249249,-3,0,2.41396691849257
266.183,-3.01436334249249,-3,0,2.42202826528699
266.184,-3.01436334249249,-3,0,2.42276802055555
266.195,-3.01436334249249,-3,0,2.43098075014713
266.196,-3.01436334249249,-3,0,2.4317342149828
266.207,-3.01436334249249,-3,0,2.44009769722406
266.208,-3.01436334249249,-3,0,2.4408648654299
266.219,-3.01436334249249,-3,0,2.44937908332462
266.22,-3.01436334249249,-3,0,2.45015995473348
266.231,-3.01436334249249,-3,0,2.45882490782323
266.232,-3.01436334249249,-3,0,2.45961948243062
266.243,-3.01436334249249,-3,0,2.46843517070304
266.244,-3.01436334249249,-3,0,2.46924344850882
266.255,-3.01436334249249,-3,0,2.47820987196357
266.256,-3.01436334249249,-3,0,2.47903185296774
266.267,-3.01436334249249,-3,0,2.48814901160482
266.268,-3.01436334249249,-3,0,2.48898469580739
266.279,-3.01436334249249,-3,0,2.49825258962679
266.28,-3.01436334249249,-3,0,2.49910197702775
266.291,-3.01436334249249,-3,0,2.50852060602948
266.292,-3.01436334249249,-3,0,2.50938369662883
266.303,-3.01436334249249,-3,0,2.51895306081289
266.304,-3.01436334249249,-3,0,2.51982985461064
266.315,-3.01436334249249,-3,0,2.52954995397702
266.316,-3.01436334249249,-3,0,2.53044045097316
266.327,-3.01436334249249,-3,0,2.54031128552186
266.328,-3.01436334249249,-3,0,2.5412154857164
266.339,-3.01436334249249,-3,0,2.55123705544743
266.34,-3.01436334249249,-3,0,2.55215495884036
266.351,-3.01436334249249,-3,0,2.56232726375371
266.352,-3.01436334249249,-3,0,2.56325887034503
266.363,-3.01436334249249,-3,0,2.57358191044072
266.364,-3.01436334249249,-3,0,2.57452722023043
266.375,-3.01436334249249,-3,0,2.58500099550844
266.376,-3.01436334249249,-3,0,2.58596000849654
266.387,-3.01436334249249,-3,0,2.59658451895688
266.388,-3.01436334249249,-3,0,2.59755723514338
266.399,-3.01436334249249,-3,0,2.60833248078604
266.4,-3.01436334249249,-3,0,2.60931890017093
266.411,-3.01436334249249,-3,0,2.62024488099592
266.412,-3.01436334249249,-3,0,2.6212450035792
266.423,-3.01436334249249,-3,0,2.63232171958651
266.424,-3.01436334249249,-3,0,2.63333554536819
266.435,-3.01436334249249,-3,0,2.64456299655783
266.436,-3.01436334249249,-3,0,2.6455905255379
266.447,-3.01436334249249,-3,0,2.65696871190986
266.448,-3.01436334249249,-3,0,2.65800994408833
266.459,-3.01436334249249,-3,0,2.66953886564262
266.46,-3.01436334249249,-3,0,2.67059380101948
266.471,-3.01436334249249,-3,0,2.68227345775609
266.472,-3.01436334249249,-3,0,2.68334209633134
266.483,-3.01436334249249,-3,0,2.69517248825029
266.484,-3.01436334249249,-3,0,2.69625483002393
266.495,-3.01436334249249,-3,0,2.7082359571252
266.496,-3.01436334249249,-3,0,2.70933200209724
266.507,-3.01436334249249,-3,0,2.72146386438083
266.508,-3.01436334249249,-3,0,2.72257361255126
266.519,-3.01436334249249,-3,0,2.73485621001718
266.52,-3.01436334249249,-3,0,2.73597966138601
266.531,-3.01436334249249,-3,0,2.74841299403425
266.532,-3.01436334249249,-3,0,2.74955014860147
266.537,-3.01436334249249,-3,0,2.75525305043555
266.543,-3.01436093648595,-3,0.000803062902857295,2.75525305043555
266.544,-3.01436006608588,-3,0.000937801204360083,2.75525305043555
266.555,-3.01434145834563,-3,0.00246045468911122,2.75525305043555
266.556,-3.01433892613704,-3,0.00260414859692768,2.75525305043555
266.56,-3.01432734254992,-3,0.00319105003256567,2.78032324587407
266.567,-3.01214749782998,-3,0.718016586888151,2.60593950813214
266.568,-3.01139158963364,-3,0.793744343679585,2.56019162983869
266.572,-3.00788249304068,-3,0.920238397971748,2.40942656921521
266.576,-3.00429630278022,-3,0.857721458254175,2.33485487576629
266.579,-3.00186870973572,-3,0.76154172959056,2.33485487576629
266.58,-3.00112267876138,-3,0.730611120548291,2.33485487576629
266.591,-2.99483100277103,-3,0.422500650094146,2.36118143130032
266.592,-2.99441587338195,-3,0.407805501646415,2.36118143130032
266.6,-2.99159653938299,-3,0.29969614078377,2.38680738913923
266.603,-2.99070591635074,-3,0.294247924167487,2.38680738913923
266.604,-2.99041245824418,-3,0.292689416861651,2.38680738913923
266.612,-2.98810830784389,-3,0.284627743500756,2.363576286098
266.615,-2.98729902109952,-3,0.255177908274113,2.363576286098
266.616,-2.9870485832104,-3,0.245727359374387,2.363576286098
266.627,-2.98487628390117,-3,0.152227880964573,2.363576286098
266.628,-2.98472789969735,-3,0.144560960784905,2.363576286098
266.639,-2.98357343900731,-3,0.0673627607793802,2.363576286098
266.64,-2.98350931361018,-3,0.0609013595576767,2.363576286098
266.647,-2.98324263256251,-3,0,2.3807963692488
266.651,-2.98324263256251,-3,0,2.38765721648346
266.652,-2.98324263256251,-3,0,2.38794633500723
266.663,-2.98324263256251,-3,0,2.3816013714949
266.664,-2.98324263256251,-3,0,2.38076242324591
266.675,-2.98324263256251,-3,0,2.37119152065041
266.676,-2.98324263256251,-3,0,2.37030659038386
266.687,-2.98324263256251,-3,0,2.36047756241735
266.688,-2.98324263256251,-3,0,2.35957583594227
266.699,-2.98324263256251,-3,0,2.3495687299798
266.7,-2.98324263256251,-3,0,2.34865099449096
266.711,-2.98324263256251,-3,0,2.33846796955694
266.712,-2.98324263256251,-3,0,2.33753424628641
266.723,-2.98324263256251,-3,0,2.32717536061368
266.724,-2.98324263256251,-3,0,2.32622565013414
266.735,-2.98324263256251,-3,0,2.31569090529334
266.736,-2.98324263256251,-3,0,2.31472520762024
266.747,-2.98324263256251,-3,0,2.30401460365374
266.748,-2.98324263256251,-3,0,2.30303291878749
266.759,-2.98324263256251,-3,0,2.29214645569643
266.76,-2.98324263256251,-3,0,2.29114878363704
266.771,-2.98324263256251,-3,0,2.28008646142146
266.772,-2.98324263256251,-3,0,2.27907280216893
266.783,-2.98324263256251,-3,0,2.26783462082882
266.784,-2.98324263256251,-3,0,2.26680497438315
266.795,-2.98324263256251,-3,0,2.25539093391852
266.796,-2.98324263256251,-3,0,2.25434530027971
266.807,-2.98324263256251,-3,0,2.24275540069055
266.808,-2.98324263256251,-3,0,2.24169377985861
266.819,-2.98324263256251,-3,0,2.22992802114492
266.82,-2.98324263256251,-3,0,2.22885041311984
266.831,-2.98324263256251,-3,0,2.21690879528163
266.832,-2.98324263256251,-3,0,2.21581520006341
266.843,-2.98324263256251,-3,0,2.20369772310067
266.844,-2.98324263256251,-3,0,2.20258814068931
266.855,-2.98324263256251,-3,0,2.19029480460205
266.856,-2.98324263256251,-3,0,2.18916923499755
266.867,-2.98324263256251,-3,0,2.17670003978576
266.868,-2.98324263256251,-3,0,2.17555848298812
266.879,-2.98324263256251,-3,0,2.16291342865181
266.88,-2.98324263256251,-3,0,2.16175588466103
266.891,-2.98324263256251,-3,0,2.1489349712002
266.892,-2.98324263256251,-3,0,2.14776144001628
266.903,-2.98324263256251,-3,0,2.13476466743092
266.904,-2.98324263256251,-3,0,2.13357514905386
266.915,-2.98324263256251,-3,0,2.12040251734398
266.916,-2.98324263256251,-3,0,2.11919701177378
266.927,-2.98324263256251,-3,0,2.10584852093937
266.928,-2.98324263256251,-3,0,2.10462702817604
266.939,-2.98324263256251,-3,0,2.0911026782171
266.94,-2.98324263256251,-3,0,2.08986519826063
266.951,-2.98324263256251,-3,0,2.07616498917717
266.952,-2.98324263256251,-3,0,2.07491152202756
266.963,-2.98324263256251,-3,0,2.06103545381957
266.964,-2.98324263256251,-3,0,2.05976599947682
266.975,-2.98324263256251,-3,0,2.04571407214431
266.976,-2.98324263256251,-3,0,2.04442863060842
266.985,-2.98324263256251,-3,0,2.03279970481115
266.987,-2.98324349444938,-3,-0.0008619817807742,2.03279970481115
266.988,-2.98324457207491,-3,-0.00129332863158625,2.03279970481115
266.999,-2.98328508872089,-3,-0.00609785750911558,2.03279970481115
267,-2.98329140938125,-3,-0.00654381121035164,2.03279970481115
267.003,-2.98331306258797,-3,-0.00789523640303808,2.01265089333727
267.011,-2.98641506821019,-3,-0.802317484693818,2.23935432498903
267.012,-2.98724302917584,-3,-0.853581417237202,2.28168707831346
267.015,-2.98991724448063,-3,-0.909549237699848,2.38343656896032
267.019,-2.99346337796528,-3,-0.846892263531843,2.45340864697742
267.023,-2.9965818473017,-3,-0.713925324845635,2.45340864697742
267.024,-2.99727982539696,-3,-0.682122324787685,2.45340864697742
267.031,-3.00131140041875,-3,-0.473696850343686,2.43144090828221
267.035,-3.00305659830924,-3,-0.399779391823466,2.43144090828221
267.036,-3.00344751146509,-3,-0.382097647054262,2.40874502600927
267.047,-3.00719761413969,-3,-0.303628761248226,2.40874502600927
267.048,-3.00749821296012,-3,-0.297596869031722,2.40874502600927
267.059,-3.01044658961617,-3,-0.241439153372372,2.40874502600927
267.06,-3.01068588652979,-3,-0.237176162021383,2.40874502600927
267.069,-3.01266521030783,-3,-0.204241511251775,2.43455475743621
267.071,-3.01304659280782,-3,-0.177267547577134,2.43455475743621
267.072,-3.01321724085904,-3,-0.164058494955726,2.43455475743621
267.08,-3.0141238221455,-3,-0.0641968636488191,2.41409006886274
267.083,-3.01430059260483,-3,-0.0537290715273028,2.41409006886274
267.084,-3.01435262411121,-3,-0.050342125554282,2.41409006886274
267.094,-3.01468857441049,-3,0,2.39982059112369
267.095,-3.01468857441049,-3,0,2.39763104861128
267.096,-3.01468857441049,-3,0,2.39619523649208
267.099,-3.01468857441049,-3,0,2.39469476431749
267.107,-3.01468857441049,-3,0,2.39816649661994
267.108,-3.01468857441049,-3,0,2.39882903541617
267.119,-3.01468857441049,-3,0,2.40667111732351
267.12,-3.01468857441049,-3,0,2.40740388800289
267.131,-3.01468857441049,-3,0,2.41555430737888
267.132,-3.01468857441049,-3,0,2.41630260785411
267.143,-3.01468857441049,-3,0,2.42461133430232
267.144,-3.01468857441049,-3,0,2.42537368915783
267.155,-3.01468857441049,-3,0,2.43383667608349
267.156,-3.01468857441049,-3,0,2.43461304552463
267.167,-3.01468857441049,-3,0,2.44323018378367
267.168,-3.01468857441049,-3,0,2.44402056673711
267.179,-3.01468857441049,-3,0,2.45279185338571
267.18,-3.01468857441049,-3,0,2.45359624982249
267.191,-3.01468857441049,-3,0,2.46252168478125
267.192,-3.01468857441049,-3,0,2.46334009470059
267.203,-3.01468857441049,-3,0,2.47241967796737
267.204,-3.01468857441049,-3,0,2.47325210136926
267.215,-3.01468857441049,-3,0,2.482485832944
267.216,-3.01468857441049,-3,0,2.48333226982843
267.227,-3.01468857441049,-3,0,2.49272014971113
267.228,-3.01468857441049,-3,0,2.4935806000781
267.239,-3.01468857441049,-3,0,2.50312262826876
267.24,-3.01468857441049,-3,0,2.50399709211827
267.251,-3.01468857441049,-3,0,2.51369326861689
267.252,-3.01468857441049,-3,0,2.51458174594895
267.263,-3.01468857441049,-3,0,2.52443207075553
267.264,-3.01468857441049,-3,0,2.52533456157012
267.275,-3.01468857441049,-3,0,2.53533903468466
267.276,-3.01468857441049,-3,0,2.5362555389818
267.287,-3.01468857441049,-3,0,2.5464141604043
267.288,-3.01468857441049,-3,0,2.54734467818398
267.299,-3.01468857441049,-3,0,2.55765744791444
267.3,-3.01468857441049,-3,0,2.55860197917667
267.311,-3.01468857441049,-3,0,2.56906889721509
267.312,-3.01468857441049,-3,0,2.57002744195985
267.323,-3.01468857441049,-3,0,2.58064850830623
267.324,-3.01468857441049,-3,0,2.58162106653354
267.335,-3.01468857441049,-3,0,2.59239628118788
267.336,-3.01468857441049,-3,0,2.59338285289773
267.347,-3.01468857441049,-3,0,2.60431221586003
267.348,-3.01468857441049,-3,0,2.60531280105242
267.359,-3.01468857441049,-3,0,2.61639631232268
267.36,-3.01468857441049,-3,0,2.61741091099761
267.371,-3.01468857441049,-3,0,2.62864857057583
267.372,-3.01468857441049,-3,0,2.6296771827333
267.383,-3.01468857441049,-3,0,2.64106899061948
267.384,-3.01468857441049,-3,0,2.6421116162595
267.395,-3.01468857441049,-3,0,2.65365757245364
267.396,-3.01468857441049,-3,0,2.65471421157619
267.407,-3.01468857441049,-3,0,2.66641431607829
267.408,-3.01468857441049,-3,0,2.66748496868339
267.419,-3.01468857441049,-3,0,2.67933922149345
267.42,-3.01468857441049,-3,0,2.68042388758109
267.431,-3.01468857441049,-3,0,2.69243228869911
267.432,-3.01468857441049,-3,0,2.69353096826929
267.443,-3.01468857441049,-3,0,2.70569351769527
267.444,-3.01468857441049,-3,0,2.70680621074799
267.455,-3.01468857441049,-3,0,2.71912290848194
267.456,-3.01468857441049,-3,0,2.7202496150172
267.467,-3.01468857441049,-3,0,2.7327204610591
267.468,-3.01468857441049,-3,0,2.73386118107691
267.479,-3.01468857441049,-3,0,2.74648617542677
267.48,-3.01468857441049,-3,0,2.74764090892712
267.487,-3.01468857441049,-3,0,2.75575674155549
267.491,-3.0146870107096,-3,0.000782310109598957,2.75575674155549
267.492,-3.01468613031974,-3,0.000978534319611165,2.75575674155549
267.503,-3.01466333377732,-3,0.0031847059049067,2.75575674155549
267.504,-3.01466004559421,-3,0.00339190198634122,2.75575674155549
267.511,-3.01463111324277,-3,0.00488936444960284,2.78163043601308
267.515,-3.01405503253813,-3,0.403122486141805,2.72859126951256
267.516,-3.01358816371568,-3,0.53046740907545,2.68925722627791
267.523,-3.00800929967123,-3,0.92276023562737,2.40568265422647
267.527,-3.0044236859258,-3,0.855471108226023,2.33389158270173
267.528,-3.00358479600871,-3,0.822408403912325,2.33389158270173
267.539,-2.99639989850886,-3,0.49403434977561,2.33389158270173
267.54,-2.99591942000464,-3,0.466991434434613,2.33389158270173
267.549,-2.99242971714999,-3,0.321559857943154,2.38523534177354
267.551,-2.99179273367298,-3,0.315522796499399,2.38523534177354
267.552,-2.99147862186017,-3,0.312725032056499,2.38523534177354
267.562,-2.98846451133671,-3,0.292327199139451,2.36303665704215
267.563,-2.98817741389906,-3,0.281900885990509,2.36303665704215
267.564,-2.9879006440864,-3,0.271671011889109,2.36303665704215
267.575,-2.98548620551888,-3,0.170597401227384,2.36303665704215
267.576,-2.98531975666963,-3,0.162322748746763,2.36303665704215
267.587,-2.9840038637693,-3,0.0791588701606314,2.36303665704215
267.588,-2.98392818526511,-3,0.0722128932730648,2.36303665704215
267.596,-2.98356537541014,-3,0,2.38381490866644
267.599,-2.98356537541014,-3,0,2.39113542027681
267.6,-2.98356537541014,-3,0,2.39204337457722
267.602,-2.98356537541014,-3,0,2.39261948332852
267.611,-2.98356537541014,-3,0,2.38761882154091
267.612,-2.98356537541014,-3,0,2.3868229673405
267.623,-2.98356537541014,-3,0,2.37759594160914
267.624,-2.98356537541014,-3,0,2.37673887618617
267.635,-2.98356537541014,-3,0,2.36721449873345
267.636,-2.98356537541014,-3,0,2.36634052594699
267.647,-2.98356537541014,-3,0,2.35664030814227
267.648,-2.98356537541014,-3,0,2.35575062294858
267.659,-2.98356537541014,-3,0,2.3458778421762
267.66,-2.98356537541014,-3,0,2.34497247680544
267.671,-2.98356537541014,-3,0,2.33492722146246
267.672,-2.98356537541014,-3,0,2.33400617678394
267.683,-2.98356537541014,-3,0,2.32378844925459
267.684,-2.98356537541014,-3,0,2.32285172529176
267.695,-2.98356537541014,-3,0,2.31246152564035
267.696,-2.98356537541014,-3,0,2.31150912239384
267.707,-2.98356537541014,-3,0,2.30094645062209
267.708,-2.98356537541014,-3,0,2.29997836809192
267.719,-2.98356537541014,-3,0,2.2892432241999
267.72,-2.98356537541014,-3,0,2.28825946238606
267.731,-2.98356537541014,-3,0,2.27735184637376
267.732,-2.98356537541014,-3,0,2.27635240527626
267.743,-2.98356537541014,-3,0,2.26527231714367
267.744,-2.98356537541014,-3,0,2.26425719676252
267.755,-2.98356537541014,-3,0,2.25300463650965
267.756,-2.98356537541014,-3,0,2.25197383684483
267.767,-2.98356537541014,-3,0,2.24054880447168
267.768,-2.98356537541014,-3,0,2.23950232552319
267.779,-2.98356537541014,-3,0,2.22790482102976
267.78,-2.98356537541014,-3,0,2.22684266279762
267.791,-2.98356537541014,-3,0,2.21507268618391
267.792,-2.98356537541014,-3,0,2.2139948486681
267.803,-2.98356537541014,-3,0,2.20205239993411
267.804,-2.98356537541014,-3,0,2.20095888313464
267.815,-2.98356537541014,-3,0,2.18884396228037
267.816,-2.98356537541014,-3,0,2.18773476619724
267.827,-2.98356537541014,-3,0,2.17544737322268
267.828,-2.98356537541014,-3,0,2.17432249785589
267.839,-2.98356537541014,-3,0,2.16186263276105
267.84,-2.98356537541014,-3,0,2.1607220781106
267.851,-2.98356537541014,-3,0,2.14808974089548
267.852,-2.98356537541014,-3,0,2.14693350696136
267.863,-2.98356537541014,-3,0,2.13412869762596
267.864,-2.98356537541014,-3,0,2.13295678440819
267.875,-2.98356537541014,-3,0,2.11997950295251
267.876,-2.98356537541014,-3,0,2.11879191045107
267.887,-2.98356537541014,-3,0,2.10564215687511
267.888,-2.98356537541014,-3,0,2.10443888509001
267.899,-2.98356537541014,-3,0,2.09111665939376
267.9,-2.98356537541014,-3,0,2.089897708325
267.911,-2.98356537541014,-3,0,2.07640301050848
267.912,-2.98356537541014,-3,0,2.07516838015605
267.923,-2.98356537541014,-3,0,2.06150121021925
267.924,-2.98356537541014,-3,0,2.06025090058316
267.935,-2.98356537541014,-3,0,2.04641125852607
267.936,-2.98356537541014,-3,0,2.04514526960632
267.945,-2.98356537541014,-3,0,2.03369257201486
267.947,-2.98356571377606,-3,-0.00033840319337979,2.03369257201486
267.948,-2.9835661368383,-3,-0.000507744574851558,2.03369257201486
267.959,-2.98358204318771,-3,-0.00239394923583377,2.03369257201486
267.96,-2.98358452460736,-3,-0.00256902673970807,2.03369257201486
267.962,-2.98359001481617,-3,-0.00292178680572601,2.0130111635504
267.971,-2.9870053722558,-3,-0.820366794334681,2.25650839407363
267.972,-2.98784789020982,-3,-0.864657293516203,2.29732057210948
267.974,-2.9896246770278,-3,-0.904669651061563,2.36614258892617
267.98,-2.99484537031715,-3,-0.804810099125109,2.46246666235426
267.983,-2.9970949149616,-3,-0.695800278239127,2.46246666235426
267.984,-2.99777309241671,-3,-0.660649715732828,2.46246666235426
267.992,-3.00205636460155,-3,-0.432467720785896,2.41791615905687
267.995,-3.00329664852494,-3,-0.394790872968551,2.41791615905687
267.996,-3.00368540122739,-3,-0.382756914002043,2.41791615905687
268.002,-3.00577628324657,-3,-0.315591354893614,2.39706191907274
268.007,-3.00733219327956,-3,-0.307330837141709,2.39706191907274
268.008,-3.00763888521388,-3,-0.306074501115056,2.39706191907274
268.014,-3.00945840299234,-3,-0.301173235841052,2.42363405401388
268.019,-3.01082730208677,-3,-0.247214635634824,2.42363405401388
268.02,-3.01106939373141,-3,-0.236998910510123,2.42363405401388
268.031,-3.01310026468822,-3,-0.135288851169794,2.42363405401388
268.032,-3.01323134128904,-3,-0.126884823365208,2.42363405401388
268.042,-3.01410144136412,-3,-0.04881014726414,2.40201704161149
268.043,-3.01415098991441,-3,-0.0502880192978828,2.40201704161149
268.044,-3.01420201962008,-3,-0.0517725433590243,2.40201704161149
268.055,-3.01486344146288,-3,-0.0686866056259331,2.40201704161149
268.056,-3.0149329289317,-3,-0.0702904941793364,2.40201704161149
268.061,-3.01530480030821,-3,-0.0785184335270933,2.42926941164889
268.067,-3.01561010124915,-3,-0.0238351660408173,2.42926941164889
268.068,-3.01562001510772,-3,0,2.42449295815831
268.074,-3.01562001510772,-3,0,2.41642464296546
268.08,-3.01562001510772,-3,0,2.41908439237472
268.091,-3.01562001510772,-3,0,2.42752796339126
268.092,-3.01562001510772,-3,0,2.42833523793156
268.103,-3.01562001510772,-3,0,2.43732949665937
268.104,-3.01562001510772,-3,0,2.43815547679814
268.115,-3.01562001510772,-3,0,2.44732409052522
268.116,-3.01562001510772,-3,0,2.44816507536485
268.127,-3.01562001510772,-3,0,2.45749789370824
268.128,-3.01562001510772,-3,0,2.45835378342874
268.139,-3.01562001510772,-3,0,2.467850532614
268.14,-3.01562001510772,-3,0,2.46872132452303
268.151,-3.01562001510772,-3,0,2.47838199716597
268.152,-3.01562001510772,-3,0,2.47926769119093
268.163,-3.01562001510772,-3,0,2.48909228709238
268.164,-3.01562001510772,-3,0,2.4899928832313
268.175,-3.01562001510772,-3,0,2.49998140238589
268.176,-3.01562001510772,-3,0,2.50089690063872
268.187,-3.01562001510772,-3,0,2.51104934304631
268.188,-3.01562001510772,-3,0,2.51197974341304
268.199,-3.01562001510772,-3,0,2.52229610907362
268.2,-3.01562001510772,-3,0,2.52324141155426
268.211,-3.01562001510772,-3,0,2.53372170046783
268.212,-3.01562001510772,-3,0,2.53468190506238
268.223,-3.01562001510772,-3,0,2.54532611722894
268.224,-3.01562001510772,-3,0,2.5463012239374
268.235,-3.01562001510772,-3,0,2.55710935935695
268.236,-3.01562001510772,-3,0,2.55809936817932
268.247,-3.01562001510772,-3,0,2.56907142685186
268.248,-3.01562001510772,-3,0,2.57007633778814
268.259,-3.01562001510772,-3,0,2.58121231971367
268.26,-3.01562001510772,-3,0,2.58223213276386
268.271,-3.01562001510772,-3,0,2.59353203794238
268.272,-3.01562001510772,-3,0,2.59456675310647
268.283,-3.01562001510772,-3,0,2.60603058153798
268.284,-3.01562001510772,-3,0,2.60708019881598
268.295,-3.01562001510772,-3,0,2.61870795050049
268.296,-3.01562001510772,-3,0,2.6197724698924
268.307,-3.01562001510772,-3,0,2.63156414482989
268.308,-3.01562001510772,-3,0,2.63264356633571
268.319,-3.01562001510772,-3,0,2.64459916452619
268.32,-3.01562001510772,-3,0,2.64569348814592
268.331,-3.01562001510772,-3,0,2.65781300958939
268.332,-3.01562001510772,-3,0,2.65892223532303
268.343,-3.01562001510772,-3,0,2.67120568001949
268.344,-3.01562001510772,-3,0,2.67232980786704
268.355,-3.01562001510772,-3,0,2.68477717581649
268.356,-3.01562001510772,-3,0,2.68591620577794
268.367,-3.01562001510772,-3,0,2.69852749698039
268.368,-3.01562001510772,-3,0,2.69968142905575
268.379,-3.01562001510772,-3,0,2.7124566435112
268.38,-3.01562001510772,-3,0,2.71362547770047
268.391,-3.01562001510772,-3,0,2.7265646154089
268.392,-3.01562001510772,-3,0,2.72774835171208
268.403,-3.01562001510772,-3,0,2.7408514126735
268.404,-3.01562001510772,-3,0,2.74205005109059
268.415,-3.01562001510772,-3,0,2.755317035305
268.416,-3.01562001510772,-3,0,2.75653057583599
268.427,-3.01561394260223,-3,0.00110899619863758,2.75653057583599
268.428,-3.01561278222045,-3,0.00121185261829598,2.75653057583599
268.438,-3.0155953996714,-3,0.0022774215425908,2.78246962820686
268.439,-3.01558778297037,-3,0.0129565455024821,2.78246962820686
268.44,-3.01556136682752,-3,0.071549729865293,2.78246962820686
268.45,-3.00918482948239,-3,0.922956262887333,2.41277584848908
268.451,-3.008263563491,-3,0.919639910381718,2.38657460099294
268.452,-3.00735075989715,-3,0.906044977236084,2.36544810107795
268.454,-3.00558196230797,-3,0.86309926466935,2.33692561239955
268.463,-2.99906649388656,-3,0.591936794525798,2.33692561239955
268.464,-2.99848840522566,-3,0.564316259276892,2.33692561239955
268.47,-2.99558024979876,-3,0.407507724516195,2.36592596860903
268.475,-2.99370041463175,-3,0.345467756452897,2.36592596860903
268.476,-2.99336080691845,-3,0.33378599517953,2.36592596860903
268.482,-2.99155847340494,-3,0.26824249884089,2.39117149667343
268.487,-2.99021430618389,-3,0.269846525651095,2.39117149667343
268.488,-2.98994415677587,-3,0.270468840392162,2.39117149667343
268.492,-2.98885585576946,-3,0.27394289601139,2.36825639400205
268.499,-2.98713366919192,-3,0.219425901451083,2.36825639400205
268.5,-2.98691784000941,-3,0.212256514354826,2.36825639400205
268.511,-2.98498313859394,-3,0.141971028770263,2.36825639400205
268.512,-2.9848440264186,-3,0.136270373854569,2.36825639400205
268.523,-2.98366627231844,-3,0.0795850017240492,2.36825639400205
268.524,-2.98358903123113,-3,0.0749088003584823,2.36825639400205
268.535,-2.98303202265126,-3,0.0275011355872266,2.36825639400205
268.536,-2.98300652468755,-3,0.0235021347978831,2.36825639400205
268.537,-2.9829865952102,-3,0,2.36136272530064
268.548,-2.9829865952102,-3,0,2.36424622101028
268.559,-2.9829865952102,-3,0,2.35477861854028
268.56,-2.9829865952102,-3,0,2.35387243578358
268.571,-2.9829865952102,-3,0,2.34377771732613
268.572,-2.9829865952102,-3,0,2.34285089182042
268.583,-2.9829865952102,-3,0,2.33256552851859
268.584,-2.9829865952102,-3,0,2.33162235256949
268.595,-2.9829865952102,-3,0,2.32115811684994
268.596,-2.9829865952102,-3,0,2.32019870622878
268.607,-2.9829865952102,-3,0,2.30955591561543
268.608,-2.9829865952102,-3,0,2.30858027344479
268.619,-2.9829865952102,-3,0,2.29775893650185
268.62,-2.9829865952102,-3,0,2.29676706286595
268.631,-2.9829865952102,-3,0,2.2857671798244
268.632,-2.9829865952102,-3,0,2.28475907472551
268.643,-2.9829865952102,-3,0,2.27358064559159
268.644,-2.9829865952102,-3,0,2.27255630902977
268.655,-2.9829865952102,-3,0,2.26119933380364
268.656,-2.9829865952102,-3,0,2.2601587657789
268.667,-2.9829865952102,-3,0,2.24862324446057
268.668,-2.9829865952102,-3,0,2.24756644497289
268.679,-2.9829865952102,-3,0,2.23585237756237
268.68,-2.9829865952102,-3,0,2.23477934661177
268.691,-2.9829865952102,-3,0,2.22288673310904
268.692,-2.9829865952102,-3,0,2.22179747069551
268.703,-2.9829865952102,-3,0,2.20972631110058
268.704,-2.9829865952102,-3,0,2.20862081722413
268.715,-2.9829865952102,-3,0,2.196371111537
268.716,-2.9829865952102,-3,0,2.19524938619762
268.727,-2.9829865952102,-3,0,2.18282113441829
268.728,-2.9829865952102,-3,0,2.18168317761598
268.739,-2.9829865952102,-3,0,2.16907637974445
268.74,-2.9829865952102,-3,0,2.16792219147921
268.751,-2.9829865952102,-3,0,2.15513684751548
268.752,-2.9829865952102,-3,0,2.15396642778731
268.763,-2.9829865952102,-3,0,2.14100253773138
268.764,-2.9829865952102,-3,0,2.13981588654029
268.775,-2.9829865952102,-3,0,2.12667345039216
268.776,-2.9829865952102,-3,0,2.12547056773814
268.787,-2.9829865952102,-3,0,2.11214958549781
268.788,-2.9829865952102,-3,0,2.11093047138086
268.799,-2.9829865952102,-3,0,2.09743094304833
268.8,-2.9829865952102,-3,0,2.09619559746846
268.811,-2.9829865952102,-3,0,2.08251752304373
268.812,-2.9829865952102,-3,0,2.08126594600093
268.823,-2.9829865952102,-3,0,2.067409325484
268.824,-2.9829865952102,-3,0,2.06614151697827
268.835,-2.9829865952102,-3,0,2.05210635036913
268.836,-2.9829865952102,-3,0,2.05082231040048
268.847,-2.9829865952102,-3,0,2.03660859769915
268.848,-2.9829865952102,-3,0,2.03530832626756
268.85,-2.9829865952102,-3,0,2.03270372553866
268.859,-2.98300225941606,-3,-0.00348869416044118,2.03270372553866
268.86,-2.98300594384993,-3,-0.00388037645848927,2.03270372553866
268.868,-2.98304967216858,-3,-0.0070709593956271,2.01209323789833
268.871,-2.98328039262951,-3,-0.25190022476742,2.01209323789833
268.872,-2.98360643364311,-3,-0.399988226254769,2.06229660664962
268.88,-2.98958864113955,-3,-0.909988811596016,2.38107047935188
268.882,-2.99139563858146,-3,-0.897277156825043,2.42540089540545
268.883,-2.99228091488123,-3,-0.873367477764616,2.42540089540545
268.884,-2.99314255524711,-3,-0.850002940630332,2.45253503240998
268.895,-3.00054928273027,-3,-0.507414285854055,2.45253503240998
268.896,-3.0010425790971,-3,-0.479251128481076,2.45253503240998
268.902,-3.00355981751421,-3,-0.370485093219605,2.40565514182763
268.907,-3.00533093048983,-3,-0.338757354718065,2.40565514182763
268.908,-3.00566678007845,-3,-0.332971725158931,2.40565514182763
268.919,-3.00902207553682,-3,-0.280282130633479,2.40565514182763
268.92,-3.00930040686288,-3,-0.276403962561609,2.40565514182763
268.926,-3.0108951603661,-3,-0.255970558933622,2.43248084909139
268.931,-3.01200481919224,-3,-0.188733049554287,2.43248084909139
268.932,-3.01218710379686,-3,-0.175866363235231,2.43248084909139
268.939,-3.01311467968189,-3,-0.0904297500564798,2.41113409825351
268.943,-3.01345319461471,-3,-0.0789801881006899,2.41113409825351
268.944,-3.01353080867373,-3,-0.0762568106142406,2.41113409825351
268.955,-3.014217259304,-3,-0.0494577138470378,2.41113409825351
268.956,-3.01426562208699,-3,-0.0472740792394672,2.41113409825351
268.967,-3.01466213990081,-3,-0.0254424737061328,2.41113409825351
268.968,-3.01468667402909,-3,-0.0236299473181479,2.41113409825351
268.971,-3.01473144841182,-3,0,2.40774844400036
268.975,-3.01473144841182,-3,0,2.40516294690107
268.98,-3.01473144841182,-3,0,2.40701103983644
268.991,-3.01473144841182,-3,0,2.41471717094646
268.992,-3.01473144841182,-3,0,2.41546569608961
269.003,-3.01473144841182,-3,0,2.42381777720562
269.004,-3.01473144841182,-3,0,2.42458518874248
269.015,-3.01473144841182,-3,0,2.4331051207624
269.016,-3.01473144841182,-3,0,2.4338867170134
269.027,-3.01473144841182,-3,0,2.44256160472822
269.028,-3.01473144841182,-3,0,2.44335725888045
269.039,-3.01473144841182,-3,0,2.45218675448274
269.04,-3.01473144841182,-3,0,2.45299646311582
269.051,-3.01473144841182,-3,0,2.46198055722458
269.052,-3.01473144841182,-3,0,2.46280432024626
269.063,-3.01473144841182,-3,0,2.47194301260847
269.064,-3.01473144841182,-3,0,2.47278083001625
269.075,-3.01473144841182,-3,0,2.48207412062509
269.076,-3.01473144841182,-3,0,2.48292599241891
269.087,-3.01473144841182,-3,0,2.49237388127419
269.088,-3.01473144841182,-3,0,2.49323980745405
269.099,-3.01473144841182,-3,0,2.50284229455576
269.1,-3.01473144841182,-3,0,2.50372227512166
269.111,-3.01473144841182,-3,0,2.51347936046981
269.112,-3.01473144841182,-3,0,2.51437339542175
269.123,-3.01473144841182,-3,0,2.52428507901633
269.124,-3.01473144841182,-3,0,2.52519316835431
269.135,-3.01473144841182,-3,0,2.53525945019532
269.136,-3.01473144841182,-3,0,2.53618159391934
269.147,-3.01473144841182,-3,0,2.54640247400679
269.148,-3.01473144841182,-3,0,2.54733867211685
269.159,-3.01473144841182,-3,0,2.55771415045074
269.16,-3.01473144841182,-3,0,2.55866440294684
269.171,-3.01473144841182,-3,0,2.56919447952715
269.172,-3.01473144841182,-3,0,2.57015878640929
269.183,-3.01473144841182,-3,0,2.58084346123604
269.184,-3.01473144841182,-3,0,2.58182182250422
269.195,-3.01473144841182,-3,0,2.59266109557741
269.196,-3.01473144841182,-3,0,2.59365351123162
269.207,-3.01473144841182,-3,0,2.60464738255124
269.208,-3.01473144841182,-3,0,2.6056538525915
269.219,-3.01473144841182,-3,0,2.61680232215756
269.22,-3.01473144841182,-3,0,2.61782284658385
269.231,-3.01473144841182,-3,0,2.62912591439634
269.232,-3.01473144841182,-3,0,2.63016049320868
269.243,-3.01473144841182,-3,0,2.6416181592676
269.244,-3.01473144841182,-3,0,2.64266679246598
269.255,-3.01473144841182,-3,0,2.65427905677134
269.256,-3.01473144841182,-3,0,2.65534174435575
269.267,-3.01473144841182,-3,0,2.66710860690754
269.268,-3.01473144841182,-3,0,2.668185348878
269.279,-3.01473144841182,-3,0,2.68010680967622
269.28,-3.01473144841182,-3,0,2.68119760603272
269.291,-3.01473144841182,-3,0,2.69327366507738
269.292,-3.01473144841182,-3,0,2.69437851581992
269.303,-3.01473144841182,-3,0,2.70660917311101
269.304,-3.01473144841182,-3,0,2.70772807823959
269.315,-3.01473144841182,-3,0,2.72011333377711
269.316,-3.01473144841182,-3,0,2.72124629329173
269.327,-3.01473144841182,-3,0,2.73378614707569
269.328,-3.01473144841182,-3,0,2.73493316097634
269.339,-3.01473144841182,-3,0,2.74762761300674
269.34,-3.01473144841182,-3,0,2.74878868129343
269.346,-3.01473144841182,-3,0,2.75577968618916
269.351,-3.01472912388659,-3,0.000930664169519681,2.75577968618916
269.352,-3.01472809974241,-3,0.00111769945847975,2.75577968618916
269.363,-3.01470431523562,-3,0.00322596846788077,2.75577968618916
269.364,-3.01470099014809,-3,0.0034244509930461,2.75577968618916
269.369,-3.01468134383813,-3,0.00444129156886782,2.78083849445204
269.375,-3.01309490503549,-3,0.637083096136769,2.64705956443539
269.376,-3.01241142651446,-3,0.729789938294953,2.60093899396388
269.381,-3.00811391705597,-3,0.922114924619641,2.40636657772571
269.385,-3.0045293684289,-3,0.85547125993493,2.33404698698996
269.387,-3.00288430727595,-3,0.789982724339128,2.33404698698996
269.388,-3.00211031025773,-3,0.758105277029289,2.33404698698996
269.399,-2.99556919242762,-3,0.440674312415721,2.35918315578037
269.4,-2.995136515344,-3,0.424730093868921,2.35918315578037
269.407,-2.99253420507537,-3,0.320980478026763,2.38532641208622
269.411,-2.99127402696,-3,0.30949836710567,2.38532641208622
269.412,-2.99096579571568,-3,0.30698754237274,2.38532641208622
269.42,-2.9885764415013,-3,0.291755211956242,2.36345518157229
269.423,-2.98774705572416,-3,0.261457233457321,2.36345518157229
269.424,-2.98749047541969,-3,0.251733642589108,2.36345518157229
269.435,-2.98526754893392,-3,0.155504494440829,2.36345518157229
269.436,-2.98511600166057,-3,0.147611009702037,2.36345518157229
269.447,-2.98394098467128,-3,0.0681007184184643,2.36345518157229
269.448,-2.98387621970232,-3,0.0614428659326458,2.36345518157229
269.455,-2.98361281642191,-3,0,2.3848077794796
269.459,-2.98361281642191,-3,0,2.39157019549778
269.46,-2.98361281642191,-3,0,2.39186462972039
269.461,-2.98361281642191,-3,0,2.3918668606135
269.471,-2.98361281642191,-3,0,2.38577807910431
269.472,-2.98361281642191,-3,0,2.38496813143997
269.483,-2.98361281642191,-3,0,2.37572351807401
269.484,-2.98361281642191,-3,0,2.37486857086133
269.495,-2.98361281642191,-3,0,2.36537144296229
269.496,-2.98361281642191,-3,0,2.36450006968453
269.507,-2.98361281642191,-3,0,2.35482879521294
269.508,-2.98361281642191,-3,0,2.35394176654929
269.519,-2.98361281642191,-3,0,2.34409845923267
269.52,-2.98361281642191,-3,0,2.34319579596977
269.531,-2.98361281642191,-3,0,2.33318051281923
269.532,-2.98361281642191,-3,0,2.33226221551774
269.543,-2.98361281642191,-3,0,2.32207495807096
269.544,-2.98361281642191,-3,0,2.32114102674599
269.555,-2.98361281642191,-3,0,2.31078179504446
269.556,-2.98361281642191,-3,0,2.30983222969643
269.567,-2.98361281642191,-3,0,2.29930102374126
269.568,-2.98361281642191,-3,0,2.29833582437017
269.579,-2.98361281642191,-3,0,2.28763264416139
269.58,-2.98361281642191,-3,0,2.28665181076724
269.591,-2.98361281642191,-3,0,2.27577665630486
269.592,-2.98361281642191,-3,0,2.27478018888766
269.603,-2.98361281642191,-3,0,2.26373306017167
269.604,-2.98361281642191,-3,0,2.26272095873141
269.615,-2.98361281642191,-3,0,2.25150185576181
269.616,-2.98361281642191,-3,0,2.25047412029851
269.627,-2.98361281642191,-3,0,2.2390830430753
269.628,-2.98361281642191,-3,0,2.23803967358893
269.639,-2.98361281642191,-3,0,2.22647662211212
269.64,-2.98361281642191,-3,0,2.2254176186027
269.651,-2.98361281642191,-3,0,2.21368259287228
269.652,-2.98361281642191,-3,0,2.21260795533981
269.663,-2.98361281642191,-3,0,2.20070095535578
269.664,-2.98361281642191,-3,0,2.19961068380025
269.675,-2.98361281642191,-3,0,2.18753170956262
269.676,-2.98361281642191,-3,0,2.18642580398403
269.687,-2.98361281642191,-3,0,2.17417485549279
269.688,-2.98361281642191,-3,0,2.17305331589115
269.699,-2.98361281642191,-3,0,2.1606303931463
269.7,-2.98361281642191,-3,0,2.15949321952161
269.711,-2.98361281642191,-3,0,2.14689832252315
269.712,-2.98361281642191,-3,0,2.1457455148754
269.723,-2.98361281642191,-3,0,2.13297864362334
269.724,-2.98361281642191,-3,0,2.13181020195253
269.735,-2.98361281642191,-3,0,2.11887135644686
269.736,-2.98361281642191,-3,0,2.117687280753
269.747,-2.98361281642191,-3,0,2.10457646099373
269.748,-2.98361281642191,-3,0,2.10337675127681
269.759,-2.98361281642191,-3,0,2.09009395726393
269.76,-2.98361281642191,-3,0,2.08887861352396
269.771,-2.98361281642191,-3,0,2.07542384525747
269.772,-2.98361281642191,-3,0,2.07419286749444
269.783,-2.98361281642191,-3,0,2.06056612497435
269.784,-2.98361281642191,-3,0,2.05931951318827
269.795,-2.98361281642191,-3,0,2.04552079641456
269.796,-2.98361281642191,-3,0,2.04425855060543
269.804,-2.98361281642191,-3,0,2.03411368206317
269.807,-2.98361286646735,-3,-3.33718968583191e-05,2.03411368206317
269.808,-2.98361290540873,-3,-4.45130189579358e-05,2.03411368206317
269.819,-2.98361407501873,-3,-0.000168851601406201,2.03411368206317
269.82,-2.98361424964701,-3,-0.000180414585681236,2.01364843404241
269.831,-2.98843712266129,-3,-0.884424825647109,2.32296797332418
269.832,-2.98933004791148,-3,-0.901457394057004,2.35666749397162
269.833,-2.99023318651841,-3,-0.90487241087909,2.38537780236069
269.837,-2.99375615209242,-3,-0.840289691941622,2.45400091945835
269.843,-2.99819808649828,-3,-0.643796719708482,2.45400091945835
269.844,-2.99882642871079,-3,-0.612973147955624,2.45400091945835
269.854,-3.00362523230659,-3,-0.377601407158134,2.40775055447292
269.855,-3.00399900598787,-3,-0.369980961770662,2.40775055447292
269.856,-3.00436526345288,-3,-0.362568188686059,2.40775055447292
269.867,-3.00795361291712,-3,-0.293484645995585,2.40775055447292
269.868,-3.00824445866664,-3,-0.288233085326246,2.40775055447292
269.879,-3.01113466065184,-3,-0.240057875906836,2.40775055447292
269.88,-3.01137291692411,-3,-0.236475107520877,2.40775055447292
269.883,-3.01206703318661,-3,-0.226445909331867,2.43396788965527
269.891,-3.01345145619189,-3,-0.12157537527342,2.43396788965527
269.892,-3.01356684423236,-3,-0.109225825095152,2.43396788965527
269.895,-3.01383992989402,-3,-0.0730393997803721,2.41224297827709
269.903,-3.01433251316157,-3,-0.0506156838665088,2.41224297827709
269.904,-3.01438182587981,-3,-0.0480166349389663,2.41224297827709
269.915,-3.01476223417063,-3,-0.0218279215581448,2.41224297827709
269.916,-3.01478007408748,-3,0,2.403156107402
269.921,-3.01478007408748,-3,0,2.39850267688729
269.928,-3.01478007408748,-3,0,2.40153702714543
269.939,-3.01478007408748,-3,0,2.40939975300124
269.94,-3.01478007408748,-3,0,2.41014397780999
269.951,-3.01478007408748,-3,0,2.41843042158696
269.952,-3.01478007408748,-3,0,2.41919138870695
269.963,-3.01478007408748,-3,0,2.42764018591655
269.964,-3.01478007408748,-3,0,2.42841532506043
269.975,-3.01478007408748,-3,0,2.43701942622341
269.976,-3.01478007408748,-3,0,2.43780866806581
269.987,-3.01478007408748,-3,0,2.44656788304479
269.988,-3.01478007408748,-3,0,2.44737122571589
269.999,-3.01478007408748,-3,0,2.45628554938251
270,-3.01478007408748,-3,0,2.45710299283186
