t,x,r,v,u
244,-2.00721328892364,-2.00035526367971,-0.160217551462148,1.61084679877289
244.006,-2.00789257519633,-2.00035455359155,-0.0673009912620328,1.58689415026599
244.011,-2.00822764159727,-2.00035396239387,-0.0668480711616228,1.58689415026599
244.012,-2.00829448560568,-2.00035384421351,-0.0668447096874411,1.58689415026599
244.023,-2.00903662337749,-2.0003525455314,-0.0686417975651177,1.58689415026599
244.024,-2.00910542585634,-2.00035242758775,-0.0689675916833223,1.58689415026599
244.035,-2.00989043733432,-2.00035113150938,-0.074292121344224,1.58689415026599
244.036,-2.00996504815386,-2.00035101380243,-0.0749339092179437,1.58689415026599
244.04,-2.01027030548884,-2.00035054317186,-0.077765435557863,1.61221560263118
244.044,-2.01046359378627,-2.00035007285691,0,1.60735772032136
244.048,-2.01046359378627,-2.00034960285756,0,1.59458531145591
244.052,-2.01046359378627,-2.00034913317381,0,1.59215315190838
244.06,-2.01046359378627,-2.00034819475314,0,1.59445079077842
244.071,-2.01046359378627,-2.00034690648604,0,1.5999018532899
244.072,-2.01046359378627,-2.0003467894892,0,1.60041558704243
244.083,-2.01046359378627,-2.00034550382586,0,1.60613355402975
244.084,-2.01046359378627,-2.00034538706573,0,1.60665859768146
244.095,-2.01046359378627,-2.00034410400617,0,1.612488004682
244.096,-2.01046359378627,-2.00034398748274,0,1.61302283040937
244.107,-2.01046359378627,-2.00034270702696,0,1.61895949662585
244.108,-2.01046359378627,-2.00034259074025,0,1.61950406434348
244.119,-2.01046359378627,-2.00034131288826,0,1.62554788934741
244.12,-2.01046359378627,-2.00034119683825,0,1.62610219909411
244.131,-2.01046359378627,-2.00033992159006,0,1.63225319248306
244.132,-2.01046359378627,-2.00033980577676,0,1.63281724537739
244.143,-2.01046359378627,-2.00033853313237,0,1.63907541968741
244.144,-2.01046359378627,-2.00033841755578,0,1.63964921687424
244.155,-2.01046359378627,-2.0003371475152,0,1.64601458469169
244.156,-2.01046359378627,-2.00033703217532,0,1.64659812731415
244.167,-2.01046359378627,-2.00033576473857,0,1.65307070119777
244.168,-2.01046359378627,-2.0003356496354,0,1.65366399039612
244.179,-2.01046359378627,-2.00033438480247,0,1.66024378287479
244.18,-2.01046359378627,-2.00033426993601,0,1.66084681978682
244.191,-2.01046359378627,-2.00033300770691,0,1.66753384335964
244.192,-2.01046359378627,-2.00033289307717,0,1.66814662912018
244.203,-2.01046359378627,-2.00033163345191,0,1.67494089625655
244.204,-2.01046359378627,-2.00033151905888,0,1.67556343199774
244.215,-2.01046359378627,-2.00033026203747,0,1.68246495513718
244.216,-2.01046359378627,-2.00033014788115,0,1.6830972419886
244.227,-2.01046359378627,-2.0003288934636,0,1.69010603354072
244.228,-2.01046359378627,-2.000328779544,0,1.6907480726292
244.239,-2.01046359378627,-2.0003275277303,0,1.69786414497386
244.24,-2.01046359378627,-2.00032741404742,0,1.69851593742346
244.251,-2.01046359378627,-2.00032616483759,0,1.70573930291074
244.252,-2.01046359378627,-2.00032605139142,0,1.70640084984287
244.263,-2.01046359378627,-2.00032480478547,0,1.71373152079298
244.264,-2.01046359378627,-2.00032469157602,0,1.71440282332631
244.275,-2.01046359378627,-2.00032344757395,0,1.72184081202969
244.276,-2.01046359378627,-2.00032333460122,0,1.72252187128009
244.287,-2.01046359378627,-2.00032209320304,0,1.73006718999733
244.288,-2.01046359378627,-2.00032198046702,0,1.73075800707814
244.299,-2.01046359378627,-2.00032074167274,0,1.73841066804007
244.3,-2.01046359378627,-2.00032062917344,0,1.73911124406173
244.311,-2.01046359378627,-2.00031939298307,0,1.74687125946927
244.312,-2.01046359378627,-2.00031928072049,0,1.7475815955397
244.323,-2.01046359378627,-2.00031804713402,0,1.75544897756405
244.324,-2.01046359378627,-2.00031793510816,0,1.75616907478825
244.335,-2.01046359378627,-2.00031670412562,0,1.76414383557074
244.336,-2.01046359378627,-2.00031659233647,0,1.76487369505122
244.347,-2.01046359378627,-2.00031536395786,0,1.77295584670335
244.348,-2.01046359378627,-2.00031525240543,0,1.77369546953981
244.359,-2.01046359378627,-2.00031402663075,0,1.78188502414328
244.36,-2.01046359378627,-2.00031391531505,0,1.78263441143261
244.371,-2.01046359378627,-2.0003126921443,0,1.79093138103937
244.372,-2.01046359378627,-2.00031258106532,0,1.79169053387588
244.383,-2.01046359378627,-2.00031136049852,0,1.800094930508
244.384,-2.01046359378627,-2.00031124965627,0,1.80086384998321
244.395,-2.01046359378627,-2.00031003169342,0,1.80937568563292
244.396,-2.01046359378627,-2.00030992108789,0,1.81015437283581
244.407,-2.01046359378627,-2.000308705729,0,1.8187736594655
244.408,-2.01046359378627,-2.00030859536019,0,1.81956211548213
244.419,-2.01044790450986,-2.00030738260528,0.00286665441399553,1.81956211548213
244.42,-2.01044490475263,-2.00030727247319,0.00313310465901186,1.81956211548213
244.431,-2.01039385434941,-2.00030606232225,0.00619453251843466,1.81956211548213
244.432,-2.01038751321992,-2.00030595242689,0.00648824353896822,1.81956211548213
244.443,-2.01029748384145,-2.00030474487992,0.00996141202544242,1.81956211548213
244.444,-2.0102873519483,-2.00030463522129,0.0103032005041329,1.81956211548213
244.448,-2.01024332930471,-2.00030419678403,0.0117224795736263,1.84472145192922
244.455,-2.00731884348299,-2.00030343027831,0.732048366585033,1.62819770802436
244.456,-2.00657722150053,-2.00030332085641,0.751222450080719,1.59244283658395
244.46,-2.00370133670394,-2.00030288336605,0.660238139971922,1.51410398703926
244.467,-2.00024325767875,-2.00030211851743,0.346501139404082,1.54014886570948
244.468,-1.9999112342168,-2.00030200933225,0.317610062229033,1.54014886570948
244.474,-1.99826843423433,-2.00030135463544,0.247465411931602,1.59852609244954
244.479,-1.99692022664354,-2.00030080959727,0.291986246981349,1.59852609244954
244.48,-1.99662372570632,-2.00030070064881,0.301024128002758,1.59852609244954
244.481,-1.99631816080376,-2.00030059172009,0.310114760176785,1.5767531582089
244.486,-1.99481917526777,-2.00030004737237,0.290155621954494,1.55560721390799
244.491,-1.9935722725404,-2.00029950351784,0.209618357272805,1.55560721390799
244.492,-1.99337037663928,-2.00029939480612,0.194209640902308,1.55560721390799
244.498,-1.9924733019797,-2.00029874295005,0.105949323292131,1.5810179569756
244.503,-1.99192236694866,-2.00029820027916,0.114560349112964,1.5810179569756
244.504,-1.99180689866677,-2.00029809180417,0.116381879421811,1.5810179569756
244.515,-1.99040755062231,-2.00029689988123,0.138794883809369,1.55840804414697
244.516,-1.99027464454909,-2.00029679164297,0.127043417845697,1.55840804414697
244.526,-1.98956925593974,-2.00029571034533,0,1.5755107682921
244.527,-1.98956925593974,-2.00029560232406,0,1.58020700813948
244.528,-1.98956925593974,-2.00029549432253,0,1.5835443600186
244.534,-1.98956925593974,-2.00029484672759,0,1.5895533127686
244.54,-1.98956925593974,-2.00029419984285,0,1.5878460671768
244.551,-1.98956925593974,-2.00029301573203,0,1.58215413789321
244.552,-1.98956925593974,-2.00029290820395,0,1.5816084298138
244.563,-1.98956925593974,-2.00029172669717,0,1.57552658694674
244.564,-1.98956925593974,-2.00029161940583,0,1.57496799125409
244.575,-1.98956925593974,-2.00029044050311,0,1.56876698468829
244.576,-1.98956925593974,-2.0002903334485,0,1.56819816490141
244.587,-1.98956925593974,-2.00028915714984,0,1.56188530846126
244.588,-1.98956925593974,-2.00028905033196,0,1.56130633743742
244.599,-1.98956925593974,-2.00028787663737,0,1.55488183956499
244.6,-1.98956925593974,-2.00028777005623,0,1.55429272028376
244.611,-1.98956925593974,-2.00028659896571,0,1.54775659774688
244.612,-1.98956925593974,-2.00028649262131,0,1.54715733130063
244.623,-1.98956925593974,-2.00028532413487,0,1.54050959566825
244.624,-1.98956925593974,-2.0002852180272,0,1.53990018309572
244.635,-1.98956925593974,-2.00028405214486,0,1.53314084576774
244.636,-1.98956925593974,-2.00028394627392,0,1.53252128810355
244.647,-1.98956925593974,-2.00028278299567,0,1.5256503604461
244.648,-1.98956925593974,-2.00028267736147,0,1.52502065872227
244.659,-1.98956925593974,-2.00028151668732,0,1.51803815207167
244.66,-1.98956925593974,-2.00028141128986,0,1.51739830731731
244.671,-1.98956925593974,-2.00028025321982,0,1.51030423298004
244.672,-1.98956925593974,-2.00028014805909,0,1.50965424622173
244.683,-1.98956925593974,-2.00027899259317,0,1.50244861547433
244.684,-1.98956925593974,-2.00027888766918,0,1.5017884877359
244.695,-1.98956925593974,-2.00027773480738,0,1.49447131182528
244.696,-1.98956925593974,-2.00027763012013,0,1.49380104412776
244.707,-1.98956925593974,-2.00027647986246,0,1.48637233427094
244.708,-1.98956925593974,-2.00027637541195,0,1.48569192763268
244.719,-1.98956925593974,-2.00027522775841,0,1.47815169501683
244.72,-1.98956925593974,-2.00027512354464,0,1.47746115045356
244.731,-1.98956925593974,-2.00027397849525,0,1.46980940623605
244.732,-1.98956925593974,-2.00027387451822,0,1.46910872476068
244.743,-1.98956925593974,-2.00027273207297,0,1.46134548006909
244.744,-1.98956925593974,-2.00027262833268,0,1.46063466269183
244.755,-1.98956925593974,-2.00027148849159,0,1.45275992862394
244.756,-1.98956925593974,-2.00027138498804,0,1.45203897635233
244.767,-1.98956925593974,-2.00027024775111,0,1.44405276397603
244.768,-1.98956925593974,-2.00027014448431,0,1.44332167781491
244.779,-1.98956925593974,-2.00026900985154,0,1.43522399816824
244.78,-1.98956925593974,-2.00026890682148,0,1.43448277911975
244.791,-1.98956925593974,-2.00026777479289,0,1.42627364321106
244.792,-1.98956925593974,-2.00026767199957,0,1.42552229227454
244.803,-1.98956925593974,-2.00026654257516,0,1.41720171108227
244.804,-1.98956925593974,-2.00026644001859,0,1.41644022925445
244.815,-1.98956925593974,-2.00026531319836,0,1.40800821372728
244.816,-1.98956925593974,-2.00026521087853,0,1.40723660200207
244.827,-1.98956925593974,-2.0002640866625,0,1.3986931630588
244.828,-1.98956925593974,-2.00026398457942,0,1.39791142242755
244.839,-1.98956925593974,-2.00026286296759,0,1.38925657095714
244.84,-1.98956925593974,-2.00026276112125,0,1.38846470240837
244.851,-1.98956925593974,-2.00026164211362,0,1.37969844927009
244.852,-1.98956925593974,-2.00026154050403,0,1.37889645378966
244.863,-1.98956925593974,-2.00026042410062,0,1.37001880981284
244.864,-1.98956925593974,-2.00026032272777,0,1.36920668838384
244.875,-1.98956925593974,-2.00025920892858,0,1.36021766436808
244.876,-1.98956925593974,-2.00025910779248,0,1.35939541797094
244.887,-1.98956925593974,-2.00025799659751,0,1.35029502468594
244.888,-1.98956925593974,-2.00025789569816,0,1.34946265429841
244.891,-1.98956925593974,-2.00025759311848,0,1.34696048143201
244.899,-1.98957409318642,-2.00025678710742,-0.00121167339457559,1.34696048143201
244.9,-1.98957538125661,-2.00025668644482,-0.00136454560954494,1.34696048143201
244.911,-1.98959979998113,-2.00025558045832,-0.00309160958257368,1.34696048143201
244.912,-1.98960297281085,-2.00025548003247,-0.00325424356334523,1.34696048143201
244.918,-1.98962548240656,-2.00025487789167,-0.00425719874312201,1.32628467742045
244.923,-1.99077398866445,-2.00025437665021,-0.542136969253993,1.42893456241413
244.924,-1.99135941843815,-2.00025427646111,-0.628637016569107,1.4714666956902
244.927,-1.99344993057505,-2.00025397601218,-0.731968149162387,1.58397338567467
244.93,-1.99556891002956,-2.00025367574081,-0.670479319358912,1.64364232656503
244.935,-1.99836168214515,-2.00025317568311,-0.449243475196656,1.64364232656503
244.936,-1.99878965359887,-2.00025307573075,-0.406791744802139,1.64364232656503
244.942,-2.00070217369701,-2.00025247643095,-0.262080585168267,1.58021264556453
244.947,-2.00200539587252,-2.000251977557,-0.259688981374515,1.58021264556453
244.948,-2.00226500738103,-2.0002518778414,-0.259552697967397,1.58021264556453
244.949,-2.0025245384238,-2.00025177814553,-0.259527882476064,1.58021264556453
244.959,-2.0051394106864,-2.00025078227192,-0.265222301509295,1.58021264556453
244.96,-2.00540519868101,-2.00025068279307,-0.266370923371121,1.60716133112142
244.971,-2.00744916825019,-2.00024958982785,-0.109341587049794,1.60716133112142
244.972,-2.00755191618095,-2.00024949058575,-0.0961804693422254,1.58622817724728
244.976,-2.00793591736444,-2.00024909381465,-0.0959308802784956,1.58622817724728
244.983,-2.00861022851872,-2.00024840022481,-0.0970540324359944,1.58622817724728
244.984,-2.00870743826971,-2.00024830121946,-0.0973719326918323,1.58622817724728
244.995,-2.00980742359656,-2.0002472134628,-0.103390895569771,1.58622817724728
244.996,-2.00991119836291,-2.00024711469421,-0.104164911632583,1.58622817724728
244.998,-2.01012116408145,-2.00024691721621,-0.105825923036744,1.61190027065832
245.004,-2.01049146438359,-2.00024632525573,0,1.60124221070437
245.008,-2.01049146438359,-2.00024593101,0,1.58687592906547
245.013,-2.01049146438359,-2.00024543864675,0,1.58391634827862
245.02,-2.01049146438359,-2.00024475016683,0,1.58606759638245
245.031,-2.01049146438359,-2.00024367022305,0,1.59149190708367
245.032,-2.01049146438359,-2.00024357216472,0,1.59200469917584
245.043,-2.01049146438359,-2.00024249482525,0,1.59771435338718
245.044,-2.01049146438359,-2.00024239700368,0,1.59823873529238
245.055,-2.01049146438359,-2.00024132226852,0,1.60406150891185
245.056,-2.01049146438359,-2.0002412246837,0,1.60459578779709
245.067,-2.01049146438359,-2.00024015255285,0,1.61052704566828
245.068,-2.01049146438359,-2.00024005520479,0,1.61107117678647
245.079,-2.01049146438359,-2.00023898567827,0,1.61711080390487
245.08,-2.01049146438359,-2.00023888856697,0,1.61766478695817
245.091,-2.01049146438359,-2.00023782164478,0,1.62381279020718
245.092,-2.01049146438359,-2.00023772477023,0,1.62437662609388
245.103,-2.01049146438359,-2.00023666045238,0,1.63063301561531
245.104,-2.01049146438359,-2.00023656381459,0,1.63120670526356
245.115,-2.01049146438359,-2.00023550210108,0,1.63757149125801
245.116,-2.01049146438359,-2.00023540570005,0,1.63815503559396
245.127,-2.01049146438359,-2.00023434659089,0,1.64462822823483
245.128,-2.01049146438359,-2.00023425042662,0,1.6452216281819
245.139,-2.01049146438359,-2.00023319392181,0,1.65180323761261
245.14,-2.01049146438359,-2.0002330979943,0,1.65240649409169
245.151,-2.01049146438359,-2.00023204409386,0,1.65909653042603
245.152,-2.01049146438359,-2.0002319484031,0,1.65970964435511
245.163,-2.01049146438359,-2.00023089710703,0,1.6665081176769
245.164,-2.01049146438359,-2.00023080165304,0,1.66713108997138
245.175,-2.01049146438359,-2.00022975296133,0,1.67403801033472
245.176,-2.01049146438359,-2.0002296577441,0,1.6746708419072
245.187,-2.01049146438359,-2.00022861165677,0,1.68168621933631
245.188,-2.01049146438359,-2.00022851667631,0,1.6823289110968
245.199,-2.01049146438359,-2.00022747319336,0,1.68945275558607
245.2,-2.01049146438359,-2.00022737844966,0,1.69010530844181
245.211,-2.01049146438359,-2.0002263375711,0,1.69733762995586
245.212,-2.01049146438359,-2.00022624306416,0,1.69800004481127
245.223,-2.01049146438359,-2.00022520479001,0,1.70534085328494
245.224,-2.01049146438359,-2.00022511051983,0,1.70601313104188
245.235,-2.01049146438359,-2.00022407485007,0,1.71346243638007
245.236,-2.01049146438359,-2.00022398081666,0,1.71414457793759
245.247,-2.01049146438359,-2.00022294775131,0,1.72170239001541
245.248,-2.01049146438359,-2.00022285395467,0,1.72239439627004
245.259,-2.01049146438359,-2.00022182349373,0,1.73006072493283
245.26,-2.01049146438359,-2.00022172993385,0,1.73076259677806
245.271,-2.01049146438359,-2.00022070207734,0,1.73853745184135
245.272,-2.01049146438359,-2.00022060875422,0,1.73924919016828
245.283,-2.01049146438359,-2.00021958350213,0,1.74713258141771
245.284,-2.01049146438359,-2.00021949041578,0,1.74785418711448
245.295,-2.01049146438359,-2.00021846776812,0,1.7558461243059
245.296,-2.01049146438359,-2.00021837491854,0,1.75657759825813
245.307,-2.01049146438359,-2.00021735487532,0,1.76467809111759
245.308,-2.01049146438359,-2.0002172622625,0,1.76541943420806
245.319,-2.01049146438359,-2.00021624482373,0,1.77362849243175
245.32,-2.01049146438359,-2.00021615244768,0,1.77437970554065
245.331,-2.01049146438359,-2.00021513761335,0,1.78269733879498
245.332,-2.01049146438359,-2.00021504547407,0,1.7834584227996
245.343,-2.01049146438359,-2.0002140332442,0,1.79188464072113
245.344,-2.01049146438359,-2.00021394134169,0,1.7926555964963
245.355,-2.01049146438359,-2.00021293171628,0,1.80119040869178
245.356,-2.01049146438359,-2.00021284005053,0,1.80197123710938
245.367,-2.01049146438359,-2.00021183302959,0,1.81061465315574
245.368,-2.01049146438359,-2.00021174160061,0,1.8114053550851
245.378,-2.01049146438359,-2.00021082839608,0,1.81935763111963
245.379,-2.01049140528019,-2.00021073718414,0.00011821160226226,1.81935763111963
245.38,-2.0104912279411,-2.00021064599194,0.000236481034097197,1.81935763111963
245.391,-2.01048140731639,-2.00020964417994,0.0015578859424373,1.81935763111963
245.392,-2.01047978774005,-2.00020955322451,0.00168139877877126,1.81935763111963
245.403,-2.01045357550042,-2.000208554017,0.00310794822955743,1.81935763111963
245.404,-2.01045039892761,-2.00020846329834,0.00324545639221474,1.81935763111963
245.412,-2.01041986272145,-2.00020773825937,0.00440850246084356,1.8445347917123
245.415,-2.01005236721264,-2.00020746669532,0.333287020320381,1.8085778932085
245.416,-2.00965290537924,-2.00020737621343,0.465480374079976,1.77229978088217
245.421,-2.00636060512176,-2.00020692409995,0.747775839883394,1.57453533317702
245.424,-2.00420906596248,-2.00020665306863,0.676762297798447,1.51738564774066
245.427,-2.00239021253364,-2.0002063822149,0.536778387006928,1.51738564774066
245.428,-2.00187618719488,-2.00020629196978,0.491372203932836,1.51738564774066
245.434,-1.99964725046724,-2.00020575091344,0.278781491617979,1.57425314772956
245.439,-1.99833855698556,-2.00020530057576,0.245398452793281,1.57425314772956
245.44,-1.99809626426384,-2.00020521056741,0.239213025683632,1.5999622209552
245.446,-1.99648282993839,-2.00020467093171,0.29878744931222,1.57971789064784
245.451,-1.99501753814208,-2.00020422177789,0.287929447817395,1.55694307248224
245.452,-1.99473755018296,-2.00020413200632,0.27208877919859,1.55694307248224
245.463,-1.99264507773784,-2.00020314582131,0.112480951925303,1.55694307248224
245.464,-1.99253930180719,-2.00020305628651,0.0990974619579104,1.55694307248224
245.465,-1.99244683087236,-2.00020296677145,0.085869800835286,1.58558928938918
245.475,-1.99135435329084,-2.00020207270602,0.132741317985347,1.58558928938918
245.476,-1.99121924009538,-2.000201983408,0.137488000118826,1.58558928938918
245.478,-1.99093472690791,-2.00020180487115,0.147038788753706,1.56211540995704
245.487,-1.98999257700701,-2.00020100243203,0.0639929163537866,1.56211540995704
245.488,-1.98993291996012,-2.00020091337078,0.0553377527255407,1.56211540995704
245.493,-1.98977503430395,-2.00020046836052,0,1.57884555385353
245.499,-1.98977503430395,-2.00019993499934,0,1.58841826713637
245.5,-1.98977503430395,-2.00019984617487,0,1.58854962474203
245.511,-1.98977503430395,-2.00019887040796,0,1.5846070734647
245.512,-1.98977503430395,-2.00019878182027,0,1.58410010237907
245.523,-1.98977503430395,-2.0001978086579,0,1.57832523650624
245.524,-1.98977503430395,-2.00019772030698,0,1.57779143529255
245.535,-1.98977503430395,-2.00019674974916,0,1.57186140742081
245.536,-1.98977503430395,-2.00019666163502,0,1.57131727012481
245.547,-1.98977503430395,-2.00019569368175,0,1.56527732501606
245.548,-1.98977503430395,-2.00019560580438,0,1.56472329731864
245.559,-1.98977503430395,-2.00019464045566,0,1.55857466416055
245.56,-1.98977503430395,-2.00019455281508,0,1.55801075888598
245.571,-1.98977503430395,-2.00019359007092,0,1.55175347965656
245.572,-1.98977503430395,-2.00019350266712,0,1.55117969795171
245.583,-1.98977503430395,-2.00019254252753,0,1.54481378257863
245.584,-1.98977503430395,-2.0001924553605,0,1.54423012527276
245.595,-1.98977503430395,-2.00019149782548,0,1.53775558279024
245.596,-1.98977503430395,-2.00019141089524,0,1.53716205070125
245.607,-1.98977503430395,-2.0001904559648,0,1.53057889009047
245.608,-1.98977503430395,-2.00019036927133,0,1.52997548403349
245.619,-1.98977503430395,-2.00018941694548,0,1.52328371424513
245.62,-1.98977503430395,-2.00018933048879,0,1.5226704350325
245.631,-1.98977503430395,-2.00018838076752,0,1.51587006498741
245.632,-1.98977503430395,-2.00018829454761,0,1.5152469134287
245.643,-1.98977503430395,-2.00018734743094,0,1.50833795201788
245.644,-1.98977503430395,-2.00018726144782,0,1.50770492892009
245.655,-1.98977503430395,-2.00018631693574,0,1.50068738500479
245.656,-1.98977503430395,-2.0001862311894,0,1.500044491172
245.667,-1.98977503430395,-2.00018528928193,0,1.49291837358353
245.668,-1.98977503430395,-2.00018520377237,0,1.49226560981738
245.679,-1.98977503430395,-2.00018426446952,0,1.48503092735731
245.68,-1.98977503430395,-2.00018417919674,0,1.48436829445658
245.691,-1.98977503430395,-2.0001832424985,0,1.47702505589665
245.692,-1.98977503430395,-2.0001831574625,0,1.47635255465729
245.703,-1.98977503430395,-2.00018222336888,0,1.4689007687394
245.704,-1.98977503430395,-2.00018213856967,0,1.46821839995486
245.715,-1.98977503430395,-2.00018120708068,0,1.46065807539115
245.716,-1.98977503430395,-2.00018112251825,0,1.45996583985207
245.727,-1.98977503430395,-2.00018019363389,0,1.45229698532472
245.728,-1.98977503430395,-2.00018010930825,0,1.45159488381906
245.739,-1.98977503430395,-2.00017918302852,0,1.44381750798055
245.74,-1.98977503430395,-2.00017909893966,0,1.44310554129347
245.751,-1.98977503430395,-2.00017817526458,0,1.43521965276642
245.752,-1.98977503430395,-2.00017809141251,0,1.43449782168052
245.763,-1.98977503430395,-2.00017717034207,0,1.42650342905774
245.764,-1.98977503430395,-2.00017708672679,0,1.42577173435281
245.775,-1.98977503430395,-2.000176168261,0,1.41766884619721
245.776,-1.98977503430395,-2.00017608488251,0,1.41692728865031
245.787,-1.98977503430395,-2.00017516902138,0,1.4087159134951
245.788,-1.98977503430395,-2.00017508587967,0,1.40796449388062
245.799,-1.98977503430395,-2.00017417262321,0,1.39964464022914
245.8,-1.98977503430395,-2.00017408971829,0,1.39888335931874
245.811,-1.98977503430395,-2.00017317906649,0,1.39045503564447
245.812,-1.98977503430395,-2.00017309639836,0,1.38968389420718
245.823,-1.98977503430395,-2.00017218835124,0,1.38114710895373
245.824,-1.98977503430395,-2.00017210591989,0,1.38036610775575
245.835,-1.98977503430395,-2.00017120047745,0,1.37172086933703
245.836,-1.98977503430395,-2.00017111828289,0,1.37093000914192
245.847,-1.98977503430395,-2.00017021544513,0,1.36217632594197
245.848,-1.98977503430395,-2.00017013348737,0,1.36137560751054
245.859,-1.98977503430395,-2.00016923325429,0,1.35251348788354
245.86,-1.98977503430395,-2.00016915153332,0,1.35170291197392
245.866,-1.98977503430395,-2.00016866162185,0,1.34682220682989
245.871,-1.98977894187888,-2.00016825390494,-0.00156422238759155,1.34682220682989
245.872,-1.98978066310089,-2.00016817242076,-0.00187832669524501,1.34682220682989
245.883,-1.98982057094996,-2.00016727739708,-0.00540442167195517,1.34682220682989
245.884,-1.98982614022896,-2.00016719614968,-0.00573447626659577,1.34682220682989
245.895,-1.98990979107029,-2.00016630373071,-0.00953089032546182,1.34682220682989
245.896,-1.9899195034076,-2.00016622272011,-0.00989437708557646,1.34682220682989
245.897,-1.9899295810323,-2.00016614172924,-0.0102614874137886,1.32671317016804
245.906,-1.99411127613889,-2.00016541369938,-0.733814739347914,1.59774072672449
245.907,-1.99483590703178,-2.00016533290584,-0.715525485384517,1.59774072672449
245.908,-1.99554248198998,-2.00016525213203,-0.697700882806549,1.63846883007649
245.917,-2.00016008064549,-2.00016452605571,-0.336140275010163,1.61695273194875
245.919,-2.0007839977777,-2.00016436492248,-0.288005152245169,1.61695273194875
245.92,-2.00106019243102,-2.00016428438546,-0.264437905834327,1.58939474915485
245.925,-2.0023066788352,-2.00016388199636,-0.234813912598663,1.56842214059009
245.931,-2.00385114699002,-2.00016339978063,-0.280273517142177,1.56842214059009
245.932,-2.00413528807391,-2.0001633194804,-0.288017640307437,1.56842214059009
245.933,-2.004427200716,-2.00016323919991,-0.295817099501294,1.59574209012725
245.943,-2.00696333230495,-2.0001624374803,-0.214386324706288,1.59574209012725
245.944,-2.00717409872657,-2.00016235741686,-0.207171914394425,1.59574209012725
245.955,-2.0090518884774,-2.00016147802148,-0.136824176267468,1.59574209012725
245.956,-2.00918586574413,-2.00016139819485,-0.131148045618093,1.59574209012725
245.967,-2.01030952824842,-2.0001605214042,-0.0749186380512817,1.59574209012725
245.968,-2.01038212901625,-2.00016044181436,-0.0702946886988152,1.59574209012725
245.979,-2.01089165776935,-2.00015956762845,-0.0234808050827422,1.59574209012725
245.98,-2.01091157105374,-2.00015948827541,0,1.59378178734504
245.987,-2.01091157105374,-2.00015893335659,0,1.58595901970578
245.992,-2.01091157105374,-2.00015853757799,0,1.58738705146097
246.003,-2.01091157105374,-2.00015766860158,0,1.5929921970625
246.004,-2.01091157105374,-2.00015758972212,0,1.59353455094592
246.015,-2.01091157105374,-2.00015672335046,0,1.59958486833174
246.016,-2.01091157105374,-2.0001566447078,0,1.6001408012798
246.027,-2.01091157105374,-2.0001557809409,0,1.6063135582907
246.028,-2.01091157105374,-2.00015570253504,0,1.60687989716171
246.039,-2.01091157105374,-2.0001548413729,0,1.61316639681267
246.04,-2.01091157105374,-2.00015476320383,0,1.61374305671913
246.051,-2.01091157105374,-2.00015390464647,0,1.62014307210032
246.052,-2.01091157105374,-2.0001538267142,0,1.6207300514481
246.063,-2.01091157105374,-2.0001529707616,0,1.62724358407406
246.064,-2.01091157105374,-2.00015289306613,0,1.62784088351292
246.075,-2.01091157105374,-2.00015203971832,0,1.63446794103023
246.076,-2.01091157105374,-2.00015196225964,0,1.63507556126775
246.087,-2.01091157105374,-2.00015111151661,0,1.64181615145934
246.088,-2.01091157105374,-2.00015103429474,0,1.64243409320214
246.099,-2.01091157105374,-2.0001501861565,0,1.64928822382565
246.1,-2.01091157105374,-2.00015010917142,0,1.64991648777761
246.111,-2.01091157105374,-2.00014926363797,0,1.65688416656092
246.112,-2.01091157105374,-2.00014918688969,0,1.65752275342317
246.123,-2.01091157105374,-2.00014834396104,0,1.66460398806437
246.124,-2.01091157105374,-2.00014826744956,0,1.66525289853549
246.135,-2.01091157105374,-2.00014742712572,0,1.67244769670278
246.136,-2.01091157105374,-2.00014735085104,0,1.67310693147842
246.147,-2.01091157105374,-2.000146513132,0,1.68041530081035
246.148,-2.01091157105374,-2.00014643709412,0,1.6810848605836
246.159,-2.01091157105374,-2.00014560197989,0,1.6885068086887
246.16,-2.01091157105374,-2.00014552617882,0,1.6891866941499
246.171,-2.01091157105374,-2.00014469366941,0,1.69672222860695
246.172,-2.01091157105374,-2.00014461810513,0,1.69741244044372
246.183,-2.01091157105374,-2.00014378820055,0,1.7050615688017
246.184,-2.01091157105374,-2.00014371287307,0,1.7057621076989
246.195,-2.01091157105374,-2.00014288557331,0,1.71352483747698
246.196,-2.01091157105374,-2.00014281048264,0,1.71423570411687
246.207,-2.01091157105374,-2.00014198578771,0,1.72211204280435
246.208,-2.01091157105374,-2.00014191093385,0,1.7228332378664
246.219,-2.01091157105374,-2.00014108884375,0,1.73082319292268
246.22,-2.01091157105374,-2.00014101422669,0,1.73155471708375
246.231,-2.01091157105374,-2.00014019474143,0,1.73965829593856
246.232,-2.01091157105374,-2.00014012036118,0,1.74040014987258
246.243,-2.01091157105374,-2.00013930348076,0,1.74861735992573
246.244,-2.01091157105374,-2.00013922933731,0,1.74936954430413
246.255,-2.01091157105374,-2.00013841506175,0,1.75770039292568
246.256,-2.01091157105374,-2.0001383411551,0,1.75846290841715
246.267,-2.01091157105374,-2.0001375294844,0,1.7669074029472
246.268,-2.01091157105374,-2.00013745581455,0,1.76768025021756
246.279,-2.01091157105374,-2.00013664674871,0,1.77623839796655
246.28,-2.01091157105374,-2.00013657331567,0,1.77702157767913
246.291,-2.01091157105374,-2.00013576685468,0,1.78569338592759
246.292,-2.01091157105374,-2.00013569365845,0,1.78648689874283
246.303,-2.01091157105374,-2.00013488980234,0,1.79527237474145
246.304,-2.01091157105374,-2.00013481684291,0,1.79607622131715
246.315,-2.01091157105374,-2.00013401559167,0,1.80497537228676
246.316,-2.01091157105374,-2.00013394286905,0,1.80578955327808
246.327,-2.01091157105374,-2.00013314422269,0,1.81480238640985
246.328,-2.01091157105374,-2.00013307173687,0,1.81562690246909
246.333,-2.01091157105374,-2.00013270960383,0,1.81976240213097
246.339,-2.0109086416296,-2.00013227569539,0.000977907311788968,1.81976240213097
246.34,-2.01090758166913,-2.00013220344639,0.00114210005363247,1.81976240213097
246.351,-2.01088489533789,-2.00013141000979,0.00300301337663702,1.81976240213097
246.352,-2.01088180429784,-2.00013133799759,0.00317931874214835,1.81976240213097
246.363,-2.01083572015566,-2.00013054716589,0.00524090635551626,1.81976240213097
246.364,-2.01083037901155,-2.0001304753905,0.00544181734272069,1.81976240213097
246.367,-2.01081313122792,-2.00013026018275,0.00606092361381489,1.84505061826526
246.375,-2.00740385678793,-2.00012968716369,0.7461002289269,1.60320066236742
246.376,-2.00665596446682,-2.00012961562511,0.749733061266479,1.57153994487188
246.379,-2.00450654626682,-2.00012940112778,0.673714485147826,1.51660973749573
246.387,-2.00059637211204,-2.0001288300032,0.326216099458969,1.54639627549694
246.388,-2.00028269078371,-2.00012875870143,0.301204109774007,1.54639627549694
246.389,-1.9999938510066,-2.0001286874194,0.276530786077912,1.57713639247244
246.399,-1.99747496187667,-2.00012797568443,0.229704524741282,1.57713639247244
246.4,-1.99724722128284,-2.00012790461947,0.225798448693472,1.57713639247244
246.411,-1.99496869368352,-2.00012712420737,0.190811102849062,1.57713639247244
246.412,-1.99477914916078,-2.00012705337922,0.188295044070439,1.57713639247244
246.423,-1.9928355758466,-2.00012627557204,0.166939827403054,1.57713639247244
246.424,-1.99266934726107,-2.0001262049807,0.165531216380079,1.57713639247244
246.432,-1.99138200463976,-2.00012564096042,0.157135051807173,1.55579259115532
246.435,-1.99097291137787,-2.00012542977843,0.115856962084418,1.55579259115532
246.436,-1.9908637781011,-2.00012535942391,0.102436434767893,1.55579259115532
246.443,-1.99047493541831,-2.00012486749477,0,1.58384873647337
246.447,-1.99047493541831,-2.00012458682656,0,1.59639642916014
246.448,-1.99047493541831,-2.00012451670885,0,1.59754014013355
246.452,-1.99047493541831,-2.00012423643532,0,1.59889659820706
246.459,-1.99047493541831,-2.00012374671643,0,1.5968620671007
246.46,-1.99047493541831,-2.00012367683552,0,1.59644015135137
246.471,-1.99047493541831,-2.00012290944804,0,1.59139246827196
246.472,-1.99047493541831,-2.00012283980394,0,1.59091941695968
246.483,-1.99047493541831,-2.00012207502139,0,1.5856558956448
246.484,-1.99047493541831,-2.00012200561411,0,1.58517255797226
246.495,-1.99047493541831,-2.0001212434365,0,1.57980523985037
246.496,-1.99047493541831,-2.00012117426603,0,1.57931271819322
246.507,-1.99047493541831,-2.00012041469336,0,1.57384463178803
246.508,-1.99047493541831,-2.00012034575971,0,1.57334295647441
246.519,-1.99047493541831,-2.00011958879199,0,1.56777419000269
246.52,-1.99047493541831,-2.00011952009515,0,1.56726336244318
246.531,-1.99047493541831,-2.00011876573238,0,1.56159392478727
246.532,-1.99047493541831,-2.00011869727236,0,1.56107394560974
246.543,-1.99047493541831,-2.00011794551455,0,1.55530384348307
246.544,-1.99047493541831,-2.00011787729134,0,1.55477471329175
246.555,-1.99047493541831,-2.00011712813849,0,1.54890395332031
246.556,-1.99047493541831,-2.00011706015209,0,1.54836567271605
246.567,-1.99047493541831,-2.00011631360421,0,1.54239426149444
246.568,-1.99047493541831,-2.00011624585462,0,1.54184683107532
246.579,-1.99047493541831,-2.00011550191171,0,1.53577477516828
246.58,-1.99047493541831,-2.00011543439894,0,1.53521819552981
246.591,-1.99047493541831,-2.000114693061,0,1.52904550147226
246.592,-1.99047493541831,-2.00011462578505,0,1.52847977320708
246.603,-1.99047493541831,-2.00011388705209,0,1.52220644750408
246.604,-1.99047493541831,-2.00011382001296,0,1.52163157120226
246.615,-1.99047493541831,-2.00011308388498,0,1.51525762032902
246.616,-1.99047493541831,-2.00011301708266,0,1.51467359657786
246.627,-1.99047493541831,-2.00011228355967,0,1.50819902697982
246.628,-1.99047493541831,-2.00011221699417,0,1.50760585636395
246.639,-1.99047493541831,-2.00011148607616,0,1.50103067445672
246.64,-1.99047493541831,-2.00011141974748,0,1.50042835755791
246.651,-1.99047493541831,-2.00011069143447,0,1.49375256972728
246.652,-1.99047493541831,-2.00011062534261,0,1.49314110712479
246.663,-1.99047493541831,-2.0001098996346,0,1.48636471972663
246.664,-1.99047493541831,-2.00010983377955,0,1.48574411199692
246.675,-1.99047493541831,-2.00010911067655,0,1.47886713135737
246.676,-1.99047493541831,-2.00010904505832,0,1.47823737907417
246.687,-1.99047493541831,-2.00010832456032,0,1.47125981148952
246.688,-1.99047493541831,-2.00010825917891,0,1.4706209152238
246.699,-1.99047493541831,-2.00010754128592,0,1.46354276696055
246.7,-1.99047493541831,-2.00010747614133,0,1.46289472728074
246.711,-1.99047493541831,-2.00010676085336,0,1.45571600457545
246.712,-1.99047493541831,-2.00010669594559,0,1.4550588220471
246.723,-1.99047493541831,-2.00010598326264,0,1.44777953110668
246.724,-1.99047493541831,-2.00010591859169,0,1.44711320629266
246.735,-1.99047493541831,-2.00010520851376,0,1.43973335329402
246.736,-1.99047493541831,-2.00010514407963,0,1.43905788675459
246.747,-1.99047493541831,-2.00010443660673,0,1.43157747784489
246.748,-1.99047493541831,-2.00010437240942,0,1.4308928701375
246.759,-1.99047493541831,-2.00010366754155,0,1.42331191143406
246.76,-1.99047493541831,-2.00010360358106,0,1.42261816311348
246.771,-1.99047493541831,-2.00010290131823,0,1.41493666070386
246.772,-1.99047493541831,-2.00010283759456,0,1.41423377232211
246.783,-1.99047493541831,-2.00010213793677,0,1.40645173226397
246.784,-1.99047493541831,-2.00010207444992,0,1.4057397043704
246.795,-1.99047493541831,-2.00010137739717,0,1.39785713269156
246.796,-1.99047493541831,-2.00010131414715,0,1.39713596583284
246.807,-1.99047493541831,-2.00010061969944,0,1.38915286853134
246.808,-1.99047493541831,-2.00010055668625,0,1.38842256325138
246.819,-1.99047493541831,-2.00009986484359,0,1.38033894629538
246.82,-1.99047493541831,-2.00009980206722,0,1.37959950313538
246.831,-1.99047493541831,-2.00009911282962,0,1.37141537246328
246.832,-1.99047493541831,-2.00009905029007,0,1.37066679196177
246.843,-1.99047493541831,-2.00009836365753,0,1.36238215348213
246.844,-1.99047493541831,-2.0000983013548,0,1.36162443617478
246.855,-1.99047493541831,-2.00009761732733,0,1.35323929576634
246.856,-1.99047493541831,-2.00009755526142,0,1.35247244218632
246.863,-1.99047493541831,-2.00009712135268,0,1.347083150034
246.867,-1.99047818643105,-2.00009687383901,-0.00162629991930366,1.347083150034
246.868,-1.99048001652078,-2.00009681200993,-0.00203399122382895,1.347083150034
246.879,-1.99052733363962,-2.00009613319259,-0.00660086226702415,1.347083150034
246.88,-1.99053414759363,-2.00009607160034,-0.00702746158400614,1.347083150034
246.891,-1.99063800298163,-2.00009539538808,-0.011925000735767,1.347083150034
246.892,-1.99065016166052,-2.00009533403265,-0.0123930989983909,1.347083150034
246.902,-1.99079843904889,-2.0000947215638,-0.0173528034714569,1.32678172988339
246.903,-1.9908675621193,-2.00009466042546,-0.143394726867279,1.32678172988339
246.904,-1.99108765089011,-2.00009459930686,-0.29657742610561,1.35406224120044
246.91,-1.99463906276728,-2.00009423300968,-0.740005600755114,1.58352868534723
246.913,-1.99678480264398,-2.00009405012752,-0.68008901661176,1.64458532189921
246.915,-1.99805390279937,-2.00009392830476,-0.589458204264669,1.64458532189921
246.916,-1.998621140689,-2.00009386742298,-0.545122929791834,1.64458532189921
246.927,-2.0025000461586,-2.00009319902596,-0.249593891428623,1.57212562259946
246.928,-2.00275220756471,-2.00009313838101,-0.254739418661764,1.57212562259946
246.937,-2.00526274303502,-2.00009259346454,-0.304120283428425,1.60025220928389
246.939,-2.00584812440765,-2.00009247258908,-0.281410088331869,1.60025220928389
246.94,-2.00612400340751,-2.00009241218096,-0.270383480187118,1.60025220928389
246.951,-2.00848035567246,-2.00009174899413,-0.161608667954693,1.60025220928389
246.952,-2.00863750184714,-2.00009168882283,-0.152707665449251,1.60025220928389
246.963,-2.00981153709589,-2.00009102824109,-0.0630834276613053,1.60025220928389
246.964,-2.00987085740708,-2.00009096830662,-0.0555721698098028,1.60025220928389
246.965,-2.00992271072213,-2.00009090839189,-0.048148774221002,1.57934913734656
246.975,-2.01067699116401,-2.00009031032999,-0.102466760123857,1.57934913734656
246.976,-2.01078214741099,-2.00009025063235,-0.107845499026316,1.57934913734656
246.977,-2.01089268207363,-2.00009019095444,-0.113223971971064,1.60569310698276
246.987,-2.01148790466539,-2.00008959526082,0,1.59492666106783
246.988,-2.01148790466539,-2.0000895358,0,1.59155212545073
246.994,-2.01148790466539,-2.00008917944956,0,1.58558886441733
247,-2.01148790466539,-2.0000888238096,0,1.5874909500871
247.011,-2.01148790466539,-2.00008817364829,0,1.59359348680415
247.012,-2.01148790466539,-2.00008811466113,0,1.59417734857605
247.023,-2.01148790466539,-2.00008746710494,0,1.60068354146436
247.024,-2.01148790466539,-2.00008740835461,0,1.60128110990505
247.035,-2.01148790466539,-2.00008676340354,0,1.60791505285637
247.036,-2.01148790466539,-2.00008670489004,0,1.60852361511361
247.047,-2.01148790466539,-2.00008606254409,0,1.61527787168949
247.048,-2.01148790466539,-2.00008600426742,0,1.61589735506909
247.059,-2.01148790466539,-2.0000853645266,0,1.62277172992114
247.06,-2.01148790466539,-2.00008530648676,0,1.62340213293622
247.071,-2.01148790466539,-2.00008466935107,0,1.63039662599244
247.072,-2.01148790466539,-2.00008461154806,0,1.631037949074
247.083,-2.01148790466539,-2.0000839770175,0,1.63815256550043
247.084,-2.01148790466539,-2.00008391945132,0,1.63880480912852
247.095,-2.01148790466539,-2.00008328752591,0,1.6460395542034
247.096,-2.01148790466539,-2.00008323019656,0,1.64670271885693
247.107,-2.01148790466539,-2.00008260087628,0,1.65405759783246
247.108,-2.01148790466539,-2.00008254378377,0,1.65473168398748
247.119,-2.01148790466539,-2.00008191706864,0,1.66220670208623
247.12,-2.01148790466539,-2.00008186021295,0,1.66289171021619
247.131,-2.01148790466539,-2.00008123610297,0,1.67048687263081
247.132,-2.01148790466539,-2.00008117948411,0,1.67118280320641
247.143,-2.01148790466539,-2.00008055797929,0,1.67889811509976
247.144,-2.01148790466539,-2.00008050159726,0,1.67960496858899
247.155,-2.01148790466539,-2.00007988269759,0,1.68744043509414
247.156,-2.01148790466539,-2.0000798265524,0,1.68815821196231
247.167,-2.01148790466539,-2.00007921025789,0,1.69611383818244
247.168,-2.01148790466539,-2.00007915434953,0,1.69684253889212
247.179,-2.01148790466539,-2.00007854066018,0,1.70491832990058
247.18,-2.01148790466539,-2.00007848498866,0,1.70565795491161
247.191,-2.01148790466539,-2.00007787390447,0,1.71385391575207
247.192,-2.01148790466539,-2.00007781846978,0,1.71460446552158
247.203,-2.01148790466539,-2.00007720999077,0,1.72292060120771
247.204,-2.01148790466539,-2.00007715479291,0,1.72368207619017
247.215,-2.01148790466539,-2.00007654891907,0,1.73211839170581
247.216,-2.01148790466539,-2.00007649395805,0,1.732890792353
247.227,-2.01148790466539,-2.00007589068938,0,1.74144729265224
247.228,-2.01148790466539,-2.0000758359652,0,1.74223061941309
247.239,-2.01148790466539,-2.00007523530171,0,1.75090730942027
247.24,-2.01148790466539,-2.00007518081436,0,1.75170156274107
247.251,-2.01148790466539,-2.00007458275606,0,1.7604984473505
247.252,-2.01148790466539,-2.00007452850554,0,1.76130362767489
247.263,-2.01148790466539,-2.00007393305243,0,1.77022071175122
247.264,-2.01148790466539,-2.00007387903874,0,1.77103681952006
247.275,-2.01148790466539,-2.00007328619082,0,1.78007410789806
247.276,-2.01148790466539,-2.00007323241397,0,1.78090114354949
247.287,-2.01148790466539,-2.00007264217125,0,1.79005864103407
247.288,-2.01148790466539,-2.00007258863123,0,1.79089660500364
247.299,-2.01148790466539,-2.0000720009937,0,1.80017431636985
247.3,-2.01148790466539,-2.00007194769053,0,1.80102320909024
247.311,-2.01148790466539,-2.0000713626582,0,1.81042113908342
247.312,-2.01148790466539,-2.00007130959186,0,1.81128096098463
247.323,-2.01148790466539,-2.00007072716473,0,1.82079911432023
247.324,-2.01148764453866,-2.00007067433523,0.00052027468982706,1.82079911432023
247.335,-2.01145022749077,-2.00007009451331,0.00631635750916354,1.82079911432023
247.336,-2.01144364127309,-2.00007004192064,0.00685661496971483,1.82079911432023
247.347,-2.01133452555124,-2.00006946470394,0.0130803992514549,1.82079911432023
247.348,-2.01132114643066,-2.00006941234811,0.0136789330742959,1.82079911432023
247.359,-2.01104418398501,-2.00006883773661,0.178553803198652,1.82079911432023
247.36,-2.01079528746116,-2.00006878561762,0.319059027419461,1.82079911432023
247.366,-2.00714236062704,-2.00006847331815,0.745128988728699,1.57762657579785
247.369,-2.00499171593931,-2.00006831743486,0.678759924067879,1.51983300110618
247.371,-2.00372626052168,-2.00006821361134,0.587129968018667,1.51983300110618
247.372,-2.00316161260361,-2.00006816172919,0.542268496707582,1.51983300110618
247.38,-2.00010631984894,-2.00006774738249,0.266485336957079,1.58314708049228
247.383,-1.99931386414657,-2.00006759232813,0.262007278961791,1.58314708049228
247.384,-1.99905248893519,-2.00006754068282,0.260763576539964,1.58314708049228
247.394,-1.99648426296799,-2.0000670253152,0.254799785552054,1.58314708049228
247.395,-1.99622946028094,-2.00006697388699,0.25482377102641,1.58314708049228
247.396,-1.99597457920974,-2.00006692247851,0.25495640692,1.58314708049228
247.4,-1.99495211881122,-2.00006671704198,0.256557158740505,1.5628619968292
247.407,-1.99343865073017,-2.0000663582879,0.177400795549039,1.5628619968292
247.408,-1.99326655961893,-2.00006630711627,0.166808709015413,1.5628619968292
247.419,-1.99203530777058,-2.00006574553089,0.0596906683228848,1.58880727934558
247.42,-1.99197208647337,-2.00006569459609,0.0667464033810762,1.58880727934558
247.429,-1.99108921041438,-2.00006523707107,0.129218090917347,1.56678520152954
247.431,-1.99084427075536,-2.00006513561595,0.115794643109829,1.56678520152954
247.432,-1.99073176030977,-2.00006508491799,0.109243582224356,1.56678520152954
247.443,-1.98990275285552,-2.00006452854308,0.0431671503826647,1.56678520152954
247.444,-1.98986236502377,-2.00006447808196,0.0376192984363903,1.56678520152954
247.448,-1.9897688022984,-2.00006427643486,0,1.57331839170171
247.455,-1.9897688022984,-2.00006392431229,0,1.58059228811776
247.456,-1.9897688022984,-2.00006387408802,0,1.5804731631356
247.467,-1.9897688022984,-2.00006332292359,0,1.5758997463321
247.468,-1.9897688022984,-2.00006327293615,0,1.57539266644384
247.479,-1.9897688022984,-2.00006272437697,0,1.56967440600438
247.48,-1.9897688022984,-2.00006267462638,0,1.5691473402489
247.491,-1.9897688022984,-2.00006212867244,0,1.56329346122828
247.492,-1.9897688022984,-2.00006207915869,0,1.56275633478372
247.503,-1.9897688022984,-2.00006153581001,0,1.55679406198341
247.504,-1.9897688022984,-2.00006148653309,0,1.55624714292619
247.515,-1.9897688022984,-2.00006094578967,0,1.55017721477203
247.516,-1.9897688022984,-2.0000608967496,0,1.54962051070621
247.527,-1.9897688022984,-2.00006035861143,0,1.54344295120896
247.528,-1.9897688022984,-2.0000603098082,0,1.54287646271046
247.539,-1.9897688022984,-2.00005977427529,0,1.53659127658281
247.54,-1.9897688022984,-2.0000597257089,0,1.53601500403539
247.551,-1.9897688022984,-2.00005919278126,0,1.5296221954404
247.552,-1.9897688022984,-2.00005914445171,0,1.52903613921998
247.563,-1.9897688022984,-2.00005861412934,0,1.522535712277
247.564,-1.9897688022984,-2.00005856603664,0,1.52193987275669
247.575,-1.9897688022984,-2.00005803831953,0,1.51533183155474
247.576,-1.9897688022984,-2.00005799046367,0,1.51472620910492
247.587,-1.9897688022984,-2.00005746535184,0,1.50801055770321
247.588,-1.9897688022984,-2.00005741773282,0,1.50739515269157
247.599,-1.9897688022984,-2.00005689522627,0,1.50057189511956
247.6,-1.9897688022984,-2.00005684784409,0,1.49994670791102
247.611,-1.9897688022984,-2.00005632794282,0,1.49301584816822
247.612,-1.9897688022984,-2.00005628079749,0,1.49238087912501
247.623,-1.9897688022984,-2.00005576350149,0,1.48534242118123
247.624,-1.9897688022984,-2.00005571659301,0,1.48469767066292
247.635,-1.9897688022984,-2.0000552019023,0,1.47755161845798
247.636,-1.9897688022984,-2.00005515523065,0,1.47689708682137
247.647,-1.9897688022984,-2.00005464314523,0,1.46964344426543
247.648,-1.9897688022984,-2.00005459671044,0,1.46897913186464
247.659,-1.9897688022984,-2.00005408723031,0,1.4616179028379
247.66,-1.9897688022984,-2.00005404103235,0,1.46094381002431
247.671,-1.9897688022984,-2.00005353415752,0,1.45347499837731
247.672,-1.9897688022984,-2.00005348819641,0,1.45279112549957
247.683,-1.9897688022984,-2.00005298392687,0,1.44521473505281
247.684,-1.9897688022984,-2.00005293820261,0,1.44452108245694
247.695,-1.9897688022984,-2.00005243653837,0,1.43683711700117
247.696,-1.9897688022984,-2.00005239105095,0,1.43613368503046
247.707,-1.9897688022984,-2.00005189199201,0,1.42834214832668
247.708,-1.9897688022984,-2.00005184674144,0,1.4276289373216
247.719,-1.9897688022984,-2.00005135028781,0,1.41972983310091
247.72,-1.9897688022984,-2.00005130527408,0,1.41900684339932
247.731,-1.9897688022984,-2.00005081142576,0,1.41100017536301
247.732,-1.9897688022984,-2.00005076664888,0,1.41026740730007
247.743,-1.9897688022984,-2.00005027540587,0,1.40215317911958
247.744,-1.9897688022984,-2.00005023086584,0,1.40141063302762
247.755,-1.9897688022984,-2.00004974222814,0,1.39318884834464
247.756,-1.9897688022984,-2.00004969792495,0,1.39243652455346
247.767,-1.9897688022984,-2.00004921189257,0,1.38410718697966
247.768,-1.9897688022984,-2.00004916782623,0,1.38334508581622
247.779,-1.9897688022984,-2.00004868439917,0,1.37490819893362
247.78,-1.9897688022984,-2.00004864056967,0,1.37413632072223
247.791,-1.9897688022984,-2.00004815974793,0,1.36559188808301
247.792,-1.9897688022984,-2.00004811615529,0,1.36481023314516
247.803,-1.9897688022984,-2.00004763793887,0,1.35615825827161
247.804,-1.9897688022984,-2.00004759458308,0,1.35536682692618
247.815,-1.9897688022984,-2.00004711897199,0,1.34660731331083
247.816,-1.98976902426919,-2.00004707585304,-0.000443955121802369,1.34660731331083
247.827,-1.98980090581487,-2.00004660284728,-0.00537407696273337,1.34660731331083
247.828,-1.98980650806866,-2.00004655996518,-0.00583077250744992,1.34660731331083
247.839,-1.98989891662737,-2.00004608956475,-0.0110327726879146,1.34660731331083
247.84,-1.98991019586702,-2.0000460469195,-0.0115263949405857,1.34660731331083
247.851,-1.99006802538669,-2.00004557912441,-0.0172757479475249,1.34660731331083
247.852,-1.9900855789424,-2.00004553671601,-0.0178324345981955,1.34660731331083
247.853,-1.99010369243221,-2.00004549432735,-0.0183956502979399,1.32649763479727
247.861,-1.99401370690171,-2.00004515592858,-0.740698538544517,1.58573320319521
247.862,-1.99474889314119,-2.00004511371755,-0.729742280098937,1.61200467245176
247.863,-1.99546518696887,-2.00004507152626,-0.70293581118064,1.61200467245176
247.864,-1.99615494290731,-2.0000450293547,-0.676663786423085,1.64491600465951
247.873,-2.00046819585186,-2.00004465069891,-0.310391334753267,1.60298152606784
247.875,-2.0010585315034,-2.00004456677029,-0.280115987569667,1.60298152606784
247.876,-2.00133124705908,-2.00004452483559,-0.265355878203907,1.58039638503019
247.882,-2.00291602723556,-2.00004427364185,-0.263595544071771,1.58039638503019
247.887,-2.00423692867409,-2.00004406485652,-0.265222836197244,1.58039638503019
247.888,-2.00450246872224,-2.00004402315867,-0.265875197869014,1.58039638503019
247.893,-2.0058428914663,-2.00004381496546,-0.270735169138143,1.6064070140495
247.899,-2.00720832707576,-2.00004356578494,-0.185728392034447,1.6064070140495
247.9,-2.0073873216663,-2.00004352432394,-0.172292871197824,1.6064070140495
247.906,-2.00818736648623,-2.0000432759724,-0.0953928202691552,1.58583137895496
247.911,-2.00866982451239,-2.00004306955556,-0.0977451984633684,1.58583137895496
247.912,-2.00876785742193,-2.00004302833141,-0.0983267640803591,1.58583137895496
247.923,-2.00989390465902,-2.00004257616839,-0.10715075671185,1.58583137895496
247.924,-2.01000156404039,-2.00004253518108,-0.108174198498195,1.58583137895496
247.929,-2.01055623927892,-2.00004233054063,-0.113852467088529,1.61306211766139
247.935,-2.01096510384551,-2.00004208562341,-0.0233871874944444,1.61306211766139
247.936,-2.01097057516946,-2.00004204487296,0,1.59735182318636
247.944,-2.01097057516946,-2.00004171957988,0,1.58380029278195
247.948,-2.01097057516946,-2.00004155740704,0,1.58475971097907
247.959,-2.01097057516946,-2.00004111306009,0,1.59036563165275
247.96,-2.01097057516946,-2.00004107278334,0,1.59092194629137
247.971,-2.01097057516946,-2.00004063104175,0,1.59714043382041
247.972,-2.01097057516946,-2.00004059100185,0,1.5977120966452
247.983,-2.01097057516946,-2.00004015186562,0,1.60405901201507
247.984,-2.01097057516946,-2.00004011206257,0,1.60464126219735
247.995,-2.01097057516946,-2.00003967553171,0,1.61110355025372
247.996,-2.01097057516946,-2.00003963596551,0,1.61169625965305
248.007,-2.01097057516946,-2.00003920204001,0,1.61827357120756
248.008,-2.01097057516946,-2.00003916271067,0,1.61887673663314
248.019,-2.01097057516946,-2.00003873139055,0,1.62556906517157
248.02,-2.01097057516946,-2.00003869229805,0,1.6261826868
248.031,-2.01097057516946,-2.0000382635833,0,1.6329900350217
248.032,-2.01097057516946,-2.00003822472766,0,1.63361411311787
248.043,-2.01097057516946,-2.00003779861829,0,1.64053648394161
248.044,-2.01097057516946,-2.0000377599995,0,1.64117101877004
248.055,-2.01097057516946,-2.00003733649551,0,1.64820841509162
248.056,-2.01097057516946,-2.00003729811357,0,1.64885340691414
248.067,-2.01097057516946,-2.00003687721496,0,1.65600583159958
248.068,-2.01097057516946,-2.00003683906988,0,1.65666128067546
248.079,-2.01097057516946,-2.00003642077665,0,1.66392873656102
248.08,-2.01097057516946,-2.00003638286842,0,1.66459464314672
248.091,-2.01097057516946,-2.00003596718058,0,1.67197713303876
248.092,-2.01097057516946,-2.0000359295092,0,1.67265349738813
248.103,-2.01097057516946,-2.00003551642674,0,1.68015102406328
248.104,-2.01097057516946,-2.00003547899222,0,1.68083784642724
248.115,-2.01097057516946,-2.00003506851516,0,1.6884504126323
248.116,-2.01097057516946,-2.00003503131749,0,1.68914769325929
248.127,-2.01097057516946,-2.00003462344582,0,1.69687530171109
248.128,-2.01097057516946,-2.000034586485,0,1.69758304084671
248.139,-2.01097057516946,-2.00003418121872,0,1.70542569423243
248.14,-2.01097057516946,-2.00003414449476,0,1.70614389211959
248.151,-2.01097057516946,-2.00003374183389,0,1.71410159309643
248.152,-2.01097057516946,-2.00003370534678,0,1.71483024997542
248.163,-2.01097057516946,-2.0000333052913,0,1.72290300117088
248.164,-2.01097057516946,-2.00003326904105,0,1.72364211727916
248.175,-2.01097057516946,-2.00003287159097,0,1.73182992129077
248.176,-2.01097057516946,-2.00003283557757,0,1.73257949686311
248.187,-2.01097057516946,-2.0000324407329,0,1.7408823562587
248.188,-2.01097057516946,-2.00003240495636,0,1.74164239152721
248.199,-2.01097057516946,-2.00003201271709,0,1.75006030884471
248.2,-2.01097057516946,-2.00003197717741,0,1.75083080403872
248.211,-2.01097057516946,-2.00003158754355,0,1.75936378178633
248.212,-2.01097057516946,-2.00003155224072,0,1.76014473713251
248.223,-2.01097057516946,-2.00003116521227,0,1.7687927777884
248.224,-2.01097057516946,-2.0000311301463,0,1.76958419351073
248.235,-2.01097057516946,-2.00003074572327,0,1.77834729952335
248.236,-2.01097057516946,-2.00003071089415,0,1.77914917584304
248.247,-2.01097057516946,-2.00003032907653,0,1.78802734963113
248.248,-2.01097057516946,-2.00003029448426,0,1.78883968676671
248.259,-2.01097057516946,-2.00002991527206,0,1.79783293071902
248.26,-2.01097057516946,-2.00002988091666,0,1.79865572888621
248.271,-2.01097057516946,-2.00002950430988,0,1.8077640453617
248.272,-2.01097057516946,-2.00002947019133,0,1.80859730477374
248.283,-2.01097057516946,-2.00002909618997,0,1.81782069610158
248.284,-2.01097057516946,-2.00002906230827,0,1.8186644169687
248.286,-2.01097057516946,-2.0000289946041,0,1.82035447409652
248.295,-2.01095029833137,-2.00002869091234,0.00452083718701765,1.82035447409652
248.296,-2.01094552264796,-2.0000286572675,0.00503091911275739,1.82035447409652
248.307,-2.01085854997745,-2.000028288477,0.0108602422930984,1.82035447409652
248.308,-2.01084741192279,-2.00002825506901,0.0114167754245694,1.82035447409652
248.319,-2.01068658053818,-2.00002788888393,0.0179694489536535,1.82035447409652
248.32,-2.01066829061623,-2.00002785571281,0.0186118867964782,1.82035447409652
248.33,-2.00679567240078,-2.00002752508717,0.743356437825049,1.58474928996521
248.331,-2.00605606949959,-2.00002749213316,0.735912628476111,1.5574221202425
248.332,-2.00533214867205,-2.0000274591989,0.712013789814552,1.53681977412089
248.334,-2.0039801070334,-2.00002739338958,0.640419007839608,1.51466087049314
248.343,-2.00003629287549,-2.00002709822468,0.281656385444304,1.57665483381706
248.344,-1.99975751246641,-2.00002706552727,0.275932412585769,1.57665483381706
248.355,-1.99702887381948,-2.00002670715849,0.22314349416934,1.57665483381706
248.356,-1.99680772078168,-2.00002667469794,0.219183973542892,1.57665483381706
248.367,-1.99460578513031,-2.00002631893459,0.183451344607914,1.57665483381706
248.368,-1.99442364130685,-2.0000262867109,0.180852992254041,1.57665483381706
248.379,-1.99256754384765,-2.00002593355299,0.158425228939549,1.57665483381706
248.38,-1.99240988625438,-2.00002590156616,0.156903378454865,1.57665483381706
248.39,-1.99090213744504,-2.00002558278341,0.145878869030605,1.55526871578449
248.391,-1.99076325601503,-2.00002555101369,0.131913704995895,1.55526871578449
248.392,-1.99063825183769,-2.00002551926371,0.118123137546003,1.55526871578449
248.4,-1.99012750074718,-2.00002526597447,0,1.5802815351834
248.403,-1.99012750074718,-2.00002517131669,0,1.59133432595333
248.404,-1.99012750074718,-2.00002513980357,0,1.59307356962032
248.409,-1.99012750074718,-2.00002498253405,0,1.59561836851174
248.416,-1.99012750074718,-2.00002476318573,0,1.5935366064135
248.427,-1.99012750074718,-2.0000244204496,0,1.58842836647582
248.428,-1.99012750074718,-2.0000243894102,0,1.58794604987872
248.439,-1.99012750074718,-2.00002404927951,0,1.58257550924154
248.44,-1.99012750074718,-2.00002401847697,0,1.58208221112128
248.451,-1.99012750074718,-2.00002368095174,0,1.5766037589618
248.452,-1.99012750074718,-2.00002365038606,0,1.57610099775232
248.463,-1.99012750074718,-2.00002331546627,0,1.5705188000598
248.464,-1.99012750074718,-2.00002328513745,0,1.57000661688106
248.475,-1.99012750074718,-2.00002295282312,0,1.56432078782098
248.476,-1.99012750074718,-2.00002292273116,0,1.5637991839445
248.487,-1.99012750074718,-2.00002259302229,0,1.55800972836822
248.488,-1.99012750074718,-2.00002256316718,0,1.55747870398799
248.499,-1.99012750074718,-2.00002223606377,0,1.55158562376944
248.5,-1.99012750074718,-2.00002220644553,0,1.5510451790479
248.511,-1.99012750074718,-2.00002188194757,0,1.5450484759516
248.512,-1.99012750074718,-2.00002185256619,0,1.54449861104767
248.523,-1.99012750074718,-2.00002153067369,0,1.53839828680621
248.524,-1.99012750074718,-2.00002150152917,0,1.53783900187605
248.535,-1.99012750074718,-2.00002118224214,0,1.53163505819219
248.536,-1.99012750074718,-2.00002115333448,0,1.53106635338916
248.547,-1.99012750074718,-2.00002083665291,0,1.52475879193585
248.548,-1.99012750074718,-2.00002080798211,0,1.52418066741068
248.559,-1.99012750074718,-2.00002049390601,0,1.51776948983087
248.56,-1.99012750074718,-2.00002046547207,0,1.51718194573166
248.571,-1.99012750074718,-2.00002015400144,0,1.51066715363864
248.572,-1.99012750074718,-2.00002012580436,0,1.51007019011059
248.583,-1.99012750074718,-2.00001981693921,0,1.50345178508778
248.584,-1.99012750074718,-2.00001978897899,0,1.5028454022735
248.595,-1.99012750074718,-2.0000194827193,0,1.49612338587444
248.596,-1.99012750074718,-2.00001945499594,0,1.49550758391384
248.607,-1.99012750074718,-2.00001915134173,0,1.48868195766228
248.608,-1.99012750074718,-2.00001912385523,0,1.48805673669253
248.619,-1.99012750074718,-2.0000188228065,0,1.48112750208231
248.62,-1.99012750074718,-2.00001879555686,0,1.4804928622379
248.631,-1.99012750074718,-2.00001849711361,0,1.47346002073315
248.632,-1.99012750074718,-2.00001847010083,0,1.47281596214578
248.643,-1.99012750074718,-2.00001817426305,0,1.46567951518077
248.644,-1.99012750074718,-2.00001814748714,0,1.46502603797943
248.655,-1.99012750074718,-2.00001785425484,0,1.45778598695857
248.656,-1.99012750074718,-2.00001782771579,0,1.4571230912696
248.667,-1.99012750074718,-2.00001753708898,0,1.44977943756755
248.668,-1.99012750074718,-2.00001751078679,0,1.44910712351456
248.679,-1.99012750074718,-2.00001722276546,0,1.44165986847595
248.68,-1.99012750074718,-2.00001719670013,0,1.44097813617987
248.691,-1.99012750074718,-2.00001691128429,0,1.43342728111967
248.692,-1.99012750074718,-2.00001688545582,0,1.43273613069866
248.703,-1.99012750074718,-2.00001660264547,0,1.42508167690206
248.704,-1.99012750074718,-2.00001657705387,0,1.42438110847154
248.715,-1.99012750074718,-2.000016296849,0,1.41662305719373
248.716,-1.99012750074718,-2.00001627149426,0,1.41591307086658
248.727,-1.99012750074718,-2.00001599389488,0,1.408051423333
248.728,-1.99012750074718,-2.00001596877701,0,1.40733201921913
248.739,-1.99012750074718,-2.00001569378312,0,1.3993667766254
248.74,-1.99012750074718,-2.00001566890211,0,1.39863795483227
248.751,-1.99012750074718,-2.00001539651372,0,1.39056911834417
248.752,-1.99012750074718,-2.00001537186957,0,1.38983087897637
248.763,-1.99012750074718,-2.00001510208667,0,1.38165844972985
248.764,-1.99012750074718,-2.00001507767939,0,1.3809107928892
248.775,-1.99012750074718,-2.00001481050199,0,1.37263477199047
248.776,-1.99012750074718,-2.00001478633156,0,1.37187769777623
248.787,-1.99012750074718,-2.00001452175966,0,1.36349808630146
248.788,-1.99012750074718,-2.0000144978261,0,1.36273159481015
248.799,-1.99012750074718,-2.0000142358597,0,1.35424839380584
248.8,-1.99012750074718,-2.00001421216301,0,1.35347248513121
248.808,-1.99012750074718,-2.00001402330004,0,1.34723696438647
248.811,-1.99012832518911,-2.00001395280211,-0.000549778936690781,1.34723696438647
248.812,-1.9901289667349,-2.00001392934228,-0.000733351804693315,1.34723696438647
248.823,-1.99014824803788,-2.00001367258688,-0.00278527785002552,1.34723696438647
248.824,-1.99015112886786,-2.00001364936391,-0.00297655798295434,1.34723696438647
248.835,-1.9901957610396,-2.00001339521402,-0.00516833099560957,1.34723696438647
248.836,-1.9902010337699,-2.00001337222792,-0.00537745149040812,1.34723696438647
248.837,-1.99020651659912,-2.00001334926155,-0.00558854164617113,1.32716713191002
248.846,-1.99407703098429,-2.00001314345251,-0.730575313330514,1.58665361010408
248.847,-1.99480186481942,-2.00001312068353,-0.719160637230145,1.61256554227378
248.848,-1.99550745918456,-2.00001309793429,-0.692118102977932,1.61256554227378
248.849,-1.9961862783036,-2.00001307520479,-0.665607416247689,1.64482937615776
248.858,-2.00040726421942,-2.00001287152753,-0.301948846704057,1.60173775386848
248.859,-2.00070196473583,-2.00001284899541,-0.28749408296217,1.60173775386848
248.86,-2.0009823347828,-2.00001282648304,-0.273286517645103,1.60173775386848
248.861,-2.00124861741824,-2.0000128039904,-0.259317899544675,1.57953301223164
248.862,-2.00150790830679,-2.00001278151751,-0.259282372951274,1.57953301223164
248.871,-2.00385544493453,-2.00001258014967,-0.263834894382015,1.57953301223164
248.872,-2.00411978822296,-2.00001255787416,-0.264868984047916,1.57953301223164
248.877,-2.00545985531315,-2.00001244679269,-0.27158559101766,1.60486212280612
248.883,-2.00684426812662,-2.0000123141463,-0.191172152588172,1.60486212280612
248.884,-2.00702908125881,-2.00001229210765,-0.178485534547847,1.60486212280612
248.892,-2.00806861422984,-2.00001211650908,-0.083084561508052,1.58181694693059
248.895,-2.00833102487149,-2.0000120509853,-0.0918741081168531,1.58181694693059
248.896,-2.00842437581142,-2.00001202918352,-0.0948301778198759,1.58181694693059
248.907,-2.009650807116,-2.00001179066669,-0.128584520701824,1.58181694693059
248.908,-2.0097809944288,-2.00001176910177,-0.131794755677294,1.60846207450782
248.917,-2.01044848506631,-2.00001157590577,0,1.59463939662777
248.919,-2.01044848506631,-2.00001153319045,0,1.58550424339219
248.92,-2.01044848506631,-2.0000115118624,0,1.58281835214529
248.926,-2.01044848506631,-2.00001138430861,0,1.57828710250322
248.932,-2.01044848506631,-2.00001125746541,0,1.58013682328233
248.943,-2.01044848506631,-2.00001102676512,0,1.58565737167711
248.944,-2.01044848506631,-2.0000110059108,0,1.58618338292568
248.955,-2.01044848506631,-2.00001077781603,0,1.59204353425188
248.956,-2.01044848506631,-2.00001075719857,0,1.59258177741548
248.967,-2.01044848506631,-2.00001053170932,0,1.59855780948487
248.968,-2.01044848506631,-2.00001051132873,0,1.59910608450429
248.979,-2.01044848506631,-2.000010288445,0,1.60519196370153
248.98,-2.01044848506631,-2.00001026830127,0,1.60575021128875
248.991,-2.01044848506631,-2.00001004802306,0,1.61194577542918
248.992,-2.01044848506631,-2.0000100281162,0,1.61251399403406
249.003,-2.01044848506631,-2.00000981044352,0,1.61881923926724
249.004,-2.01044848506631,-2.00000979077353,0,1.6193974288943
249.015,-2.01044848506631,-2.00000957570637,0,1.62581235561134
249.016,-2.01044848506631,-2.00000955627324,0,1.62640051630434
249.027,-2.01044848506631,-2.0000093438116,0,1.63292512498178
249.028,-2.01044848506631,-2.00000932461534,0,1.63352325678296
249.039,-2.01044848506631,-2.00000911475923,0,1.64015754787055
249.04,-2.01044848506631,-2.00000909579984,0,1.64076565081946
249.051,-2.01044848506631,-2.00000888854926,0,1.64750962473728
249.052,-2.01044848506631,-2.00000886982673,0,1.64812769887069
249.063,-2.01044848506631,-2.00000866518168,0,1.65498135600887
249.064,-2.01044848506631,-2.00000864669602,0,1.65560940136099
249.075,-2.01044848506631,-2.00000844465649,0,1.66257274207991
249.076,-2.01044848506631,-2.0000084264077,0,1.66321075868215
249.087,-2.01044848506631,-2.00000822697371,0,1.67028378331235
249.088,-2.01044848506631,-2.00000820896178,0,1.67093177119331
249.099,-2.01044848506631,-2.00000801213332,0,1.67811448003553
249.1,-2.01044848506631,-2.00000799435826,0,1.67877243922125
249.111,-2.01044848506631,-2.00000780013534,0,1.68606483254639
249.112,-2.01044848506631,-2.00000778259714,0,1.68673276306009
249.123,-2.01044848506631,-2.00000759097976,0,1.69413484110914
249.124,-2.01044848506631,-2.00000757367843,0,1.69481274297147
249.135,-2.01044848506631,-2.00000738466658,0,1.7023245059557
249.136,-2.01044848506631,-2.00000736760211,0,1.70301237918439
249.147,-2.01044848506631,-2.0000071811958,0,1.71063382728517
249.148,-2.01044848506631,-2.0000071643682,0,1.71133167189548
249.159,-2.01044848506631,-2.00000698056743,0,1.71906280526435
249.16,-2.01044848506631,-2.0000069639767,0,1.71977062126861
249.171,-2.01044848506631,-2.00000678278146,0,1.72761144002737
249.172,-2.01044848506631,-2.0000067664276,0,1.72832922743529
249.183,-2.01044848506631,-2.00000658783791,0,1.7362797316758
249.184,-2.01044848506631,-2.00000657172091,0,1.73700749049439
249.195,-2.01044848506631,-2.00000639573676,0,1.74506768027872
249.196,-2.01044848506631,-2.00000637985663,0,1.74580541051229
249.207,-2.01044848506631,-2.00000620647802,0,1.75397528587267
249.208,-2.01044848506631,-2.00000619083476,0,1.7547229875228
249.219,-2.01044848506631,-2.00000602006169,0,1.76300254846163
249.22,-2.01044848506631,-2.0000060046553,0,1.7637602215272
249.231,-2.01044848506631,-2.00000583648777,0,1.77214946801704
249.232,-2.01044848506631,-2.00000582131825,0,1.77291711249415
249.243,-2.01044848506631,-2.00000565575627,0,1.78141604447782
249.244,-2.01044848506631,-2.00000564082361,0,1.78219366035999
249.255,-2.01044848506631,-2.00000547786718,0,1.79080227775035
249.256,-2.01044848506631,-2.00000546317139,0,1.79158986502819
249.267,-2.01044848506631,-2.00000530282051,0,1.80030816770838
249.268,-2.01044848506631,-2.00000528836159,0,1.80110572636998
249.279,-2.01044848506631,-2.00000513061625,0,1.80993371419325
249.28,-2.01044848506631,-2.0000051163942,0,1.81074124422392
249.291,-2.01044848506631,-2.00000496125441,0,1.81967891701367
249.292,-2.01044831629042,-2.00000494726922,0.000337565543145739,1.81967891701367
249.303,-2.01042403930252,-2.00000479473498,0.00409818777933095,1.81967891701367
249.304,-2.01041976602393,-2.00000478098667,0.00444871788281284,1.81967891701367
249.315,-2.01034896948669,-2.00000463105798,0.00848682502130017,1.81967891701367
249.316,-2.01034028884642,-2.00000461754653,0.00887516343640667,1.81967891701367
249.327,-2.0102179551101,-2.00000447022339,0.0134769712829693,1.81967891701367
249.328,-2.01020425186086,-2.00000445694881,0.0139306447808656,1.81967891701367
249.333,-2.01012873764267,-2.00000439087201,0.0163058307109136,1.84472353002966
249.339,-2.00771370580993,-2.00000431223123,0.706364395546,1.65749908419268
249.34,-2.00698871707885,-2.00000429919352,0.743613848146884,1.6179932200809
249.341,-2.00623865149054,-2.00000428617555,0.756553361387862,1.58371494714542
249.345,-2.00337633569984,-2.00000423430105,0.650132243677291,1.51239612729822
249.351,-2.00035500524806,-2.00000415708148,0.360689195584656,1.5447233488548
249.352,-2.00000746243697,-2.00000414428064,0.334458055715905,1.5447233488548
249.354,-1.99939016674081,-2.00000411873818,0.2830702736122,1.57646332983785
249.363,-1.99705235248934,-2.00000400477416,0.238511023792273,1.57646332983785
249.364,-1.99681596072385,-2.00000399221019,0.234295347368156,1.57646332983785
249.375,-1.99446123101045,-2.00000385530926,0.19627598063254,1.57646332983785
249.376,-1.99426634492092,-2.00000384298216,0.193514029456607,1.57646332983785
249.387,-1.99227923400492,-2.00000370868679,0.169709069399673,1.57646332983785
249.388,-1.99211033780556,-2.00000369659656,0.168097680317469,1.57646332983785
249.397,-1.99065096351654,-2.00000358867269,0.157283421241087,1.55632556529358
249.399,-1.99036293672471,-2.00000356490674,0.130859403655307,1.55632556529358
249.4,-1.9902385699256,-2.00000355305338,0.117901457116353,1.55632556529358
249.408,-1.98969578335492,-2.00000345893705,0,1.58079148509016
249.411,-1.98969578335492,-2.00000342396912,0,1.59326722430066
249.412,-1.98969578335492,-2.00000341235262,0,1.59524849008769
249.417,-1.98969578335492,-2.00000335456622,0,1.59826925469626
249.424,-1.98969578335492,-2.0000032744943,0,1.59618189330792
249.435,-1.98969578335492,-2.00000315062116,0,1.59085129379264
249.436,-1.98969578335492,-2.0000031394784,0,1.59034697961882
249.447,-1.98969578335492,-2.00000301821082,0,1.58473064597125
249.448,-1.98969578335492,-2.00000300730492,0,1.58421475698002
249.459,-1.98969578335492,-2.0000028886429,0,1.57848552388567
249.46,-1.98969578335492,-2.00000287797388,0,1.57795975970285
249.471,-1.98969578335492,-2.00000276191742,0,1.57212228822199
249.472,-1.98969578335492,-2.00000275148527,0,1.57158669463297
249.483,-1.98969578335492,-2.00000263803437,0,1.56564110984593
249.484,-1.98969578335492,-2.00000262783909,0,1.56509568802645
249.495,-1.98969578335492,-2.00000251699375,0,1.55904199264077
249.496,-1.98969578335492,-2.00000250703534,0,1.5584867425607
249.507,-1.98969578335492,-2.00000239879556,0,1.55232493595437
249.508,-1.98969578335492,-2.00000238907402,0,1.55175985754838
249.519,-1.98969578335492,-2.00000228343981,0,1.54548993898055
249.52,-1.98969578335492,-2.00000227395513,0,1.54491503217968
249.531,-1.98969578335492,-2.00000217092648,0,1.53853700087722
249.532,-1.98969578335492,-2.00000216167868,0,1.53795226560984
249.543,-1.98969578335492,-2.00000206125559,0,1.53146612076977
249.544,-1.98969578335492,-2.00000205224466,0,1.53087155696158
249.555,-1.98969578335492,-2.00000195442714,0,1.524277297751
249.556,-1.98969578335492,-2.00000194565307,0,1.5236729053249
249.567,-1.98969578335492,-2.00000185044112,0,1.51697053088122
249.568,-1.98969578335492,-2.00000184190392,0,1.51635630975743
249.579,-1.98969578335492,-2.00000174929753,0,1.50954581918815
249.58,-1.98969578335492,-2.00000174099721,0,1.50892176928417
249.591,-1.98969578335492,-2.00000165099639,0,1.50200316166691
249.592,-1.98969578335492,-2.00000164293293,0,1.50136928289757
249.603,-1.98969578335492,-2.00000155553767,0,1.49434255728028
249.604,-1.98969578335492,-2.00000154771109,0,1.49369884955759
249.615,-1.98969578335492,-2.0000014629214,0,1.48656400495821
249.616,-1.98969578335492,-2.00000145533168,0,1.48591046819166
249.627,-1.98969578335492,-2.00000137314756,0,1.47866750359838
249.628,-1.98969578335492,-2.00000136579471,0,1.47800413769454
249.639,-1.98969578335492,-2.00000128621616,0,1.47065305206577
249.64,-1.98969578335492,-2.00000127910018,0,1.46997985692864
249.651,-1.98969578335492,-2.0000012021272,0,1.46252064919285
249.652,-1.98969578335492,-2.0000011952481,0,1.46183762472362
249.663,-1.98969578335492,-2.00000112088068,0,1.45427029377956
249.664,-1.98969578335492,-2.00000111423844,0,1.45357743987677
249.675,-1.98969578335492,-2.0000010424766,0,1.44590198459327
249.676,-1.98969578335492,-2.00000103607123,0,1.44519930115279
249.687,-1.98969578335492,-2.00000096691496,0,1.43741572036894
249.688,-1.98969578335492,-2.00000096074646,0,1.43670320728375
249.699,-1.98969578335492,-2.00000089419576,0,1.42881149980875
249.7,-1.98969578335492,-2.00000088826413,0,1.42808915696937
249.711,-1.98969578335492,-2.000000824319,0,1.42008932158254
249.712,-1.98969578335492,-2.00000081862424,0,1.41935714887659
249.723,-1.98969578335492,-2.00000075728468,0,1.41124918432754
249.724,-1.98969578335492,-2.0000007518268,0,1.41050718163994
249.735,-1.98969578335492,-2.00000069309281,0,1.40229108664838
249.736,-1.98969578335492,-2.00000068787179,0,1.40153925386145
249.747,-1.98969578335492,-2.00000063174337,0,1.39321502711729
249.748,-1.98969578335492,-2.00000062675923,0,1.39245336411056
249.759,-1.98969578335492,-2.00000057323638,0,1.38402100427378
249.76,-1.98969578335492,-2.00000056848911,0,1.3832495109241
249.771,-1.98969578335492,-2.00000051757184,0,1.37470901662498
249.772,-1.98969578335492,-2.00000051306143,0,1.37392769280642
249.783,-1.98969578335492,-2.00000046474973,0,1.36527906264538
249.784,-1.98969578335492,-2.00000046047619,0,1.3644879082294
249.795,-1.98969578335492,-2.00000041477007,0,1.35573114077701
249.796,-1.98969578335492,-2.0000004107334,0,1.35493015563224
249.806,-1.98969578335492,-2.00000037145239,0,1.34687524619298
249.807,-1.9896959085118,-2.00000036763285,-0.000250321410514838,1.34687524619298
249.808,-1.9896962840283,-2.00000036383305,-0.000500734509784496,1.34687524619298
249.819,-1.98971704355149,-2.00000032333807,-0.00328765392357401,1.34687524619298
249.82,-1.98972046045661,-2.00000031977515,-0.00354636489975356,1.34687524619298
249.831,-1.98977550763417,-2.00000028188574,-0.00649914874877915,1.34687524619298
249.832,-1.98978214693709,-2.00000027855969,-0.00677986236846484,1.34687524619298
249.836,-1.9898115494872,-2.00000026545286,-0.00792859116508391,1.32647084751599
249.843,-1.99241834014522,-2.00000024327586,-0.703820443455007,1.52524274305927
249.844,-1.9931352218922,-2.00000024018667,-0.729955226648873,1.56203031967361
249.845,-1.99386687058589,-2.00000023711723,-0.733388951078189,1.59307964183776
249.847,-1.99530278365877,-2.00000023103755,-0.702818174293021,1.63601102691053
249.855,-1.99964955301891,-2.00000020750842,-0.390007969973545,1.63601102691053
249.856,-2.00002118253701,-2.0000002046561,-0.353330813963311,1.63601102691053
249.86,-2.00121310917915,-2.00000019344423,-0.254491699819191,1.58628307840225
249.867,-2.00289849139242,-2.00000017458342,-0.228151183169728,1.58628307840225
249.868,-2.00312501324559,-2.00000017196798,-0.224913312196313,1.58628307840225
249.879,-2.00543294110805,-2.00000014450087,-0.196956940999509,1.58628307840225
249.88,-2.00562894049156,-2.0000001421223,-0.195058505726415,1.58628307840225
249.891,-2.00768383084228,-2.00000011726077,-0.180396210456767,1.58628307840225
249.892,-2.00786381870291,-2.00000011511906,-0.179593469875482,1.58628307840225
249.895,-2.0083995459037,-2.00000010881238,-0.177680572510117,1.61227609298629
249.903,-2.00930780781529,-2.0000000928631,-0.0513509568689638,1.61227609298629
249.904,-2.0093516345902,-2.00000009095827,-0.0363272025105488,1.5889788968528
249.915,-2.00972140800642,-2.00000007130789,-0.0312730161196002,1.5889788968528
249.916,-2.009752502576,-2.00000006963993,-0.03091884353342,1.5889788968528
249.927,-2.01007510081408,-2.00000005259512,-0.0280331068294047,1.5889788968528
249.928,-2.01010304444406,-2.00000005116403,-0.0278563955283543,1.5889788968528
249.939,-2.01040203866798,-2.0000000367248,-0.0267573999794734,1.5889788968528
249.94,-2.01042878160034,-2.00000003553058,-0.0267304076161727,1.5889788968528
249.942,-2.01048221546805,-2.00000003320135,-0.0267111247252849,1.5889788968528
249.951,-2.01072405027516,-2.00000002369692,-0.0271788121458716,1.5889788968528
249.952,-2.0107512814421,-2.00000002273957,-0.0272853085304319,1.5889788968528
249.961,-2.01100266942268,-2.00000001501167,-0.0287212286580062,1.6147993680165
249.962,-2.0110164708893,-2.00000001425171,0,1.61404991142684
249.964,-2.0110164708893,-2.00000001279101,0,1.61078929036084
249.967,-2.0110164708893,-2.000000010748,0,1.6093496378965
249.975,-2.0110164708893,-2.0000000061685,0,1.61205624386409
249.976,-2.0110164708893,-2.00000000568489,0,1.61259431104188
249.987,-2.0110164708893,-2.00000000166796,0,1.61898913905432
249.988,-2.0110164708893,-2.00000000142122,0,1.61958700523195
249.999,-2.0110164708893,-2.00000000000987,0,1.62623260633629
250,-2.0110164708893,-2,0,1.62684230939944
250.011,-2.0110164708893,-2.00000000119422,0,1.63360713731781
250.012,-2.0110164708893,-2.00000000142122,0,1.63422738346503
250.023,-2.0110164708893,-2.00000000522102,0,1.6411078882101
250.024,-2.0110164708893,-2.00000000568489,0,1.64173864236726
250.035,-2.0110164708893,-2.00000001209027,0,1.64873472621719
250.036,-2.0110164708893,-2.00000001279101,0,1.64937598725756
250.047,-2.0110164708893,-2.00000002180196,0,1.65648764557542
250.048,-2.0110164708893,-2.00000002273957,0,1.65713941328543
250.059,-2.0110164708893,-2.00000003435609,0,1.66436664391586
250.06,-2.0110164708893,-2.00000003553058,0,1.66502891810391
250.071,-2.0110164708893,-2.00000004975267,0,1.67237171892956
250.072,-2.0110164708893,-2.00000005116403,0,1.67304449940185
250.083,-2.0110164708893,-2.0000000679917,0,1.68050286827736
250.084,-2.0110164708893,-2.00000006963993,0,1.68118615483755
250.095,-2.0110164708893,-2.00000008907318,0,1.68876008958766
250.096,-2.0110164708893,-2.00000009095827,0,1.68945388203671
250.107,-2.0110164708893,-2.0000001129971,0,1.69714338045647
250.108,-2.0110164708893,-2.00000011511906,0,1.69784767859251
250.119,-2.0110164708893,-2.00000013976346,0,1.70565273844708
250.12,-2.0110164708893,-2.0000001421223,0,1.70636754206558
250.131,-2.0110164708893,-2.00000016937227,0,1.71428816109026
250.132,-2.0110164708893,-2.00000017196798,0,1.71501346998406
250.143,-2.0110164708893,-2.00000020182353,0,1.7230496458844
250.144,-2.0110164708893,-2.0000002046561,0,1.72378545984347
250.155,-2.0110164708893,-2.00000023711723,0,1.73193719029511
250.156,-2.0110164708893,-2.00000024018667,0,1.73268350910681
250.167,-2.0110164708893,-2.00000027525337,0,1.74095079175566
250.168,-2.0110164708893,-2.00000027855969,0,1.74170761520467
250.179,-2.0110164708893,-2.00000031623196,0,1.7500904476667
250.18,-2.0110164708893,-2.00000031977515,0,1.75085777553487
250.191,-2.0110164708893,-2.00000036005299,0,1.75935615539632
250.192,-2.0110164708893,-2.00000036383305,0,1.76013398746286
250.203,-2.0110164708893,-2.00000040671647,0,1.76874791228008
250.204,-2.0110164708893,-2.0000004107334,0,1.76953624832149
250.215,-2.0110164708893,-2.00000045622239,0,1.778265715621
250.216,-2.0110164708893,-2.00000046047619,0,1.77906455541111
250.227,-2.0110164708893,-2.00000050857076,0,1.78790956268959
250.228,-2.0110164708893,-2.00000051306143,0,1.78871890599941
250.239,-2.0110164708893,-2.00000056376157,0,1.79767945072374
250.24,-2.0110164708893,-2.00000056848911,0,1.79849929732174
250.251,-2.0110164708893,-2.00000062179482,0,1.80757537692895
250.252,-2.0110164708893,-2.00000062675923,0,1.80840572658066
250.263,-2.0110164708893,-2.00000068267051,0,1.817597338478
250.264,-2.0110164708893,-2.00000068787179,0,1.81843819094636
250.266,-2.0110164708893,-2.00000069833357,0,1.8201225215533
250.275,-2.01100292275292,-2.00000074638865,0.00302063307371372,1.8201225215533
250.276,-2.01099973184271,-2.0000007518268,0.00336144753928983,1.8201225215533
250.287,-2.01094162050653,-2.00000081294922,0.00725632324137996,1.8201225215533
250.288,-2.01093417856372,-2.00000081862424,0.00762816924592463,1.8201225215533
250.299,-2.0108267187982,-2.00000088235224,0.0120062688394155,1.8201225215533
250.3,-2.0108144984114,-2.00000088826413,0.012435501341516,1.8201225215533
250.306,-2.01073187441462,-2.00000092414999,0.0151462481530788,1.84543966886804
250.311,-2.0090338300411,-2.0000009545977,0.637178412453018,1.70386750149672
250.312,-2.00836375057176,-2.00000096074646,0.70293789153754,1.66091269637959
250.314,-2.00689196348706,-2.0000009731032,0.756613471601493,1.58642148001235
250.318,-2.00402022600494,-2.00000099805354,0.654255683841664,1.51325031254425
250.323,-2.00135940883722,-2.0000010296856,0.412700126767256,1.51325031254425
250.324,-2.00097000756573,-2.00000103607123,0.366195326159858,1.54398107981404
250.333,-1.99838387430736,-2.00000109443016,0.25072689508811,1.60079805740893
250.335,-1.9978621042288,-2.00000110761594,0.271060511563988,1.60079805740893
250.336,-1.99758594141376,-2.00000111423844,0.281270496445056,1.60079805740893
250.339,-1.99669594226265,-2.00000113422438,0.312123113416389,1.57897716616362
250.344,-1.9951720627934,-2.00000116792905,0.298072219511186,1.55592220306716
250.347,-1.99435206224024,-2.00000118838873,0.248977973080952,1.55592220306716
250.348,-1.99411103847945,-2.0000011952481,0.233109150520956,1.55592220306716
250.357,-1.99262489896133,-2.00000125787068,0.0997950512112749,1.58349208473156
250.359,-1.99241895013773,-2.00000127200395,0.106165106550995,1.58349208473156
250.36,-1.99231118072375,-2.00000127910018,0.109376861040155,1.58349208473156
250.371,-1.99090808972256,-2.0000013584616,0.146258096548418,1.56280018653653
250.372,-1.99076649419787,-2.00000136579471,0.136956251093869,1.56280018653653
250.383,-1.989791070411,-2.0000014477617,0.0426306021463941,1.56280018653653
250.384,-1.98975243065573,-2.00000145533168,0.0346630160812598,1.56280018653653
250.386,-1.98970115682413,-2.00000147053086,0,1.57771380794969
250.394,-1.98970115682413,-2.00000153211713,0,1.59005139212487
250.396,-1.98970115682413,-2.00000154771109,0,1.58977560028089
250.407,-1.98970115682413,-2.00000163488921,0,1.58503686906996
250.408,-1.98970115682413,-2.00000164293293,0,1.58453212655151
250.419,-1.98970115682413,-2.00000173271662,0,1.57885672007155
250.42,-1.98970115682413,-2.00000174099721,0,1.57833399403254
250.431,-1.98970115682413,-2.00000183338646,0,1.57252804261142
250.432,-1.98970115682413,-2.00000184190392,0,1.57199526038142
250.443,-1.98970115682413,-2.00000193689874,0,1.56608050387253
250.444,-1.98970115682413,-2.00000194565307,0,1.56553787899583
250.455,-1.98970115682413,-2.00000204325346,0,1.55951490077485
250.456,-1.98970115682413,-2.00000205224466,0,1.55896243873814
250.467,-1.98970115682413,-2.00000215245061,0,1.55283125152264
250.468,-1.98970115682413,-2.00000216167868,0,1.55226895219832
250.479,-1.98970115682413,-2.00000226449019,0,1.54602955328521
250.48,-1.98970115682413,-2.00000227395513,0,1.54545741639164
250.491,-1.98970115682413,-2.00000237937221,0,1.53910980263292
250.492,-1.98970115682413,-2.00000238907402,0,1.53852782788157
250.503,-1.98970115682413,-2.00000249709666,0,1.53207199608812
250.504,-1.98970115682413,-2.00000250703534,0,1.53148018318776
250.515,-1.98970115682413,-2.00000261766354,0,1.52491613014043
250.516,-1.98970115682413,-2.00000262783909,0,1.52431447879702
250.527,-1.98970115682413,-2.00000274107286,0,1.51764220124674
250.528,-1.98970115682413,-2.00000275148527,0,1.51703071116356
250.539,-1.98970115682413,-2.0000028673246,0,1.51025020583155
250.54,-1.98970115682413,-2.00000287797388,0,1.50962887670914
250.551,-1.98970115682413,-2.00000299641877,0,1.50274014028659
250.552,-1.98970115682413,-2.00000300730492,0,1.50210897182288
250.563,-1.98970115682413,-2.00000312835538,0,1.49511200097138
250.564,-1.98970115682413,-2.0000031394784,0,1.49447099286137
250.575,-1.98970115682413,-2.00000326313441,0,1.48736578421259
250.576,-1.98970115682413,-2.0000032744943,0,1.48671493614883
250.587,-1.98970115682413,-2.00000340075586,0,1.47950148630455
250.588,-1.98970115682413,-2.00000341235262,0,1.47884079797668
250.599,-1.98970115682413,-2.00000354121975,0,1.47151910350888
250.6,-1.98970115682413,-2.00000355305338,0,1.47084857460397
250.611,-1.98970115682413,-2.00000368452606,0,1.46341863205482
250.612,-1.98970115682413,-2.00000369659656,0,1.46273826225715
250.623,-1.98970115682413,-2.0000038306748,0,1.45520006813901
250.624,-1.98970115682413,-2.00000384298216,0,1.45450985713016
250.635,-1.98970115682413,-2.00000397966596,0,1.4468634079255
250.636,-1.98970115682413,-2.00000399221019,0,1.44616335538438
250.647,-1.98970115682413,-2.00000413149954,0,1.43840864754589
250.648,-1.98970115682413,-2.00000414428064,0,1.43769875314861
250.659,-1.98970115682413,-2.00000428617555,0,1.42983578309916
250.66,-1.98970115682413,-2.00000429919352,0,1.4291160465192
250.671,-1.98970115682413,-2.00000444369397,0,1.42114481065183
250.672,-1.98970115682413,-2.00000445694881,0,1.42041523155987
250.683,-1.98970115682413,-2.00000460405482,0,1.41233572623772
250.684,-1.98970115682413,-2.00000461754653,0,1.41159630430184
250.695,-1.98970115682413,-2.00000476725809,0,1.40340852585837
250.696,-1.98970115682413,-2.00000478098667,0,1.40265926074385
250.707,-1.98970115682413,-2.00000493330378,0,1.39436320548247
250.708,-1.98970115682413,-2.00000494726922,0,1.39360409685198
250.719,-1.98970115682413,-2.00000510219188,0,1.38519976104649
250.72,-1.98970115682413,-2.0000051163942,0,1.38443080855984
250.731,-1.98970115682413,-2.00000527392241,0,1.37591818845408
250.732,-1.98970115682413,-2.00000528836159,0,1.37513939176845
250.743,-1.98970115682413,-2.00000544849534,0,1.36651848357651
250.744,-1.98970115682413,-2.00000546317139,0,1.36572984234641
250.755,-1.98970115682413,-2.0000056259107,0,1.35700064225251
250.756,-1.98970115682413,-2.00000564082361,0,1.35620215612967
250.767,-1.98970115682413,-2.00000580616847,0,1.3473646602881
250.768,-1.98970115682413,-2.00000582131825,0,1.34655632892158
250.779,-1.9897285379075,-2.00000598926865,-0.00499674712598559,1.34655632892158
250.78,-1.9897337654361,-2.0000060046553,-0.00545862910980123,1.34655632892158
250.791,-1.98982236090606,-2.00000617521124,-0.0107090695159274,1.34655632892158
250.792,-1.98983331828377,-2.00000619083476,-0.0112063545888728,1.34655632892158
250.803,-1.98998782016061,-2.00000636399624,-0.0169885307830265,1.34655632892158
250.804,-1.99000508767463,-2.00000637985663,-0.0175475509266735,1.34655632892158
250.806,-1.99004131587689,-2.00000641163662,-0.0186850725268111,1.32631228294454
250.814,-1.99396270035488,-2.00000653954614,-0.74142700994104,1.58597182088954
250.815,-1.99469852711094,-2.00000655562366,-0.730295147784973,1.61219308688559
250.816,-1.99541530213065,-2.00000657172091,-0.703345574344085,1.61219308688559
250.817,-1.99610539688424,-2.00000658783791,-0.676931887652162,1.64499110823679
250.826,-2.00041866393635,-2.0000067337791,-0.310442104512877,1.60269820918005
250.827,-2.00072152765717,-2.00000675009348,-0.295328775866419,1.60269820918005
250.828,-2.00100940690816,-2.0000067664276,-0.280471713729462,1.60269820918005
250.829,-2.00128255363366,-2.00000678278146,-0.265862304797132,1.58017745718315
250.834,-2.00260764384208,-2.00000686484685,-0.264653654323007,1.58017745718315
250.839,-2.00393378277398,-2.00000694740571,-0.266261734829114,1.58017745718315
250.84,-2.00420036047495,-2.0000069639767,-0.266911682543682,1.58017745718315
250.846,-2.00581834977941,-2.00000706381715,-0.273054801965148,1.60708172666881
250.851,-2.00699735430836,-2.00000714756035,-0.199497098330625,1.60708172666881
250.852,-2.00718980634327,-2.0000071643682,-0.185440917237808,1.60708172666881
250.859,-2.00815666023905,-2.00000728257589,-0.0922215703946599,1.5848431545381
250.863,-2.0085338921678,-2.00000735055739,-0.0964773821656195,1.5848431545381
250.864,-2.00863093803408,-2.00000736760211,-0.0976196197118866,1.5848431545381
250.875,-2.00978200396535,-2.00000755639684,-0.112333514930176,1.5848431545381
250.876,-2.00989510475931,-2.00000757367843,-0.113873909991377,1.5848431545381
250.88,-2.01036344328902,-2.00000764300218,-0.120391215709174,1.6117372890962
250.887,-2.01085065067327,-2.00000776507869,-0.0200586673465015,1.6117372890962
250.888,-2.01085083349966,-2.00000778259714,0,1.5937335814204
250.896,-2.01085083349966,-2.0000079234554,0,1.58153098334271
250.9,-2.01085083349966,-2.00000799435826,0,1.58253984554837
250.911,-2.01085083349966,-2.00000819096959,0,1.58804635161208
250.912,-2.01085083349966,-2.00000820896178,0,1.58859020743228
250.923,-2.01085083349966,-2.00000840817864,0,1.59466758427151
250.924,-2.01085083349966,-2.0000084264077,0,1.59522626446679
250.935,-2.01085083349966,-2.00000862823009,0,1.60142957580483
250.936,-2.01085083349966,-2.00000864669602,0,1.60199870447554
250.947,-2.01085083349966,-2.00000885112394,0,1.60831594538763
250.948,-2.01085083349966,-2.00000886982673,0,1.60889540412656
250.959,-2.01085083349966,-2.00000907686018,0,1.61532624661078
250.96,-2.01085083349966,-2.00000909579984,0,1.61591603184047
250.971,-2.01085083349966,-2.00000930543882,0,1.62246046281383
250.972,-2.01085083349966,-2.00000932461534,0,1.62306057405149
250.983,-2.01085083349966,-2.00000953685985,0,1.62971858889604
250.984,-2.01085083349966,-2.00000955627324,0,1.63032902573951
250.995,-2.01085083349966,-2.00000977112327,0,1.63710062003655
250.996,-2.01085083349966,-2.00000979077353,0,1.63772138208333
251.007,-2.01085083349966,-2.00001000822909,0,1.64460655139048
251.008,-2.01085083349966,-2.0000100281162,0,1.64523763823531
251.019,-2.01085083349966,-2.00001024817729,0,1.65223637808067
251.02,-2.01085083349966,-2.00001026830127,0,1.65287778931563
251.031,-2.01085083349966,-2.00001049096788,0,1.65999009519732
251.032,-2.01085083349966,-2.00001051132873,0,1.66064183041184
251.043,-2.01085083349966,-2.00001073660085,0,1.66786769779818
251.044,-2.01085083349966,-2.00001075719857,0,1.66852975657897
251.055,-2.01085083349966,-2.00001098507621,0,1.67586918090841
251.056,-2.01085083349966,-2.0000110059108,0,1.67654156283943
251.067,-2.01085083349966,-2.00001123639396,0,1.68399453952071
251.068,-2.01085083349966,-2.00001125746541,0,1.6846772441832
251.079,-2.01085083349966,-2.00001149055409,0,1.69224376859517
251.08,-2.01085083349966,-2.0000115118624,0,1.69293679556764
251.091,-2.01085083349966,-2.00001174755659,0,1.70061686305937
251.092,-2.01085083349966,-2.00001176910177,0,1.70132021191764
251.103,-2.01085083349966,-2.00001200740148,0,1.70911381780832
251.104,-2.01085083349966,-2.00001202918352,0,1.70982748812554
251.115,-2.01085083349966,-2.00001227008875,0,1.71773462770445
251.116,-2.01085083349966,-2.00001229210765,0,1.71845861905103
251.127,-2.01085083349966,-2.00001253561839,0,1.72647928757784
251.128,-2.01085083349966,-2.00001255787416,0,1.72721359952144
251.139,-2.01085083349966,-2.0000128039904,0,1.73534779222577
251.14,-2.01085083349966,-2.00001282648304,0,1.73609242433143
251.151,-2.01085083349966,-2.00001307520479,0,1.74434013641321
251.152,-2.01085083349966,-2.00001309793429,0,1.74509508824311
251.163,-2.01085083349966,-2.00001334926155,0,1.75345631487239
251.164,-2.01085083349966,-2.00001337222792,0,1.7542215859862
251.175,-2.01085083349966,-2.00001362616069,0,1.7626963223032
251.176,-2.01085083349966,-2.00001364936391,0,1.76347191225773
251.187,-2.01085083349966,-2.00001390590218,0,1.77206015337285
251.188,-2.01085083349966,-2.00001392934228,0,1.77284606172217
251.199,-2.01085083349966,-2.00001418848605,0,1.781547802716
251.2,-2.01085083349966,-2.00001421216301,0,1.78234402901159
251.211,-2.01085083349966,-2.00001447391228,0,1.79115926493494
251.212,-2.01085083349966,-2.0000144978261,0,1.79196580872548
251.223,-2.01085083349966,-2.00001476218088,0,1.8008945345992
251.224,-2.01085083349966,-2.00001478633156,0,1.80171139543073
251.235,-2.01085083349966,-2.00001505329184,0,1.81075360624587
251.236,-2.01085083349966,-2.00001507767939,0,1.81158078366167
251.246,-2.01085083349966,-2.00001532264048,0,1.81989984049846
251.247,-2.01085069497546,-2.00001534724516,0.000277059696251101,1.81989984049846
251.248,-2.01085027933509,-2.00001537186957,0.000554254945051167,1.81989984049846
251.259,-2.01082726212514,-2.00001564404083,0.0036513168948923,1.81989984049846
251.26,-2.01082346622008,-2.00001566890211,0.00394080274484282,1.81989984049846
251.271,-2.01076203078612,-2.00001594367887,0.0072843267673436,1.81989984049846
251.272,-2.01075458561709,-2.00001596877701,0.00760661839070941,1.81989984049846
251.283,-2.01065037821797,-2.00001624615926,0.0114335634184204,1.81989984049846
251.284,-2.01063875615851,-2.00001627149426,0.0118115032640413,1.8453476141981
251.292,-2.00696500724852,-2.00001647488485,0.752863000213068,1.59293068557092
251.294,-2.00547342517659,-2.00001652592988,0.729829141473883,1.54044219091576
251.295,-2.00476067781458,-2.000016551482,0.695763545098293,1.54044219091576
251.296,-2.00408170531999,-2.00001657705387,0.662276260787817,1.51447704224675
251.305,-1.99996776656903,-2.00001680808886,0.291522723878052,1.57192877278446
251.307,-1.99940204703354,-2.0000168596471,0.274326063241194,1.57192877278446
251.308,-1.99913189285144,-2.00001688545582,0.266013311414879,1.57192877278446
251.31,-1.99861606516263,-2.00001693713249,0.249933403637706,1.59885805168795
251.317,-1.99664762712945,-2.00001711862258,0.312843247728687,1.57711034507233
251.319,-1.99603040764834,-2.00001717065454,0.304487996927552,1.57711034507233
251.32,-1.99572789788536,-2.00001719670013,0.300558687317106,1.57711034507233
251.322,-1.99513426342373,-2.00001724885052,0.293181428962099,1.55592304596048
251.331,-1.99314189153867,-2.00001748450434,0.152631603659648,1.55592304596048
251.332,-1.99299655455483,-2.00001751078679,0.138073370998875,1.55592304596048
251.334,-1.99274910167918,-2.0000175634109,0.109495908643094,1.58116617678586
251.343,-1.99169526217501,-2.00001780119648,0.125167908551274,1.58116617678586
251.344,-1.99156913624501,-2.00001782771579,0.12709023712183,1.58116617678586
251.351,-1.99062972097897,-2.00001801390365,0.141639588301122,1.55878513619926
251.355,-1.99015523231271,-2.00001812073097,0.0959992489034879,1.55878513619926
251.356,-1.99006477179193,-2.00001814748714,0.0849439597079363,1.55878513619926
251.363,-1.98974538942363,-2.00001833533304,0,1.57988813865363
251.367,-1.98974538942363,-2.00001844310779,0,1.58957881365114
251.368,-1.98974538942363,-2.00001847010083,0,1.59038294104737
251.371,-1.98974538942363,-2.00001855119837,0,1.59109310137683
251.379,-1.98974538942363,-2.00001876832697,0,1.58845192487322
251.38,-1.98974538942363,-2.00001879555686,0,1.58798272062671
251.391,-1.98974538942363,-2.00001909638847,0,1.582478234415
251.392,-1.98974538942363,-2.00001912385523,0,1.58196512603576
251.403,-1.98974538942363,-2.00001942729232,0,1.57625909365194
251.404,-1.98974538942363,-2.00001945499594,0,1.57573524057172
251.415,-1.98974538942363,-2.0000197610385,0,1.56991860367234
251.416,-1.98974538942363,-2.00001978897899,0,1.56938489977776
251.427,-1.98974538942363,-2.00002009762702,0,1.56346010588695
251.428,-1.98974538942363,-2.00002012580436,0,1.56291657480114
251.439,-1.98974538942363,-2.00002043705787,0,1.55688368456507
251.44,-1.98974538942363,-2.00002046547207,0,1.55633032643585
251.451,-1.98974538942363,-2.00002077933105,0,1.55018933609328
251.452,-1.98974538942363,-2.00002080798211,0,1.54962615043265
251.463,-1.98974538942363,-2.00002112444655,0,1.54337705445611
251.464,-1.98974538942363,-2.00002115333448,0,1.54280404075631
251.475,-1.98974538942363,-2.00002147240439,0,1.53644683354164
251.476,-1.98974538942363,-2.00002150152917,0,1.53586399129175
251.487,-1.98974538942363,-2.00002182320454,0,1.52939866720368
251.488,-1.98974538942363,-2.00002185256619,0,1.52880599589004
251.499,-1.98974538942363,-2.00002217684702,0,1.52223254926349
251.5,-1.98974538942363,-2.00002220644553,0,1.5216300483697
251.511,-1.98974538942363,-2.00002253333182,0,1.51494847350971
251.512,-1.98974538942363,-2.00002256316718,0,1.51433614251675
251.523,-1.98974538942363,-2.00002289265893,0,1.50754643369856
251.524,-1.98974538942363,-2.00002292273116,0,1.50692427208466
251.535,-1.98974538942363,-2.00002325482837,0,1.50002642355367
251.536,-1.98974538942363,-2.00002328513745,0,1.49939443079426
251.547,-1.98974538942363,-2.00002361984011,0,1.49238843676604
251.548,-1.98974538942363,-2.00002365038606,0,1.49174661233401
251.559,-1.98974538942363,-2.00002398769417,0,1.48463246699435
251.56,-1.98974538942363,-2.00002401847697,0,1.48398081035967
251.571,-1.98974538942363,-2.00002435839054,0,1.47675850786451
251.572,-1.98974538942363,-2.0000243894102,0,1.4760970184946
251.583,-1.98974538942363,-2.00002473192921,0,1.46876655297003
251.584,-1.98974538942363,-2.00002476318573,0,1.46809523032951
251.595,-1.98974538942363,-2.00002510831019,0,1.46065659587177
251.596,-1.98974538942363,-2.00002513980357,0,1.45997543942262
251.607,-1.98974538942363,-2.00002548753347,0,1.45242863009823
251.608,-1.98974538942363,-2.00002551926371,0,1.4517376392996
251.619,-1.98974538942363,-2.00002586959906,0,1.44408264914515
251.62,-1.98974538942363,-2.00002590156616,0,1.44338182345366
251.631,-1.98974538942363,-2.00002625450694,0,1.43561864647595
251.632,-1.98974538942363,-2.0000262867109,0,1.43490798534537
251.643,-1.98974538942363,-2.00002664225712,0,1.42703661552132
251.644,-1.98974538942363,-2.00002667469794,0,1.42631611840273
251.655,-1.98974538942363,-2.0000270328496,0,1.41833654967956
251.656,-1.98974538942363,-2.00002706552727,0,1.41760621602138
251.667,-1.98974538942363,-2.00002742628437,0,1.40951844231638
251.668,-1.98974538942363,-2.0000274591989,0,1.40877827156424
251.679,-1.98974538942363,-2.00002782256142,0,1.40058228676488
251.68,-1.98974538942363,-2.00002785571281,0,1.39983227836174
251.691,-1.98974538942363,-2.00002822168077,0,1.39152807632574
251.692,-1.98974538942363,-2.00002825506901,0,1.39076822971187
251.703,-1.98974538942363,-2.0000286236424,0,1.38235580426698
251.704,-1.98974538942363,-2.0000286572675,0,1.38158611887996
251.715,-1.98974538942363,-2.00002902844632,0,1.37306546382419
251.716,-1.98974538942363,-2.00002906230827,0,1.37228593909883
251.727,-1.98974538942363,-2.00002943609251,0,1.36365704820046
251.728,-1.98974538942363,-2.00002947019133,0,1.36286768356883
251.739,-1.98974538942363,-2.00002984658099,0,1.35413055056615
251.74,-1.98974538942363,-2.00002988091666,0,1.35333134545764
251.748,-1.98974538942363,-2.00003015631259,0,1.34690818189426
251.751,-1.98974650555729,-2.00003025991174,-0.000744293501999224,1.34690818189426
251.752,-1.98974737408522,-2.00003029448426,-0.000992815362995651,1.34690818189426
251.763,-1.98977347720414,-2.00003067608476,-0.00377072140623371,1.34690818189426
251.764,-1.9897773772843,-2.00003071089415,-0.00402967700441184,1.34690818189426
251.775,-1.98983780047607,-2.00003109510006,-0.00699690067908099,1.34690818189426
251.776,-1.98984493871232,-2.0000311301463,-0.0072800075464563,1.34690818189426
251.778,-1.98986007119762,-2.00003120029799,-0.00785432513639362,1.32656589876079
251.787,-1.99389421584248,-2.00003151695763,-0.733201160349095,1.59231705829329
251.788,-1.99461986988773,-2.00003155224072,-0.718180606346995,1.59231705829329
251.789,-1.99533072268899,-2.00003158754355,-0.703596963274875,1.63561492286952
251.799,-2.00040442755027,-2.00003194165746,-0.320345818764425,1.61351382524596
251.8,-2.00071380735255,-2.00003197717741,-0.298467500560262,1.61351382524596
251.802,-2.00126771942151,-2.00003204827652,-0.25564729913415,1.5874119041534
251.811,-2.00338627518984,-2.00003236919955,-0.217000121022432,1.5874119041534
251.812,-2.00360144847961,-2.00003240495636,-0.213367008500912,1.5874119041534
251.823,-2.00575798076849,-2.00003279958391,-0.180929166211341,1.5874119041534
251.824,-2.00593774087082,-2.00003283557757,-0.178607172046147,1.5874119041534
251.835,-2.00778510446694,-2.00003323281053,-0.159030823371246,1.5874119041534
251.836,-2.00794349041513,-2.00003326904105,-0.157754178014399,1.5874119041534
251.844,-2.00917239026355,-2.00003355959573,-0.150256026976188,1.61281185925754
251.847,-2.00955054514768,-2.00003366887941,-0.102135266098959,1.61281185925754
251.848,-2.00964483062353,-2.00003370534678,-0.0864648672405454,1.61281185925754
251.855,-2.0099211290279,-2.00003396117102,0,1.58100472324283
251.859,-2.0099211290279,-2.00003410779054,0,1.57198886238116
251.86,-2.0099211290279,-2.00003414449476,0,1.5712465647017
251.863,-2.0099211290279,-2.00003425472586,0,1.57060955775172
251.871,-2.0099211290279,-2.00003454954392,0,1.57314706034166
251.872,-2.0099211290279,-2.000034586485,0,1.57359420385791
251.883,-2.0099211290279,-2.00003499413955,0,1.57883458578029
251.884,-2.0099211290279,-2.00003503131749,0,1.57932295804947
251.895,-2.0099211290279,-2.00003544157743,0,1.58475404036945
251.896,-2.0099211290279,-2.00003547899222,0,1.585252671408
251.907,-2.0099211290279,-2.00003589185756,0,1.59078950831084
251.908,-2.0099211290279,-2.0000359295092,0,1.59129756220941
251.919,-2.0099211290279,-2.00003634497993,0,1.59693785602181
251.92,-2.0099211290279,-2.00003638286842,0,1.59745530963947
251.931,-2.0099211290279,-2.00003680094453,0,1.6031989918312
251.932,-2.0099211290279,-2.00003683906988,0,1.60372584394632
251.943,-2.0099211290279,-2.00003725975137,0,1.60957290608201
251.944,-2.0099211290279,-2.00003729811357,0,1.61010915606148
251.955,-2.0099211290279,-2.00003772140045,0,1.61605959129762
251.956,-2.0099211290279,-2.0000377599995,0,1.6166052385217
251.967,-2.0099211290279,-2.00003818589176,0,1.62265904002881
251.968,-2.0099211290279,-2.00003822472766,0,1.62321408387527
251.979,-2.0099211290279,-2.0000386532253,0,1.62937124479509
251.98,-2.0099211290279,-2.00003869229805,0,1.62993568463915
251.991,-2.0099211290279,-2.00003912340106,0,1.63619619808376
251.992,-2.0099211290279,-2.00003916271067,0,1.63677003329789
252.003,-2.0099211290279,-2.00003959641905,0,1.64313389234942
252.004,-2.0099211290279,-2.00003963596551,0,1.64371712230336
252.015,-2.0099211290279,-2.00004007227926,0,1.65018432001423
252.016,-2.0099211290279,-2.00004011206257,0,1.65077694407498
252.027,-2.0099211290279,-2.00004055098168,0,1.65734747346772
252.028,-2.0099211290279,-2.00004059100185,0,1.65794949099964
252.039,-2.0099211290279,-2.00004103252632,0,1.66462334506691
252.04,-2.0099211290279,-2.00004107278334,0,1.66523475543166
252.051,-2.0099211290279,-2.00004151691318,0,1.67201192713634
252.052,-2.0099211290279,-2.00004155740704,0,1.67263272969285
252.063,-2.0099211290279,-2.00004200414224,0,1.67951321196804
252.064,-2.0099211290279,-2.00004204487296,0,1.6801434060724
252.075,-2.0099211290279,-2.00004249421352,0,1.68712719182132
252.076,-2.0099211290279,-2.00004253518108,0,1.68776677682706
252.087,-2.0099211290279,-2.00004298712699,0,1.69485385892315
252.088,-2.0099211290279,-2.00004302833141,0,1.69550283418107
252.099,-2.0099211290279,-2.00004348288267,0,1.70269320546789
252.1,-2.0099211290279,-2.00004352432394,0,1.70335157032596
252.111,-2.0099211290279,-2.00004398148055,0,1.71064522361727
252.112,-2.0099211290279,-2.00004402315867,0,1.71131297742098
252.123,-2.0099211290279,-2.00004448292062,0,1.71870990550068
252.124,-2.0099211290279,-2.00004452483559,0,1.71938704759258
252.135,-2.0099211290279,-2.00004498720289,0,1.7268872432149
252.136,-2.0099211290279,-2.0000450293547,0,1.72757377293488
252.147,-2.0099211290279,-2.00004549432735,0,1.73517722882399
252.148,-2.0099211290279,-2.00004553671601,0,1.73587314550936
252.159,-2.0099211290279,-2.00004600429399,0,1.74357985435977
252.16,-2.0099211290279,-2.0000460469195,0,1.74428515734494
252.171,-2.0099211290279,-2.00004651710282,0,1.75209511182124
252.172,-2.0099211290279,-2.00004655996518,0,1.75280980043814
252.183,-2.0099211290279,-2.00004703275383,0,1.76072299317514
252.184,-2.0099211290279,-2.00004707585304,0,1.76144706675271
252.195,-2.0099211290279,-2.00004755124702,0,1.7694634903555
252.196,-2.0099211290279,-2.00004759458308,0,1.77019694822014
252.207,-2.0099211290279,-2.00004807258238,0,1.77831659526376
252.208,-2.0099211290279,-2.00004811615529,0,1.77905943673921
252.219,-2.0099211290279,-2.00004859675992,0,1.78728229976899
252.22,-2.0099211290279,-2.00004864056967,0,1.78803452417616
252.231,-2.0099211290279,-2.00004912377963,0,1.79636059570767
252.232,-2.0099211290279,-2.00004916782623,0,1.79712220236477
252.243,-2.0099211290279,-2.0000496536415,0,1.8055514748837
252.244,-2.0099211290279,-2.00004969792495,0,1.80632246310622
252.255,-2.0099211290279,-2.00005018634554,0,1.81485492906842
252.256,-2.0099211290279,-2.00005023086584,0,1.8156352981692
252.26,-2.0099211290279,-2.00005040914439,0,1.81876459161208
252.267,-2.00992036527453,-2.00005072189174,0.000218650952333217,1.81876459161208
252.268,-2.0099201308626,-2.00005076664888,0.00025019202419337,1.81876459161208
252.279,-2.00991543029018,-2.0000512602801,0.00060866894406625,1.81876459161208
252.28,-2.00991480462137,-2.00005130527408,0.00064271969273427,1.81876459161208
252.291,-2.00990558511226,-2.00005180151061,0.00104181486366487,1.81876459161208
252.292,-2.00990452385408,-2.00005184674144,0.00108078800941365,1.81876459161208
252.293,-2.00990342336,-2.00005189199201,0.0011202898774249,1.84443692677678
252.302,-2.00599698291399,-2.00005230013533,0.746134880836757,1.5798384951457
252.303,-2.00525595755803,-2.00005234558327,0.735982920625193,1.55288502586801
252.304,-2.00453319883007,-2.00005239105095,0.709622604712514,1.53284104504621
252.306,-2.00319013940149,-2.00005248204552,0.633838299131454,1.51208513658613
252.315,-1.99934283576143,-2.00005289249808,0.271804113404648,1.57890398430663
252.316,-1.99907302324436,-2.00005293820261,0.26784577806631,1.57890398430663
252.327,-1.99633060333114,-2.00005344225504,0.233462033730385,1.57890398430663
252.328,-1.99609832988354,-2.00005348819641,0.231104788392944,1.57890398430663
252.339,-1.9936700080896,-2.00005399485414,0.212602402962624,1.57890398430663
252.34,-1.99345793873656,-2.00005404103235,0.211552944821089,1.57890398430663
252.346,-1.99220310814442,-2.00005431851613,0.207298040096772,1.55644521895757
252.351,-1.99134240707918,-2.00005455029538,0.137781437945463,1.55644521895757
252.352,-1.99121131674235,-2.00005459671044,0.124427533251755,1.55644521895757
252.358,-1.99069799098561,-2.00005487561528,0.0475560016654759,1.5819931929194
252.363,-1.99041647723182,-2.00005510857875,0.0650257437253148,1.5819931929194
252.364,-1.99034971027954,-2.00005515523065,0.06850797667582,1.5819931929194
252.374,-1.98948998296627,-2.00005562283524,0.103553942288999,1.55900645769533
252.375,-1.98939179013941,-2.00005566970426,0.0928539211362466,1.55900645769533
252.376,-1.98930423164538,-2.00005571659301,0.0822843392552849,1.55900645769533
252.383,-1.98899226942008,-2.00005604536689,0,1.5696505378217
252.387,-1.98899226942008,-2.00005623367189,0,1.57826017830665
252.388,-1.98899226942008,-2.00005628079749,0,1.5789113107659
252.39,-1.98899226942008,-2.00005637510788,0,1.57935310721539
252.399,-1.98899226942008,-2.00005680048165,0,1.57607200205846
252.4,-1.98899226942008,-2.00005684784409,0,1.57554081551932
252.411,-1.98899226942008,-2.00005737013354,0,1.56937129603101
252.412,-1.98899226942008,-2.00005741773282,0,1.56879791067182
252.423,-1.98899226942008,-2.00005794262755,0,1.56242516080924
252.424,-1.98899226942008,-2.00005799046367,0,1.56184032705505
252.435,-1.98899226942008,-2.00005851796367,0,1.55534867943392
252.436,-1.98899226942008,-2.00005856603664,0,1.55475322597178
252.447,-1.98899226942008,-2.0000590961419,0,1.54814494739148
252.448,-1.98899226942008,-2.00005914445171,0,1.54753889586169
252.459,-1.98899226942008,-2.00005967716225,0,1.54081403962715
252.46,-1.98899226942008,-2.0000597257089,0,1.54019738989983
252.471,-1.98899226942008,-2.0000602610247,0,1.53335594958492
252.472,-1.98899226942008,-2.0000603098082,0,1.53272870094033
252.483,-1.98899226942008,-2.00006084772926,0,1.52577066847902
252.484,-1.98899226942008,-2.0000608967496,0,1.52513282017885
252.495,-1.98899226942008,-2.00006143727592,0,1.51805818743164
252.496,-1.98899226942008,-2.00006148653309,0,1.51740973873451
252.507,-1.98899226942008,-2.00006202966467,0,1.51021849753102
252.508,-1.98899226942008,-2.00006207915869,0,1.50955944769284
252.519,-1.98899226942008,-2.00006262489552,0,1.50225158983273
252.52,-1.98899226942008,-2.00006267462638,0,1.50158193810668
252.531,-1.98899226942008,-2.00006322296845,0,1.49415745535994
252.532,-1.98899226942008,-2.00006327293615,0,1.49347720099642
252.543,-1.98899226942008,-2.00006382388348,0,1.48593608510304
252.544,-1.98899226942008,-2.00006387408802,0,1.48524522734984
252.555,-1.98899226942008,-2.00006442764058,0,1.47758747002015
252.556,-1.98899226942008,-2.00006447808196,0,1.47688600812226
252.567,-1.98899226942008,-2.00006503423977,0,1.46911160103669
252.568,-1.98899226942008,-2.00006508491799,0,1.46839953423649
252.579,-1.98899226942008,-2.00006564368103,0,1.46050846904557
252.58,-1.98899226942008,-2.00006569459609,0,1.45978579658266
252.591,-1.98899226942008,-2.00006625596437,0,1.45177806490725
252.592,-1.98899226942008,-2.00006630711627,0,1.45104478601847
252.603,-1.98899226942008,-2.00006687108977,0,1.44292037944957
252.604,-1.98899226942008,-2.00006692247851,0,1.44217649336908
252.615,-1.98899226942008,-2.00006748905724,0,1.43393540346783
252.616,-1.98899226942008,-2.00006754068282,0,1.43318090942717
252.627,-1.98899226942008,-2.00006810986678,0,1.4248231277248
252.628,-1.98899226942008,-2.00006816172919,0,1.42405802495276
252.639,-1.98899226942008,-2.00006873351837,0,1.41558354295082
252.64,-1.98899226942008,-2.00006878561762,0,1.41480783067342
252.651,-1.98899226942008,-2.00006936001202,0,1.40621663984356
252.652,-1.98899226942008,-2.00006941234811,0,1.40543031728416
252.663,-1.98899226942008,-2.00006998934772,0,1.39672240906825
252.664,-1.98899226942008,-2.00007004192064,0,1.39592547544743
252.675,-1.98899226942008,-2.00007062152546,0,1.38710084125751
252.676,-1.98899226942008,-2.00007067433523,0,1.38629329579321
252.687,-1.98899226942008,-2.00007125654526,0,1.37735192701145
252.688,-1.98899226942008,-2.00007130959186,0,1.37653376891891
252.699,-1.98899226942008,-2.00007189440709,0,1.36747565689772
252.7,-1.98899226942008,-2.00007194769053,0,1.36664688538944
252.711,-1.98899226942008,-2.00007253511096,0,1.35747202145132
252.712,-1.98899226942008,-2.00007258863123,0,1.35663263573707
252.723,-1.98899226942008,-2.00007317865686,0,1.34734101117478
252.724,-1.98899226942008,-2.00007323241397,0,1.34649101046158
252.735,-1.98900635579456,-2.0000738250448,-0.00257061192546459,1.34649101046158
252.736,-1.98900904513429,-2.00007387903874,-0.00280823172543682,1.34649101046158
252.747,-1.98905462390748,-2.00007447427476,-0.00550940390760815,1.34649101046158
252.748,-1.98906026105921,-2.00007452850554,-0.00576524370475497,1.34649101046158
252.752,-1.98908540061042,-2.00007474562603,-0.00681067026003444,1.32588092970425
252.759,-1.99162594151439,-2.00007512634674,-0.699769977076694,1.52081045966758
252.76,-1.99234000131193,-2.00007518081436,-0.728357976369674,1.55804153600464
252.761,-1.99307112849956,-2.00007523530171,-0.733939976957994,1.58966449062208
252.764,-1.99518106881541,-2.00007539888219,-0.663068653469868,1.64529308464604
252.771,-1.9987082507814,-2.00007578126074,-0.349659191258968,1.61828520935898
252.772,-1.9990449759955,-2.0000758359652,-0.323852640730717,1.61828520935898
252.776,-2.00019651689181,-2.00007605498037,-0.262222736328184,1.57632831063896
252.783,-2.00207258211646,-2.00007643901676,-0.274604334983987,1.57632831063896
252.784,-2.00234826039318,-2.00007649395805,-0.276768691357742,1.57632831063896
252.79,-2.00405228676494,-2.00007682402023,-0.291836040164771,1.60364280918275
252.795,-2.00534019221972,-2.00007709961479,-0.224272207564247,1.60364280918275
252.796,-2.00555801817573,-2.00007715479291,-0.211413752054861,1.60364280918275
252.806,-2.00706485086189,-2.00007770765961,-0.0927283678028787,1.58141153222931
252.807,-2.00715890851661,-2.00007776305483,-0.0953898212289415,1.58141153222931
252.808,-2.00725563642742,-2.00007781846978,-0.0980690438377333,1.58141153222931
252.819,-2.00850180550422,-2.00007842933687,-0.128994420018998,1.58141153222931
252.82,-2.00863228202788,-2.00007848498866,-0.131963645976048,1.58141153222931
252.822,-2.00890221953919,-2.00007859635144,-0.13799494537998,1.60767779403478
252.831,-2.00962961129493,-2.00007909846091,-0.0255616120128787,1.60767779403478
252.832,-2.0096405099045,-2.00007915434953,0,1.58927857756436
252.841,-2.0096405099045,-2.00007965823525,0,1.57486240738181
252.844,-2.0096405099045,-2.0000798265524,0,1.57545322178795
252.855,-2.0096405099045,-2.00008044523498,0,1.58003942101086
252.856,-2.0096405099045,-2.00008050159726,0,1.58050264870958
252.867,-2.0096405099045,-2.00008112288499,0,1.58568989309337
252.868,-2.0096405099045,-2.00008117948411,0,1.58616712436942
252.879,-2.0096405099045,-2.000081803377,0,1.59146770271222
252.88,-2.0096405099045,-2.00008186021295,0,1.59195414062076
252.891,-2.0096405099045,-2.00008248671098,0,1.59735488957811
252.892,-2.0096405099045,-2.00008254378377,0,1.59785040392828
252.903,-2.0096405099045,-2.00008317288694,0,1.60335095955222
252.904,-2.0096405099045,-2.00008323019656,0,1.60385554602135
252.915,-2.0096405099045,-2.00008386190488,0,1.60945588955801
252.916,-2.0096405099045,-2.00008391945132,0,1.6099695472156
252.927,-2.0096405099045,-2.00008455376478,0,1.61566966919264
252.928,-2.0096405099045,-2.00008461154806,0,1.61619239719727
252.939,-2.0096405099045,-2.00008524846665,0,1.62199228836362
252.94,-2.0096405099045,-2.00008530648676,0,1.62252408587339
252.951,-2.0096405099045,-2.00008594601048,0,1.62842373695495
252.952,-2.0096405099045,-2.00008600426742,0,1.6289646031255
252.963,-2.0096405099045,-2.00008664639627,0,1.63496400481862
252.964,-2.0096405099045,-2.00008670489004,0,1.63551393880276
252.975,-2.0096405099045,-2.00008734962401,0,1.64161308177391
252.976,-2.0096405099045,-2.00008740835461,0,1.64217208272172
252.987,-2.0096405099045,-2.00008805569371,0,1.64837095760754
252.988,-2.0096405099045,-2.00008811466113,0,1.64893902466654
252.999,-2.0096405099045,-2.00008876460534,0,1.65523762207377
253,-2.0096405099045,-2.0000888238096,0,1.65581475438869
253.011,-2.0096405099045,-2.00008947635892,0,1.66221306489441
253.012,-2.0096405099045,-2.0000895358,0,1.66279926160722
253.023,-2.0096405099045,-2.00009019095444,0,1.66929727575854
253.024,-2.0096405099045,-2.00009025063235,0,1.66989253600855
253.035,-2.0096405099045,-2.00009090839189,0,1.67649024432291
253.036,-2.0096405099045,-2.00009096830662,0,1.67709456724666
253.047,-2.0096405099045,-2.00009162867127,0,1.68379196021161
253.048,-2.0096405099045,-2.00009168882283,0,1.68440534494297
253.059,-2.0096405099045,-2.00009235179257,0,1.69120241301612
253.06,-2.0096405099045,-2.00009241218096,0,1.69182485868641
253.071,-2.0096405099045,-2.00009307775579,0,1.69872159229566
253.072,-2.0096405099045,-2.00009313838101,0,1.69935309803317
253.083,-2.0096405099045,-2.00009380656094,0,1.7063494875767
253.084,-2.0096405099045,-2.00009386742298,0,1.70699005250722
253.095,-2.0096405099045,-2.00009453820799,0,1.7140860883532
253.096,-2.0096405099045,-2.00009459930686,0,1.71473571159973
253.107,-2.0096405099045,-2.00009527269695,0,1.72193138408666
253.108,-2.0096405099045,-2.00009533403265,0,1.72259006476954
253.119,-2.0096405099045,-2.00009601002782,0,1.72988536420599
253.12,-2.0096405099045,-2.00009607160034,0,1.73055310144288
253.131,-2.0096405099045,-2.00009675020059,0,1.73794801810755
253.132,-2.0096405099045,-2.00009681200993,0,1.73862481101332
253.143,-2.0096405099045,-2.00009749321525,0,1.74611933515531
253.144,-2.0096405099045,-2.00009755526142,0,1.74680518284209
253.155,-2.0096405099045,-2.00009823907181,0,1.75439930468049
253.156,-2.0096405099045,-2.0000983013548,0,1.75509420625777
253.167,-2.0096405099045,-2.00009898777025,0,1.76278791598187
253.168,-2.0096405099045,-2.00009905029007,0,1.76349187055656
253.179,-2.0096405099045,-2.00009973931058,0,1.77128515832587
253.18,-2.0096405099045,-2.00009980206722,0,1.77199816500184
253.191,-2.0096405099045,-2.00010049369278,0,1.77989102094613
253.192,-2.0096405099045,-2.00010055668625,0,1.78061307882479
253.203,-2.0096405099045,-2.00010125091686,0,1.78860549304384
253.204,-2.0096405099045,-2.00010131414715,0,1.7893366012238
253.215,-2.0096405099045,-2.00010201098282,0,1.79742856378768
253.216,-2.0096405099045,-2.00010207444992,0,1.79816872136492
253.227,-2.0096405099045,-2.00010277389063,0,1.80636022231386
253.228,-2.0096405099045,-2.00010283759456,0,1.80710942838153
253.239,-2.0096405099045,-2.00010353964031,0,1.81540045772592
253.24,-2.0096405099045,-2.00010360358106,0,1.81615871137453
253.244,-2.0096405099045,-2.00010385954142,0,1.81919926514516
253.251,-2.00962978721769,-2.00010430823185,0.00306974426888691,1.81919926514516
253.252,-2.00962649619676,-2.00010437240942,0.00351256600718534,1.81919926514516
253.263,-2.00956050228293,-2.00010507966524,0.00854547856142378,1.81919926514516
253.264,-2.00955171812704,-2.00010514407963,0.0090235497054016,1.81919926514516
253.275,-2.00942227834629,-2.00010585394047,0.0146269810337292,1.81919926514516
253.276,-2.00940737836646,-2.00010591859169,0.0151741940156452,1.81919926514516
253.287,-2.00867211981336,-2.00010663105756,0.407562588786901,1.78398015966516
253.288,-2.00820593503151,-2.00010669594559,0.524677146287205,1.74536951873333
253.292,-2.0055491738456,-2.00010695569508,0.739741279169355,1.58800088952481
253.296,-2.00273129676159,-2.00010721576033,0.644162701431996,1.51436285186279
253.299,-2.00101471136339,-2.00010741101648,0.501190717968187,1.51436285186279
253.3,-2.00053677717729,-2.00010747614133,0.4547765000227,1.51436285186279
253.311,-1.99718626104676,-2.00010819381724,0.240328311553605,1.59936745843152
253.312,-1.99694099820305,-2.00010825917891,0.250200993604038,1.59936745843152
253.317,-1.99556584380099,-2.0001085862833,0.300002066893491,1.57920255810712
253.322,-1.99409370279026,-2.00010891388107,0.289454834914606,1.5561204766065
253.323,-1.99381225630865,-2.00010897945983,0.273480729677391,1.5561204766065
253.324,-1.99354665760494,-2.00010904505832,0.257757808296974,1.5561204766065
253.335,-1.9916064120693,-2.00010976794424,0.0990032566424795,1.5561204766065
253.336,-1.99151409350736,-2.00010983377955,0.0856594153239994,1.58451765912724
253.347,-1.99030435493499,-2.00011055927048,0.134482089310611,1.58451765912724
253.348,-1.99016761538597,-2.00011062534261,0.139000377647463,1.58451765912724
253.349,-1.9900263471459,-2.00011069143447,0.143539767175033,1.56188426644
253.359,-1.98904651685186,-2.00011135343853,0.0543897862786943,1.56188426644
253.36,-1.98899629401401,-2.00011141974748,0.0460713176708046,1.56188426644
253.364,-1.98889056332719,-2.00011168518062,0,1.57739636436802
253.371,-1.98889056332719,-2.0001121504484,0,1.58657906922576
253.372,-1.98889056332719,-2.00011221699417,0,1.58648897341418
253.383,-1.98889056332719,-2.00011295030008,0,1.5815534067355
253.384,-1.98889056332719,-2.00011301708266,0,1.58099470997587
253.395,-1.98889056332719,-2.00011375299356,0,1.57468506777489
253.396,-1.98889056332719,-2.00011382001296,0,1.5741032614396
253.407,-1.98889056332719,-2.00011455852884,0,1.56764137679326
253.408,-1.98889056332719,-2.00011462578505,0,1.56704847567914
253.419,-1.98889056332719,-2.00011536690591,0,1.56046729350864
253.42,-1.98889056332719,-2.00011543439894,0,1.55986362075217
253.431,-1.98889056332719,-2.00011617812478,0,1.55316401945725
253.432,-1.98889056332719,-2.00011624585462,0,1.5525495828467
253.443,-1.98889056332719,-2.00011699218543,0,1.54573157590513
253.444,-1.98889056332719,-2.00011706015209,0,1.54510637472071
253.455,-1.98889056332719,-2.00011780908786,0,1.53816995225283
253.456,-1.98889056332719,-2.00011787729134,0,1.5375339855426
253.467,-1.98889056332719,-2.00011862883207,0,1.53047913700956
253.468,-1.98889056332719,-2.00011869727236,0,1.52983240381275
253.479,-1.98889056332719,-2.00011945141804,0,1.52265911862911
253.48,-1.98889056332719,-2.00011952009515,0,1.52200161798189
253.491,-1.98889056332719,-2.00012027684579,0,1.51470988553181
253.492,-1.98889056332719,-2.00012034575971,0,1.51404161646787
253.503,-1.98889056332719,-2.0001211051153,0,1.50663142610568
253.504,-1.98889056332719,-2.00012117426603,0,1.50595238765584
253.515,-1.98889056332719,-2.00012193622657,0,1.49842372870606
253.516,-1.98889056332719,-2.00012200561411,0,1.49773391989848
253.527,-1.98889056332719,-2.00012277017959,0,1.49008678165588
253.528,-1.98889056332719,-2.00012283980394,0,1.48938620151594
253.539,-1.98889056332719,-2.00012360697435,0,1.48162057324548
253.54,-1.98889056332719,-2.00012367683552,0,1.48090922079596
253.551,-1.98889056332719,-2.00012444661086,0,1.47302509173265
253.552,-1.98889056332719,-2.00012451670885,0,1.47230296599353
253.563,-1.98889056332719,-2.00012528908911,0,1.46430032534269
253.564,-1.98889056332719,-2.00012535942391,0,1.46356742533127
253.575,-1.98889056332719,-2.0001261344091,0,1.45544626226834
253.576,-1.98889056332719,-2.0001262049807,0,1.45470258699922
253.587,-1.98889056332719,-2.00012698257081,0,1.44646289066975
253.588,-1.98889056332719,-2.00012705337922,0,1.44570843915489
253.599,-1.98889056332719,-2.00012783357424,0,1.43735019867475
253.6,-1.98889056332719,-2.00012790461947,0,1.4365849699232
253.611,-1.98889056332719,-2.0001286874194,0,1.42810817437842
253.612,-1.98889056332719,-2.00012875870143,0,1.42733216739672
253.623,-1.98889056332719,-2.00012954410627,0,1.41873680584344
253.624,-1.98889056332719,-2.00012961562511,0,1.41795001963532
253.635,-1.98889056332719,-2.00013040363485,0,1.40923608109985
253.636,-1.98889056332719,-2.0001304753905,0,1.40843851466638
253.647,-1.98889056332719,-2.00013126600513,0,1.39960598814527
253.648,-1.98889056332719,-2.00013133799759,0,1.39879764048477
253.659,-1.98889056332719,-2.00013213121712,0,1.38984651494472
253.66,-1.98889056332719,-2.00013220344639,0,1.38902738505277
253.671,-1.98889056332719,-2.0001329992708,0,1.37995764943084
253.672,-1.98889056332719,-2.00013307173687,0,1.37912773630032
253.683,-1.98889056332719,-2.00013387016617,0,1.36993937950343
253.684,-1.98889056332719,-2.00013394286905,0,1.36909868212458
253.695,-1.98889056332719,-2.00013474390322,0,1.35979169303003
253.696,-1.98889056332719,-2.00013481684291,0,1.35894021039038
253.707,-1.98889056332719,-2.00013562048195,0,1.34951457784556
253.708,-1.98889056332719,-2.00013569365845,0,1.34865230892989
253.711,-1.98889056332719,-2.00013591330635,0,1.346060108741
253.719,-1.98890541471877,-2.00013649990236,-0.00372009671969077,1.346060108741
253.72,-1.98890936936936,-2.00013657331567,-0.00418944583874477,1.346060108741
253.731,-1.98898433983443,-2.00013738216444,-0.00949184356072059,1.346060108741
253.732,-1.98899408103581,-2.00013745581455,-0.00999115371439298,1.346060108741
253.743,-1.98913522632791,-2.00013826726819,-0.0157663113304678,1.346060108741
253.744,-1.98915127000645,-2.0001383411551,-0.016322024851756,1.346060108741
253.745,-1.98916787236981,-2.00013841506175,-0.0168837150291387,1.32566111004081
253.753,-1.99298747789223,-2.00013900702535,-0.741031177056872,1.58107024954773
253.754,-1.9937242210627,-2.00013908110961,-0.732519999873308,1.60816798925353
253.755,-1.99444424684023,-2.00013915521359,-0.707619447286981,1.60816798925353
253.756,-1.99513963317639,-2.00013922933731,-0.683238564388321,1.64276956642245
253.766,-1.99983084301788,-2.00013997165986,-0.2923222978523,1.59438842759673
253.767,-2.00011810509471,-2.00014004600065,-0.28223689152413,1.59438842759673
253.768,-2.00039538585163,-2.00014012036118,-0.272358642091814,1.59438842759673
253.77,-2.00092081398214,-2.00014026914142,-0.253199654617421,1.57122092525691
253.779,-2.00340934727422,-2.00014093962936,-0.30078045317927,1.57122092525691
253.78,-2.00371295200545,-2.00014101422669,-0.306442386667345,1.59802081694764
253.791,-2.00647121263552,-2.00014183609971,-0.19892120606199,1.59802081694764
253.792,-2.00666577088969,-2.00014191093385,-0.190221680136235,1.59802081694764
253.803,-2.00826825354798,-2.00014273541171,-0.10375674000356,1.59802081694764
253.804,-2.00836843245246,-2.00014281048264,-0.0966184387631904,1.59802081694764
253.813,-2.00896238033856,-2.00014348700906,-0.0365238130351364,1.57629464016868
253.815,-2.00904957480432,-2.00014363756534,-0.0506426833459566,1.57629464016868
253.816,-2.00910372048635,-2.00014371287307,-0.0576425186135707,1.57629464016868
253.824,-2.00978580304602,-2.00014431604538,-0.112636324143575,1.60381914651721
253.827,-2.01007843097023,-2.0001445425606,-0.0826404771784827,1.60381914651721
253.828,-2.01015618560693,-2.00014461810513,-0.072888303440298,1.60381914651721
253.834,-2.0104163205427,-2.00014507178677,0,1.59708185011603
253.839,-2.0104163205427,-2.00014545039748,0,1.58598722707875
253.84,-2.0104163205427,-2.00014552617882,0,1.5854798592755
253.842,-2.0104163205427,-2.0001456778007,0,1.58518496583561
253.851,-2.0104163205427,-2.00014636107598,0,1.58826826689845
253.852,-2.0104163205427,-2.00014643709412,0,1.58875056752978
253.863,-2.0104163205427,-2.0001472745961,0,1.59433372232142
253.864,-2.0104163205427,-2.00014735085104,0,1.59485219018453
253.875,-2.0104163205427,-2.00014819095782,0,1.60061493345903
253.876,-2.0104163205427,-2.00014826744956,0,1.60114384985417
253.887,-2.0104163205427,-2.00014911016115,0,1.60701563470097
253.888,-2.0104163205427,-2.00014918688969,0,1.60755430492021
253.899,-2.0104163205427,-2.00015003220607,0,1.61353321724323
253.9,-2.0104163205427,-2.00015010917142,0,1.61408162151884
253.911,-2.0104163205427,-2.00015095709259,0,1.62016759834553
253.912,-2.0104163205427,-2.00015103429474,0,1.62072573511165
253.923,-2.0104163205427,-2.0001518848207,0,1.62691876336873
253.924,-2.0104163205427,-2.00015196225964,0,1.62748663154772
253.935,-2.0104163205427,-2.00015281539039,0,1.63378669947884
253.936,-2.0104163205427,-2.00015289306613,0,1.63436429800355
253.947,-2.0104163205427,-2.00015374880166,0,1.64077139385868
253.948,-2.0104163205427,-2.0001538267142,0,1.64135872165973
253.959,-2.0104163205427,-2.0001546850545,0,1.64787283366023
253.96,-2.0104163205427,-2.00015476320383,0,1.64846988966541
253.971,-2.0104163205427,-2.0001556241489,0,1.65509100600268
253.972,-2.0104163205427,-2.00015570253504,0,1.65569778913719
253.983,-2.0104163205427,-2.00015656608487,0,1.6624258979729
253.984,-2.0104163205427,-2.0001566447078,0,1.66304240715911
253.995,-2.0104163205427,-2.0001575108624,0,1.66987749662504
253.996,-2.0104163205427,-2.00015758972212,0,1.67050373078273
254.007,-2.0104163205427,-2.00015845848147,0,1.67744578898091
254.008,-2.0104163205427,-2.00015853757799,0,1.67808174702709
254.019,-2.0104163205427,-2.00015940894209,0,1.68513076202969
254.02,-2.0104163205427,-2.00015948827541,0,1.68577644287865
254.031,-2.0104163205427,-2.00016036224425,0,1.69293240272809
254.032,-2.0104163205427,-2.00016044181436,0,1.69358780529136
254.043,-2.0104163205427,-2.00016131838794,0,1.70085069800017
254.044,-2.0104163205427,-2.00016139819485,0,1.70151582118669
254.055,-2.0104163205427,-2.00016227737317,0,1.70888563473766
254.056,-2.0104163205427,-2.00016235741686,0,1.70956047745353
254.067,-2.0104163205427,-2.00016323919991,0,1.71703719979956
254.068,-2.0104163205427,-2.0001633194804,0,1.7177217609483
254.079,-2.0104163205427,-2.00016420386818,0,1.72530538001245
254.08,-2.0104163205427,-2.00016428438546,0,1.7259996584948
254.091,-2.0104163205427,-2.00016517137795,0,1.73369016217041
254.092,-2.0104163205427,-2.00016525213203,0,1.73439415688435
254.103,-2.0104163205427,-2.00016614172924,0,1.74219153303491
254.104,-2.0104163205427,-2.00016622272011,0,1.74290524287588
254.115,-2.0104163205427,-2.00016711492202,0,1.75080947933498
254.116,-2.0104163205427,-2.00016719614968,0,1.75153290319547
254.127,-2.0104163205427,-2.0001680909563,0,1.75954398776702
254.128,-2.0104163205427,-2.00016817242076,0,1.76027712453706
254.139,-2.0104163205427,-2.00016906983208,0,1.76839504499504
254.14,-2.0104163205427,-2.00016915153332,0,1.76913789356169
254.151,-2.0104163205427,-2.00017005154933,0,1.77736263765042
254.152,-2.0104163205427,-2.00017013348737,0,1.77811519689822
254.163,-2.0104163205427,-2.00017103610807,0,1.78644675233202
254.164,-2.0104163205427,-2.00017111828289,0,1.78720902114274
254.175,-2.0104163205427,-2.00017202350828,0,1.7956473756062
254.176,-2.0104163205427,-2.00017210591989,0,1.7964193528589
254.187,-2.0104163205427,-2.00017301374996,0,1.80496449400678
254.188,-2.0104163205427,-2.00017309639836,0,1.80574617857786
254.199,-2.0104163205427,-2.0001740068331,0,1.81439809403509
254.2,-2.0104163205427,-2.00017408971829,0,1.81518948479808
254.205,-2.0104163205427,-2.00017450444022,0,1.81915857043242
254.211,-2.01041574204542,-2.0001750027577,0.000193115315097199,1.81915857043242
254.212,-2.0104155327264,-2.00017508587967,0.000225539776990435,1.81915857043242
254.223,-2.01041105267551,-2.00017600152374,0.000593028580783952,1.81915857043242
254.224,-2.01041044226367,-2.00017608488251,0.000627844853727097,1.81915857043242
254.235,-2.01040134168331,-2.00017700313124,0.00103495930690074,1.81915857043242
254.236,-2.01040028692954,-2.00017708672679,0.00107463422030774,1.81915857043242
254.237,-2.01039919223964,-2.00017717034207,0.00111483481748215,1.84442874045261
254.246,-2.00651699748614,-2.00017792376757,0.745217148170958,1.58111376997396
254.247,-2.00577660323017,-2.00017800758017,0.735637619110287,1.55401889603694
254.248,-2.00505394735072,-2.00017809141251,0.709761533468511,1.53381466011958
254.25,-2.00370984235887,-2.00017825913638,0.634742957418398,1.51272991510915
254.259,-1.99984924687804,-2.00017901487054,0.272960711531381,1.57875718624768
254.26,-1.99957843584212,-2.00017909893966,0.268686732086225,1.57875718624768
254.271,-1.99684519621987,-2.00018002500234,0.230995779520995,1.57875718624768
254.272,-1.99661553387632,-2.00018010930825,0.228349055309546,1.57875718624768
254.283,-1.99423480014315,-2.00018103797556,0.206716766363495,1.57875718624768
254.284,-1.99402875785281,-2.00018112251825,0.205384423404746,1.57875718624768
254.292,-1.99241850502396,-2.00018179957015,0.198180466419925,1.55675497759478
254.295,-1.99188704928692,-2.00018205379019,0.156414491386413,1.55675497759478
254.296,-1.99173742285559,-2.00018213856967,0.142868248806441,1.55675497759478
254.304,-1.99101131074102,-2.00018281751585,0.0402396588257753,1.58303272772817
254.307,-1.99087227569383,-2.00018307244624,0.0524280993947616,1.58303272772817
254.308,-1.99081782855621,-2.0001831574625,0.0564643196387535,1.58303272772817
254.319,-1.98995403775303,-2.00018409394369,0.100578101959459,1.56109238616999
254.32,-1.98985825864263,-2.00018417919674,0.0910005633552249,1.56109238616999
254.328,-1.98942902670069,-2.00018486193145,0,1.56739363286132
254.331,-1.98942902670069,-2.00018511828255,0,1.57634825209566
254.332,-1.98942902670069,-2.00018520377237,0,1.57767965911919
254.336,-1.98942902670069,-2.00018554592901,0,1.57923626217121
254.343,-1.98942902670069,-2.00018614546279,0,1.57679856591275
254.344,-1.98942902670069,-2.0001862311894,0,1.57629671344275
254.355,-1.98942902670069,-2.00018717548442,0,1.57030226703218
254.356,-1.98942902670069,-2.00018726144782,0,1.56974091541144
254.367,-1.98942902670069,-2.00018820834744,0,1.56349796565876
254.368,-1.98942902670069,-2.00018829454761,0,1.56292495532152
254.379,-1.98942902670069,-2.00018924405183,0,1.5565647036663
254.38,-1.98942902670069,-2.00018933048879,0,1.55598132382113
254.391,-1.98942902670069,-2.00019028259759,0,1.54950729650041
254.392,-1.98942902670069,-2.00019036927133,0,1.54891358078138
254.403,-1.98942902670069,-2.00019132398472,0,1.54232586036899
254.404,-1.98942902670069,-2.00019141089524,0,1.54172180854243
254.415,-1.98942902670069,-2.00019236821321,0,1.53502038470116
254.416,-1.98942902670069,-2.0001924553605,0,1.5344059956173
254.427,-1.98942902670069,-2.00019341528304,0,1.52759085547515
254.428,-1.98942902670069,-2.00019350266712,0,1.52696612795668
254.439,-1.98942902670069,-2.00019446519423,0,1.52003725854417
254.44,-1.98942902670069,-2.00019455281508,0,1.5194021914106
254.451,-1.98942902670069,-2.00019551794675,0,1.51235957972665
254.452,-1.98942902670069,-2.00019560580438,0,1.51171417179475
254.463,-1.98942902670069,-2.00019657354061,0,1.50455780480835
254.464,-1.98942902670069,-2.00019666163502,0,1.50390205489201
254.475,-1.98942902670069,-2.0001976319758,0,1.49663191954241
254.476,-1.98942902670069,-2.00019772030698,0,1.49596582645304
254.487,-1.98942902670069,-2.00019869325231,0,1.48858190964962
254.488,-1.98942902670069,-2.00019878182027,0,1.48790547219574
254.499,-1.98942902670069,-2.00019975737013,0,1.48040776081806
254.5,-1.98942902670069,-2.00019984617487,0,1.47972097780561
254.511,-1.98942902670069,-2.00020082432927,0,1.47210945870353
254.512,-1.98942902670069,-2.00020091337078,0,1.47141232893561
254.523,-1.98942902670069,-2.00020189412971,0,1.463686988929
254.524,-1.98942902670069,-2.000201983408,0,1.46297951120617
254.535,-1.98942902670069,-2.00020296677145,0,1.45514033708521
254.536,-1.98942902670069,-2.00020305628651,0,1.4544225102051
254.547,-1.98942902670069,-2.00020404225448,0,1.44646948873016
254.548,-1.98942902670069,-2.00020413200632,0,1.44574131148791
254.559,-1.98942902670069,-2.0002051205788,0,1.43767442938945
254.56,-1.98942902670069,-2.00020521056741,0,1.43693590057733
254.571,-1.98942902670069,-2.0002062017444,0,1.42875514455607
254.572,-1.98942902670069,-2.00020629196978,0,1.4280062629637
254.583,-1.98942902670069,-2.00020728575127,0,1.41971161969058
254.584,-1.98942902670069,-2.00020737621343,0,1.4189523841049
254.595,-1.98942902670069,-2.00020837259941,0,1.41054384022095
254.596,-1.98942902670069,-2.00020846329834,0,1.40977424942615
254.607,-1.98942902670069,-2.00020946228881,0,1.40125179154264
254.608,-1.98942902670069,-2.00020955322451,0,1.4004718443202
254.619,-1.98942902670069,-2.00021055481947,0,1.3918354590186
254.62,-1.98942902670069,-2.00021064599194,0,1.39104515414729
254.631,-1.98942902670069,-2.00021165019137,0,1.38229482797923
254.632,-1.98942902670069,-2.00021174160061,0,1.38149416423516
254.643,-1.98942902670069,-2.00021274840452,0,1.37262988372248
254.644,-1.98942902670069,-2.00021284005053,0,1.37181885987894
254.655,-1.98942902670069,-2.0002138494589,0,1.36284061151367
254.656,-1.98942902670069,-2.00021394134169,0,1.36201922634131
254.667,-1.98942902670069,-2.00021495335452,0,1.35292699658565
254.668,-1.98942902670069,-2.00021504547407,0,1.35209524885244
254.674,-1.98942902670069,-2.00021559860572,0,1.34708662650181
254.679,-1.98942928838789,-2.00021606009136,-0.00010475476559665,1.34708662650181
254.68,-1.98942940365681,-2.00021615244768,-0.000125790121178406,1.34708662650181
254.691,-1.98943207626339,-2.00021716966942,-0.000361932220045061,1.34708662650181
254.692,-1.9894324492362,-2.0002172622625,-0.000384036183609852,1.34708662650181
254.698,-1.98943515807423,-2.00021781823537,-0.000519902079066469,1.32699548848757
254.703,-1.99041509368954,-2.00021828208868,-0.513590388414196,1.41722795428092
254.704,-1.99097566148066,-2.00021837491854,-0.607447234120585,1.45989339943837
254.707,-1.99303333469576,-2.00021865352649,-0.730239335916428,1.57632510739807
254.71,-1.99516535208171,-2.00021893231201,-0.680095077177541,1.64137206813864
254.715,-1.99802045126727,-2.00021939734916,-0.464539897144485,1.64137206813864
254.716,-1.99846428170642,-2.00021949041578,-0.42321282488351,1.64137206813864
254.725,-2.00115709281537,-2.00022032890325,-0.241351383902156,1.56875321122075
254.727,-2.00165326594513,-2.00022051545083,-0.254853315412932,1.56875321122075
254.728,-2.00191152722843,-2.00022060875422,-0.261677753777902,1.56875321122075
254.734,-2.00360690873504,-2.00022116898889,-0.303806787645598,1.59725782913824
254.739,-2.00499987993333,-2.0002216363937,-0.254235390153059,1.59725782913824
254.74,-2.00524943952343,-2.00022172993385,-0.244915006628205,1.59725782913824
254.751,-2.0074229537617,-2.00022276017775,-0.153416534080083,1.59725782913824
254.752,-2.00757263776292,-2.00022285395467,-0.145972823045251,1.59725782913824
254.763,-2.0087573148313,-2.00022388680298,-0.071522570150659,1.59725782913824
254.764,-2.00882573474843,-2.00022398081666,-0.0653310022037922,1.59725782913824
254.771,-2.00913665229641,-2.00022463946489,-0.024070316550064,1.57724286909132
254.775,-2.00928604459912,-2.00022501626938,-0.0505171563580075,1.57724286909132
254.776,-2.00933982332174,-2.00022511051983,-0.0570347908103752,1.57724286909132
254.782,-2.0097980853131,-2.00022567643685,-0.0955836773987155,1.60254779685972
254.787,-2.01016266096233,-2.00022614857695,-0.050697674265825,1.60254779685972
254.788,-2.01020901630429,-2.00022624306416,-0.0420287110552899,1.60254779685972
254.791,-2.01028964377082,-2.00022652664418,0,1.59860964275493
254.799,-2.01028964377082,-2.00022728372568,0,1.58791275499665
254.8,-2.01028964377082,-2.00022737844966,0,1.58803417808475
254.811,-2.01028964377082,-2.00022842171557,0,1.59253050756937
254.812,-2.01028964377082,-2.00022851667631,0,1.59302773055508
254.823,-2.01028964377082,-2.0002295625466,0,1.59863339762643
254.824,-2.01028964377082,-2.0002296577441,0,1.59915002276801
254.835,-2.01028964377082,-2.00023070621878,0,1.60488753149577
254.836,-2.01028964377082,-2.00023080165304,0,1.60541394485716
254.847,-2.01028964377082,-2.00023185273208,0,1.611256916776
254.848,-2.01028964377082,-2.0002319484031,0,1.61179285781325
254.859,-2.01028964377082,-2.00023300208652,0,1.61774056781006
254.86,-2.01028964377082,-2.0002330979943,0,1.61828602825465
254.871,-2.01028964377082,-2.00023415428208,0,1.62433844310518
254.872,-2.01028964377082,-2.00023425042662,0,1.62489342149046
254.883,-2.01028964377082,-2.00023530931875,0,1.63105052660301
254.884,-2.01028964377082,-2.00023540570005,0,1.63161502164298
254.895,-2.01028964377082,-2.00023646719653,0,1.63787680289936
254.896,-2.01028964377082,-2.00023656381459,0,1.63845081331036
254.907,-2.01028964377082,-2.00023762791542,0,1.64481725657612
254.908,-2.01028964377082,-2.00023772477023,0,1.64540078107188
254.919,-2.01028964377082,-2.00023879147539,0,1.65187187218328
254.92,-2.01028964377082,-2.00023888856697,0,1.65246490947479
254.931,-2.01028964377082,-2.00023995787646,0,1.65904063423805
254.932,-2.01028964377082,-2.00024005520479,0,1.65964318303368
254.943,-2.01028964377082,-2.00024112711861,0,1.6663235272254
254.944,-2.01028964377082,-2.0002412246837,0,1.66693558623068
254.955,-2.01028964377082,-2.00024229920183,0,1.6737205355976
254.956,-2.01028964377082,-2.00024239700368,0,1.67434210351546
254.967,-2.01028964377082,-2.00024347412612,0,1.68123164377445
254.968,-2.01028964377082,-2.00024357216472,0,1.68186271930507
254.979,-2.01028964377082,-2.00024465189148,0,1.68885683614324
254.98,-2.01028964377082,-2.00024475016683,0,1.68949741798413
254.991,-2.01028964377082,-2.00024583249789,0,1.69659609705878
254.992,-2.01028964377082,-2.00024593101,0,1.69724618390463
255.003,-2.01028964377082,-2.00024701594535,0,1.70444941084326
255.004,-2.01028964377082,-2.00024711469421,0,1.70510900138621
255.015,-2.01028964377082,-2.00024820223385,0,1.71241676178646
255.016,-2.01028964377082,-2.00024830121946,0,1.71308585471579
255.027,-2.01028964377082,-2.00024939136338,0,1.7204981341455
255.028,-2.01028964377082,-2.00024949058575,0,1.72117672814783
255.039,-2.01028964377082,-2.00025058333395,0,1.72869351214515
255.04,-2.01028964377082,-2.00025068279307,0,1.72938160590444
255.051,-2.01028964377082,-2.00025177814553,0,1.73700287997748
255.052,-2.01028964377082,-2.0002518778414,0,1.73770047217493
255.063,-2.01028964377082,-2.00025297579813,0,1.74542622180226
255.064,-2.01028964377082,-2.00025307573075,0,1.74613331111635
255.075,-2.01028964377082,-2.00025417629174,0,1.75396352174649
255.076,-2.01028964377082,-2.00025427646111,0,1.75468010685306
255.087,-2.01028964377082,-2.00025537962635,0,1.76261476390483
255.088,-2.01028964377082,-2.00025548003247,0,1.76334084347695
255.099,-2.01028964377082,-2.00025658580195,0,1.77137993233935
255.1,-2.01028964377082,-2.00025668644482,0,1.77211550504737
255.111,-2.01028964377082,-2.00025779481854,0,1.78025901107965
255.112,-2.01028964377082,-2.00025789569816,0,1.78100407559127
255.123,-2.01028964377082,-2.00025900667611,0,1.78925198412274
255.124,-2.01028964377082,-2.00025910779248,0,1.79000653910285
255.135,-2.01028964377082,-2.00026022137465,0,1.79835883543316
255.136,-2.01028964377082,-2.00026032272777,0,1.79912287954403
255.147,-2.01028964377082,-2.00026143891417,0,1.80757954894293
255.148,-2.01028964377082,-2.00026154050403,0,1.80835308084408
255.159,-2.01028964377082,-2.00026265929464,0,1.81691410855145
255.16,-2.01028964377082,-2.00026276112125,0,1.81769712689975
255.162,-2.01028964377082,-2.00026296483365,0,1.81926553501669
255.171,-2.01028313887806,-2.00026388251606,0.00145030199816248,1.81926553501669
255.172,-2.01028160682068,-2.00026398457942,0.00161393766808337,1.81926553501669
255.183,-2.01025370575477,-2.00026510857843,0.00348398323466473,1.81926553501669
255.184,-2.01025013265042,-2.00026521087853,0.00366251679645864,1.81926553501669
255.195,-2.0101985380553,-2.00026633748174,0.00576454939657472,1.81926553501669
255.196,-2.01019267070343,-2.00026644001859,0.00597063276129249,1.81926553501669
255.198,-2.01018031042101,-2.00026664515146,0.00639166530990479,1.84436128434498
255.207,-2.0060152614783,-2.00026756922598,0.748543463976116,1.57038643674417
255.208,-2.00527475636955,-2.00026767199957,0.732541839451552,1.54556886654465
255.21,-2.00387118244878,-2.00026787760594,0.671401634371732,1.51586759076403
255.217,-2.00032044290195,-2.00026859784967,0.348019271947009,1.54631920471842
255.219,-1.99967454025676,-2.00026880381115,0.298115831891482,1.54631920471842
255.22,-1.99938867281151,-2.00026890682148,0.273673868521569,1.57710368354701
255.231,-1.99665827709281,-2.00027004123723,0.225649257835233,1.57710368354701
255.232,-1.99643441091948,-2.00027014448431,0.222104090485579,1.57710368354701
255.243,-1.99417573748583,-2.00027128150422,0.190822735094864,1.57710368354701
255.244,-1.99398602239507,-2.00027138498804,0.188624112554342,1.57710368354701
255.255,-1.99202017204785,-2.00027252461212,0.170626616429811,1.57710368354701
255.256,-1.99185010818565,-2.00027262833268,0.169514835920018,1.57710368354701
255.259,-1.99134601756936,-2.00027293961273,0.166665749037078,1.55703754650805
255.267,-1.99042436296777,-2.00027377056092,0.0654224319500435,1.55703754650805
255.268,-1.99036495028415,-2.00027387451822,0.0534242496024811,1.55703754650805
255.271,-1.99026061476371,-2.00027418650849,0,1.58421776524846
255.279,-1.99026061476371,-2.0002750193506,0,1.60093932535092
255.28,-1.99026061476371,-2.00027512354464,0,1.60098575579557
255.291,-1.99026061476371,-2.00027627098117,0,1.59708503659678
255.292,-1.99026061476371,-2.00027637541195,0,1.59660823759108
255.303,-1.99026061476371,-2.00027752545261,0,1.59119288342069
255.304,-1.99026061476371,-2.00027763012013,0,1.5906925935148
255.315,-1.99026061476371,-2.00027878276492,0,1.58513321661578
255.316,-1.99026061476371,-2.00027888766918,0,1.58462291333291
255.327,-1.99026061476371,-2.0002800429181,0,1.57895646686059
255.328,-1.99026061476371,-2.00028014805909,0,1.57843651237041
255.339,-1.99026061476371,-2.00028130591212,0,1.57266397822128
255.34,-1.99026061476371,-2.00028141128986,0,1.57213438094551
255.351,-1.99026061476371,-2.000282571747,0,1.5662557707764
255.352,-1.99026061476371,-2.00028267736147,0,1.565716529593
255.363,-1.99026061476371,-2.00028384042271,0,1.55973182886236
255.364,-1.99026061476371,-2.00028394627392,0,1.55918294238922
255.375,-1.99026061476371,-2.00028511193926,0,1.55309213582015
255.376,-1.99026061476371,-2.0002852180272,0,1.55253360266548
255.387,-1.99026061476371,-2.00028638629663,0,1.546336674932
255.388,-1.99026061476371,-2.00028649262131,0,1.54576849370124
255.399,-1.99026061476371,-2.00028766349482,0,1.53946542944713
255.4,-1.99026061476371,-2.00028777005623,0,1.53888759874282
255.411,-1.99026061476371,-2.00028894353382,0,1.53247838258212
255.412,-1.99026061476371,-2.00028905033196,0,1.53189090100422
255.423,-1.99026061476371,-2.00029022641362,0,1.5253755175211
255.424,-1.99026061476371,-2.0002903334485,0,1.52477838366673
255.435,-1.99026061476371,-2.00029151213422,0,1.51815681741555
255.436,-1.99026061476371,-2.00029161940583,0,1.5175500298793
255.447,-1.99026061476371,-2.00029280069561,0,1.51082226538457
255.448,-1.99026061476371,-2.00029290820395,0,1.51020582275821
255.459,-1.99026061476371,-2.00029409209778,0,1.5033718445147
255.46,-1.99026061476371,-2.00029419984285,0,1.50274574538729
255.471,-1.99026061476371,-2.00029538634072,0,1.49580553785996
255.472,-1.99026061476371,-2.00029549432253,0,1.49516978081789
255.483,-1.99026061476371,-2.00029668342443,0,1.48812332844183
255.484,-1.99026061476371,-2.00029679164297,0,1.48747791206874
255.495,-1.99026061476371,-2.0002979833489,0,1.48032519924935
255.496,-1.99026061476371,-2.00029809180417,0,1.47967012212611
255.507,-1.99026061476371,-2.00029928611412,0,1.47241113323889
255.508,-1.99026061476371,-2.00029939480612,0,1.47174639394384
255.519,-1.99026061476371,-2.00030059172009,0,1.46438111333447
255.52,-1.99026061476371,-2.00030070064881,0,1.46370671044316
255.531,-1.99026061476371,-2.00030190016679,0,1.45623512242754
255.532,-1.99026061476371,-2.00030200933225,0,1.4555510545127
255.543,-1.99026061476371,-2.00030321145423,0,1.44797314337698
255.544,-1.99026061476371,-2.00030332085641,0,1.44727940900871
255.555,-1.99026061476371,-2.00030452558238,0,1.43959515900915
255.556,-1.99026061476371,-2.00030463522129,0,1.43889175675494
255.567,-1.99026061476371,-2.00030584255125,0,1.43110115211805
255.568,-1.99026061476371,-2.00030595242689,0,1.43038808054251
255.579,-1.99026061476371,-2.00030716236083,0,1.42249110546496
255.58,-1.99026061476371,-2.00030727247319,0,1.42176836313015
255.591,-1.99026061476371,-2.00030848501111,0,1.41376500177879
255.592,-1.99026061476371,-2.00030859536019,0,1.41303258724391
255.603,-1.99026061476371,-2.00030981050208,0,1.40492282375582
255.604,-1.99026061476371,-2.00030992108789,0,1.40418073557746
255.615,-1.99026061476371,-2.00031113883374,0,1.39596455405989
255.616,-1.99026061476371,-2.00031124965627,0,1.39521279079189
255.627,-1.99026061476371,-2.00031247000607,0,1.38689017532235
255.628,-1.99026061476371,-2.00031258106532,0,1.38612873551587
255.639,-1.99026061476371,-2.00031380401907,0,1.37769967014199
255.64,-1.99026061476371,-2.00031391531505,0,1.37692855234544
255.651,-1.99026061476371,-2.00031514087274,0,1.36839302108503
255.652,-1.99026061476371,-2.00031525240543,0,1.36761222384416
255.663,-1.99026061476371,-2.00031648056706,0,1.35897021068529
255.664,-1.99026061476371,-2.00031659233647,0,1.35817973254304
255.675,-1.99026061476371,-2.00031782310202,0,1.34943122144393
255.676,-1.99026061476371,-2.00031793510816,0,1.34863106094069
255.678,-1.99026061476371,-2.00031815917961,0,1.3470283191359
255.687,-1.99027530547199,-2.00031916847763,-0.00327266746982608,1.3470283191359
255.688,-1.9902787619538,-2.00031928072049,-0.00364050710494396,1.3470283191359
255.699,-1.99034147962702,-2.00032051669387,-0.00780478081118175,1.3470283191359
255.7,-1.99034948061536,-2.00032062917344,-0.00819768417938051,1.3470283191359
255.711,-1.99046427075629,-2.00032186775073,-0.0127502542737746,1.3470283191359
255.712,-1.99047724000197,-2.00032198046702,-0.0131890285612049,1.326743841619
255.72,-1.99412719113698,-2.00032288290753,-0.74001324000427,1.57680131014844
255.723,-1.99628859242715,-2.0003232216482,-0.689799936684977,1.64263802991744
255.724,-1.9969559620164,-2.00032333460122,-0.645052600864848,1.64263802991744
255.734,-2.00134910364978,-2.00032446521629,-0.271507096264672,1.59107061315376
255.735,-2.00161698924535,-2.00032457838629,-0.264293583772345,1.59107061315376
255.736,-2.00187774902876,-2.00032469157602,-0.25725470944871,1.59107061315376
255.738,-2.0023785761771,-2.00032491801466,-0.243682916972293,1.57000832625277
255.747,-2.00483842078761,-2.00032593796498,-0.303741177793113,1.59777511081922
255.748,-2.00513708409492,-2.00032605139142,-0.293621327896245,1.59777511081922
255.759,-2.00780466830906,-2.00032730038426,-0.195042071869448,1.59777511081922
255.76,-2.00799572559524,-2.00032741404742,-0.187097537564798,1.59777511081922
255.771,-2.00960776918408,-2.00032866564412,-0.10850234319503,1.59777511081922
255.772,-2.00971303661713,-2.000328779544,-0.102049272961441,1.59777511081922
255.783,-2.01046798012322,-2.00033003374456,-0.0368292556053941,1.59777511081922
255.784,-2.01050205965083,-2.00033014788115,-0.0313400735923387,1.59777511081922
255.787,-2.01055611055912,-2.00033049040928,0,1.57769444639216
255.794,-2.01055611055912,-2.000331290332,0,1.57068980711179
255.796,-2.01055611055912,-2.00033151905888,0,1.57101048836567
255.807,-2.01055611055912,-2.00033277846715,0,1.57564541859235
255.808,-2.01055611055912,-2.00033289307717,0,1.57613300786765
255.819,-2.01055611055912,-2.00033415508928,0,1.58161113309097
255.82,-2.01055611055912,-2.00033426993601,0,1.58211563172184
255.831,-2.01055611055912,-2.00033553455196,0,1.58771991302572
255.832,-2.01055611055912,-2.0003356496354,0,1.5882342682386
255.843,-2.01055611055912,-2.00033691685517,0,1.59394534975342
255.844,-2.01055611055912,-2.00033703217532,0,1.59446936986479
255.855,-2.01055611055912,-2.00033830199891,0,1.6002867134824
255.856,-2.01055611055912,-2.00033841755578,0,1.60082039186224
255.867,-2.01055611055912,-2.00033968998318,0,1.60674396699494
255.868,-2.01055611055912,-2.00033980577676,0,1.60728730200186
255.879,-2.01055611055912,-2.00034108080797,0,1.61331709172165
255.88,-2.01055611055912,-2.00034119683825,0,1.61387008184615
255.891,-2.01055611055912,-2.00034247447325,0,1.6200060695647
255.892,-2.01055611055912,-2.00034259074025,0,1.62056871329823
255.903,-2.01055611055912,-2.00034387097904,0,1.62681088240709
255.904,-2.01055611055912,-2.00034398748274,0,1.62738317823844
255.915,-2.01055611055912,-2.00034527032532,0,1.63373151209977
255.916,-2.01055611055912,-2.00034538706573,0,1.63431345851509
255.927,-2.01055611055912,-2.00034667251209,0,1.64076794046126
255.928,-2.01055611055912,-2.0003467894892,0,1.64135953594391
255.939,-2.01055611055912,-2.00034807753933,0,1.64792014927743
255.94,-2.01055611055912,-2.00034819475314,0,1.6485213923081
255.951,-2.01055611055912,-2.00034948540703,0,1.65518812030171
255.952,-2.01055611055912,-2.00034960285756,0,1.65579900935845
255.963,-2.01055611055912,-2.0003508961152,0,1.66257183525508
255.964,-2.01055611055912,-2.00035101380243,0,1.66319236881309
255.975,-2.01055611055912,-2.00035230966381,0,1.67007127582586
255.976,-2.01055611055912,-2.00035242758775,0,1.67070145235778
255.987,-2.01055611055912,-2.00035372605287,0,1.67768642367001
255.988,-2.01055611055912,-2.00035384421351,0,1.67832624164562
255.999,-2.01055611055912,-2.00035514528237,0,1.68541726041083
256,-2.01055611055912,-2.00035526367971,0,1.6860667182973
