t,x,r,v,u
246,-2,-2,0,1.58210744023499
246.012,-2,-2,0,1.58210744023499
246.024,-2,-2,0,1.58210744023499
246.036,-2,-2,0,1.58210744023499
246.048,-2,-2,0,1.58210744023499
246.06,-2,-2,0,1.58210744023499
246.072,-2,-2,0,1.58210744023499
246.084,-2,-2,0,1.58210744023499
246.096,-2,-2,0,1.58210744023499
246.108,-2,-2,0,1.58210744023499
246.12,-2,-2,0,1.58210744023499
246.132,-2,-2,0,1.58210744023499
246.144,-2,-2,0,1.58210744023499
246.156,-2,-2,0,1.58210744023499
246.168,-2,-2,0,1.58210744023499
246.18,-2,-2,0,1.58210744023499
246.192,-2,-2,0,1.58210744023499
246.204,-2,-2,0,1.58210744023499
246.216,-2,-2,0,1.58210744023499
246.228,-2,-2,0,1.58210744023499
246.24,-2,-2,0,1.58210744023499
246.252,-2,-2,0,1.58210744023499
246.264,-2,-2,0,1.58210744023499
246.276,-2,-2,0,1.58210744023499
246.288,-2,-2,0,1.58210744023499
246.3,-2,-2,0,1.58210744023499
246.312,-2,-2,0,1.58210744023499
246.324,-2,-2,0,1.58210744023499
246.336,-2,-2,0,1.58210744023499
246.348,-2,-2,0,1.58210744023499
246.36,-2,-2,0,1.58210744023499
246.372,-2,-2,0,1.58210744023499
246.384,-2,-2,0,1.58210744023499
246.396,-2,-2,0,1.58210744023499
246.408,-2,-2,0,1.58210744023499
246.42,-2,-2,0,1.58210744023499
246.432,-2,-2,0,1.58210744023499
246.444,-2,-2,0,1.58210744023499
246.456,-2,-2,0,1.58210744023499
246.468,-2,-2,0,1.58210744023499
246.48,-2,-2,0,1.58210744023499
246.492,-2,-2,0,1.58210744023499
246.504,-2,-2,0,1.58210744023499
246.516,-2,-2,0,1.58210744023499
246.528,-2,-2,0,1.58210744023499
246.54,-2,-2,0,1.58210744023499
246.552,-2,-2,0,1.58210744023499
246.564,-2,-2,0,1.58210744023499
246.576,-2,-2,0,1.58210744023499
246.588,-2,-2,0,1.58210744023499
246.6,-2,-2,0,1.58210744023499
246.612,-2,-2,0,1.58210744023499
246.624,-2,-2,0,1.58210744023499
246.636,-2,-2,0,1.58210744023499
246.648,-2,-2,0,1.58210744023499
246.66,-2,-2,0,1.58210744023499
246.672,-2,-2,0,1.58210744023499
246.684,-2,-2,0,1.58210744023499
246.696,-2,-2,0,1.58210744023499
246.708,-2,-2,0,1.58210744023499
246.72,-2,-2,0,1.58210744023499
246.732,-2,-2,0,1.58210744023499
246.744,-2,-2,0,1.58210744023499
246.756,-2,-2,0,1.58210744023499
246.768,-2,-2,0,1.58210744023499
246.78,-2,-2,0,1.58210744023499
246.792,-2,-2,0,1.58210744023499
246.804,-2,-2,0,1.58210744023499
246.816,-2,-2,0,1.58210744023499
246.828,-2,-2,0,1.58210744023499
246.84,-2,-2,0,1.58210744023499
246.852,-2,-2,0,1.58210744023499
246.864,-2,-2,0,1.58210744023499
246.876,-2,-2,0,1.58210744023499
246.888,-2,-2,0,1.58210744023499
246.9,-2,-2,0,1.58210744023499
246.912,-2,-2,0,1.58210744023499
246.924,-2,-2,0,1.58210744023499
246.936,-2,-2,0,1.58210744023499
246.948,-2,-2,0,1.58210744023499
246.96,-2,-2,0,1.58210744023499
246.972,-2,-2,0,1.58210744023499
246.984,-2,-2,0,1.58210744023499
246.996,-2,-2,0,1.58210744023499
247.008,-2,-2,0,1.58210744023499
247.02,-2,-2,0,1.58210744023499
247.032,-2,-2,0,1.58210744023499
247.044,-2,-2,0,1.58210744023499
247.056,-2,-2,0,1.58210744023499
247.068,-2,-2,0,1.58210744023499
247.08,-2,-2,0,1.58210744023499
247.092,-2,-2,0,1.58210744023499
247.104,-2,-2,0,1.58210744023499
247.116,-2,-2,0,1.58210744023499
247.128,-2,-2,0,1.58210744023499
247.14,-2,-2,0,1.58210744023499
247.152,-2,-2,0,1.58210744023499
247.164,-2,-2,0,1.58210744023499
247.176,-2,-2,0,1.58210744023499
247.188,-2,-2,0,1.58210744023499
247.2,-2,-2,0,1.58210744023499
247.212,-2,-2,0,1.58210744023499
247.224,-2,-2,0,1.58210744023499
247.236,-2,-2,0,1.58210744023499
247.248,-2,-2,0,1.58210744023499
247.26,-2,-2,0,1.58210744023499
247.272,-2,-2,0,1.58210744023499
247.284,-2,-2,0,1.58210744023499
247.296,-2,-2,0,1.58210744023499
247.308,-2,-2,0,1.58210744023499
247.32,-2,-2,0,1.58210744023499
247.332,-2,-2,0,1.58210744023499
247.344,-2,-2,0,1.58210744023499
247.356,-2,-2,0,1.58210744023499
247.368,-2,-2,0,1.58210744023499
247.38,-2,-2,0,1.58210744023499
247.392,-2,-2,0,1.58210744023499
247.404,-2,-2,0,1.58210744023499
247.416,-2,-2,0,1.58210744023499
247.428,-2,-2,0,1.58210744023499
247.44,-2,-2,0,1.58210744023499
247.452,-2,-2,0,1.58210744023499
247.464,-2,-2,0,1.58210744023499
247.476,-2,-2,0,1.58210744023499
247.488,-2,-2,0,1.58210744023499
247.5,-2,-2,0,1.58210744023499
247.512,-2,-2,0,1.58210744023499
247.524,-2,-2,0,1.58210744023499
247.536,-2,-2,0,1.58210744023499
247.548,-2,-2,0,1.58210744023499
247.56,-2,-2,0,1.58210744023499
247.572,-2,-2,0,1.58210744023499
247.584,-2,-2,0,1.58210744023499
247.596,-2,-2,0,1.58210744023499
247.608,-2,-2,0,1.58210744023499
247.62,-2,-2,0,1.58210744023499
247.632,-2,-2,0,1.58210744023499
247.644,-2,-2,0,1.58210744023499
247.656,-2,-2,0,1.58210744023499
247.668,-2,-2,0,1.58210744023499
247.68,-2,-2,0,1.58210744023499
247.692,-2,-2,0,1.58210744023499
247.704,-2,-2,0,1.58210744023499
247.716,-2,-2,0,1.58210744023499
247.728,-2,-2,0,1.58210744023499
247.74,-2,-2,0,1.58210744023499
247.752,-2,-2,0,1.58210744023499
247.764,-2,-2,0,1.58210744023499
247.776,-2,-2,0,1.58210744023499
247.788,-2,-2,0,1.58210744023499
247.8,-2,-2,0,1.58210744023499
247.812,-2,-2,0,1.58210744023499
247.824,-2,-2,0,1.58210744023499
247.836,-2,-2,0,1.58210744023499
247.848,-2,-2,0,1.58210744023499
247.86,-2,-2,0,1.58210744023499
247.872,-2,-2,0,1.58210744023499
247.884,-2,-2,0,1.58210744023499
247.896,-2,-2,0,1.58210744023499
247.908,-2,-2,0,1.58210744023499
247.92,-2,-2,0,1.58210744023499
247.932,-2,-2,0,1.58210744023499
247.944,-2,-2,0,1.58210744023499
247.956,-2,-2,0,1.58210744023499
247.968,-2,-2,0,1.58210744023499
247.98,-2,-2,0,1.58210744023499
247.992,-2,-2,0,1.58210744023499
248.004,-2,-2,0,1.58210744023499
248.016,-2,-2,0,1.58210744023499
248.028,-2,-2,0,1.58210744023499
248.04,-2,-2,0,1.58210744023499
248.052,-2,-2,0,1.58210744023499
248.064,-2,-2,0,1.58210744023499
248.076,-2,-2,0,1.58210744023499
248.088,-2,-2,0,1.58210744023499
248.1,-2,-2,0,1.58210744023499
248.112,-2,-2,0,1.58210744023499
248.124,-2,-2,0,1.58210744023499
248.136,-2,-2,0,1.58210744023499
248.148,-2,-2,0,1.58210744023499
248.16,-2,-2,0,1.58210744023499
248.172,-2,-2,0,1.58210744023499
248.184,-2,-2,0,1.58210744023499
248.196,-2,-2,0,1.58210744023499
248.208,-2,-2,0,1.58210744023499
248.22,-2,-2,0,1.58210744023499
248.232,-2,-2,0,1.58210744023499
248.244,-2,-2,0,1.58210744023499
248.256,-2,-2,0,1.58210744023499
248.268,-2,-2,0,1.58210744023499
248.28,-2,-2,0,1.58210744023499
248.292,-2,-2,0,1.58210744023499
248.304,-2,-2,0,1.58210744023499
248.316,-2,-2,0,1.58210744023499
248.328,-2,-2,0,1.58210744023499
248.34,-2,-2,0,1.58210744023499
248.352,-2,-2,0,1.58210744023499
248.364,-2,-2,0,1.58210744023499
248.376,-2,-2,0,1.58210744023499
248.388,-2,-2,0,1.58210744023499
248.4,-2,-2,0,1.58210744023499
248.412,-2,-2,0,1.58210744023499
248.424,-2,-2,0,1.58210744023499
248.436,-2,-2,0,1.58210744023499
248.448,-2,-2,0,1.58210744023499
248.46,-2,-2,0,1.58210744023499
248.472,-2,-2,0,1.58210744023499
248.484,-2,-2,0,1.58210744023499
248.496,-2,-2,0,1.58210744023499
248.508,-2,-2,0,1.58210744023499
248.52,-2,-2,0,1.58210744023499
248.532,-2,-2,0,1.58210744023499
248.544,-2,-2,0,1.58210744023499
248.556,-2,-2,0,1.58210744023499
248.568,-2,-2,0,1.58210744023499
248.58,-2,-2,0,1.58210744023499
248.592,-2,-2,0,1.58210744023499
248.604,-2,-2,0,1.58210744023499
248.616,-2,-2,0,1.58210744023499
248.628,-2,-2,0,1.58210744023499
248.64,-2,-2,0,1.58210744023499
248.652,-2,-2,0,1.58210744023499
248.664,-2,-2,0,1.58210744023499
248.676,-2,-2,0,1.58210744023499
248.688,-2,-2,0,1.58210744023499
248.7,-2,-2,0,1.58210744023499
248.712,-2,-2,0,1.58210744023499
248.724,-2,-2,0,1.58210744023499
248.736,-2,-2,0,1.58210744023499
248.748,-2,-2,0,1.58210744023499
248.76,-2,-2,0,1.58210744023499
248.772,-2,-2,0,1.58210744023499
248.784,-2,-2,0,1.58210744023499
248.796,-2,-2,0,1.58210744023499
248.808,-2,-2,0,1.58210744023499
248.82,-2,-2,0,1.58210744023499
248.832,-2,-2,0,1.58210744023499
248.844,-2,-2,0,1.58210744023499
248.856,-2,-2,0,1.58210744023499
248.868,-2,-2,0,1.58210744023499
248.88,-2,-2,0,1.58210744023499
248.892,-2,-2,0,1.58210744023499
248.904,-2,-2,0,1.58210744023499
248.916,-2,-2,0,1.58210744023499
248.928,-2,-2,0,1.58210744023499
248.94,-2,-2,0,1.58210744023499
248.952,-2,-2,0,1.58210744023499
248.964,-2,-2,0,1.58210744023499
248.976,-2,-2,0,1.58210744023499
248.988,-2,-2,0,1.58210744023499
249,-2,-2,0,1.58210744023499
249.012,-2,-2,0,1.58210744023499
249.024,-2,-2,0,1.58210744023499
249.036,-2,-2,0,1.58210744023499
249.048,-2,-2,0,1.58210744023499
249.06,-2,-2,0,1.58210744023499
249.072,-2,-2,0,1.58210744023499
249.084,-2,-2,0,1.58210744023499
249.096,-2,-2,0,1.58210744023499
249.108,-2,-2,0,1.58210744023499
249.12,-2,-2,0,1.58210744023499
249.132,-2,-2,0,1.58210744023499
249.144,-2,-2,0,1.58210744023499
249.156,-2,-2,0,1.58210744023499
249.168,-2,-2,0,1.58210744023499
249.18,-2,-2,0,1.58210744023499
249.192,-2,-2,0,1.58210744023499
249.204,-2,-2,0,1.58210744023499
249.216,-2,-2,0,1.58210744023499
249.228,-2,-2,0,1.58210744023499
249.24,-2,-2,0,1.58210744023499
249.252,-2,-2,0,1.58210744023499
249.264,-2,-2,0,1.58210744023499
249.276,-2,-2,0,1.58210744023499
249.288,-2,-2,0,1.58210744023499
249.3,-2,-2,0,1.58210744023499
249.312,-2,-2,0,1.58210744023499
249.324,-2,-2,0,1.58210744023499
249.336,-2,-2,0,1.58210744023499
249.348,-2,-2,0,1.58210744023499
249.36,-2,-2,0,1.58210744023499
249.372,-2,-2,0,1.58210744023499
249.384,-2,-2,0,1.58210744023499
249.396,-2,-2,0,1.58210744023499
249.408,-2,-2,0,1.58210744023499
249.42,-2,-2,0,1.58210744023499
249.432,-2,-2,0,1.58210744023499
249.444,-2,-2,0,1.58210744023499
249.456,-2,-2,0,1.58210744023499
249.468,-2,-2,0,1.58210744023499
249.48,-2,-2,0,1.58210744023499
249.492,-2,-2,0,1.58210744023499
249.504,-2,-2,0,1.58210744023499
249.516,-2,-2,0,1.58210744023499
249.528,-2,-2,0,1.58210744023499
249.54,-2,-2,0,1.58210744023499
249.552,-2,-2,0,1.58210744023499
249.564,-2,-2,0,1.58210744023499
249.576,-2,-2,0,1.58210744023499
249.588,-2,-2,0,1.58210744023499
249.6,-2,-2,0,1.58210744023499
249.612,-2,-2,0,1.58210744023499
249.624,-2,-2,0,1.58210744023499
249.636,-2,-2,0,1.58210744023499
249.648,-2,-2,0,1.58210744023499
249.66,-2,-2,0,1.58210744023499
249.672,-2,-2,0,1.58210744023499
249.684,-2,-2,0,1.58210744023499
249.696,-2,-2,0,1.58210744023499
249.708,-2,-2,0,1.58210744023499
249.72,-2,-2,0,1.58210744023499
249.732,-2,-2,0,1.58210744023499
249.744,-2,-2,0,1.58210744023499
249.756,-2,-2,0,1.58210744023499
249.768,-2,-2,0,1.58210744023499
249.78,-2,-2,0,1.58210744023499
249.792,-2,-2,0,1.58210744023499
249.804,-2,-2,0,1.58210744023499
249.816,-2,-2,0,1.58210744023499
249.828,-2,-2,0,1.58210744023499
249.84,-2,-2,0,1.58210744023499
249.852,-2,-2,0,1.58210744023499
249.864,-2,-2,0,1.58210744023499
249.876,-2,-2,0,1.58210744023499
249.888,-2,-2,0,1.58210744023499
249.9,-2,-2,0,1.58210744023499
249.912,-2,-2,0,1.58210744023499
249.924,-2,-2,0,1.58210744023499
249.936,-2,-2,0,1.58210744023499
249.948,-2,-2,0,1.58210744023499
249.96,-2,-2,0,1.58210744023499
249.972,-2,-2,0,1.58210744023499
249.984,-2,-2,0,1.58210744023499
249.996,-2,-2,0,1.58210744023499
250.007,-2,-2.000028,0,1.58036040055455
250.008,-2,-2.000032,0,1.58025997226026
250.019,-2,-2.000076,0,1.57955553996147
250.02,-2,-2.00008,0,1.57950118537923
250.031,-2,-2.000124,0,1.57889731008938
250.032,-2,-2.000128,0,1.57884114085574
250.043,-2,-2.000172,0,1.57820610191711
250.044,-2,-2.000176,0,1.57814678183638
250.055,-2,-2.00022,0,1.57747653635509
250.056,-2,-2.000224,0,1.57741398482886
250.067,-2,-2.000268,0,1.57670793361431
250.068,-2,-2.000272,0,1.57664210390999
250.079,-2,-2.000316,0,1.57589974065451
250.08,-2,-2.00032,0,1.57583058695283
250.091,-2,-2.000364,0,1.5750514078541
250.092,-2,-2.000368,0,1.57497888436047
250.103,-2,-2.000412,0,1.57416238568371
250.104,-2,-2.000416,0,1.57408644660415
250.115,-2,-2.00046,0,1.57323212461633
250.116,-2,-2.000464,0,1.573152724157
250.127,-2,-2.000508,0,1.57226007512517
250.128,-2,-2.000512,0,1.57217716749216
250.139,-2,-2.000556,0,1.57124568768339
250.14,-2,-2.00056,0,1.57115922708279
250.151,-2,-2.000604,0,1.57018841276413
250.152,-2,-2.000608,0,1.57009835340205
250.163,-2,-2.000652,0,1.56908770084057
250.164,-2,-2.000656,0,1.5689939969231
250.175,-2,-2.0007,0,1.56794300238584
250.176,-2,-2.000704,0,1.56784560811908
250.187,-2,-2.000748,0,1.56675376787312
250.188,-2,-2.000752,0,1.56665263746321
250.199,-2,-2.000796,0,1.56551944777554
250.2,-2,-2.0008,0,1.56541453542854
250.211,-2,-2.000844,0,1.56423949256633
250.212,-2,-2.000848,0,1.56413075248826
250.223,-2,-2.000892,0,1.56291335271853
250.224,-2,-2.000896,0,1.56280073911555
250.235,-2,-2.00094,0,1.56154047870534
250.236,-2,-2.000944,0,1.56142394578355
250.247,-2,-2.000988,0,1.56012032099994
250.248,-2,-2.000992,0,1.55999982296543
250.259,-2,-2.001036,0,1.55865233007546
250.26,-2,-2.00104,0,1.55852782113433
250.271,-2,-2.001084,0,1.55713595640507
250.272,-2,-2.001088,0,1.55700739076347
250.283,-2,-2.001132,0,1.55557065046192
250.284,-2,-2.001136,0,1.5554379823259
250.295,-2,-2.00118,0,1.55395586271918
250.296,-2,-2.001184,0,1.55381904629482
250.307,-2,-2.001228,0,1.55229104364998
250.308,-2,-2.001232,0,1.55215003314339
250.319,-2,-2.001276,0,1.5505756437275
250.32,-2,-2.00128,0,1.55043039334477
250.331,-2,-2.001324,0,1.54880911342493
250.332,-2,-2.001328,0,1.5486595773721
250.343,-2,-2.001372,0,1.54699090321533
250.344,-2,-2.001376,0,1.54683703569855
250.355,-2,-2.00142,0,1.5451204635719
250.356,-2,-2.001424,0,1.54496221879727
250.367,-2,-2.001468,0,1.54319724496781
250.368,-2,-2.001472,0,1.54303457714143
250.379,-2,-2.001516,0,1.5412206978762
250.38,-2,-2.00152,0,1.54105356120416
250.391,-2,-2.001564,0,1.53919027277023
250.392,-2,-2.001568,0,1.53901862145869
250.403,-2,-2.001612,0,1.53710542012307
250.404,-2,-2.001616,0,1.53692920837806
250.415,-2,-2.00166,0,1.53496559040791
250.416,-2,-2.001664,0,1.53478477243547
250.427,-2,-2.001708,0,1.53277023409781
250.428,-2,-2.001712,0,1.5325847641041
250.439,-2,-2.001756,0,1.53051880166597
250.44,-2,-2.00176,0,1.53032863385709
250.451,-2,-2.001804,0,1.52821074358556
250.452,-2,-2.001808,0,1.5280158321676
250.463,-2,-2.001852,0,1.52584551032971
250.464,-2,-2.001856,0,1.52564580950877
250.475,-2,-2.0019,0,1.52342255237161
250.476,-2,-2.001904,0,1.52321801635378
250.487,-2,-2.001948,0,1.5209413201844
250.488,-2,-2.001952,0,1.52073190317578
250.499,-2,-2.001996,0,1.51840126424122
250.5,-2,-2.002,0,1.51818692044796
250.511,-2,-2.002044,0,1.51580183501525
250.512,-2,-2.002048,0,1.51558251864339
250.523,-2,-2.002092,0,1.51314248297962
250.524,-2,-2.002096,0,1.51291814823527
250.535,-2,-2.00214,0,1.51042265860757
250.536,-2,-2.002144,0,1.51019325969674
250.547,-2,-2.002188,0,1.50764181237212
250.548,-2,-2.002192,0,1.50740730350099
250.559,-2,-2.002236,0,1.50479939474649
250.56,-2,-2.00224,0,1.50455973012115
250.571,-2,-2.002284,0,1.50189485620385
250.572,-2,-2.002288,0,1.50164999003039
250.583,-2,-2.002332,0,1.49892764721734
250.584,-2,-2.002336,0,1.49867753370186
250.595,-2,-2.00238,0,1.49589721826012
250.596,-2,-2.002384,0,1.49564181160872
250.607,-2,-2.002428,0,1.49280301980533
250.608,-2,-2.002432,0,1.49254227422411
250.619,-2,-2.002476,0,1.48964450232615
250.62,-2,-2.00248,0,1.48937837202125
250.631,-2,-2.002524,0,1.48642111629573
250.632,-2,-2.002528,0,1.48614955547319
250.643,-2,-2.002572,0,1.48313231218727
250.644,-2,-2.002576,0,1.48285527505313
250.655,-2,-2.00262,0,1.47977754047382
250.656,-2,-2.002624,0,1.47949498123424
250.667,-2,-2.002668,0,1.47635625162859
250.668,-2,-2.002672,0,1.47606812448967
250.679,-2,-2.002716,0,1.47286789612475
250.68,-2,-2.00272,0,1.47257415529258
250.691,-2,-2.002764,0,1.46931192443543
250.692,-2,-2.002768,0,1.46901252411611
250.703,-2,-2.002812,0,1.4656877870338
250.704,-2,-2.002816,0,1.46538268143343
250.715,-2,-2.00286,0,1.46199493439303
250.716,-2,-2.002864,0,1.46168407771769
250.727,-2,-2.002908,0,1.45823281698626
250.728,-2,-2.002912,0,1.45791616344206
250.739,-2,-2.002956,0,1.45440088528664
250.74,-2,-2.00296,0,1.45407838907972
250.751,-2,-2.003004,0,1.45049858976733
250.752,-2,-2.003008,0,1.45017020510374
250.763,-2,-2.003052,0,1.44652538090154
250.764,-2,-2.003056,0,1.44619106198731
250.775,-2,-2.0031,0,1.44248070916232
250.776,-2,-2.003104,0,1.44214041020362
250.787,-2,-2.003148,0,1.43836402502287
250.788,-2,-2.003152,0,1.43801770022579
250.799,-2,-2.003196,0,1.43417477895637
250.8,-2,-2.0032,0,1.433822382527
250.811,-2,-2.003244,0,1.42991242143594
250.812,-2,-2.003248,0,1.42955390758039
250.823,-2,-2.003292,0,1.42557640293477
250.824,-2,-2.003296,0,1.42521172585913
250.835,-2,-2.00334,0,1.421166173926
250.836,-2,-2.003344,0,1.42079528783636
250.847,-2,-2.003388,0,1.41668118488279
250.848,-2,-2.003392,0,1.4163040439853
250.859,-2,-2.003436,0,1.4121208862783
250.86,-2,-2.00344,0,1.411737444779
250.871,-2,-2.003484,0,1.40748472858572
250.872,-2,-2.003488,0,1.40709494069065
250.883,-2,-2.003532,0,1.40277216227811
250.884,-2,-2.003536,0,1.40237598219343
250.895,-2,-2.00358,0,1.39798263782867
250.896,-2,-2.003584,0,1.39758001976047
250.907,-2,-2.003628,0,1.39311560571058
250.908,-2,-2.003632,0,1.39270650386496
250.919,-2,-2.003676,0,1.38817051639698
250.92,-2,-2.00368,0,1.38775488498004
250.931,-2,-2.003724,0,1.38314682036101
250.932,-2,-2.003728,0,1.38272461357885
250.943,-2,-2.003772,0,1.37804396807586
250.944,-2,-2.003776,0,1.37761514013457
250.955,-2,-2.00382,0,1.37286141001466
250.956,-2,-2.003824,0,1.37242591512033
250.967,-2,-2.003868,0,1.36759859665058
250.968,-2,-2.003872,0,1.36715638900936
250.979,-2,-2.003916,0,1.36225497845676
250.98,-2,-2.00392,0,1.36180601227471
250.991,-2,-2.003964,0,1.35683000590642
250.992,-2,-2.003968,0,1.35637423538956
250.999,-2,-2.003996,0,1.35316788930345
251.003,-2.00000089694598,-2.004012,-0.000448691774590413,1.35316788930345
251.004,-2.00000140186271,-2.004016,-0.000561172497607521,1.35316788930345
251.015,-2.00001445646093,-2.00406,-0.00182114208709448,1.35316788930345
251.016,-2.00001633639261,-2.004064,-0.00193883592319489,1.35316788930345
251.027,-2.00004498920887,-2.004108,-0.00328997447981332,1.35316788930345
251.028,-2.0000483436489,-2.004112,-0.00341911014774589,1.35316788930345
251.039,-2.00009411109053,-2.004156,-0.00493292245386117,1.35316788930345
251.04,-2.00009911756603,-2.00416,-0.00508033387412936,1.35316788930345
251.051,-2.00016442175173,-2.004204,-0.00683692876152746,1.33312918089189
251.052,-2.00017755753918,-2.004208,-0.0194354353094674,1.33312918089189
251.06,-2.00409426046636,-2.00424,-0.727596261213286,1.59711930937551
251.063,-2.00618573481376,-2.004252,-0.657017324892014,1.65371470795128
251.064,-2.0068192346726,-2.004256,-0.610096404559343,1.65371470795128
251.075,-2.0110945157328,-2.0043,-0.246848686548642,1.58608522946842
251.076,-2.01134146365564,-2.004304,-0.247064396520591,1.58608522946842
251.087,-2.01409779023732,-2.004348,-0.256094642096159,1.58608522946842
251.088,-2.01435458312535,-2.004352,-0.257507332691031,1.58608522946842
251.09,-2.01487264961712,-2.00436,-0.260623742103499,1.61165580564324
251.099,-2.01667352288347,-2.004396,-0.142255168450316,1.61165580564324
251.1,-2.01680965253213,-2.0044,-0.130031372206923,1.61165580564324
251.105,-2.01731119353554,-2.00442,-0.0711852096289534,1.59065334614455
251.111,-2.0177660096148,-2.004444,-0.0805338600718178,1.59065334614455
251.112,-2.01784735514234,-2.004448,-0.0821606487153382,1.59065334614455
251.123,-2.01885514769527,-2.004492,-0.101556484925601,1.59065334614455
251.124,-2.01895765884316,-2.004496,-0.103470353205921,1.61807456526017
251.13,-2.01931137559866,-2.00452,0,1.60979072752364
251.135,-2.01931137559866,-2.00454,0,1.59662054127309
251.136,-2.01931137559866,-2.004544,0,1.59613226771326
251.137,-2.01931137559866,-2.004548,0,1.59597320755844
251.147,-2.01931137559866,-2.004588,0,1.60124890581018
251.148,-2.01931137559866,-2.004592,0,1.60200035242118
251.159,-2.01931137559866,-2.004636,0,1.61060792610747
251.16,-2.01931137559866,-2.00464,0,1.61140349127051
251.171,-2.01931137559866,-2.004684,0,1.62022246811087
251.172,-2.01931137559866,-2.004688,0,1.62102985970036
251.183,-2.01931137559866,-2.004732,0,1.62997129454808
251.184,-2.01931137559866,-2.004736,0,1.6307895970274
251.195,-2.01931137559866,-2.00478,0,1.63985060072263
251.196,-2.01931137559866,-2.004784,0,1.64067974483925
251.207,-2.01931137559866,-2.004828,0,1.64985974930966
251.208,-2.01931137559866,-2.004832,0,1.65069968863703
251.219,-2.01931137559866,-2.004876,0,1.65999818841433
251.22,-2.01931137559866,-2.00488,0,1.66084887714147
251.231,-2.01931137559866,-2.004924,0,1.67026536844591
251.232,-2.01931137559866,-2.004928,0,1.67112676077846
251.243,-2.01931137559866,-2.004972,0,1.68066073987583
251.244,-2.01931137559866,-2.004976,0,1.68153279001988
251.255,-2.01931137559866,-2.00502,0,1.69118375317722
251.256,-2.01931137559866,-2.005024,0,1.69206641533886
251.267,-2.01931137559866,-2.005068,0,1.70183385882321
251.268,-2.01931137559866,-2.005072,0,1.70272708720854
251.279,-2.01931137559866,-2.005116,0,1.71261050728698
251.28,-2.01931137559866,-2.00512,0,1.71351425610215
251.291,-2.01931137559866,-2.005164,0,1.72351314904167
251.292,-2.01931137559866,-2.005168,0,1.72442737249271
251.303,-2.01931137559866,-2.005212,0,1.73454123456049
251.304,-2.01931137559866,-2.005216,0,1.73546588685345
251.315,-2.01931137559866,-2.00526,0,1.7456942143165
251.316,-2.01931137559866,-2.005264,0,1.74662924965753
251.327,-2.01931137559866,-2.005308,0,1.75697153878288
251.328,-2.01931137559866,-2.005312,0,1.75791691137808
251.339,-2.01931137559866,-2.005356,0,1.76837265843282
251.34,-2.01931137559866,-2.00536,0,1.76932832248828
251.351,-2.01931137559866,-2.005404,0,1.77989702373945
251.352,-2.01931137559866,-2.005408,0,1.78086293346128
251.363,-2.01931137559866,-2.005452,0,1.79154408517595
251.364,-2.01931137559866,-2.005456,0,1.79252019477024
251.375,-2.01931137559866,-2.0055,0,1.80331329321546
251.376,-2.01931137559866,-2.005504,0,1.8042995568883
251.387,-2.01931137559866,-2.005548,0,1.81520409833114
251.388,-2.01931137559866,-2.005552,0,1.81620047028863
251.398,-2.01931137559866,-2.005592,0,1.82621035333972
251.399,-2.01931136185906,-2.005596,2.74803259697909e-05,1.82621035333972
251.4,-2.01931132063354,-2.0056,5.49740814344152e-05,1.82621035333972
251.411,-2.01930903767647,-2.005644,0.000362152320818397,1.82621035333972
251.412,-2.01930866118378,-2.005648,0.000390863715786866,1.82621035333972
251.423,-2.01930256790646,-2.005692,0.000722458525330773,1.85124259771984
251.424,-2.01929413343332,-2.005696,0.0161471841267854,1.85124259771984
251.432,-2.01544671543823,-2.005728,0.748730489456931,1.59040176429006
251.434,-2.01397296577638,-2.005736,0.716840138877217,1.54219202401214
251.435,-2.01327437133498,-2.00574,0.680448876839956,1.54219202401214
251.436,-2.0126118710866,-2.005744,0.644648436385318,1.52009626128653
251.445,-2.00863567837308,-2.00578,0.28563745777509,1.58337631507695
251.447,-2.00807487857977,-2.005788,0.275271595195941,1.58337631507695
251.448,-2.0078020905235,-2.005792,0.270330950970522,1.58337631507695
251.459,-2.00508972699789,-2.005836,0.225645849261795,1.58337631507695
251.46,-2.00486572130194,-2.00584,0.22238613685377,1.58337631507695
251.471,-2.00258719074437,-2.005884,0.194118295583622,1.58337631507695
251.472,-2.00239404707931,-2.005888,0.192185557220017,1.58337631507695
251.483,-2.00037306544214,-2.005932,0.177085910592004,1.58337631507695
251.484,-2.00019641033766,-2.005936,0.176238112766681,1.58337631507695
251.487,-1.99967095781386,-2.005948,0.174184847892789,1.56257345292123
251.495,-1.9986934386211,-2.00598,0.0719121880019267,1.56257345292123
251.496,-1.99862759211313,-2.005984,0.0598027504366429,1.56257345292123
251.499,-1.99850182549706,-2.005996,0.0242205745315422,1.5905438586194
251.507,-1.99812946496882,-2.006028,0.0685772487810643,1.5905438586194
251.508,-1.99805816607094,-2.006032,0.0740178987352588,1.5905438586194
251.513,-1.9976204068969,-2.006052,0.101050005573153,1.56713975128963
251.519,-1.99717447295164,-2.006076,0.0482358336299109,1.56713975128963
251.52,-1.99713046954356,-2.00608,0.0397861542543729,1.56713975128963
251.523,-1.99705866508796,-2.006092,0,1.5745479379547
251.531,-1.99705866508796,-2.006124,0,1.58501383464437
251.532,-1.99705866508796,-2.006128,0,1.58493757262914
251.543,-1.99705866508796,-2.006172,0,1.58108589436192
251.544,-1.99705866508796,-2.006176,0,1.58065048120715
251.555,-1.99705866508796,-2.00622,0,1.57571676289058
251.556,-1.99705866508796,-2.006224,0,1.57526021600205
251.567,-1.99705866508796,-2.006268,0,1.57017115354683
251.568,-1.99705866508796,-2.006272,0,1.56970254531472
251.579,-1.99705866508796,-2.006316,0,1.56448264326162
251.58,-1.99705866508796,-2.00632,0,1.56400217382616
251.591,-1.99705866508796,-2.006364,0,1.55865160296121
251.592,-1.99705866508796,-2.006368,0,1.55815923316178
251.603,-1.99705866508796,-2.006412,0,1.55267750794507
251.604,-1.99705866508796,-2.006416,0,1.55217319216669
251.615,-1.99705866508796,-2.00646,0,1.54655980935595
251.616,-1.99705866508796,-2.006464,0,1.54604350180954
251.627,-1.99705866508796,-2.006508,0,1.54029795768508
251.628,-1.99705866508796,-2.006512,0,1.53976961257692
251.639,-1.99705866508796,-2.006556,0,1.5338914034061
251.64,-1.99705866508796,-2.00656,0,1.53335097494223
251.651,-1.99705866508796,-2.006604,0,1.52733959699223
251.652,-1.99705866508796,-2.006608,0,1.52678703937869
251.663,-1.99705866508796,-2.006652,0,1.52064198891652
251.664,-1.99705866508796,-2.006656,0,1.52007725635947
251.675,-1.99705866508796,-2.0067,0,1.51379802965218
251.676,-1.99705866508796,-2.006704,0,1.51322107635771
251.687,-1.99705866508796,-2.006748,0,1.50680716967237
251.688,-1.99705866508796,-2.006752,0,1.50621794984658
251.699,-1.99705866508796,-2.006796,0,1.49966885945023
251.7,-1.99705866508796,-2.0068,0,1.49906732729921
251.711,-1.99705866508796,-2.006844,0,1.49238254945893
251.712,-1.99705866508796,-2.006848,0,1.49176865918879
251.723,-1.99705866508796,-2.006892,0,1.48494769017162
251.724,-1.99705866508796,-2.006896,0,1.48432139598845
251.735,-1.99705866508796,-2.00694,0,1.47736373206147
251.736,-1.99705866508796,-2.006944,0,1.47672498817137
251.747,-1.99705866508796,-2.006988,0,1.46963012560161
251.748,-1.99705866508796,-2.006992,0,1.46897888621073
251.759,-1.99705866508796,-2.007036,0,1.46174632126522
251.76,-1.99705866508796,-2.00704,0,1.46108254057959
251.771,-1.99705866508796,-2.007084,0,1.45371176952549
251.772,-1.99705866508796,-2.007088,0,1.45303540175115
251.783,-1.99705866508796,-2.007132,0,1.44552592085548
251.784,-1.99705866508796,-2.007136,0,1.44483692019859
251.795,-1.99705866508796,-2.00718,0,1.43718822572838
251.796,-1.99705866508796,-2.007184,0,1.43648654639504
251.807,-1.99705866508796,-2.007228,0,1.42869813461738
251.808,-1.99705866508796,-2.007232,0,1.42798373081368
251.819,-1.99705866508796,-2.007276,0,1.4200550979956
251.82,-1.99705866508796,-2.00728,0,1.41932792392765
251.831,-1.99705866508796,-2.007324,0,1.41125856633623
251.832,-1.99705866508796,-2.007328,0,1.41051857621016
251.843,-1.99705866508796,-2.007372,0,1.4023079901124
251.844,-1.99705866508796,-2.007376,0,1.40155513813426
251.855,-1.99705866508796,-2.00742,0,1.39320281979728
251.856,-1.99705866508796,-2.007424,0,1.39243706017317
251.867,-1.99705866508796,-2.007468,0,1.38394250586401
251.868,-1.99705866508796,-2.007472,0,1.38316379280002
251.879,-1.99705866508796,-2.007516,0,1.37452649878581
251.88,-1.99705866508796,-2.00752,0,1.37373478648799
251.891,-1.99705866508796,-2.007564,0,1.36495424903573
251.892,-1.99705866508796,-2.007568,0,1.36414949171022
251.903,-1.99705866508796,-2.007612,0,1.35522520708698
251.904,-1.99705866508796,-2.007616,0,1.35440735893988
251.908,-1.99705866508796,-2.007632,0,1.35112503348258
251.915,-1.99706610506162,-2.00766,-0.00212888229185741,1.35112503348258
251.916,-1.99706838704928,-2.007664,-0.00243523221433292,1.35112503348258
251.927,-1.99711400131989,-2.007708,-0.00588885193567376,1.35112503348258
251.928,-1.99712005227059,-2.007712,-0.00621341851834299,1.35112503348258
251.938,-1.9971989000069,-2.007752,-0.00960418814464692,1.33109864758854
251.939,-1.99721761033398,-2.007756,-0.0501029973207968,1.33109864758854
251.94,-1.9973446035041,-2.00776,-0.203671807415312,1.33109864758854
251.947,-2.00133974228755,-2.007788,-0.734812913916799,1.60062431262726
251.949,-2.0027755924214,-2.007796,-0.701339681875622,1.64229905840842
251.951,-2.00409495846739,-2.007804,-0.618457862090719,1.64229905840842
251.952,-2.00469311844255,-2.007808,-0.577964047020575,1.64229905840842
251.962,-2.00863066972058,-2.007848,-0.253280323966487,1.58850621900495
251.963,-2.00888275260194,-2.007852,-0.250906787600464,1.58850621900495
251.964,-2.00913252564272,-2.007856,-0.248660294484901,1.58850621900495
251.975,-2.01176226362343,-2.0079,-0.231795302297686,1.58850621900495
251.976,-2.01199361865552,-2.007904,-0.230932449870933,1.58850621900495
251.984,-2.01382396295691,-2.007936,-0.227730571184904,1.58850621900495
251.987,-2.01450758105483,-2.007948,-0.228158683202947,1.61626276412197
251.988,-2.01472737171636,-2.007952,-0.211462351379515,1.61626276412197
251.997,-2.01598508349811,-2.007988,-0.0706525960203124,1.59337380101901
251.999,-2.01612497069962,-2.007996,-0.0692585002968256,1.59337380101901
252,-2.0161939043467,-2.008,-0.0686146196774213,1.59337380101901
252.011,-2.01691813611698,-2.008044,-0.0637071751226294,1.59337380101901
252.012,-2.01698171061537,-2.008048,-0.0634467168640667,1.59337380101901
252.021,-2.01754623290646,-2.008084,-0.0623775979962789,1.59337380101901
252.023,-2.0176710320326,-2.008092,-0.0624391053220477,1.59337380101901
252.024,-2.01773350401381,-2.008096,-0.062509200271565,1.59337380101901
252.035,-2.01843179483824,-2.00814,-0.0649600190357007,1.59337380101901
252.036,-2.01849693898529,-2.008144,-0.0653323750113969,1.59337380101901
252.037,-2.0185624677799,-2.008148,-0.0657293062538842,1.61940340322476
252.04,-2.0186898805178,-2.00816,0,1.6164975098466
252.048,-2.0186898805178,-2.008192,0,1.60266651201013
252.059,-2.0186898805178,-2.008236,0,1.60681994704127
252.06,-2.0186898805178,-2.00824,0,1.60734041664808
252.071,-2.0186898805178,-2.008284,0,1.61324323994813
252.072,-2.0186898805178,-2.008288,0,1.61378706889656
252.083,-2.0186898805178,-2.008332,0,1.61981072518212
252.084,-2.0186898805178,-2.008336,0,1.62036185723878
252.095,-2.0186898805178,-2.00838,0,1.62646193124275
252.096,-2.0186898805178,-2.008384,0,1.62701988878292
252.107,-2.0186898805178,-2.008428,0,1.63319469239778
252.108,-2.0186898805178,-2.008432,0,1.63375941798028
252.119,-2.0186898805178,-2.008476,0,1.64000841552836
252.12,-2.0186898805178,-2.00848,0,1.64057986304513
252.131,-2.0186898805178,-2.008524,0,1.64690254993188
252.132,-2.0186898805178,-2.008528,0,1.64748067358055
252.143,-2.0186898805178,-2.008572,0,1.65387654604977
252.144,-2.0186898805178,-2.008576,0,1.65446130003621
252.155,-2.0186898805178,-2.00862,0,1.66092985435435
252.156,-2.0186898805178,-2.008624,0,1.66152119288465
252.167,-2.0186898805178,-2.008668,0,1.66806192531874
252.168,-2.0186898805178,-2.008672,0,1.668659802599
252.179,-2.0186898805178,-2.008716,0,1.67527220941611
252.18,-2.0186898805178,-2.00872,0,1.67587657965246
252.191,-2.0186898805178,-2.008764,0,1.68256015711959
252.192,-2.0186898805178,-2.008768,0,1.68317097451809
252.203,-2.0186898805178,-2.008812,0,1.68992521890241
252.204,-2.0186898805178,-2.008816,0,1.6905424376691
252.215,-2.0186898805178,-2.00886,0,1.69736684523761
252.216,-2.0186898805178,-2.008864,0,1.69799041957864
252.227,-2.0186898805178,-2.008908,0,1.7048844865984
252.228,-2.0186898805178,-2.008912,0,1.70551437071986
252.239,-2.0186898805178,-2.008956,0,1.71247759345794
252.24,-2.0186898805178,-2.00896,0,1.71311374156594
252.251,-2.0186898805178,-2.009004,0,1.72014561628938
252.252,-2.0186898805178,-2.009008,0,1.72078798259001
252.263,-2.0186898805178,-2.009052,0,1.72788800556589
252.264,-2.0186898805178,-2.009056,0,1.72853654426524
252.275,-2.0186898805178,-2.0091,0,1.7357042117606
252.276,-2.0186898805178,-2.009104,0,1.73635887706477
252.287,-2.0186898805178,-2.009148,0,1.74359368534669
252.288,-2.0186898805178,-2.009152,0,1.74425443146183
252.299,-2.0186898805178,-2.009196,0,1.75155587679731
252.3,-2.0186898805178,-2.0092,0,1.75222265792946
252.311,-2.0186898805178,-2.009244,0,1.75959023658566
252.312,-2.0186898805178,-2.009248,0,1.76026300694086
252.323,-2.0186898805178,-2.009292,0,1.76769621518479
252.324,-2.0186898805178,-2.009296,0,1.7683749289692
252.335,-2.0186898805178,-2.00934,0,1.77587326306791
252.336,-2.0186898805178,-2.009344,0,1.77655787448762
252.347,-2.0186898805178,-2.009388,0,1.78412083070818
252.348,-2.0186898805178,-2.009392,0,1.78481129396928
252.359,-2.0186898805178,-2.009436,0,1.79243836857875
252.36,-2.0186898805178,-2.00944,0,1.79313463788735
252.371,-2.0186898805178,-2.009484,0,1.80082532715278
252.372,-2.0186898805178,-2.009488,0,1.80152735671497
252.383,-2.0186898805178,-2.009532,0,1.80928115690343
252.384,-2.0186898805178,-2.009536,0,1.80998890092531
252.395,-2.0186898805178,-2.00958,0,1.81780530830385
252.396,-2.0186898805178,-2.009584,0,1.81851872099151
252.406,-2.0186898805178,-2.009624,0,1.82567866309123
252.407,-2.01868987840132,-2.009628,4.23312156600008e-06,1.82567866309123
252.408,-2.01868987205087,-2.009632,8.46831193384615e-06,1.82567866309123
252.419,-2.01868952037971,-2.009676,5.57866661757055e-05,1.82567866309123
252.42,-2.01868946238403,-2.00968,6.02094327982477e-05,1.82567866309123
252.431,-2.0186885237626,-2.009724,0.000111289135794614,1.82567866309123
252.432,-2.01868841001639,-2.009728,0.000116212549566742,1.82567866309123
252.441,-2.01868715599504,-2.009764,0.000163377513079412,1.85101137148997
252.443,-2.01861840117966,-2.009772,0.133849312411047,1.85101137148997
252.444,-2.01840660130497,-2.009776,0.289545728017641,1.82272630310432
252.45,-2.01486158223041,-2.0098,0.744160316845963,1.58916744597432
252.454,-2.01204921393367,-2.009816,0.63787531364637,1.51857570224983
252.455,-2.01143611896136,-2.00982,0.588426894554835,1.51857570224983
252.456,-2.01087213990386,-2.009824,0.539639213225057,1.51857570224983
252.463,-2.00815939310251,-2.009852,0.273533222340622,1.58231661187026
252.467,-2.00710910593297,-2.009868,0.252031399577625,1.58231661187026
252.468,-2.00685958177427,-2.009872,0.247041765735677,1.58231661187026
252.479,-2.00440872673069,-2.009916,0.201201348649247,1.58231661187026
252.48,-2.00420924488933,-2.00992,0.197781407314892,1.58231661187026
252.491,-2.00221336156053,-2.009964,0.167147880294375,1.58231661187026
252.492,-2.00204732268176,-2.009968,0.164944848446481,1.58231661187026
252.503,-2.00034472165901,-2.010012,0.146245401702521,1.58231661187026
252.504,-2.00019909910998,-2.010016,0.145011840235988,1.58231661187026
252.509,-1.99948752739583,-2.010036,0.139906955279974,1.56077357208382
252.515,-1.99889775652663,-2.01006,0.0576363885758441,1.56077357208382
252.516,-1.99884672566498,-2.010064,0.044447748711495,1.56077357208382
252.518,-1.99878568005801,-2.010072,0,1.58096954190816
252.526,-1.99878568005801,-2.010104,0,1.59802404900055
252.528,-1.99878568005801,-2.010112,0,1.59782704893443
252.539,-1.99878568005801,-2.010156,0,1.59246235218479
252.54,-1.99878568005801,-2.01016,0,1.59187608863202
252.551,-1.99878568005801,-2.010204,0,1.58525892704281
252.552,-1.99878568005801,-2.010208,0,1.58464793345535
252.563,-1.99878568005801,-2.010252,0,1.57784778412207
252.564,-1.99878568005801,-2.010256,0,1.57722253701616
252.575,-1.99878568005801,-2.0103,0,1.57026775554979
252.576,-1.99878568005801,-2.010304,0,1.56962849293751
252.587,-1.99878568005801,-2.010348,0,1.56251935399452
252.588,-1.99878568005801,-2.010352,0,1.56186603773672
252.599,-1.99878568005801,-2.010396,0,1.55460205857875
252.6,-1.99878568005801,-2.0104,0,1.55393464308801
252.611,-1.99878568005801,-2.010444,0,1.54651532054838
252.612,-1.99878568005801,-2.010448,0,1.54583376003641
252.623,-1.99878568005801,-2.010492,0,1.5382585903974
252.624,-1.99878568005801,-2.010496,0,1.53756283907039
252.635,-1.99878568005801,-2.01054,0,1.52983131859954
252.636,-1.99878568005801,-2.010544,0,1.52912133066359
252.647,-1.99878568005801,-2.010588,0,1.521232955628
252.648,-1.99878568005801,-2.010592,0,1.52050868528916
252.659,-1.99878568005801,-2.010636,0,1.51246295195586
252.66,-1.99878568005801,-2.01064,0,1.51172435342026
252.671,-1.99878568005801,-2.010684,0,1.5035207580563
252.672,-1.99878568005801,-2.010688,0,1.50276778553006
252.683,-1.99878568005801,-2.010732,0,1.49440582440248
252.684,-1.99878568005801,-2.010736,0,1.49363843209169
252.695,-1.99878568005801,-2.01078,0,1.48511760146758
252.696,-1.99878568005801,-2.010784,0,1.48433574357833
252.707,-1.99878568005801,-2.010828,0,1.47565553972472
252.708,-1.99878568005801,-2.010832,0,1.47485917046312
252.719,-1.99878568005801,-2.010876,0,1.4660190896471
252.72,-1.99878568005801,-2.01088,0,1.46520816321929
252.731,-1.99878568005801,-2.010924,0,1.45620770170784
252.732,-1.99878568005801,-2.010928,0,1.45538217231986
252.743,-1.99878568005801,-2.010972,0,1.44622082638016
252.744,-1.99878568005801,-2.010976,0,1.44538064823804
252.755,-1.99878568005801,-2.01102,0,1.4360579141371
252.756,-1.99878568005801,-2.011024,0,1.43520304144702
252.767,-1.99878568005801,-2.011068,0,1.42571841545188
252.768,-1.99878568005801,-2.011072,0,1.42484880241992
252.779,-1.99878568005801,-2.011116,0,1.41520178079765
252.78,-1.99878568005801,-2.01112,0,1.41431738162991
252.791,-1.99878568005801,-2.011164,0,1.40450746064758
252.792,-1.99878568005801,-2.011168,0,1.40360822955015
252.803,-1.99878568005801,-2.011212,0,1.39363490547481
252.804,-1.99878568005801,-2.011216,0,1.39272079665379
252.815,-1.99878568005801,-2.01126,0,1.3825835657525
252.816,-1.99878568005801,-2.011264,0,1.38165453341399
252.827,-1.99878568005801,-2.011308,0,1.37135289195379
252.828,-1.99878568005801,-2.011312,0,1.3704088903039
252.839,-1.99878568005801,-2.011356,0,1.35994233455187
252.84,-1.99878568005801,-2.01136,0,1.35898331779672
252.847,-1.99878568005801,-2.011388,0,1.35223508957751
252.851,-1.99878765116062,-2.011404,-0.000986032091839858,1.35223508957751
252.852,-1.99878876075107,-2.011408,-0.00123321646292009,1.35223508957751
252.863,-1.99881744915282,-2.011452,-0.00400208750319884,1.35223508957751
252.864,-1.99882158043445,-2.011456,-0.00426072768082341,1.35223508957751
252.871,-1.99885785962832,-2.011484,-0.0061202386833185,1.33162403492348
252.875,-1.99958197851267,-2.0115,-0.448896263365582,1.39877494237041
252.876,-2.00008558602066,-2.011504,-0.558194519328471,1.43946040051097
252.88,-2.00280255518194,-2.01152,-0.737107550290621,1.59315733150789
252.883,-2.00493032972487,-2.011532,-0.671573900972756,1.65063237229967
252.887,-2.00725540177041,-2.011548,-0.49267262669869,1.65063237229967
252.888,-2.00772643387732,-2.011552,-0.449488116308229,1.65063237229967
252.895,-2.01008611402678,-2.01158,-0.269766790253407,1.58500522709066
252.899,-2.01116801508567,-2.011596,-0.271481274382027,1.58500522709066
252.9,-2.01143984005341,-2.0116,-0.272186952641721,1.58500522709066
252.911,-2.01450386452853,-2.011644,-0.287063635238088,1.61194169634527
252.912,-2.01478363951389,-2.011648,-0.272527244948347,1.61194169634527
252.923,-2.01695804589199,-2.011692,-0.126823320394079,1.61194169634527
252.924,-2.01707878199804,-2.011696,-0.1146749196817,1.61194169634527
252.925,-2.01718744669563,-2.0117,-0.102679415898194,1.58971314709719
252.935,-2.01830718230581,-2.01174,-0.121789290613612,1.58971314709719
252.936,-2.01843001332988,-2.011744,-0.123878488856627,1.58971314709719
252.943,-2.01935081434611,-2.011772,-0.139508391577263,1.61496062162183
252.947,-2.01980534466998,-2.011788,-0.0881806220660298,1.61496062162183
252.948,-2.01988728764023,-2.011792,-0.0757289888452754,1.61496062162183
252.953,-2.02010786316155,-2.011812,0,1.59519460171127
252.959,-2.02010786316155,-2.011836,0,1.57986036031768
252.96,-2.02010786316155,-2.01184,0,1.57931541114914
252.963,-2.02010786316155,-2.011852,0,1.5788438803796
252.971,-2.02010786316155,-2.011884,0,1.58068125002301
252.972,-2.02010786316155,-2.011888,0,1.58100531544248
252.983,-2.02010786316155,-2.011932,0,1.58479416068496
252.984,-2.02010786316155,-2.011936,0,1.58514631250152
252.995,-2.02010786316155,-2.01198,0,1.5890513878849
252.996,-2.02010786316155,-2.011984,0,1.58940890016536
253.007,-2.02010786316155,-2.012028,0,1.59336749756069
253.008,-2.02010786316155,-2.012032,0,1.59372971278623
253.019,-2.02010786316155,-2.012076,0,1.59773965069403
253.02,-2.02010786316155,-2.01208,0,1.59810650657139
253.031,-2.02010786316155,-2.012124,0,1.60216723600626
253.032,-2.02010786316155,-2.012128,0,1.60253868629653
253.043,-2.02010786316155,-2.012172,0,1.606649702305
253.044,-2.02010786316155,-2.012176,0,1.60702570120227
253.055,-2.02010786316155,-2.01222,0,1.61118650001847
253.056,-2.02010786316155,-2.012224,0,1.61156700172851
253.067,-2.02010786316155,-2.012268,0,1.61577707961862
253.068,-2.02010786316155,-2.012272,0,1.61616203834757
253.079,-2.02010786316155,-2.012316,0,1.62042089157858
253.08,-2.02010786316155,-2.01232,0,1.62081026153248
253.091,-2.02010786316155,-2.012364,0,1.62511738637154
253.092,-2.02010786316155,-2.012368,0,1.62551112175642
253.103,-2.02010786316155,-2.012412,0,1.62986601447056
253.104,-2.02010786316155,-2.012416,0,1.63026406949259
253.115,-2.02010786316155,-2.01246,0,1.63466622634883
253.116,-2.02010786316155,-2.012464,0,1.63506855521411
253.127,-2.02010786316155,-2.012508,0,1.63951747247954
253.128,-2.02010786316155,-2.012512,0,1.63992402939415
253.139,-2.02010786316155,-2.012556,0,1.64441920333582
253.14,-2.02010786316155,-2.01256,0,1.64482994250587
253.151,-2.02010786316155,-2.012604,0,1.64937086939084
253.152,-2.02010786316155,-2.012608,0,1.64978574502242
253.163,-2.02010786316155,-2.012652,0,1.65437192111775
253.164,-2.02010786316155,-2.012656,0,1.65479088741695
253.175,-2.02010786316155,-2.0127,0,1.65942180898969
253.176,-2.02010786316155,-2.012704,0,1.65984482016262
253.187,-2.02010786316155,-2.012748,0,1.66451998347985
253.188,-2.02010786316155,-2.012752,0,1.66494699373265
253.199,-2.02010786316155,-2.012796,0,1.66966589506135
253.2,-2.02010786316155,-2.0128,0,1.67009685860007
253.211,-2.02010786316155,-2.012844,0,1.67485899420742
253.212,-2.02010786316155,-2.012848,0,1.67529386523809
253.223,-2.02010786316155,-2.012892,0,1.68009873139111
253.224,-2.02010786316155,-2.012896,0,1.68053746411989
253.235,-2.02010786316155,-2.01294,0,1.68538455708561
253.236,-2.02010786316155,-2.012944,0,1.68582710571859
253.247,-2.02010786316155,-2.012988,0,1.6907159217641
253.248,-2.02010786316155,-2.012992,0,1.69116224050738
253.259,-2.02010786316155,-2.013036,0,1.69609227589971
253.26,-2.02010786316155,-2.01304,0,1.6965423189594
253.271,-2.02010786316155,-2.013084,0,1.70151306996563
253.272,-2.02010786316155,-2.013088,0,1.70196679154785
253.283,-2.02010786316155,-2.013132,0,1.70697775443498
253.284,-2.02010786316155,-2.013136,0,1.7074351087458
253.295,-2.02010786316155,-2.01318,0,1.71248577978094
253.296,-2.02010786316155,-2.013184,0,1.71294672102644
253.307,-2.02010786316155,-2.013228,0,1.71803659647665
253.308,-2.02010786316155,-2.013232,0,1.71850107886294
253.319,-2.02010786316155,-2.013276,0,1.72362965499528
253.32,-2.02010786316155,-2.01328,0,1.72409763272844
253.331,-2.02010786316155,-2.013324,0,1.72926440581002
253.332,-2.02010786316155,-2.013328,0,1.7297358330961
253.343,-2.02010786316155,-2.013372,0,1.73494029939395
253.344,-2.02010786316155,-2.013376,0,1.73541513043909
253.355,-2.02010786316155,-2.01342,0,1.74065678622024
253.356,-2.02010786316155,-2.013424,0,1.74113497523055
253.367,-2.02010786316155,-2.013468,0,1.74641331676207
253.368,-2.02010786316155,-2.013472,0,1.74689481794365
253.379,-2.02010786316155,-2.013516,0,1.75220934149259
253.38,-2.02010786316155,-2.01352,0,1.75269410905153
253.391,-2.02010786316155,-2.013564,0,1.75804431088496
253.392,-2.02010786316155,-2.013568,0,1.75853229902741
253.403,-2.02010786316155,-2.013612,0,1.76391767541232
253.404,-2.02010786316155,-2.013616,0,1.76440883834433
253.415,-2.02010786316155,-2.01366,0,1.7698288855479
253.416,-2.02010786316155,-2.013664,0,1.77032317747549
253.427,-2.02010786316155,-2.013708,0,1.77577739176474
253.428,-2.02010786316155,-2.013712,0,1.77627476689408
253.439,-2.02010786316155,-2.013756,0,1.78176264453605
253.44,-2.02010786316155,-2.01376,0,1.78226305707323
253.451,-2.02010786316155,-2.013804,0,1.78778409433498
253.452,-2.02010786316155,-2.013808,0,1.7882874984861
253.463,-2.02010786316155,-2.013852,0,1.79384119163468
253.464,-2.02010786316155,-2.013856,0,1.79434754160584
253.475,-2.02010786316155,-2.0139,0,1.79993338690833
253.476,-2.02010786316155,-2.013904,0,1.80044263690562
253.487,-2.02010786316155,-2.013948,0,1.80606013062906
253.488,-2.02010786316155,-2.013952,0,1.80657223485858
253.499,-2.02010786316155,-2.013996,0,1.81222087327005
253.5,-2.02010786316155,-2.014,0,1.81273578593794
253.511,-2.02010786316155,-2.014044,0,1.81841506530443
253.512,-2.02010786316155,-2.014048,0,1.81893274061674
253.523,-2.02010786316155,-2.014092,0,1.82464215720543
253.524,-2.02010786316155,-2.014096,0,1.82516254936819
253.528,-2.02010786316155,-2.014112,0,1.82724635821044
253.535,-2.02010110924816,-2.01414,0.00193353907111337,1.82724635821044
253.536,-2.02009903633524,-2.014144,0.00221245562823267,1.82724635821044
253.547,-2.0200574694736,-2.014188,0.00538236439343008,1.82724635821044
253.548,-2.02005193678954,-2.014192,0.00568345440133563,1.82724635821044
253.559,-2.01997041190113,-2.014236,0.00921223270684273,1.82724635821044
253.56,-2.01996102776051,-2.01424,0.00955681298845154,1.82724635821044
253.571,-2.01983377316474,-2.014284,0.0136943100882107,1.82724635821044
253.572,-2.01981987318598,-2.014288,0.0141067798266457,1.82724635821044
253.583,-2.01963787912613,-2.014332,0.0191459931076124,1.82724635821044
253.584,-2.01961847913773,-2.014336,0.0196555643511971,1.82724635821044
253.593,-2.01551472748499,-2.014372,0.727051228353081,1.57743125694378
253.594,-2.01479546071289,-2.014376,0.711555146099405,1.553374211588
253.595,-2.0140988635868,-2.01438,0.681730057080811,1.553374211588
253.596,-2.01343182151102,-2.014384,0.652442242979363,1.52434372091844
253.606,-2.00907561594025,-2.014424,0.263400401291645,1.58149401265551
253.607,-2.00881544154494,-2.014428,0.256976012144082,1.58149401265551
253.608,-2.00856160935473,-2.014432,0.25071531013034,1.58149401265551
253.619,-2.00614452962001,-2.014476,0.191566255327705,1.58149401265551
253.62,-2.00595526532807,-2.01448,0.186982316277266,1.58149401265551
253.631,-2.00414759370125,-2.014524,0.143774315298285,1.58149401265551
253.632,-2.00400549606419,-2.014528,0.14043582913489,1.58149401265551
253.643,-2.00264168453845,-2.014572,0.109087419849703,1.58149401265551
253.644,-2.00253380764469,-2.014576,0.106677485294172,1.58149401265551
253.655,-2.00149043390061,-2.01462,0.0841954609552971,1.58149401265551
253.656,-2.00140709924855,-2.014624,0.0824822233666974,1.58149401265551
253.667,-2.00059156355733,-2.014668,0.0666829936756964,1.58149401265551
253.668,-2.00052547628761,-2.014672,0.0654979460568438,1.58149401265551
253.671,-2.00033406086088,-2.014684,0.0621675139177488,1.56062871875317
253.675,-2.00020843567171,-2.0147,0,1.56744603245424
253.68,-2.00020843567171,-2.01472,0,1.57494401321036
253.681,-2.00020843567171,-2.014724,0,1.57498200923868
253.691,-2.00020843567171,-2.014764,0,1.56902093516032
253.692,-2.00020843567171,-2.014768,0,1.56821597359464
253.703,-2.00020843567171,-2.014812,0,1.55900973996954
253.704,-2.00020843567171,-2.014816,0,1.55815736821018
253.715,-2.00020843567171,-2.01486,0,1.54868084964269
253.716,-2.00020843567171,-2.014864,0,1.54781065575328
253.727,-2.00020843567171,-2.014908,0,1.5381446247398
253.728,-2.00020843567171,-2.014912,0,1.53725736220595
253.739,-2.00020843567171,-2.014956,0,1.52740350718237
253.74,-2.00020843567171,-2.01496,0,1.52649915176814
253.751,-2.00020843567171,-2.015004,0,1.51645702812838
253.752,-2.00020843567171,-2.015008,0,1.51553553462133
253.763,-2.00020843567171,-2.015052,0,1.50530464022727
253.764,-2.00020843567171,-2.015056,0,1.50436596284912
253.775,-2.00020843567171,-2.0151,0,1.49394579401077
253.776,-2.00020843567171,-2.015104,0,1.49298988696811
253.787,-2.00020843567171,-2.015148,0,1.48237993995368
253.788,-2.00020843567171,-2.015152,0,1.48140675745261
253.799,-2.00020843567171,-2.015196,0,1.4706065285292
253.8,-2.00020843567171,-2.0152,0,1.46961602477582
253.811,-2.00020843567171,-2.015244,0,1.45862501021049
253.812,-2.00020843567171,-2.015248,0,1.45761713941089
253.823,-2.00020843567171,-2.015292,0,1.4464348354707
253.824,-2.00020843567171,-2.015296,0,1.44540955183099
253.835,-2.00020843567171,-2.01534,0,1.43403545478299
253.836,-2.00020843567171,-2.015344,0,1.43299271250926
253.847,-2.00020843567171,-2.015388,0,1.42142631862052
253.848,-2.00020843567171,-2.015392,0,1.42036607191891
253.859,-2.00020843567171,-2.015436,0,1.40860687745644
253.86,-2.00020843567171,-2.01544,0,1.407529080533
253.871,-2.00020843567171,-2.015484,0,1.39557658176396
253.872,-2.00020843567171,-2.015488,0,1.39448118882471
253.883,-2.00020843567171,-2.015532,0,1.38233488201612
253.884,-2.00020843567171,-2.015536,0,1.38122184726724
253.895,-2.00020843567171,-2.01558,0,1.36888122868613
253.896,-2.00020843567171,-2.015584,0,1.36775050633371
253.907,-2.00020843567171,-2.015628,0,1.35521507224716
253.908,-2.00020843567171,-2.015632,0,1.35406661649729
253.909,-2.00020843567171,-2.015636,0,1.35291668089727
253.919,-2.00022569219382,-2.015676,-0.00346181905084453,1.35291668089727
253.92,-2.00022932942571,-2.01568,-0.00381286649027287,1.35291668089727
253.929,-2.00027809494558,-2.015716,-0.00705066039755072,1.33280704542526
253.931,-2.00038733735454,-2.015724,-0.172600187201833,1.33280704542526
253.932,-2.00063635322914,-2.015728,-0.32522869254681,1.36621866583385
253.938,-2.00427084944724,-2.015752,-0.739698206336321,1.59476140936783
253.941,-2.00640513972993,-2.015764,-0.673482254325025,1.65125575767888
253.943,-2.00766143320367,-2.015772,-0.583255009842623,1.65125575767888
253.944,-2.00822256557442,-2.015776,-0.539114306473005,1.65125575767888
253.953,-2.01160934557396,-2.015812,-0.277619165074302,1.58505192342176
253.955,-2.01216624724039,-2.01582,-0.279356593984892,1.58505192342176
253.956,-2.01244611206716,-2.015824,-0.280391441876978,1.58505192342176
253.967,-2.01562053401012,-2.015868,-0.2989582887754,1.58505192342176
253.968,-2.01592065084428,-2.015872,-0.301293303309223,1.61103765510237
253.979,-2.01846138320694,-2.015916,-0.164804947234155,1.61103765510237
253.98,-2.01862054233709,-2.01592,-0.153540828792741,1.61103765510237
253.984,-2.01914691131275,-2.015936,-0.110043202042225,1.58880632760944
253.991,-2.01999413610952,-2.015964,-0.132219646322628,1.58880632760944
253.992,-2.02012798942963,-2.015968,-0.135491804673396,1.58880632760944
253.999,-2.02115875304399,-2.015996,-0.159285252759691,1.61430684677076
254.003,-2.02170049876761,-2.016012,-0.112013213143592,1.61430684677076
254.004,-2.02180678251634,-2.016016,-0.100578245370039,1.61430684677076
254.011,-2.02223986929987,-2.016044,-0.0241417129414052,1.59355507940871
254.015,-2.02235412173982,-2.01606,-0.0329665639321742,1.59355507940871
254.016,-2.02238818459104,-2.016064,-0.0351584271996593,1.59355507940871
254.027,-2.02290714748316,-2.016108,-0.0592259029006321,1.59355507940871
254.028,-2.02296747678471,-2.016112,-0.0614338282894798,1.59355507940871
254.036,-2.0235304756217,-2.016144,-0.0794298609040098,1.61971004243338
254.039,-2.0237075262277,-2.016156,-0.0388160157537293,1.61971004243338
254.04,-2.02373969824017,-2.01616,-0.0255492611564454,1.61971004243338
254.041,-2.02374931067439,-2.016164,0,1.61221135746609
254.051,-2.02374931067439,-2.016204,0,1.59880464889805
254.052,-2.02374931067439,-2.016208,0,1.5988800824788
254.063,-2.02374931067439,-2.016252,0,1.60155011197163
254.064,-2.02374931067439,-2.016256,0,1.60184384664422
254.075,-2.02374931067439,-2.0163,0,1.60514645907241
254.076,-2.02374931067439,-2.016304,0,1.60545005474248
254.087,-2.02374931067439,-2.016348,0,1.60881318720514
254.088,-2.02374931067439,-2.016352,0,1.60912097730258
254.099,-2.02374931067439,-2.016396,0,1.61252871006853
254.1,-2.02374931067439,-2.0164,0,1.61284049719675
254.111,-2.02374931067439,-2.016444,0,1.61629191073528
254.112,-2.02374931067439,-2.016448,0,1.61660764501142
254.123,-2.02374931067439,-2.016492,0,1.62010222437475
254.124,-2.02374931067439,-2.016496,0,1.62042185989463
254.135,-2.02374931067439,-2.01654,0,1.62395910104735
254.136,-2.02374931067439,-2.016544,0,1.62428259201409
254.147,-2.02374931067439,-2.016588,0,1.62786199121509
254.148,-2.02374931067439,-2.016592,0,1.6281892918347
254.159,-2.02374931067439,-2.016636,0,1.63181034535082
254.16,-2.02374931067439,-2.01664,0,1.63214140982945
254.171,-2.02374931067439,-2.016684,0,1.6358036139277
254.172,-2.02374931067439,-2.016688,0,1.6361383964714
254.183,-2.02374931067439,-2.016732,0,1.63984124741887
254.184,-2.02374931067439,-2.016736,0,1.64017970223373
254.195,-2.02374931067439,-2.01678,0,1.64392269629755
254.196,-2.02374931067439,-2.016784,0,1.64426477758961
254.207,-2.02374931067439,-2.016828,0,1.64804741103679
254.208,-2.02374931067439,-2.016832,0,1.6483930730122
254.219,-2.02374931067439,-2.016876,0,1.65221484210979
254.22,-2.02374931067439,-2.01688,0,1.65256403897465
254.231,-2.02374931067439,-2.016924,0,1.65642443998972
254.232,-2.02374931067439,-2.016928,0,1.65677712595012
254.243,-2.02374931067439,-2.016972,0,1.66067565514971
254.244,-2.02374931067439,-2.016976,0,1.66103178441176
254.255,-2.02374931067439,-2.01702,0,1.66496793806294
254.256,-2.02374931067439,-2.017024,0,1.66532746483273
254.267,-2.02374931067439,-2.017068,0,1.66930073920255
254.268,-2.02374931067439,-2.017072,0,1.66966361768618
254.279,-2.02374931067439,-2.017116,0,1.67367350904172
254.28,-2.02374931067439,-2.01712,0,1.67403969344532
254.291,-2.02374931067439,-2.017164,0,1.67808569805357
254.292,-2.02374931067439,-2.017168,0,1.67845514258321
254.303,-2.02374931067439,-2.017212,0,1.68253675671134
254.304,-2.02374931067439,-2.017216,0,1.68290941557304
254.315,-2.02374931067439,-2.01726,0,1.68702613548806
254.316,-2.02374931067439,-2.017264,0,1.68740196288798
254.327,-2.02374931067439,-2.017308,0,1.69155328485695
254.328,-2.02374931067439,-2.017312,0,1.69193223500119
254.339,-2.02374931067439,-2.017356,0,1.69611765529116
254.34,-2.02374931067439,-2.01736,0,1.69649968238581
254.351,-2.02374931067439,-2.017404,0,1.70071869726385
254.352,-2.02374931067439,-2.017408,0,1.70110375551501
254.363,-2.02374931067439,-2.017452,0,1.70535586124818
254.364,-2.02374931067439,-2.017456,0,1.70574390486194
254.375,-2.02374931067439,-2.0175,0,1.71002859771729
254.376,-2.02374931067439,-2.017504,0,1.71041958089976
254.387,-2.02374931067439,-2.017548,0,1.71473635714434
254.388,-2.02374931067439,-2.017552,0,1.71513023410161
254.399,-2.02374931067439,-2.017596,0,1.71947859000249
254.4,-2.02374931067439,-2.0176,0,1.71987531494071
254.411,-2.02374931067439,-2.017644,0,1.7242547467649
254.412,-2.02374931067439,-2.017648,0,1.72465427389011
254.423,-2.02374931067439,-2.017692,0,1.72906427790478
254.424,-2.02374931067439,-2.017696,0,1.729466561423
254.435,-2.02374931067439,-2.01774,0,1.73390663389516
254.436,-2.02374931067439,-2.017744,0,1.73431162801257
254.447,-2.02374931067439,-2.017788,0,1.73878126520926
254.448,-2.02374931067439,-2.017792,0,1.73918892413196
254.459,-2.02374931067439,-2.017836,0,1.74368762232024
254.46,-2.02374931067439,-2.01784,0,1.74409790025432
254.471,-2.02374931067439,-2.017884,0,1.74862515570126
254.472,-2.02374931067439,-2.017888,0,1.7490380068528
254.483,-2.02374931067439,-2.017932,0,1.75359331582547
254.484,-2.02374931067439,-2.017936,0,1.75400869440058
254.495,-2.02374931067439,-2.01798,0,1.75859155316602
254.496,-2.02374931067439,-2.017984,0,1.7590094133708
254.507,-2.02374931067439,-2.018028,0,1.76361931819607
254.508,-2.02374931067439,-2.018032,0,1.76403961423667
254.519,-2.02374931067439,-2.018076,0,1.76867606138878
254.52,-2.02374931067439,-2.01808,0,1.76909874747123
254.531,-2.02374931067439,-2.018124,0,1.77376123321735
254.532,-2.02374931067439,-2.018128,0,1.77418626354769
254.543,-2.02374931067439,-2.018172,0,1.77887428415484
254.544,-2.02374931067439,-2.018176,0,1.77930161293923
254.555,-2.02374931067439,-2.01822,0,1.78401466467444
254.556,-2.02374931067439,-2.018224,0,1.78444424611898
254.567,-2.02374931067439,-2.018268,0,1.78918182524933
254.568,-2.02374931067439,-2.018272,0,1.78961361356011
254.579,-2.02374931067439,-2.018316,0,1.79437521635265
254.58,-2.02374931067439,-2.01832,0,1.79480916573577
254.591,-2.02374931067439,-2.018364,0,1.79959428845756
254.592,-2.02374931067439,-2.018368,0,1.80003035311912
254.603,-2.02374931067439,-2.018412,0,1.80483849203721
254.604,-2.02374931067439,-2.018416,0,1.80527662618331
254.615,-2.02374931067439,-2.01846,0,1.81010727756477
254.616,-2.02374931067439,-2.018464,0,1.81054743540149
254.627,-2.02374931067439,-2.018508,0,1.81540009551338
254.628,-2.02374931067439,-2.018512,0,1.81584223124688
254.639,-2.02374931067439,-2.018556,0,1.82071639635621
254.64,-2.02374931067439,-2.01856,0,1.82116046419253
254.651,-2.02374931067439,-2.018604,0,1.82605563056646
254.652,-2.02374931067439,-2.018608,0,1.82650158471163
254.66,-2.02374931067439,-2.01864,0,1.83007477567168
254.663,-2.02374826225358,-2.018652,0.000699203278942165,1.83007477567168
254.664,-2.023747446284,-2.018656,0.000932802321785371,1.83007477567168
254.675,-2.02372286887569,-2.0187,0.00355780826809899,1.83007477567168
254.676,-2.02371918786536,-2.018704,0.00380451209929889,1.83007477567168
254.687,-2.02366187017014,-2.018748,0.00666817388837512,1.83007477567168
254.688,-2.02365506364004,-2.018752,0.0069454405241861,1.83007477567168
254.699,-2.02356094962179,-2.018796,0.0102504144765867,1.83007477567168
254.7,-2.02355053590523,-2.0188,0.0105778666207517,1.83007477567168
254.711,-2.02341296536258,-2.018844,0.0145580689158336,1.83007477567168
254.712,-2.02339820748681,-2.018848,0.0149588844405064,1.83007477567168
254.723,-2.02320744423042,-2.018892,0.0198960714187395,1.83007477567168
254.724,-2.02314298440287,-2.018896,0.132202736897024,1.83007477567168
254.731,-2.01950466536926,-2.018924,0.724316714006971,1.59359527442853
254.735,-2.01676300191324,-2.01894,0.622657130765844,1.52331487886049
254.736,-2.01616456426682,-2.018944,0.574327853932707,1.52331487886049
254.744,-2.01297413772559,-2.018976,0.262657694385303,1.58323209913248
254.747,-2.01221729493075,-2.018988,0.242152844147535,1.58323209913248
254.748,-2.01197841043215,-2.018992,0.235642378137415,1.58323209913248
254.751,-2.01129974248005,-2.019004,0.217026966123878,1.60900847750623
254.757,-2.00981846760116,-2.019028,0.276859879812607,1.5866416763003
254.759,-2.0092720706443,-2.019036,0.269635434055097,1.5866416763003
254.76,-2.00900414399723,-2.01904,0.266241767345949,1.5866416763003
254.762,-2.00847811702303,-2.019048,0.259878241339301,1.56436476737025
254.771,-2.00679147642391,-2.019084,0.117818357575399,1.56436476737025
254.772,-2.00668106792647,-2.019088,0.103027501816456,1.56436476737025
254.774,-2.00650420200025,-2.019096,0.0739462766887049,1.58959982330021
254.783,-2.00578653688331,-2.019132,0.0858431231312957,1.58959982330021
254.784,-2.00569997606049,-2.019136,0.0872826501345904,1.58959982330021
254.792,-2.00495304987692,-2.019168,0.099733506532552,1.5689276831303
254.795,-2.0047033121438,-2.01918,0.0669514871555604,1.5689276831303
254.796,-2.0046417100597,-2.019184,0.056272266685492,1.5689276831303
254.8,-2.00450938486197,-2.0192,0,1.57740548066738
254.806,-2.00450938486197,-2.019224,0,1.58697726618752
254.808,-2.00450938486197,-2.019232,0,1.58658298238274
254.819,-2.00450938486197,-2.019276,0,1.57868096189494
254.82,-2.00450938486197,-2.01928,0,1.57783114159808
254.831,-2.00450938486197,-2.019324,0,1.56826571434656
254.832,-2.00450938486197,-2.019328,0,1.56738423307576
254.843,-2.00450938486197,-2.019372,0,1.55759005335534
254.844,-2.00450938486197,-2.019376,0,1.55669097881977
254.855,-2.00450938486197,-2.01942,0,1.54670625173985
254.856,-2.00450938486197,-2.019424,0,1.54578991881266
254.867,-2.00450938486197,-2.019468,0,1.53561518468871
254.868,-2.00450938486197,-2.019472,0,1.53468155784328
254.879,-2.00450938486197,-2.019516,0,1.52431634110232
254.88,-2.00450938486197,-2.01952,0,1.52336537482161
254.891,-2.00450938486197,-2.019564,0,1.51280917249017
254.892,-2.00450938486197,-2.019568,0,1.51184082098781
254.903,-2.00450938486197,-2.019612,0,1.50109312935343
254.904,-2.00450938486197,-2.019616,0,1.50010734683571
254.915,-2.00450938486197,-2.01966,0,1.48916766216601
254.916,-2.00450938486197,-2.019664,0,1.48816440283905
254.927,-2.00450938486197,-2.019708,0,1.47703222140109
254.928,-2.00450938486197,-2.019712,0,1.47601143947097
254.939,-2.00450938486197,-2.019756,0,1.46468625753183
254.94,-2.00450938486197,-2.01976,0,1.4636479072047
254.951,-2.00450938486197,-2.019804,0,1.45212922103136
254.952,-2.00450938486197,-2.019808,0,1.45107325651327
254.963,-2.00450938486197,-2.019852,0,1.43936056237293
254.964,-2.00450938486197,-2.019856,0,1.4382869378699
254.975,-2.00450938486197,-2.0199,0,1.42637973202955
254.976,-2.00450938486197,-2.019904,0,1.42528840174776
254.987,-2.00450938486197,-2.019948,0,1.41318618047446
254.988,-2.00450938486197,-2.019952,0,1.41207709861999
254.999,-2.00450938486197,-2.019996,0,1.39977935818079
255,-2.00450938486197,-2.02,0,1.39865247895975
255.011,-2.00450938486197,-2.020044,0,1.38615871562171
255.012,-2.00450938486197,-2.020048,0,1.38501399324019
255.023,-2.00450938486197,-2.020092,0,1.37232370327036
255.024,-2.00450938486197,-2.020096,0,1.37116109193445
255.035,-2.00450938486197,-2.02014,0,1.35827377159992
255.036,-2.00450938486197,-2.020144,0,1.35709322551572
255.037,-2.00450938486197,-2.020148,0,1.35591118280213
255.047,-2.00451251722492,-2.020188,-0.000628380932264301,1.35591118280213
255.048,-2.00451317744631,-2.020192,-0.000692102092570474,1.35591118280213
255.055,-2.00451960315713,-2.02022,-0.00114655645936642,1.33487634396165
255.059,-2.00508928770616,-2.020236,-0.411944617602033,1.38841265725829
255.06,-2.00556033251027,-2.02024,-0.530005890097626,1.42837236608323
255.064,-2.00823493963553,-2.020256,-0.742360693018575,1.58743640165697
255.067,-2.01040177333958,-2.020268,-0.691403223183424,1.65152122889464
255.071,-2.01281981031185,-2.020284,-0.519312700094979,1.65152122889464
255.072,-2.01331832898775,-2.020288,-0.477820709732551,1.65152122889464
255.083,-2.01687874787558,-2.020332,-0.256420187655035,1.57669511512439
255.084,-2.01713933627109,-2.020336,-0.264763043749395,1.57669511512439
255.091,-2.01920017310978,-2.020364,-0.32446611057735,1.60524171267426
255.095,-2.02042961657368,-2.02038,-0.290799687382769,1.60524171267426
255.096,-2.020716440464,-2.020384,-0.282879915673251,1.60524171267426
255.107,-2.02339363725937,-2.020428,-0.207172401352319,1.60524171267426
255.108,-2.02359781881707,-2.020432,-0.201213802041866,1.60524171267426
255.119,-2.02548302044416,-2.020476,-0.14392664823786,1.60524171267426
255.12,-2.02562466798931,-2.02048,-0.139385029854867,1.60524171267426
255.131,-2.02690629724082,-2.020524,-0.0953331857968168,1.60524171267426
255.132,-2.02699985900916,-2.020528,-0.0918020606482792,1.60524171267426
255.143,-2.02781230148205,-2.020572,-0.0570949356115181,1.60524171267426
255.144,-2.02786797872508,-2.020576,-0.0542675530445364,1.60524171267426
255.155,-2.0283048470105,-2.02062,-0.0259488330278243,1.60524171267426
255.156,-2.02832961390006,-2.020624,-0.0235900767890384,1.60524171267426
255.158,-2.0283634628134,-2.020632,0,1.61021109728728
255.166,-2.0283634628134,-2.020664,0,1.60347696388262
255.168,-2.0283634628134,-2.020672,0,1.60364270335021
255.179,-2.0283634628134,-2.020716,0,1.60632155757442
255.18,-2.0283634628134,-2.02072,0,1.60660523227374
255.191,-2.0283634628134,-2.020764,0,1.60978702171308
255.192,-2.0283634628134,-2.020768,0,1.61007941019473
255.203,-2.0283634628134,-2.020812,0,1.61331975609282
255.204,-2.0283634628134,-2.020816,0,1.61361644744663
255.215,-2.0283634628134,-2.02086,0,1.61690287394759
255.216,-2.0283634628134,-2.020864,0,1.61720370464454
255.227,-2.0283634628134,-2.020908,0,1.62053538510533
255.228,-2.0283634628134,-2.020912,0,1.62084030617599
255.239,-2.0283634628134,-2.020956,0,1.62421672815419
255.24,-2.0283634628134,-2.02096,0,1.624525693719
255.251,-2.0283634628134,-2.021004,0,1.62794635324676
255.252,-2.0283634628134,-2.021008,0,1.6282593175095
255.263,-2.0283634628134,-2.021052,0,1.63172371084755
255.264,-2.0283634628134,-2.021056,0,1.63204062801426
255.275,-2.0283634628134,-2.0211,0,1.63554825142948
255.276,-2.0283634628134,-2.021104,0,1.63586907570626
255.287,-2.0283634628134,-2.021148,0,1.6394194254657
255.288,-2.0283634628134,-2.021152,0,1.63974411105869
255.299,-2.0283634628134,-2.021196,0,1.64333668342937
255.3,-2.0283634628134,-2.0212,0,1.64366518454462
255.311,-2.0283634628134,-2.021244,0,1.6472994757937
255.312,-2.0283634628134,-2.021248,0,1.64763174663724
255.323,-2.0283634628134,-2.021292,0,1.65130725303173
255.324,-2.0283634628134,-2.021296,0,1.65164324780972
255.335,-2.0283634628134,-2.02134,0,1.65535946561667
255.336,-2.0283634628134,-2.021344,0,1.6556991385352
255.347,-2.0283634628134,-2.021388,0,1.65945556402168
255.348,-2.0283634628134,-2.021392,0,1.65979886928686
255.359,-2.0283634628134,-2.021436,0,1.66359499871991
255.36,-2.0283634628134,-2.02144,0,1.66394189053783
255.371,-2.0283634628134,-2.021484,0,1.66777722018454
255.372,-2.0283634628134,-2.021488,0,1.66812765276129
255.383,-2.0283634628134,-2.021532,0,1.67200167888868
255.384,-2.0283634628134,-2.021536,0,1.67235560643037
255.395,-2.0283634628134,-2.02158,0,1.67626782530553
255.396,-2.0283634628134,-2.021584,0,1.67662520201824
255.407,-2.0283634628134,-2.021628,0,1.68057510990823
255.408,-2.0283634628134,-2.021632,0,1.68093588999811
255.419,-2.0283634628134,-2.021676,0,1.68492298316992
255.42,-2.0283634628134,-2.02168,0,1.68528712084303
255.431,-2.0283634628134,-2.021724,0,1.68931089556383
255.432,-2.0283634628134,-2.021728,0,1.68967834502619
255.443,-2.0283634628134,-2.021772,0,1.69373829756301
255.444,-2.0283634628134,-2.021776,0,1.69410901302078
255.455,-2.0283634628134,-2.02182,0,1.69820463964064
255.456,-2.0283634628134,-2.021824,0,1.69857857529992
255.467,-2.0283634628134,-2.021868,0,1.7027093722699
255.468,-2.0283634628134,-2.021872,0,1.70308648233679
255.479,-2.0283634628134,-2.021916,0,1.70725194592394
255.48,-2.0283634628134,-2.02192,0,1.70763218460453
255.491,-2.0283634628134,-2.021964,0,1.71183181107593
255.492,-2.0283634628134,-2.021968,0,1.71221513257631
255.503,-2.0283634628134,-2.022012,0,1.716448418199
255.504,-2.0283634628134,-2.022016,0,1.71683477672528
255.515,-2.0283634628134,-2.02206,0,1.72110121776632
255.516,-2.0283634628134,-2.022064,0,1.72149056752465
255.527,-2.0283634628134,-2.022108,0,1.72578966025105
255.528,-2.0283634628134,-2.022112,0,1.72618195544746
255.539,-2.0283634628134,-2.022156,0,1.73051319612638
255.54,-2.0283634628134,-2.02216,0,1.73090839096691
255.551,-2.0283634628134,-2.022204,0,1.73527127586539
255.552,-2.0283634628134,-2.022208,0,1.73566932455619
255.563,-2.0283634628134,-2.022252,0,1.74006334994126
255.564,-2.0283634628134,-2.022256,0,1.74046420668844
255.575,-2.0283634628134,-2.0223,0,1.74488886882715
255.576,-2.0283634628134,-2.022304,0,1.74529248783681
255.587,-2.0283634628134,-2.022348,0,1.74974728299623
255.588,-2.0283634628134,-2.022352,0,1.75015361847445
255.599,-2.0283634628134,-2.022396,0,1.75463804292164
255.6,-2.0283634628134,-2.0224,0,1.75504704907453
255.611,-2.0283634628134,-2.022444,0,1.75956059907655
255.612,-2.0283634628134,-2.022448,0,1.75997223011026
255.623,-2.0283634628134,-2.022492,0,1.76451440193411
255.624,-2.0283634628134,-2.022496,0,1.76492861205467
255.635,-2.0283634628134,-2.02254,0,1.76949890196747
255.636,-2.0283634628134,-2.022544,0,1.76991564538098
255.647,-2.0283634628134,-2.022588,0,1.77451354964984
255.648,-2.0283634628134,-2.022592,0,1.77493278056234
255.659,-2.0283634628134,-2.022636,0,1.77955779545428
255.66,-2.0283634628134,-2.02264,0,1.77997946807193
255.671,-2.0283634628134,-2.022684,0,1.78463108985399
255.672,-2.0283634628134,-2.022688,0,1.78505515838288
255.683,-2.0283634628134,-2.022732,0,1.78973288332212
255.684,-2.0283634628134,-2.022736,0,1.79015930196835
255.695,-2.0283634628134,-2.02278,0,1.79486262633184
255.696,-2.0283634628134,-2.022784,0,1.7952913493015
255.707,-2.0283634628134,-2.022828,0,1.80001976935629
255.708,-2.0283634628134,-2.022832,0,1.80045075085549
255.719,-2.0283634628134,-2.022876,0,1.80520376286864
255.72,-2.0283634628134,-2.02288,0,1.80563695710352
255.731,-2.0283634628134,-2.022924,0,1.81041405734204
255.732,-2.0283634628134,-2.022928,0,1.81084941851864
255.743,-2.0283634628134,-2.022972,0,1.8156501032497
255.744,-2.0283634628134,-2.022976,0,1.81608758557406
255.755,-2.0283634628134,-2.02302,0,1.82091135106466
255.756,-2.0283634628134,-2.023024,0,1.82135090874294
255.767,-2.0283634628134,-2.023068,0,1.82619725126013
255.768,-2.0283634628134,-2.023072,0,1.82663883849842
255.779,-2.0283634628134,-2.023116,0,1.83150725430928
255.78,-2.0283634628134,-2.02312,0,1.83195082531368
255.784,-2.0283634628134,-2.023136,0,1.83372673861878
255.791,-2.02835810589468,-2.023164,0.00153359859795553,1.83372673861878
255.792,-2.02835646175179,-2.023168,0.00175482098211929,1.83372673861878
255.803,-2.02832349314996,-2.023212,0.00426895425144242,1.83372673861878
255.804,-2.02831910497805,-2.023216,0.00450774668568126,1.83372673861878
255.815,-2.02825444610178,-2.02326,0.00730623906981929,1.83372673861878
255.816,-2.02824700353943,-2.023264,0.00757949133986281,1.83372673861878
255.827,-2.02814608118458,-2.023308,0.0108602901179347,1.83372673861878
255.828,-2.0281350578224,-2.023312,0.011187331424559,1.83372673861878
255.839,-2.02799073357695,-2.023356,0.0151825297586608,1.83372673861878
255.84,-2.02797534968927,-2.02336,0.0155864977988368,1.83372673861878
255.851,-2.02768249677457,-2.023404,0.184044158654557,1.83372673861878
255.852,-2.02742822596141,-2.023408,0.324317978305068,1.8129175463746
255.858,-2.02385485117101,-2.023432,0.724560797142891,1.58817031079775
255.861,-2.02176687761885,-2.023444,0.657858144641165,1.53163733753943
255.863,-2.02054207432949,-2.023452,0.567370567533171,1.53163733753943
255.864,-2.01999690913106,-2.023456,0.523060286238489,1.53163733753943
255.872,-2.01708452759834,-2.023488,0.247508266524714,1.5924262641589
255.875,-2.01635511617131,-2.0235,0.238958235002079,1.5924262641589
255.876,-2.01611746698427,-2.023504,0.236360751892816,1.5924262641589
255.887,-2.01364492010256,-2.023548,0.215455123529363,1.5924262641589
255.888,-2.01343009816908,-2.023552,0.214205830783688,1.5924262641589
255.895,-2.01195432057917,-2.02358,0.208240469429645,1.57239345671821
255.899,-2.01122230270106,-2.023596,0.158259895026562,1.57239345671821
255.9,-2.01107008243007,-2.0236,0.146208567989881,1.57239345671821
255.911,-2.01015320021588,-2.023644,0.0231357599291435,1.60027790152924
255.912,-2.01012672868655,-2.023648,0.0297996870457603,1.60027790152924
255.922,-2.00950269268915,-2.023688,0.0945324018016671,1.57761424601274
255.923,-2.00941196239567,-2.023692,0.0869454308169516,1.57761424601274
255.924,-2.00932876801631,-2.023696,0.0794598960140114,1.57761424601274
255.933,-2.00891375199442,-2.023732,0,1.5773327968929
255.935,-2.00891375199442,-2.02374,0,1.5819579619994
255.936,-2.00891375199442,-2.023744,0,1.58309196356941
255.938,-2.00891375199442,-2.023752,0,1.58393210280073
255.947,-2.00891375199442,-2.023788,0,1.57896996615292
255.948,-2.00891375199442,-2.023792,0,1.57814225952672
255.959,-2.00891375199442,-2.023836,0,1.56849753528161
255.96,-2.00891375199442,-2.02384,0,1.56760012312215
255.971,-2.00891375199442,-2.023884,0,1.55762145439264
255.972,-2.00891375199442,-2.023888,0,1.55670532292047
255.983,-2.00891375199442,-2.023932,0,1.54653217052968
255.984,-2.00891375199442,-2.023936,0,1.54559865037791
255.995,-2.00891375199442,-2.02398,0,1.53523428569349
255.996,-2.00891375199442,-2.023984,0,1.53428336819298
256.007,-2.00891375199442,-2.024028,0,1.52372738930337
256.008,-2.00891375199442,-2.024032,0,1.52275902966154
256.019,-2.00891375199442,-2.024076,0,1.5120109355801
256.02,-2.00891375199442,-2.02408,0,1.51102508803005
256.031,-2.00891375199442,-2.024124,0,1.5000843750979
256.032,-2.00891375199442,-2.024128,0,1.49908099384647
256.043,-2.00891375199442,-2.024172,0,1.4879471583327
256.044,-2.00891375199442,-2.024176,0,1.48692619758604
256.055,-2.00891375199442,-2.02422,0,1.4755987357577
256.056,-2.00891375199442,-2.024224,0,1.47456014972186
256.067,-2.00891375199442,-2.024268,0,1.46303855784606
256.068,-2.00891375199442,-2.024272,0,1.46198230072714
256.079,-2.00891375199442,-2.024316,0,1.45026607507093
256.08,-2.00891375199442,-2.02432,0,1.44919210107502
256.091,-2.00891375199442,-2.024364,0,1.43728073790553
256.092,-2.00891375199442,-2.024368,0,1.43618900123866
256.103,-2.00891375199442,-2.024412,0,1.4240819968229
256.104,-2.00891375199442,-2.024416,0,1.42297245169124
256.115,-2.00891375199442,-2.02446,0,1.41066930229626
256.116,-2.00891375199442,-2.024464,0,1.4095419029059
256.127,-2.00891375199442,-2.024508,0,1.39704210479875
256.128,-2.00891375199442,-2.024512,0,1.39589680535579
256.139,-2.00891375199442,-2.024556,0,1.38319985480353
256.14,-2.00891375199442,-2.02456,0,1.38203660951406
256.151,-2.00891375199442,-2.024604,0,1.36914200278376
256.152,-2.00891375199442,-2.024608,0,1.36796076585394
256.16,-2.00891375199442,-2.02464,0,1.35845679436557
256.163,-2.00891419840099,-2.024652,-0.000297685975471931,1.35845679436557
256.164,-2.00891454577535,-2.024656,-0.000397083902864656,1.35845679436557
256.175,-2.00892498578542,-2.0247,-0.00150809162881591,1.35845679436557
256.176,-2.00892654561102,-2.024704,-0.00161165460093091,1.35845679436557
256.178,-2.00892997743363,-2.024712,-0.00182058618998117,1.33751180108709
256.187,-2.01268697431657,-2.024748,-0.744002672589834,1.59179209625637
256.188,-2.01342757279337,-2.024752,-0.737256663285437,1.61945076306723
256.19,-2.01485555457003,-2.02476,-0.691063799594697,1.65507396191371
256.199,-2.01935595251122,-2.024796,-0.330741866390539,1.62951544755122
256.2,-2.01967487999971,-2.0248,-0.307169925957448,1.62951544755122
256.206,-2.02132621919215,-2.024824,-0.259054793920864,1.57970174454372
256.211,-2.02272650358179,-2.024844,-0.301250413123794,1.57970174454372
256.212,-2.02303204336607,-2.024848,-0.309838383130621,1.57970174454372
256.214,-2.02366902994809,-2.024856,-0.327188233739741,1.60905861569004
256.223,-2.02626306187333,-2.024892,-0.25189820202294,1.60905861569004
256.224,-2.02651122757519,-2.024896,-0.244461555010844,1.60905861569004
256.235,-2.02879006949104,-2.02494,-0.172785332581186,1.60905861569004
256.236,-2.02895999450778,-2.024944,-0.167084966812263,1.60905861569004
256.247,-2.03048130690731,-2.024988,-0.111579902189774,1.60905861569004
256.248,-2.03059064447972,-2.024992,-0.107109421050189,1.60905861569004
256.259,-2.03151800312826,-2.025036,-0.062920293093562,1.60905861569004
256.26,-2.03157910652226,-2.02504,-0.0592960229969427,1.60905861569004
256.271,-2.03202509069385,-2.025084,-0.0227145308074073,1.60905861569004
256.272,-2.03204466882775,-2.025088,0,1.60219690696274
256.281,-2.03204466882775,-2.025124,0,1.59302317108084
256.284,-2.03204466882775,-2.025136,0,1.59321717882512
256.295,-2.03204466882775,-2.02518,0,1.59537569188506
256.296,-2.03204466882775,-2.025184,0,1.59559886929444
256.307,-2.03204466882775,-2.025228,0,1.59809824060953
256.308,-2.03204466882775,-2.025232,0,1.59832787188897
256.319,-2.03204466882775,-2.025276,0,1.60087343474166
256.32,-2.03204466882775,-2.02528,0,1.6011065812658
256.331,-2.03204466882775,-2.025324,0,1.60368989780831
256.332,-2.03204466882775,-2.025328,0,1.60392643575833
256.343,-2.03204466882775,-2.025372,0,1.60654678826009
256.344,-2.03204466882775,-2.025376,0,1.60678666973761
256.355,-2.03204466882775,-2.02542,0,1.60944354869376
256.356,-2.03204466882775,-2.025424,0,1.60968672784813
256.367,-2.03204466882775,-2.025468,0,1.61237962937004
256.368,-2.03204466882775,-2.025472,0,1.61262606040581
256.379,-2.03204466882775,-2.025516,0,1.61535448075637
256.38,-2.03204466882775,-2.02552,0,1.61560411787966
256.391,-2.03204466882775,-2.025564,0,1.61836755332575
256.392,-2.03204466882775,-2.025568,0,1.61862035074259
256.403,-2.03204466882775,-2.025612,0,1.6214182975513
256.404,-2.03204466882775,-2.025616,0,1.6216742094678
256.415,-2.03204466882775,-2.02566,0,1.62450616390621
256.416,-2.03204466882775,-2.025664,0,1.62476514452846
256.427,-2.03204466882775,-2.025708,0,1.62763060286363
256.428,-2.03204466882775,-2.025712,0,1.62789260639772
256.439,-2.03204466882775,-2.025756,0,1.63079106489675
256.44,-2.03204466882775,-2.02576,0,1.63105604554871
256.451,-2.03204466882775,-2.025804,0,1.63398700047864
256.452,-2.03204466882775,-2.025808,0,1.63425491245464
256.463,-2.03204466882775,-2.025852,0,1.6372178600825
256.464,-2.03204466882775,-2.025856,0,1.63748865758864
256.475,-2.03204466882775,-2.0259,0,1.64048309418148
256.476,-2.03204466882775,-2.025904,0,1.64075673142385
256.487,-2.03204466882775,-2.025948,0,1.64378215324874
256.488,-2.03204466882775,-2.025952,0,1.64405858443344
256.499,-2.03204466882775,-2.025996,0,1.64711448775745
256.5,-2.03204466882775,-2.026,0,1.64739366709062
256.511,-2.03204466882775,-2.026044,0,1.65047954818075
256.512,-2.03204466882775,-2.026048,0,1.65076142986844
256.523,-2.03204466882775,-2.026092,0,1.6538767849918
256.524,-2.03204466882775,-2.026096,0,1.6541613232401
256.535,-2.03204466882775,-2.02614,0,1.65730564866375
256.536,-2.03204466882775,-2.026144,0,1.65759279767877
256.547,-2.03204466882775,-2.026188,0,1.66076558966975
256.548,-2.03204466882775,-2.026192,0,1.66105530365758
256.559,-2.03204466882775,-2.026236,0,1.66425605848303
256.56,-2.03204466882775,-2.02624,0,1.6645482916497
256.571,-2.03204466882775,-2.026284,0,1.66777650557664
256.572,-2.03204466882775,-2.026288,0,1.6680712121283
256.583,-2.03204466882775,-2.026332,0,1.67132638142376
256.584,-2.03204466882775,-2.026336,0,1.67162351556653
256.595,-2.03204466882775,-2.02638,0,1.67490513649757
256.596,-2.03204466882775,-2.026384,0,1.67520465243753
256.607,-2.03204466882775,-2.026428,0,1.67851222127121
256.608,-2.03204466882775,-2.026432,0,1.67881407321446
256.619,-2.03204466882775,-2.026476,0,1.68214708621785
256.62,-2.03204466882775,-2.02648,0,1.68245122837054
256.631,-2.03204466882775,-2.026524,0,1.68580918181065
256.632,-2.03204466882775,-2.026528,0,1.68611556837882
256.643,-2.03204466882775,-2.026572,0,1.68949795852274
256.644,-2.03204466882775,-2.026576,0,1.68980654371249
256.655,-2.03204466882775,-2.02662,0,1.69321286682729
256.656,-2.03204466882775,-2.026624,0,1.69352360484472
256.667,-2.03204466882775,-2.026668,0,1.69695335719751
256.668,-2.03204466882775,-2.026672,0,1.69726620224864
256.679,-2.03204466882775,-2.026716,0,1.70071888010645
256.68,-2.03204466882775,-2.02672,0,1.70103378639746
256.691,-2.03204466882775,-2.026764,0,1.70450888602733
256.692,-2.03204466882775,-2.026768,0,1.70482580776429
256.703,-2.03204466882775,-2.026812,0,1.70832282543329
256.704,-2.03204466882775,-2.026816,0,1.70864171682231
256.715,-2.03204466882775,-2.02686,0,1.71216014879747
256.716,-2.03204466882775,-2.026864,0,1.71248096404466
256.727,-2.03204466882775,-2.026908,0,1.71602030659306
256.728,-2.03204466882775,-2.026912,0,1.71634299990455
256.739,-2.03204466882775,-2.026956,0,1.7199027492932
256.74,-2.03204466882775,-2.02696,0,1.72022727487504
256.751,-2.03204466882775,-2.027004,0,1.72380692737105
256.752,-2.03204466882775,-2.027008,0,1.72413323942933
256.763,-2.03204466882775,-2.027052,0,1.72773229129975
256.764,-2.03204466882775,-2.027056,0,1.72806034404058
256.775,-2.03204466882775,-2.0271,0,1.73167829155252
256.776,-2.03204466882775,-2.027104,0,1.73200803918192
256.787,-2.03204466882775,-2.027148,0,1.73564437860242
256.788,-2.03204466882775,-2.027152,0,1.73597577532655
256.799,-2.03204466882775,-2.027196,0,1.73963000292265
256.8,-2.03204466882775,-2.0272,0,1.73996300294761
256.811,-2.03204466882775,-2.027244,0,1.74363461498636
256.812,-2.03204466882775,-2.027248,0,1.74396917251825
256.823,-2.03204466882775,-2.027292,0,1.74765766526671
256.824,-2.03204466882775,-2.027296,0,1.74799373451162
256.835,-2.03204466882775,-2.02734,0,1.75169860423689
256.836,-2.03204466882775,-2.027344,0,1.75203613940086
256.847,-2.03204466882775,-2.027388,0,1.75575688236999
256.848,-2.03204466882775,-2.027392,0,1.75609583765922
256.859,-2.03204466882775,-2.027436,0,1.75983195013919
256.86,-2.03204466882775,-2.02744,0,1.76017227975974
256.871,-2.03204466882775,-2.027484,0,1.76392325801765
256.872,-2.03204466882775,-2.027488,0,1.76426491617561
256.883,-2.03204466882775,-2.027532,0,1.76803025647853
256.884,-2.03204466882775,-2.027536,0,1.76837319737999
256.895,-2.03204466882775,-2.02758,0,1.77215239599498
256.896,-2.03204466882775,-2.027584,0,1.77249657384604
256.907,-2.03204466882775,-2.027628,0,1.77628912704016
256.908,-2.03204466882775,-2.027632,0,1.77663449604693
256.919,-2.03204466882775,-2.027676,0,1.78043990008723
256.92,-2.03204466882775,-2.02768,0,1.78078641445579
256.931,-2.03204466882775,-2.027724,0,1.78460416560934
256.932,-2.03204466882775,-2.027728,0,1.78495177954579
256.943,-2.03204466882775,-2.027772,0,1.78878137407964
256.944,-2.03204466882775,-2.027776,0,1.78913004179007
256.955,-2.03204466882775,-2.02782,0,1.79297097597134
256.956,-2.03204466882775,-2.027824,0,1.79332065166185
256.967,-2.03204466882775,-2.027868,0,1.79717242175751
256.968,-2.03204466882775,-2.027872,0,1.79752305963419
256.979,-2.03204466882775,-2.027916,0,1.80138516191134
256.98,-2.03204466882775,-2.02792,0,1.80173671618029
256.991,-2.03204466882775,-2.027964,0,1.80560864690598
256.992,-2.03204466882775,-2.027968,0,1.80596107177331
257.003,-2.03204466882775,-2.028012,0,1.8098423272146
257.004,-2.03204466882775,-2.028016,0,1.8101955768864
257.015,-2.03204466882775,-2.02806,0,1.81408565331034
257.016,-2.03204466882775,-2.028064,0,1.8144396819927
257.027,-2.03204466882775,-2.028108,0,1.81833807566637
257.028,-2.03204466882775,-2.028112,0,1.81869283756539
257.039,-2.03204466882775,-2.028156,0,1.82259904475584
257.04,-2.03204466882775,-2.02816,0,1.82295449407762
257.051,-2.03204466882775,-2.028204,0,1.82686801105191
257.052,-2.03204466882775,-2.028208,0,1.82722410200254
257.063,-2.03204466882775,-2.028252,0,1.83114442502773
257.064,-2.03204466882775,-2.028256,0,1.83150111181331
257.075,-2.03204466882775,-2.0283,0,1.83542773715652
257.076,-2.03204466882775,-2.028304,0,1.83578497398313
257.078,-2.03204466882775,-2.028312,0,1.83649957862737
257.087,-2.03203987133429,-2.028348,0.00106961939182981,1.83649957862737
257.088,-2.03203874142117,-2.028352,0.00119029874055411,1.83649957862737
257.099,-2.03201816472526,-2.028396,0.00256931148563344,1.83649957862737
257.1,-2.03201552970098,-2.0284,0.00270095141972899,1.83649957862737
257.111,-2.03197748304556,-2.028444,0.00425063145400592,1.83649957862737
257.112,-2.03197315663677,-2.028448,0.00440253804646557,1.83649957862737
257.123,-2.03191495042332,-2.028492,0.00623244072677635,1.83649957862737
257.124,-2.03190862678343,-2.028496,0.0064153534381656,1.83649957862737
257.135,-2.03182614617162,-2.02854,0.00865485439446534,1.83649957862737
257.136,-2.03181737824811,-2.028544,0.00888170589232731,1.83649957862737
257.147,-2.03170479209043,-2.028588,0.0116891559825508,1.83649957862737
257.148,-2.03169296,-2.028592,0.0119759874596937,1.83649957862737
257.159,-2.03154230830091,-2.028636,0.0155499227766583,1.83649957862737
257.16,-2.03152657546964,-2.02864,0.0159170198173465,1.83649957862737
257.171,-2.03124135776397,-2.028684,0.175994365499956,1.83649957862737
257.172,-2.03099512326817,-2.028688,0.316294436492657,1.83649957862737
257.178,-2.0273898722331,-2.028712,0.731248769410975,1.58938504201998
257.181,-2.02528582003884,-2.028724,0.661776589950301,1.53221678557469
257.183,-2.02405540013168,-2.028732,0.569075566785034,1.53221678557469
257.184,-2.02350907665928,-2.028736,0.523673415160656,1.53221678557469
257.192,-2.02062130673091,-2.028768,0.242711540184687,1.59537604014647
257.195,-2.01990474910613,-2.02878,0.235178651500516,1.59537604014647
257.196,-2.01967071420072,-2.028784,0.232911042885607,1.59537604014647
257.207,-2.01721713576707,-2.028828,0.215388010041687,1.59537604014647
257.208,-2.01700223609095,-2.028832,0.214428020756817,1.59537604014647
257.214,-2.01572853190569,-2.028856,0.210716268463823,1.57433933463853
257.219,-2.01483702119678,-2.028876,0.146658547916117,1.57433933463853
257.22,-2.01469651677398,-2.02888,0.134377713765518,1.57433933463853
257.23,-2.01393935243349,-2.02892,0,1.60269119746399
257.231,-2.01393935243349,-2.028924,0,1.60772800510749
257.232,-2.01393935243349,-2.028928,0,1.61123352378902
257.237,-2.01393935243349,-2.028948,0,1.616610700355
257.244,-2.01393935243349,-2.028976,0,1.61299256277187
257.255,-2.01393935243349,-2.02902,0,1.60368820815849
257.256,-2.01393935243349,-2.029024,0,1.60280753178608
257.267,-2.01393935243349,-2.029068,0,1.59299797182952
257.268,-2.01393935243349,-2.029072,0,1.59209675717411
257.279,-2.01393935243349,-2.029116,0,1.58208647685858
257.28,-2.01393935243349,-2.02912,0,1.58116767741912
257.291,-2.01393935243349,-2.029164,0,1.57096439911635
257.292,-2.01393935243349,-2.029168,0,1.57002804999536
257.303,-2.01393935243349,-2.029212,0,1.55963149184558
257.304,-2.01393935243349,-2.029216,0,1.55867754943107
257.315,-2.01393935243349,-2.02926,0,1.54808721368558
257.316,-2.01393935243349,-2.029264,0,1.5471156322425
257.327,-2.01393935243349,-2.029308,0,1.5363310153298
257.328,-2.01393935243349,-2.029312,0,1.53534174906585
257.339,-2.01393935243349,-2.029356,0,1.52436234725735
257.34,-2.01393935243349,-2.02936,0,1.52335535037865
257.351,-2.01393935243349,-2.029404,0,1.51218065994151
257.352,-2.01393935243349,-2.029408,0,1.51115588665418
257.363,-2.01393935243349,-2.029452,0,1.4997854038555
257.364,-2.01393935243349,-2.029456,0,1.49874280836562
257.375,-2.01393935243349,-2.0295,0,1.48717602947245
257.376,-2.01393935243349,-2.029504,0,1.48611556598611
257.387,-2.01393935243349,-2.029548,0,1.4743519872655
257.388,-2.01393935243349,-2.029552,0,1.47327360998881
257.399,-2.01393935243349,-2.029596,0,1.46131272770782
257.4,-2.01393935243349,-2.0296,0,1.46021639084692
257.411,-2.01393935243349,-2.029644,0,1.44805770127255
257.412,-2.01393935243349,-2.029648,0,1.4469433590335
257.423,-2.01393935243349,-2.029692,0,1.43458635843293
257.424,-2.01393935243349,-2.029696,0,1.43345396502174
257.435,-2.01393935243349,-2.02974,0,1.42089814966198
257.436,-2.01393935243349,-2.029744,0,1.41974765928483
257.447,-2.01393935243349,-2.029788,0,1.40699252543293
257.448,-2.01393935243349,-2.029792,0,1.4058238922959
257.459,-2.01393935243349,-2.029836,0,1.39286893621892
257.46,-2.01393935243349,-2.02984,0,1.39168211452812
257.471,-2.01393935243349,-2.029884,0,1.37852683249309
257.472,-2.01393935243349,-2.029888,0,1.37732177645461
257.483,-2.01393935243349,-2.029932,0,1.36396566472864
257.484,-2.01393935243349,-2.029936,0,1.36274232854863
257.485,-2.01393935243349,-2.02994,0,1.36151746695634
257.495,-2.01394173857422,-2.02998,-0.000478680400130225,1.36151746695634
257.496,-2.01394224150934,-2.029984,-0.000527220455175,1.36151746695634
257.502,-2.01394628813332,-2.030008,-0.000823132492894271,1.34081033685018
257.507,-2.01495438900812,-2.030028,-0.521985253210638,1.43141859625721
257.508,-2.01552363983073,-2.030032,-0.616418043268538,1.47415070907204
257.511,-2.01761248170336,-2.030044,-0.742347797559208,1.59083148870242
257.514,-2.01978732299836,-2.030056,-0.696576515011176,1.65658062136987
257.519,-2.02274214972853,-2.030076,-0.487932527964316,1.65658062136987
257.52,-2.02321005922895,-2.03008,-0.447977994025546,1.65658062136987
257.526,-2.02528536411182,-2.030104,-0.274247699246436,1.59884799970018
257.531,-2.02663593496348,-2.030124,-0.266515475529348,1.59884799970018
257.532,-2.02690185647107,-2.030128,-0.265348090541745,1.59884799970018
257.542,-2.02951987813841,-2.030168,-0.260186042367366,1.59884799970018
257.543,-2.0297801090241,-2.030172,-0.260294026731515,1.59884799970018
257.544,-2.03004050263838,-2.030176,-0.260511352414264,1.59884799970018
257.55,-2.03161232541552,-2.0302,-0.264067225656992,1.62668289159072
257.555,-2.03273625884996,-2.03022,-0.18646445313338,1.62668289159072
257.556,-2.03291527600033,-2.030224,-0.171603947729719,1.62668289159072
257.561,-2.03359278034196,-2.030244,-0.100151310059248,1.60309573613879
257.567,-2.03420510445172,-2.030268,-0.104182741863222,1.60309573613879
257.568,-2.0343096858752,-2.030272,-0.104986374730637,1.60309573613879
257.579,-2.03552267714674,-2.030316,-0.116324774596406,1.60309573613879
257.58,-2.0356396290501,-2.03032,-0.11758552068552,1.60309573613879
257.587,-2.03649634741239,-2.030348,-0.127516714773548,1.62969669284729
257.591,-2.03689086048596,-2.030364,-0.0701806536891049,1.62969669284729
257.592,-2.03695405915492,-2.030368,-0.0562411275451906,1.62969669284729
257.595,-2.03705491934484,-2.03038,0,1.6107854710794
257.603,-2.03705491934484,-2.030412,0,1.59213173194706
257.604,-2.03705491934484,-2.030416,0,1.59180008098079
257.607,-2.03705491934484,-2.030428,0,1.5914827227568
257.615,-2.03705491934484,-2.03046,0,1.59244011844607
257.616,-2.03705491934484,-2.030464,0,1.59261492640956
257.627,-2.03705491934484,-2.030508,0,1.5946707630805
257.628,-2.03705491934484,-2.030512,0,1.59486236648989
257.639,-2.03705491934484,-2.030556,0,1.59699063331086
257.64,-2.03705491934484,-2.03056,0,1.5971857804858
257.651,-2.03705491934484,-2.030604,0,1.59934975418506
257.652,-2.03705491934484,-2.030608,0,1.59954804314462
257.663,-2.03705491934484,-2.030652,0,1.60174624308184
257.664,-2.03705491934484,-2.030656,0,1.60194761842517
257.675,-2.03705491934484,-2.0307,0,1.60417951451842
257.676,-2.03705491934484,-2.030704,0,1.60438393019249
257.687,-2.03705491934484,-2.030748,0,1.60664901799813
257.688,-2.03705491934484,-2.030752,0,1.60685642820206
257.699,-2.03705491934484,-2.030796,0,1.609154203968
257.7,-2.03705491934484,-2.0308,0,1.60936456290768
257.711,-2.03705491934484,-2.030844,0,1.61169452290046
257.712,-2.03705491934484,-2.030848,0,1.61190778478205
257.723,-2.03705491934484,-2.030892,0,1.61426942526866
257.724,-2.03705491934484,-2.030896,0,1.61448554429819
257.735,-2.03705491934484,-2.03094,0,1.61687836154574
257.736,-2.03705491934484,-2.030944,0,1.61709729192932
257.747,-2.03705491934484,-2.030988,0,1.61952078220486
257.748,-2.03705491934484,-2.030992,0,1.61974247814858
257.759,-2.03705491934484,-2.031036,0,1.62219613771922
257.76,-2.03705491934484,-2.03104,0,1.62242055342912
257.771,-2.03705491934484,-2.031084,0,1.6249038785619
257.772,-2.03705491934484,-2.031088,0,1.62513096824413
257.783,-2.03705491934484,-2.031132,0,1.62764345520609
257.784,-2.03705491934484,-2.031136,0,1.62787317306675
257.795,-2.03705491934484,-2.03118,0,1.63041431812495
257.796,-2.03705491934484,-2.031184,0,1.63064661837013
257.807,-2.03705491934484,-2.031228,0,1.63321591779162
257.808,-2.03705491934484,-2.031232,0,1.63345075462743
257.819,-2.03705491934484,-2.031276,0,1.63604770467927
257.82,-2.03705491934484,-2.03128,0,1.63628503231184
257.831,-2.03705491934484,-2.031324,0,1.63890912926105
257.832,-2.03705491934484,-2.031328,0,1.63914890189644
257.843,-2.03705491934484,-2.031372,0,1.64179964201013
257.844,-2.03705491934484,-2.031376,0,1.64204181385443
257.855,-2.03705491934484,-2.03142,0,1.64471869339964
257.856,-2.03705491934484,-2.031424,0,1.64496321865895
257.867,-2.03705491934484,-2.031468,0,1.64766573390274
257.868,-2.03705491934484,-2.031472,0,1.64791256678315
257.879,-2.03705491934484,-2.031516,0,1.65064021399266
257.88,-2.03705491934484,-2.03152,0,1.6508893087002
257.891,-2.03705491934484,-2.031564,0,1.65364158414244
257.892,-2.03705491934484,-2.031568,0,1.65389289488328
257.903,-2.03705491934484,-2.031612,0,1.65666929482529
257.904,-2.03705491934484,-2.031616,0,1.65692277580552
257.915,-2.03705491934484,-2.03166,0,1.65972279651435
257.916,-2.03705491934484,-2.031664,0,1.65997840194008
257.927,-2.03705491934484,-2.031708,0,1.66280153968279
257.928,-2.03705491934484,-2.031712,0,1.6630592237601
257.939,-2.03705491934484,-2.031756,0,1.66590497480377
257.94,-2.03705491934484,-2.03176,0,1.66616469173881
257.951,-2.03705491934484,-2.031804,0,1.66903255235044
257.952,-2.03705491934484,-2.031808,0,1.66929425634926
257.963,-2.03705491934484,-2.031852,0,1.67218372279595
257.964,-2.03705491934484,-2.031856,0,1.67244736806465
257.975,-2.03705491934484,-2.0319,0,1.67535793661346
257.976,-2.03705491934484,-2.031904,0,1.67562347735813
257.987,-2.03705491934484,-2.031948,0,1.67855464427612
257.988,-2.03705491934484,-2.031952,0,1.67882203470285
257.999,-2.03705491934484,-2.031996,0,1.68177329625716
258,-2.03705491934484,-2.032,0,1.68204249057199
258.011,-2.03705491934484,-2.032044,0,1.6850133430296
258.012,-2.03705491934484,-2.032048,0,1.68528429543869
258.023,-2.03705491934484,-2.032092,0,1.68827423506667
258.024,-2.03705491934484,-2.032096,0,1.68854689977612
258.035,-2.03705491934484,-2.03214,0,1.69155542284151
258.036,-2.03705491934484,-2.032144,0,1.69182975405741
258.047,-2.03705491934484,-2.032188,0,1.69485635682729
258.048,-2.03705491934484,-2.032192,0,1.69513230875573
258.059,-2.03705491934484,-2.032236,0,1.69817648749716
258.06,-2.03705491934484,-2.03224,0,1.6984540143443
258.071,-2.03705491934484,-2.032284,0,1.70151526532428
258.072,-2.03705491934484,-2.032288,0,1.70179432129616
258.083,-2.03705491934484,-2.032332,0,1.70487214078179
258.084,-2.03705491934484,-2.032336,0,1.70515268008451
258.095,-2.03705491934484,-2.03238,0,1.70824656434286
258.096,-2.03705491934484,-2.032384,0,1.70852854118251
258.107,-2.03705491934484,-2.032428,0,1.71163798648069
258.108,-2.03705491934484,-2.032432,0,1.7119213550633
258.119,-2.03705491934484,-2.032476,0,1.71504585766834
258.12,-2.03705491934484,-2.03248,0,1.71533057220008
258.131,-2.03705491934484,-2.032524,0,1.71846962837902
258.132,-2.03705491934484,-2.032528,0,1.71875564306598
258.143,-2.03705491934484,-2.032572,0,1.72190874908587
258.144,-2.03705491934484,-2.032576,0,1.72219601813415
258.155,-2.03705491934484,-2.03262,0,1.72536267026205
258.156,-2.03705491934484,-2.032624,0,1.72565114787775
258.167,-2.03705491934484,-2.032668,0,1.72883084238073
258.168,-2.03705491934484,-2.032672,0,1.72912048276999
258.179,-2.03705491934484,-2.032716,0,1.73231271591506
258.18,-2.03705491934484,-2.03272,0,1.73260347328392
258.191,-2.03705491934484,-2.032764,0,1.73580774133818
258.192,-2.03705491934484,-2.032768,0,1.73609956989275
258.203,-2.03705491934484,-2.032812,0,1.73931536912326
258.204,-2.03705491934484,-2.032816,0,1.73960822306963
258.215,-2.03705491934484,-2.03286,0,1.74283504974344
258.216,-2.03705491934484,-2.032864,0,1.74312888328771
258.227,-2.03705491934484,-2.032908,0,1.74636623367196
258.228,-2.03705491934484,-2.032912,0,1.74666100102016
258.239,-2.03705491934484,-2.032956,0,1.74990837138185
258.24,-2.03705491934484,-2.03296,0,1.75020402674013
258.251,-2.03705491934484,-2.033004,0,1.75346091334632
258.252,-2.03705491934484,-2.033008,0,1.75375741092078
258.263,-2.03705491934484,-2.033052,0,1.75702331003852
258.264,-2.03705491934484,-2.033056,0,1.75732060403527
258.275,-2.03705491934484,-2.0331,0,1.7605950119316
258.276,-2.03705491934484,-2.033104,0,1.76089305655673
258.287,-2.03705491934484,-2.033148,0,1.76417546949879
258.288,-2.03705491934484,-2.033152,0,1.76447421895838
258.299,-2.03705491934484,-2.033196,0,1.76776413321313
258.3,-2.03705491934484,-2.0332,0,1.76806354171329
258.311,-2.03705491934484,-2.033244,0,1.77136045354783
258.312,-2.03705491934484,-2.033248,0,1.77166047529465
258.323,-2.03705491934484,-2.033292,0,1.77496388097604
258.324,-2.03705491934484,-2.033296,0,1.77526447017563
258.335,-2.03705491934484,-2.03334,0,1.77857386597091
258.336,-2.03705491934484,-2.033344,0,1.77887497682936
258.347,-2.03705491934484,-2.033388,0,1.78218985900562
258.348,-2.03705491934484,-2.033392,0,1.78249144572902
258.359,-2.03705491934484,-2.033436,0,1.7858113105533
258.36,-2.03705491934484,-2.03344,0,1.78611332734776
258.371,-2.03705491934484,-2.033484,0,1.78943767108713
258.372,-2.03705491934484,-2.033488,0,1.78974007215873
258.383,-2.03705491934484,-2.033532,0,1.79306839108024
258.384,-2.03705491934484,-2.033536,0,1.79337113063508
258.395,-2.03705491934484,-2.03358,0,1.79670292100584
258.396,-2.03705491934484,-2.033584,0,1.79700595324997
258.407,-2.03705491934484,-2.033628,0,1.80034071133701
258.408,-2.03705491934484,-2.033632,0,1.80064399047662
258.419,-2.03705491934484,-2.033676,0,1.80398121254693
258.42,-2.03705491934484,-2.03368,0,1.80428469278807
258.431,-2.03705491934484,-2.033724,0,1.80762387510876
258.432,-2.03705491934484,-2.033728,0,1.80792751065754
258.443,-2.03705491934484,-2.033772,0,1.81126814949566
258.444,-2.03705491934484,-2.033776,0,1.81157189455816
258.455,-2.03705491934484,-2.03382,0,1.81491348618078
258.456,-2.03705491934484,-2.033824,0,1.81521729496311
258.467,-2.03705491934484,-2.033868,0,1.8185593356373
258.468,-2.03705491934484,-2.033872,0,1.81886316234554
258.479,-2.03705491934484,-2.033916,0,1.82220514833834
258.48,-2.03705491934484,-2.03392,0,1.8225089471786
258.491,-2.03705491934484,-2.033964,0,1.82585037475708
258.492,-2.03705491934484,-2.033968,0,1.82615409993545
258.503,-2.03705491934484,-2.034012,0,1.82949446536665
258.504,-2.03705491934484,-2.034016,0,1.82979807108923
258.515,-2.03705491934484,-2.03406,0,1.8331368706403
258.516,-2.03705491934484,-2.034064,0,1.83344031111316
258.527,-2.03705491934484,-2.034108,0,1.83677704105105
258.528,-2.03705491934484,-2.034112,0,1.83708027048032
258.539,-2.03705491934484,-2.034156,0,1.84041442707211
258.54,-2.03705488694394,-2.03416,6.48044349541421e-05,1.84041442707211
258.551,-2.03705022643339,-2.034204,0.000786724494558075,1.84041442707211
258.552,-2.03704940609951,-2.034208,0.0008540099549464,1.84041442707211
258.563,-2.03703581615337,-2.034252,0.00162902971788482,1.84041442707211
258.564,-2.03703414993132,-2.034256,0.00170354983295268,1.84041442707211
258.575,-2.03701067043928,-2.0343,0.00258642400307739,1.84041442707211
258.576,-2.03700804061235,-2.034304,0.00267344364404618,1.84041442707211
258.587,-2.03697301276314,-2.034348,0.00372654870050716,1.84041442707211
258.588,-2.03696923353437,-2.034352,0.00383221606613514,1.84041442707211
258.599,-2.03692018258874,-2.034396,0.00512995893451519,1.84041442707211
258.6,-2.0369149869504,-2.0344,0.00526174013095766,1.84041442707211
258.611,-2.03684844734043,-2.034444,0.00689581811394952,1.84041442707211
258.612,-2.03684146820257,-2.034448,0.00706302500179535,1.84041442707211
258.623,-2.0367527385793,-2.034492,0.00914890958513025,1.84041442707211
258.624,-2.03674348282163,-2.034496,0.00936335830304717,1.84041442707211
258.635,-2.03662629370831,-2.03454,0.0120484626107236,1.84041442707211
258.636,-2.03661410731769,-2.034544,0.0123253094991749,1.84041442707211
258.647,-2.03646017782441,-2.034588,0.0157994193110573,1.84041442707211
258.648,-2.03644419964759,-2.034592,0.0161582336328643,1.84041442707211
258.659,-2.03609003654926,-2.034636,0.227770405926472,1.84041442707211
258.66,-2.03579223023921,-2.03464,0.367666785689586,1.81178318930982
258.666,-2.03207339774973,-2.034664,0.728509013329246,1.58531200994131
258.669,-2.0299949436144,-2.034676,0.648320817229235,1.5338193669607
258.671,-2.02879308593903,-2.034684,0.553969676299112,1.5338193669607
258.672,-2.02826228043729,-2.034688,0.507743427147379,1.5338193669607
258.679,-2.02571876955359,-2.034716,0.254393727968375,1.59356647651778
258.683,-2.02474815808794,-2.034732,0.231318703716843,1.59356647651778
258.684,-2.02451954967191,-2.034736,0.225922030354969,1.59356647651778
258.695,-2.02232715914183,-2.03478,0.175197696919178,1.59356647651778
258.696,-2.02215392252899,-2.034784,0.17129339304788,1.59356647651778
258.707,-2.02048064675661,-2.034828,0.134815557365358,1.59356647651778
258.708,-2.02034723058065,-2.034832,0.13203024576346,1.59356647651778
258.719,-2.0190443446941,-2.034876,0.106278942450802,1.59356647651778
258.72,-2.01893904001493,-2.03488,0.104340667361627,1.59356647651778
258.726,-2.01834521283782,-2.034904,0.0939439404011132,1.57326162523005
258.731,-2.01804803875142,-2.034924,0.0255180819137724,1.57326162523005
258.732,-2.0180378111538,-2.034928,0,1.58411950721638
258.738,-2.0180378111538,-2.034952,0,1.5944086824752
258.744,-2.0180378111538,-2.034976,0,1.59103597660788
258.755,-2.0180378111538,-2.03502,0,1.58030813527624
258.756,-2.0180378111538,-2.035024,0,1.57928222354083
258.767,-2.0180378111538,-2.035068,0,1.56785015275194
258.768,-2.0180378111538,-2.035072,0,1.56680012760815
258.779,-2.0180378111538,-2.035116,0,1.55514255105062
258.78,-2.0180378111538,-2.03512,0,1.55407307948014
258.791,-2.0180378111538,-2.035164,0,1.54220241906288
258.792,-2.0180378111538,-2.035168,0,1.541113582384
258.803,-2.0180378111538,-2.035212,0,1.52902968300233
258.804,-2.0180378111538,-2.035216,0,1.52792143884959
258.815,-2.0180378111538,-2.03526,0,1.51562380617371
258.816,-2.0180378111538,-2.035264,0,1.51449610884568
258.827,-2.0180378111538,-2.035308,0,1.50198423939628
258.828,-2.0180378111538,-2.035312,0,1.50083704310155
258.839,-2.0180378111538,-2.035356,0,1.48811043315252
258.84,-2.0180378111538,-2.03536,0,1.48694369209724
258.851,-2.0180378111538,-2.035404,0,1.47400183791583
258.852,-2.0180378111538,-2.035408,0,1.47281550630612
258.863,-2.0180378111538,-2.035452,0,1.45965790415944
258.864,-2.0180378111538,-2.035456,0,1.45845193620137
258.875,-2.0180378111538,-2.0355,0,1.44507808235639
258.876,-2.0180378111538,-2.035504,0,1.44385243225608
258.887,-2.0180378111538,-2.035548,0,1.4302618229799
258.888,-2.0180378111538,-2.035552,0,1.42901644494343
258.899,-2.0180378111538,-2.035596,0,1.41520857650311
258.9,-2.0180378111538,-2.0356,0,1.41394342473659
258.911,-2.0180378111538,-2.035644,0,1.39991779339917
258.912,-2.0180378111538,-2.035648,0,1.39863282210869
258.923,-2.0180378111538,-2.035692,0,1.38438892414126
258.924,-2.0180378111538,-2.035696,0,1.38308408753298
258.935,-2.0180378111538,-2.03574,0,1.36862141920253
258.936,-2.0180378111538,-2.035744,0,1.36729667148248
258.939,-2.0180378111538,-2.035756,0,1.3633124590917
258.947,-2.0180518921352,-2.035788,-0.00352709655502269,1.3633124590917
258.948,-2.01805564161079,-2.035792,-0.00397208273937671,1.3633124590917
258.957,-2.01810966152288,-2.035828,-0.00806190776782341,1.34259591674254
258.959,-2.01823714227669,-2.035836,-0.189100001750242,1.34259591674254
258.96,-2.018502777533,-2.03584,-0.341968258949843,1.37881455715448
258.966,-2.02221055372399,-2.035864,-0.747857659411837,1.60816155503232
258.968,-2.02368092255491,-2.035872,-0.722793198828156,1.65222358177614
258.971,-2.02567598070776,-2.035884,-0.6081759351403,1.65222358177614
258.972,-2.02626560764317,-2.035888,-0.571174032688488,1.65222358177614
258.982,-2.03029644063516,-2.035928,-0.27477416646491,1.60291318188793
258.983,-2.03057012282447,-2.035932,-0.27261274347497,1.60291318188793
258.984,-2.03084171083912,-2.035936,-0.270585474026409,1.60291318188793
258.995,-2.03372771312735,-2.03598,-0.256612372207101,1.60291318188793
258.996,-2.03398403849873,-2.035984,-0.256057342191601,1.60291318188793
259.006,-2.03653812029422,-2.036024,-0.25656042346155,1.62874943437531
259.007,-2.03678712863051,-2.036028,-0.241495666595791,1.62874943437531
259.008,-2.03702118904723,-2.036032,-0.226663175019778,1.62874943437531
259.017,-2.03849004873176,-2.036068,-0.102295531820939,1.60646446788416
259.019,-2.03869582738014,-2.036076,-0.103508831541452,1.60646446788416
259.02,-2.03879966522614,-2.03608,-0.10417327348004,1.60646446788416
259.031,-2.03999546132323,-2.036124,-0.11402113002175,1.60646446788416
259.032,-2.04011004286095,-2.036128,-0.115148453755581,1.60646446788416
259.043,-2.04145485104145,-2.036172,-0.13017319610583,1.63341999193215
259.044,-2.04157764162035,-2.036176,-0.115437828854569,1.63341999193215
259.051,-2.04203193888307,-2.036204,0,1.61418522719784
259.055,-2.04203193888307,-2.03622,0,1.59851101600038
259.056,-2.04203193888307,-2.036224,0,1.59683385939978
259.064,-2.04203193888307,-2.036256,0,1.59316182054128
259.068,-2.04203193888307,-2.036272,0,1.5933396269934
259.079,-2.04203193888307,-2.036316,0,1.59459944652855
259.08,-2.04203193888307,-2.03632,0,1.5947259829301
259.091,-2.04203193888307,-2.036364,0,1.5961418590963
259.092,-2.04203193888307,-2.036368,0,1.59627205462715
259.103,-2.04203193888307,-2.036412,0,1.59771740777205
259.104,-2.04203193888307,-2.036416,0,1.5978499767938
259.115,-2.04203193888307,-2.03646,0,1.59932090268584
259.116,-2.04203193888307,-2.036464,0,1.5994557659637
259.127,-2.04203193888307,-2.036508,0,1.60095166915225
259.128,-2.04203193888307,-2.036512,0,1.60108877999036
259.139,-2.04203193888307,-2.036556,0,1.60260915426868
259.14,-2.04203193888307,-2.03656,0,1.60274846684881
259.151,-2.04203193888307,-2.036604,0,1.60429280841726
259.152,-2.04203193888307,-2.036608,0,1.60443427694489
259.163,-2.04203193888307,-2.036652,0,1.60600208206868
259.164,-2.04203193888307,-2.036656,0,1.60614566074984
259.175,-2.04203193888307,-2.0367,0,1.60773642569601
259.176,-2.04203193888307,-2.036704,0,1.60788206873681
259.187,-2.04203193888307,-2.036748,0,1.60949528977243
259.188,-2.04203193888307,-2.036752,0,1.60964295137895
259.199,-2.04203193888307,-2.036796,0,1.61127812477111
259.2,-2.04203193888307,-2.0368,0,1.61142775914939
259.211,-2.04203193888307,-2.036844,0,1.61308438116515
259.212,-2.04203193888307,-2.036848,0,1.61323594252135
259.223,-2.04203193888307,-2.036892,0,1.61491350942773
259.224,-2.04203193888307,-2.036896,0,1.61506695196794
259.235,-2.04203193888307,-2.03694,0,1.616764960032
259.236,-2.04203193888307,-2.036944,0,1.61692023796233
259.247,-2.04203193888307,-2.036988,0,1.61863818345113
259.248,-2.04203193888307,-2.036992,0,1.61879525097767
259.259,-2.04203193888307,-2.037036,0,1.62053263015827
259.26,-2.04203193888307,-2.03704,0,1.62069144148712
259.271,-2.04203193888307,-2.037084,0,1.62244775062659
259.272,-2.04203193888307,-2.037088,0,1.62260825996388
259.283,-2.04203193888307,-2.037132,0,1.62438299532922
259.284,-2.04203193888307,-2.037136,0,1.62454515688101
259.295,-2.04203193888307,-2.03718,0,1.62633781473934
259.296,-2.04203193888307,-2.037184,0,1.62650158271172
259.307,-2.04203193888307,-2.037228,0,1.62831165933008
259.308,-2.04203193888307,-2.037232,0,1.62847698792915
259.319,-2.04203193888307,-2.037276,0,1.63030397957465
259.32,-2.04203193888307,-2.03728,0,1.63047082300645
259.331,-2.04203193888307,-2.037324,0,1.63231422594613
259.332,-2.04203193888307,-2.037328,0,1.63248253841681
259.343,-2.04203193888307,-2.037372,0,1.63434184891772
259.344,-2.04203193888307,-2.037376,0,1.63451158463337
259.355,-2.04203193888307,-2.03742,0,1.63638629896255
259.356,-2.04203193888307,-2.037424,0,1.63655741212928
259.367,-2.04203193888307,-2.037468,0,1.6384470265538
259.368,-2.04203193888307,-2.037472,0,1.6386194713777
259.379,-2.04203193888307,-2.037516,0,1.64052348216461
259.38,-2.04203193888307,-2.03752,0,1.64069721285183
259.391,-2.04203193888307,-2.037564,0,1.64261511626815
259.392,-2.04203193888307,-2.037568,0,1.64279008702474
259.403,-2.04203193888307,-2.037612,0,1.64472137933757
259.404,-2.04203193888307,-2.037616,0,1.64489754436961
259.415,-2.04203193888307,-2.03766,0,1.64684172184601
259.416,-2.04203193888307,-2.037664,0,1.64701903535961
259.427,-2.04203193888307,-2.037708,0,1.64897559426665
259.428,-2.04203193888307,-2.037712,0,1.6491540104679
259.439,-2.04203193888307,-2.037756,0,1.65112244707269
259.44,-2.04203193888307,-2.03776,0,1.65130192016763
259.451,-2.04203193888307,-2.037804,0,1.65328173073718
259.452,-2.04203193888307,-2.037808,0,1.65346221493196
259.463,-2.04203193888307,-2.037852,0,1.65545289573332
259.464,-2.04203193888307,-2.037856,0,1.65563434523405
259.475,-2.04203193888307,-2.0379,0,1.65763539253427
259.476,-2.04203193888307,-2.037904,0,1.65781776154703
259.487,-2.04203193888307,-2.037948,0,1.65982867161319
259.488,-2.04203193888307,-2.037952,0,1.66001191434409
259.499,-2.04203193888307,-2.037996,0,1.66203218344324
259.5,-2.04203193888307,-2.038,0,1.66221625409842
259.511,-2.04203193888307,-2.038044,0,1.66424537849757
259.512,-2.04203193888307,-2.038048,0,1.66443023128307
259.523,-2.04203193888307,-2.038092,0,1.66646770724933
259.524,-2.04203193888307,-2.038096,0,1.66665329637126
259.535,-2.04203193888307,-2.03814,0,1.66869862017169
259.536,-2.04203193888307,-2.038144,0,1.66888489983613
259.547,-2.04203193888307,-2.038188,0,1.67093756773783
259.548,-2.04203193888307,-2.038192,0,1.67112449215083
259.559,-2.04203193888307,-2.038236,0,1.67318400042083
259.56,-2.04203193888307,-2.03824,0,1.67337152378854
259.571,-2.04203193888307,-2.038284,0,1.67543736869389
259.572,-2.04203193888307,-2.038288,0,1.67562544522241
259.583,-2.04203193888307,-2.038332,0,1.67769712303016
259.584,-2.04203193888307,-2.038336,0,1.67788570692558
259.595,-2.04203193888307,-2.03838,0,1.67996271390278
259.596,-2.04203193888307,-2.038384,0,1.68015175937121
259.607,-2.04203193888307,-2.038428,0,1.68223359178495
259.608,-2.04203193888307,-2.038432,0,1.68242305303253
259.619,-2.04203193888307,-2.038476,0,1.6845092071498
259.62,-2.04203193888307,-2.03848,0,1.68469903838257
259.631,-2.04203193888307,-2.038524,0,1.68678901047048
259.632,-2.04203193888307,-2.038528,0,1.68697916589454
259.643,-2.04203193888307,-2.038572,0,1.68907245222015
259.644,-2.04203193888307,-2.038576,0,1.6892628860416
259.655,-2.04203193888307,-2.03862,0,1.69135898287197
259.656,-2.04203193888307,-2.038624,0,1.69154964929689
259.667,-2.04203193888307,-2.038668,0,1.69364805289913
259.668,-2.04203193888307,-2.038672,0,1.69383890613357
259.679,-2.04203193888307,-2.038716,0,1.69593911277471
259.68,-2.04203193888307,-2.03872,0,1.69613010702483
259.691,-2.04203193888307,-2.038764,0,1.69823161297191
259.692,-2.04203193888307,-2.038768,0,1.69842270244379
259.703,-2.04203193888307,-2.038812,0,1.70052500396387
259.704,-2.04203193888307,-2.038816,0,1.70071614286362
259.715,-2.04203193888307,-2.03886,0,1.70281873622374
259.716,-2.04203193888307,-2.038864,0,1.70300987875746
259.727,-2.04203193888307,-2.038908,0,1.70511226022471
259.728,-2.04203193888307,-2.038912,0,1.70530336059854
259.739,-2.04203193888307,-2.038956,0,1.70740502643991
259.74,-2.04203193888307,-2.03896,0,1.7075960388599
259.751,-2.04203193888307,-2.039004,0,1.70969648534251
259.752,-2.04203193888307,-2.039008,0,1.70988736401475
259.763,-2.04203193888307,-2.039052,0,1.71198608740565
259.764,-2.04203193888307,-2.039056,0,1.71217678653624
259.775,-2.04203193888307,-2.0391,0,1.71427328310254
259.776,-2.04203193888307,-2.039104,0,1.71446375689751
259.787,-2.04203193888307,-2.039148,0,1.71655752290624
259.788,-2.04203193888307,-2.039152,0,1.71674772557175
259.799,-2.04203193888307,-2.039196,0,1.71883825728996
259.8,-2.04203193888307,-2.0392,0,1.71902814303211
259.811,-2.04203193888307,-2.039244,0,1.72111493672685
259.812,-2.04203193888307,-2.039248,0,1.72130445975174
259.823,-2.04203193888307,-2.039292,0,1.72338701169007
259.824,-2.04203193888307,-2.039296,0,1.72357612620378
259.835,-2.04203193888307,-2.03934,0,1.72565393265281
259.836,-2.04203193888307,-2.039344,0,1.72584259286139
259.847,-2.04203193888307,-2.039388,0,1.72791515008814
259.848,-2.04203193888307,-2.039392,0,1.7281033101978
259.859,-2.04203193888307,-2.039436,0,1.73017011446927
259.86,-2.04203193888307,-2.03944,0,1.73035772868604
259.871,-2.04203193888307,-2.039484,0,1.73241827626934
259.872,-2.04203193888307,-2.039488,0,1.73260529879933
259.883,-2.04203193888307,-2.039532,0,1.73465908596152
259.884,-2.04203193888307,-2.039536,0,1.73484547101082
259.895,-2.04203193888307,-2.03958,0,1.73689199401895
259.896,-2.04203193888307,-2.039584,0,1.73707769579366
259.907,-2.04203193888307,-2.039628,0,1.7391164509148
259.908,-2.04203193888307,-2.039632,0,1.73930142362102
259.919,-2.04203193888307,-2.039676,0,1.74133190712223
259.92,-2.04203193888307,-2.03968,0,1.74151610496604
259.931,-2.04203193888307,-2.039724,0,1.74353781311437
259.932,-2.04203193888307,-2.039728,0,1.74372119030189
259.943,-2.04203193888307,-2.039772,0,1.74573361936439
259.944,-2.04203193888307,-2.039776,0,1.7459161301017
259.955,-2.04203193888307,-2.03982,0,1.74791877634552
259.956,-2.04203193888307,-2.039824,0,1.7481003748387
259.967,-2.04203193888307,-2.039868,0,1.75009273453078
259.968,-2.04203193888307,-2.039872,0,1.75027337498595
259.979,-2.04203193888307,-2.039916,0,1.7522549443934
259.98,-2.04203193888307,-2.03992,0,1.75243458101665
259.991,-2.04203193888307,-2.039964,0,1.75440485640651
259.992,-2.04203193888307,-2.039968,0,1.75458344340394
260.003,-2.04203193888307,-2.040012,0,1.75654192104328
260.004,-2.04203193888307,-2.040016,0,1.75671941262098
260.015,-2.04203193888307,-2.04006,0,1.75866558877687
260.016,-2.04203193888307,-2.040064,0,1.75884193914095
260.027,-2.04203193888307,-2.040108,0,1.76077531008043
260.028,-2.04203193888307,-2.040112,0,1.76095047343698
260.039,-2.04203193888307,-2.040156,0,1.76287053542712
260.04,-2.04203193888307,-2.04016,0,1.76304446598223
260.051,-2.04203193888307,-2.040204,0,1.76495071529009
260.052,-2.04203193888307,-2.040208,0,1.76512336724986
260.063,-2.04203193888307,-2.040252,0,1.76701530014255
260.064,-2.04203193888307,-2.040256,0,1.76718662771301
260.075,-2.04203193888307,-2.0403,0,1.76906374045756
260.076,-2.04203193888307,-2.040304,0,1.76923369784492
260.087,-2.04203193888307,-2.040348,0,1.77109548670831
260.088,-2.04203193888307,-2.040352,0,1.77126402811863
260.099,-2.04203193888307,-2.040396,0,1.77310998936797
260.1,-2.04203193888307,-2.0404,0,1.77327706900733
260.111,-2.04203193888307,-2.040444,0,1.77510669890969
260.112,-2.04203193888307,-2.040448,0,1.77527227098419
260.123,-2.04203193888307,-2.040492,0,1.77708506580661
260.124,-2.04203193888307,-2.040496,0,1.77724908452235
260.135,-2.04203193888307,-2.04054,0,1.77904454053192
260.136,-2.04203193888307,-2.040544,0,1.779206960095
260.147,-2.04203193888307,-2.040588,0,1.78098457355876
260.148,-2.04203193888307,-2.040592,0,1.78114534817527
260.159,-2.04203193888307,-2.040636,0,1.78290461536028
260.16,-2.04203193888307,-2.04064,0,1.78306369923631
260.171,-2.04203193888307,-2.040684,0,1.78480411640963
260.172,-2.04203193888307,-2.040688,0,1.78496146375129
260.183,-2.04203193888307,-2.040732,0,1.78668252718004
260.184,-2.04203193888307,-2.040736,0,1.78683809219341
260.195,-2.04203193888307,-2.04078,0,1.78853929814455
260.196,-2.04203193888307,-2.040784,0,1.78869303503573
260.207,-2.04203193888307,-2.040828,0,1.79037387977636
260.208,-2.04203193888307,-2.040832,0,1.79052574275145
260.219,-2.04203193888307,-2.040876,0,1.79218572254863
260.22,-2.04203193888307,-2.04088,0,1.79233566581373
260.231,-2.04203193888307,-2.040924,0,1.7939742769345
260.232,-2.04203193888307,-2.040928,0,1.79412225469571
260.243,-2.04203193888307,-2.040972,0,1.79573899340715
260.244,-2.04203193888307,-2.040976,0,1.79588495987057
260.255,-2.04203193888307,-2.04102,0,1.79747932243975
260.256,-2.04203193888307,-2.041024,0,1.79762323181145
260.267,-2.04203193888307,-2.041068,0,1.79919471450542
260.268,-2.04203193888307,-2.041072,0,1.79933652099152
260.279,-2.04203193888307,-2.041116,0,1.80088462007733
260.28,-2.04203193888307,-2.04112,0,1.80102427788392
260.291,-2.04203193888307,-2.041164,0,1.80254848962863
260.292,-2.04203193888307,-2.041168,0,1.8026859529618
260.303,-2.04203193888307,-2.041212,0,1.80418577363254
260.304,-2.04203193888307,-2.041216,0,1.80432099669839
260.315,-2.04203193888307,-2.04126,0,1.80579592256211
260.316,-2.04203193888307,-2.041264,0,1.80592885956673
260.327,-2.04203193888307,-2.041308,0,1.80737838689054
260.328,-2.04203193888307,-2.041312,0,1.80750899204004
260.339,-2.04203193888307,-2.041356,0,1.80893261709098
260.34,-2.04203193888307,-2.04136,0,1.80906084459145
260.351,-2.04203193888307,-2.041404,0,1.81045806363658
260.352,-2.04203193888307,-2.041408,0,1.81058386769412
260.363,-2.04203193888307,-2.041452,0,1.81195417700053
260.364,-2.04203193888307,-2.041456,0,1.81207751182123
260.375,-2.04203193888307,-2.0415,0,1.81342040765596
260.376,-2.04203193888307,-2.041504,0,1.81354122744593
260.387,-2.04203193888307,-2.041548,0,1.81485620607603
260.388,-2.04203193888307,-2.041552,0,1.81497446504136
260.399,-2.04203193888307,-2.041596,0,1.81626102273389
260.4,-2.04203193888307,-2.0416,0,1.81637667508072
260.411,-2.04203193888307,-2.041644,0,1.81763430810277
260.412,-2.04203193888307,-2.041648,0,1.81774730803708
260.423,-2.04203193888307,-2.041692,0,1.8189755126557
260.424,-2.04203193888307,-2.041696,0,1.81908581438365
260.435,-2.04203193888307,-2.04174,0,1.82028408686589
260.436,-2.04203193888307,-2.041744,0,1.82039164459359
260.447,-2.04203193888307,-2.041788,0,1.8215594812065
260.448,-2.04203193888307,-2.041792,0,1.82166424914003
260.459,-2.04203193888307,-2.041836,0,1.82280114615067
260.46,-2.04203193888307,-2.04184,0,1.82290307849615
260.471,-2.04203193888307,-2.041884,0,1.82400853217158
260.472,-2.04203193888307,-2.041888,0,1.82410758313513
260.483,-2.04203193888307,-2.041932,0,1.82518108974237
260.484,-2.04203193888307,-2.041936,0,1.82527721353006
260.495,-2.04203193888307,-2.04198,0,1.82631826933621
260.496,-2.04203193888307,-2.041984,0,1.82641142015412
260.507,-2.04203193888307,-2.042028,0,1.82741952142624
260.508,-2.04203193888307,-2.042032,0,1.82750965348047
260.519,-2.04203193888307,-2.042076,0,1.82848429648562
260.52,-2.04203193888307,-2.04208,0,1.82857136398227
260.531,-2.04203193888307,-2.042124,0,1.82951204498757
260.532,-2.04203193888307,-2.042128,0,1.82959600213266
260.543,-2.04203193888307,-2.042172,0,1.83050221740513
260.544,-2.04203193888307,-2.042176,0,1.83058301840483
260.555,-2.04203193888307,-2.04222,0,1.83145426421151
260.556,-2.04203193888307,-2.042224,0,1.83153186327191
260.567,-2.04203193888307,-2.042268,0,1.83236763587986
260.568,-2.04203193888307,-2.042272,0,1.83244198720706
260.579,-2.04203193888307,-2.042316,0,1.83324178288332
260.58,-2.04203193888307,-2.04232,0,1.83331284068343
260.591,-2.04203193888307,-2.042364,0,1.83407615569509
260.592,-2.04203193888307,-2.042368,0,1.83414387417425
260.603,-2.04203193888307,-2.042412,0,1.8348702047883
260.604,-2.04203193888307,-2.042416,0,1.83493453815254
260.615,-2.04203193888307,-2.04246,0,1.83562338063611
260.616,-2.04203193888307,-2.042464,0,1.83568428309154
260.627,-2.04203193888307,-2.042508,0,1.83633513371167
260.628,-2.04203193888307,-2.042512,0,1.83639255946438
260.639,-2.04203193888307,-2.042556,0,1.83700491448814
260.64,-2.04203193888307,-2.04256,0,1.83705881774422
260.651,-2.04203193888307,-2.042604,0,1.83763217343871
260.652,-2.04203193888307,-2.042608,0,1.83768250840421
260.663,-2.04203193888307,-2.042652,0,1.83821636103647
260.664,-2.04203193888307,-2.042656,0,1.83826308191754
260.675,-2.04203193888307,-2.0427,0,1.83875692775459
260.676,-2.04203193888307,-2.042704,0,1.83879998875734
260.687,-2.04203193888307,-2.042748,0,1.83925332406625
260.688,-2.04203193888307,-2.042752,0,1.83929267939676
260.699,-2.04203193888307,-2.042796,0,1.83970500044459
260.7,-2.04203193888307,-2.0428,0,1.83974060430896
260.711,-2.04203193888307,-2.042844,0,1.84011140736278
260.712,-2.04203193888307,-2.042848,0,1.84014321396716
260.723,-2.04203193888307,-2.042892,0,1.84047199529397
260.724,-2.04203193888307,-2.042896,0,1.8404999588444
260.735,-2.04203193888307,-2.04294,0,1.84078621471131
260.736,-2.04203193888307,-2.042944,0,1.84081028941389
260.747,-2.04203193888307,-2.042988,0,1.84105351608795
260.748,-2.04203193888307,-2.042992,0,1.84107365614878
260.759,-2.04203193888307,-2.043036,0,1.84127334989711
260.76,-2.04203193888307,-2.04304,0,1.84128950952221
260.771,-2.04203193888307,-2.043084,0,1.84144516661185
260.772,-2.04203193888307,-2.043088,0,1.84145730000739
260.783,-2.04203193888307,-2.043132,0,1.84156841670536
260.784,-2.04203193888307,-2.043136,0,1.84157647807743
260.795,-2.04203193888307,-2.04318,0,1.84164255065079
260.796,-2.04203193888307,-2.043184,0,1.8416464942055
260.807,-2.04203193888307,-2.043228,0,1.84166701892132
260.808,-2.04203193888307,-2.043232,0,1.84166679886475
260.819,-2.04203193888307,-2.043276,0,1.84164127199009
260.82,-2.04203193888307,-2.04328,0,1.8416368425284
260.831,-2.04203193888307,-2.043324,0,1.84156476033027
260.832,-2.04203193888307,-2.043328,0,1.84155607566949
260.843,-2.04203193888307,-2.043372,0,1.84143693441499
260.844,-2.04203193888307,-2.043376,0,1.84142394876123
260.855,-2.04203193888307,-2.04342,0,1.84125724471742
260.856,-2.04203193888307,-2.043424,0,1.84123991227678
260.867,-2.04203193888307,-2.043468,0,1.8410251417107
260.868,-2.04203193888307,-2.043472,0,1.84100341668928
260.879,-2.04203193888307,-2.043516,0,1.84074007586808
260.88,-2.04203193888307,-2.04352,0,1.84071391247189
260.891,-2.04203193888307,-2.043564,0,1.84040149766258
260.892,-2.04203193888307,-2.043568,0,1.84037085009779
260.903,-2.04203193888307,-2.043612,0,1.84000885756741
260.904,-2.04203193888307,-2.043616,0,1.83997368004012
260.915,-2.04203193888307,-2.04366,0,1.83956160605573
260.916,-2.04203193888307,-2.043664,0,1.83952185277203
260.927,-2.04203193888307,-2.043708,0,1.83905919360068
260.928,-2.04203193888307,-2.043712,0,1.83901481876667
260.939,-2.04203193888307,-2.043756,0,1.83850107067544
260.94,-2.04203193888307,-2.04376,0,1.83845202849727
260.951,-2.04203193888307,-2.043804,0,1.83788668775316
260.952,-2.04203193888307,-2.043808,0,1.83783293243687
260.963,-2.04203193888307,-2.043852,0,1.83721549530698
260.964,-2.04203193888307,-2.043856,0,1.83715698105868
260.975,-2.04203193888307,-2.0439,0,1.83648694381008
260.976,-2.04203193888307,-2.043904,0,1.83642362483584
260.987,-2.04203193888307,-2.043948,0,1.83570048373563
260.988,-2.04203193888307,-2.043952,0,1.83563231424151
260.999,-2.04203193888307,-2.043996,0,1.83485556555673
261,-2.04203193888307,-2.044,0,1.83478249974887
261.011,-2.04203193888307,-2.044044,0,1.83395163974656
261.012,-2.04203193888307,-2.044048,0,1.83387363183107
261.023,-2.04203193888307,-2.044092,0,1.83298815677827
261.024,-2.04203193888307,-2.044096,0,1.83290516096124
261.035,-2.04203193888307,-2.04414,0,1.83196456712502
261.036,-2.04203193888307,-2.044144,0,1.83187653761255
261.047,-2.04203193888307,-2.044188,0,1.83088032125997
261.048,-2.04203193888307,-2.044192,0,1.8307872122582
261.059,-2.04203193888307,-2.044236,0,1.82973486965628
261.06,-2.04203193888307,-2.04424,0,1.82963663537127
261.071,-2.04203193888307,-2.044284,0,1.82852766278711
261.072,-2.04203193888307,-2.044288,0,1.82842425742494
261.083,-2.04203193888307,-2.044332,0,1.8272581511256
261.084,-2.04203193888307,-2.044336,0,1.82714952889237
261.095,-2.04203193888307,-2.04438,0,1.82592578514492
261.096,-2.04203193888307,-2.044384,0,1.82581190024673
261.107,-2.04203193888307,-2.044428,0,1.82453001531825
261.108,-2.04203193888307,-2.044432,0,1.82441082196113
261.119,-2.04203193888307,-2.044476,0,1.82307029211868
261.12,-2.04203193888307,-2.04448,0,1.82294574450879
261.131,-2.04203193888307,-2.044524,0,1.82154606601939
261.132,-2.04203193888307,-2.044528,0,1.82141611836283
261.143,-2.04203193888307,-2.044572,0,1.81995678749355
261.144,-2.04203193888307,-2.044576,0,1.81982139399641
261.155,-2.04203193888307,-2.04462,0,1.8183019070143
261.156,-2.04203193888307,-2.044624,0,1.81816102188268
261.167,-2.04203193888307,-2.044668,0,1.81658087505482
261.168,-2.04203193888307,-2.044672,0,1.81643445249487
261.179,-2.04203193888307,-2.044716,0,1.81479314208825
261.18,-2.04203193888307,-2.04472,0,1.81464113630601
261.191,-2.04203193888307,-2.044764,0,1.81293815858775
261.192,-2.04203193888307,-2.044768,0,1.81278052378932
261.203,-2.04203193888307,-2.044812,0,1.81101537502646
261.204,-2.04203193888307,-2.044816,0,1.81085206541794
261.215,-2.04203193888307,-2.04486,0,1.80902424187755
261.216,-2.04203193888307,-2.044864,0,1.80885521166503
261.227,-2.04203193888307,-2.044908,0,1.80696420961423
261.228,-2.04203193888307,-2.044912,0,1.80678941300375
261.239,-2.04203193888307,-2.044956,0,1.80483472870956
261.24,-2.04203193888307,-2.04496,0,1.80465411990727
261.251,-2.04203193888307,-2.045004,0,1.80263524963673
261.252,-2.04203193888307,-2.045008,0,1.80244878284873
261.263,-2.04203193888307,-2.045052,0,1.8003652228689
261.264,-2.04203193888307,-2.045056,0,1.80017285230128
261.275,-2.04203193888307,-2.0451,0,1.79802409887927
261.276,-2.04203193888307,-2.045104,0,1.79782577873808
261.287,-2.04203193888307,-2.045148,0,1.79561132814091
261.288,-2.04203193888307,-2.045152,0,1.79540701263235
261.299,-2.04203193888307,-2.045196,0,1.79312636112702
261.3,-2.04203193888307,-2.0452,0,1.79291600445713
261.311,-2.04203193888307,-2.045244,0,1.79056864831075
261.312,-2.04203193888307,-2.045248,0,1.79035220468563
261.323,-2.04203193888307,-2.045292,0,1.78793764016525
261.324,-2.04203193888307,-2.045296,0,1.78771506379101
261.335,-2.04203193888307,-2.04534,0,1.78523278716369
261.336,-2.04203193888307,-2.045344,0,1.78500403224641
261.347,-2.04203193888307,-2.045388,0,1.78245353977923
261.348,-2.04203193888307,-2.045392,0,1.78221856052501
261.359,-2.04203193888307,-2.045436,0,1.77959934848501
261.36,-2.04203193888307,-2.04544,0,1.77935809909995
261.371,-2.04203193888307,-2.045484,0,1.7766696637542
261.372,-2.04203193888307,-2.045488,0,1.77642209844439
261.383,-2.04203193888307,-2.045532,0,1.77366393605993
261.384,-2.04203193888307,-2.045536,0,1.77341000903147
261.395,-2.04203193888307,-2.04558,0,1.77058161587544
261.396,-2.04203193888307,-2.045584,0,1.77032128133441
261.407,-2.04203193888307,-2.045628,0,1.76742215367376
261.408,-2.04203193888307,-2.045632,0,1.76715536582628
261.419,-2.04203193888307,-2.045676,0,1.76418499992811
261.42,-2.04203193888307,-2.04568,0,1.76391171298027
261.431,-2.04203193888307,-2.045724,0,1.76086960511164
261.432,-2.04203193888307,-2.045728,0,1.76058977326953
261.443,-2.04203193888307,-2.045772,0,1.75747541969749
261.444,-2.04203193888307,-2.045776,0,1.75718899716721
261.455,-2.04203193888307,-2.04582,0,1.75400189415885
261.456,-2.04203193888307,-2.045824,0,1.7537088351465
261.467,-2.04203193888307,-2.045868,0,1.75044847896885
261.468,-2.04203193888307,-2.045872,0,1.75014873768053
261.479,-2.04203193888307,-2.045916,0,1.74681462460066
261.48,-2.04203193888307,-2.04592,0,1.74650815524245
261.491,-2.04203193888307,-2.045964,0,1.74309978152742
261.492,-2.04203193888307,-2.045968,0,1.74278653830543
261.503,-2.04203193888307,-2.046012,0,1.73930340022229
261.504,-2.04203193888307,-2.046016,0,1.73898333734261
261.515,-2.04203193888307,-2.04606,0,1.73542493115849
261.516,-2.04203193888307,-2.046064,0,1.73509800282721
261.527,-2.04203193888307,-2.046108,0,1.73146382480906
261.528,-2.04203193888307,-2.046112,0,1.73112998523229
261.539,-2.04203193888307,-2.046156,0,1.72741953164722
261.54,-2.04203193888307,-2.04616,0,1.72707873503105
261.551,-2.04203193888307,-2.046204,0,1.72329150214611
261.552,-2.04203193888307,-2.046208,0,1.72294370269663
261.563,-2.04203193888307,-2.046252,0,1.71907918677887
261.564,-2.04203193888307,-2.046256,0,1.71872433870219
261.575,-2.04203193888307,-2.0463,0,1.7147820360187
261.576,-2.04203193888307,-2.046304,0,1.71442009352091
261.587,-2.04203193888307,-2.046348,0,1.71039950033873
261.588,-2.04203193888307,-2.046352,0,1.71003041762593
261.599,-2.04203193888307,-2.046396,0,1.70593103021212
261.6,-2.04203193888307,-2.0464,0,1.70555476149041
261.611,-2.04203193888307,-2.046444,0,1.70137607611202
261.612,-2.04203193888307,-2.046448,0,1.70099257558749
261.623,-2.04203193888307,-2.046492,0,1.69673408851166
261.624,-2.04203193888307,-2.046496,0,1.69634331039033
261.635,-2.04203193888307,-2.04654,0,1.69200451788406
261.636,-2.04203193888307,-2.046544,0,1.69160641637216
261.647,-2.04203193888307,-2.046588,0,1.68718681470245
261.648,-2.04203193888307,-2.046592,0,1.68678134400601
261.659,-2.04203193888307,-2.046636,0,1.68228042943996
261.66,-2.04203193888307,-2.04664,0,1.6818675437651
261.671,-2.04203193888307,-2.046684,0,1.67728481256977
261.672,-2.04203193888307,-2.046688,0,1.67686446612256
261.683,-2.04203193888307,-2.046732,0,1.67219941456502
261.684,-2.04203193888307,-2.046736,0,1.67177156155157
261.695,-2.04203193888307,-2.04678,0,1.66702368589889
261.696,-2.04203193888307,-2.046784,0,1.6665882805253
261.707,-2.04203193888307,-2.046828,0,1.66175707704452
261.708,-2.04203193888307,-2.046832,0,1.66131407351687
261.719,-2.04203193888307,-2.046876,0,1.65639903847505
261.72,-2.04203193888307,-2.04688,0,1.65594839099946
261.731,-2.04203193888307,-2.046924,0,1.65094902066366
261.732,-2.04203193888307,-2.046928,0,1.65049068344621
261.743,-2.04203193888307,-2.046972,0,1.64540647408356
261.744,-2.04203193888307,-2.046976,0,1.64494040133033
261.755,-2.04203193888307,-2.04702,0,1.63977084920778
261.756,-2.04203193888307,-2.047024,0,1.63929699512489
261.767,-2.04203193888307,-2.047068,0,1.63404159650954
261.768,-2.04203193888307,-2.047072,0,1.63355991530307
261.779,-2.04203193888307,-2.047116,0,1.62821816646198
261.78,-2.04203193888307,-2.04712,0,1.62772861233805
261.791,-2.04203193888307,-2.047164,0,1.62230000953826
261.792,-2.04203193888307,-2.047168,0,1.62180253670296
261.803,-2.04203193888307,-2.047212,0,1.61628657621157
261.804,-2.04203193888307,-2.047216,0,1.61578113887098
261.815,-2.04203193888307,-2.04726,0,1.61017731695504
261.816,-2.04203193888307,-2.047264,0,1.60966386931526
261.827,-2.04203193888307,-2.047308,0,1.60397168224182
261.828,-2.04203193888307,-2.047312,0,1.60345017850896
261.839,-2.04203193888307,-2.047356,0,1.59766912254506
261.84,-2.04203193888307,-2.04736,0,1.59713951692521
261.851,-2.04203193888307,-2.047404,0,1.59126908833799
261.852,-2.04203193888307,-2.047408,0,1.59073133503718
261.863,-2.04203193888307,-2.047452,0,1.58477103009365
261.864,-2.04203193888307,-2.047456,0,1.5842250833181
261.875,-2.04203193888307,-2.0475,0,1.57817439828525
261.876,-2.04203193888307,-2.047504,0,1.577620212241
261.887,-2.04203193888307,-2.047548,0,1.57147864338595
261.888,-2.04203193888307,-2.047552,0,1.57091617227909
261.899,-2.04203193888307,-2.047596,0,1.5646832158689
261.9,-2.04203193888307,-2.0476,0,1.56411241390552
261.911,-2.04203193888307,-2.047644,0,1.55778756620723
261.912,-2.04203193888307,-2.047648,0,1.5572083875935
261.923,-2.04203193888307,-2.047692,0,1.55079114487414
261.924,-2.04203193888307,-2.047696,0,1.55020354381609
261.935,-2.04203193888307,-2.04774,0,1.54369340234276
261.936,-2.04203193888307,-2.047744,0,1.5430973330465
261.947,-2.04203193888307,-2.047788,0,1.53649378908626
261.948,-2.04203193888307,-2.047792,0,1.53588920575787
261.959,-2.04203193888307,-2.047836,0,1.52919175557778
261.96,-2.04203193888307,-2.04784,0,1.52857861242336
261.971,-2.04203193888307,-2.047884,0,1.52178675229055
261.972,-2.04203193888307,-2.047888,0,1.52116500351613
261.983,-2.04203193888307,-2.047932,0,1.5142782296976
261.984,-2.04203193888307,-2.047936,0,1.51364782950935
261.995,-2.04203193888307,-2.04798,0,1.50666563827214
261.996,-2.04203193888307,-2.047984,0,1.50602654087615
262.007,-2.04203193888307,-2.048028,0,1.49894842848734
262.008,-2.04203193888307,-2.048032,0,1.49830058808971
262.019,-2.04203193888307,-2.048076,0,1.49112605081633
262.02,-2.04203193888307,-2.04808,0,1.49046942162316
262.031,-2.04203193888307,-2.048124,0,1.48319795573228
262.032,-2.04203193888307,-2.048128,0,1.48253249194971
262.043,-2.04203193888307,-2.048172,0,1.47516359370837
262.044,-2.04203193888307,-2.048176,0,1.47448924954244
262.055,-2.04203193888307,-2.04822,0,1.46702241521772
262.056,-2.04203193888307,-2.048224,0,1.46633914487453
262.067,-2.04203193888307,-2.048268,0,1.4587738707335
262.068,-2.04203193888307,-2.048272,0,1.45808162841915
262.079,-2.04203193888307,-2.048316,0,1.45041741072886
262.08,-2.04203193888307,-2.04832,0,1.44971615064945
262.091,-2.04203193888307,-2.048364,0,1.44195248567701
262.092,-2.04203193888307,-2.048368,0,1.44124216203857
262.103,-2.04203193888307,-2.048412,0,1.43337854605102
262.104,-2.04203193888307,-2.048416,0,1.4326591130597
262.115,-2.04203193888307,-2.04846,0,1.42469504232407
262.116,-2.04203193888307,-2.048464,0,1.42396645418598
262.127,-2.04203193888307,-2.048508,0,1.41590142496932
262.128,-2.04203193888307,-2.048512,0,1.41516363589055
262.139,-2.04203193888307,-2.048556,0,1.40699714445992
262.14,-2.04203193888307,-2.04856,0,1.40625010864657
262.151,-2.04203193888307,-2.048604,0,1.39798165126907
262.152,-2.04203193888307,-2.048608,0,1.39722532292728
262.163,-2.04203193888307,-2.048652,0,1.38885439586988
262.164,-2.04203193888307,-2.048656,0,1.3880887292057
262.175,-2.04203193888307,-2.0487,0,1.37961482873552
262.176,-2.04203193888307,-2.048704,0,1.37883977795505
262.177,-2.04203193888307,-2.048708,0,1.37806394309774
262.187,-2.04203999305823,-2.048748,-0.00161572136377249,1.37806394309774
262.188,-2.04204169064468,-2.048752,-0.00177955458618747,1.37806394309774
262.199,-2.04207137728762,-2.048796,-0.00363782554108842,1.37806394309774
262.2,-2.04207510281666,-2.0488,-0.00381345868750266,1.37806394309774
262.206,-2.04210121077778,-2.048824,-0.00489870199510952,1.35781263504143
262.211,-2.04324737753051,-2.048844,-0.541486377599919,1.46034800907257
262.212,-2.04383264532623,-2.048848,-0.628961992555778,1.50295975992633
262.215,-2.04593195744071,-2.04886,-0.737987136035976,1.61661562964389
262.218,-2.04807936953052,-2.048872,-0.683350941293779,1.6787330065192
262.223,-2.05095688382348,-2.048892,-0.470234324992718,1.6787330065192
262.224,-2.0514066477355,-2.048896,-0.42938489214711,1.6787330065192
262.234,-2.05441136149803,-2.048936,-0.241585299599041,1.60509636045884
262.235,-2.05465642785573,-2.04894,-0.24855467998174,1.60509636045884
262.236,-2.05490848581112,-2.048944,-0.255568919598418,1.60509636045884
262.242,-2.05657041848755,-2.048968,-0.29873880836185,1.63120582097351
262.247,-2.05796278785492,-2.048988,-0.258988512032109,1.63120582097351
262.248,-2.05821805899421,-2.048992,-0.251582519665803,1.63120582097351
262.259,-2.06057769437071,-2.049036,-0.180403164106339,1.63120582097351
262.26,-2.06075526695383,-2.04904,-0.174762683278912,1.63120582097351
262.271,-2.06236529561713,-2.049084,-0.120084493767898,1.63120582097351
262.272,-2.06248318300786,-2.049088,-0.115704915763162,1.63120582097351
262.283,-2.06351128934083,-2.049132,-0.0727000120126654,1.63120582097351
262.284,-2.06358223476256,-2.049136,-0.0692008639649192,1.63120582097351
262.295,-2.06414553042586,-2.04918,-0.034204464476976,1.63120582097351
262.296,-2.06417827666306,-2.049184,-0.031294487835846,1.63120582097351
262.301,-2.06428090156219,-2.049204,0,1.64796213882032
262.308,-2.06428090156219,-2.049232,0,1.64481955387402
262.319,-2.06428090156219,-2.049276,0,1.65107684464285
262.32,-2.06428090156219,-2.04928,0,1.65173476752239
262.331,-2.06428090156219,-2.049324,0,1.65911739109953
262.332,-2.06428090156219,-2.049328,0,1.65979640846361
262.343,-2.06428090156219,-2.049372,0,1.66732950532145
262.344,-2.06428090156219,-2.049376,0,1.66801998945329
262.355,-2.06428090156219,-2.04942,0,1.67567677569737
262.356,-2.06428090156219,-2.049424,0,1.67637842236103
262.367,-2.06428090156219,-2.049468,0,1.68415768543429
262.368,-2.06428090156219,-2.049472,0,1.68487044186521
262.379,-2.06428090156219,-2.049516,0,1.69277165891643
262.38,-2.06428090156219,-2.04952,0,1.69349547913276
262.391,-2.06428090156219,-2.049564,0,1.70151814591329
262.392,-2.06428090156219,-2.049568,0,1.70225298411599
262.403,-2.06428090156219,-2.049612,0,1.71039659687902
262.404,-2.06428090156219,-2.049616,0,1.71114240727406
262.415,-2.06428090156219,-2.04966,0,1.71940646228629
262.416,-2.06428090156219,-2.049664,0,1.72016319907976
262.427,-2.06428090156219,-2.049708,0,1.72854719260827
262.428,-2.06428090156219,-2.049712,0,1.72931481000621
262.439,-2.06428090156219,-2.049756,0,1.73781823831804
262.44,-2.06428090156219,-2.04976,0,1.7385966905266
262.451,-2.06428090156219,-2.049804,0,1.7472190498888
262.452,-2.06428090156219,-2.049808,0,1.74800829111408
262.463,-2.06428090156219,-2.049852,0,1.75674907779369
262.464,-2.06428090156219,-2.049856,0,1.75754906224178
262.475,-2.06428090156219,-2.0499,0,1.76640777250587
262.476,-2.06428090156219,-2.049904,0,1.76721845438287
262.487,-2.06428090156219,-2.049948,0,1.77619458449849
262.488,-2.06428090156219,-2.049952,0,1.77701591801051
262.499,-2.06428090156219,-2.049996,0,1.78610896424473
262.5,-2.06428090156219,-2.05,0,1.7869409035979
262.511,-2.06428090156219,-2.050044,0,1.79615036221773
262.512,-2.06428090156219,-2.050048,0,1.7969928616181
262.523,-2.06428090156219,-2.050092,0,1.80631822889065
262.524,-2.06428090156219,-2.050096,0,1.80717124254431
262.535,-2.06428090156219,-2.05014,0,1.81661201473664
262.536,-2.06428090156219,-2.050144,0,1.8174754968497
262.547,-2.06428090156219,-2.050188,0,1.8270311702289
262.548,-2.06428090156219,-2.050192,0,1.82790507500738
262.559,-2.06428090156219,-2.050236,0,1.8375751458405
262.56,-2.06428090156219,-2.05024,0,1.83845942749057
262.571,-2.06428090156219,-2.050284,0,1.84824339204464
262.572,-2.06428090156219,-2.050288,0,1.84913800477239
262.583,-2.06428090156219,-2.050332,0,1.85903535931447
262.584,-2.06428090156219,-2.050336,0,1.859940257326
262.587,-2.06428090156219,-2.050348,0,1.86266008032795
262.595,-2.06427138829994,-2.05038,0.00238448219890311,1.86266008032795
262.596,-2.06426885304492,-2.050384,0.00268623335506042,1.86266008032795
262.607,-2.06422062987723,-2.050428,0.00612457727382133,1.86266008032795
262.608,-2.06421434187842,-2.050432,0.00645193011307997,1.86266008032795
262.619,-2.06412267641899,-2.050476,0.0102961850529622,1.86266008032795
262.62,-2.0641121926489,-2.05048,0.0106722051033444,1.86266008032795
262.621,-2.06410133027822,-2.050484,0.0110534169294377,1.88781059422751
262.629,-2.06042475966148,-2.050516,0.762524788122816,1.63419323953193
262.631,-2.05890945193521,-2.050524,0.743849042180703,1.5800267826648
262.632,-2.05818172148848,-2.050528,0.711707920936586,1.5800267826648
262.633,-2.05748584695522,-2.050532,0.680134226504904,1.55224050124461
262.643,-2.05289756430234,-2.050572,0.287536382304563,1.61476062912019
262.644,-2.05261249279375,-2.050576,0.282633791527849,1.61476062912019
262.655,-2.04976140662031,-2.05062,0.238652285483309,1.61476062912019
262.656,-2.04952434991723,-2.050624,0.235482437225314,1.61476062912019
262.667,-2.04709522185804,-2.050668,0.208492464351752,1.61476062912019
262.668,-2.04688763293324,-2.050672,0.206702665954442,1.61476062912019
262.678,-2.04489099081082,-2.050712,0.194219747759131,1.59297710290502
262.679,-2.04470375108812,-2.050716,0.180292692821841,1.59297710290502
262.68,-2.04453034068458,-2.05072,0.166559864468263,1.59297710290502
262.69,-2.04351845798069,-2.05076,0.0383523640967207,1.61966553444757
262.691,-2.04347804706523,-2.050764,0.0424664763000668,1.61966553444757
262.692,-2.04343353069132,-2.050768,0.046563598010548,1.61966553444757
262.703,-2.04267616163657,-2.050812,0.0910364677198731,1.61966553444757
262.704,-2.04258310812142,-2.050816,0.0950714410689461,1.61966553444757
262.705,-2.04248601671744,-2.05082,0.0991125250197237,1.5980460055716
262.715,-2.04194617222207,-2.05086,0,1.60675538420125
262.716,-2.04194617222207,-2.050864,0,1.60994814785947
262.722,-2.04194617222207,-2.050888,0,1.61564739296175
262.728,-2.04194617222207,-2.050912,0,1.61393381674654
262.739,-2.04194617222207,-2.050956,0,1.6083183592663
262.74,-2.04194617222207,-2.05096,0,1.60777979399728
262.751,-2.04194617222207,-2.051004,0,1.60176917812494
262.752,-2.04194617222207,-2.051008,0,1.60121632206014
262.763,-2.04194617222207,-2.051052,0,1.59506994545722
262.764,-2.04194617222207,-2.051056,0,1.59450530870186
262.775,-2.04194617222207,-2.0511,0,1.58822967765241
262.776,-2.04194617222207,-2.051104,0,1.58765328334981
262.787,-2.04194617222207,-2.051148,0,1.58124808319386
262.788,-2.04194617222207,-2.051152,0,1.58065988740954
262.799,-2.04194617222207,-2.051196,0,1.57412461951378
262.8,-2.04194617222207,-2.0512,0,1.57352457650398
262.811,-2.04194617222207,-2.051244,0,1.56685873727301
262.812,-2.04194617222207,-2.051248,0,1.56624680124519
262.823,-2.04194617222207,-2.051292,0,1.55944988694978
262.824,-2.04194617222207,-2.051296,0,1.55882601211007
262.835,-2.04194617222207,-2.05134,0,1.55189751901744
262.836,-2.04194617222207,-2.051344,0,1.55126165957192
262.847,-2.04194617222207,-2.051388,0,1.54420108394904
262.848,-2.04194617222207,-2.051392,0,1.54355319410382
262.859,-2.04194617222207,-2.051436,0,1.53636003221778
262.86,-2.04194617222207,-2.05144,0,1.53570006617897
262.871,-2.04194617222207,-2.051484,0,1.52837381429683
262.872,-2.04194617222207,-2.051488,0,1.52770172627051
262.883,-2.04194617222207,-2.051532,0,1.52024188065933
262.884,-2.04194617222207,-2.051536,0,1.5195576248516
262.895,-2.04194617222207,-2.05158,0,1.51196368177844
262.896,-2.04194617222207,-2.051584,0,1.5112672123954
262.907,-2.04194617222207,-2.051628,0,1.50353866812733
262.908,-2.04194617222207,-2.051632,0,1.50282993937507
262.919,-2.04194617222207,-2.051676,0,1.49496629017914
262.92,-2.04194617222207,-2.05168,0,1.49424525626376
262.931,-2.04194617222207,-2.051724,0,1.48624599840703
262.932,-2.04194617222207,-2.051728,0,1.48551261353463
262.943,-2.04194617222207,-2.051772,0,1.47737724328414
262.944,-2.04194617222207,-2.051776,0,1.47663146166082
262.955,-2.04194617222207,-2.05182,0,1.46835947528371
262.956,-2.04194617222207,-2.051824,0,1.46760125111554
262.967,-2.04194617222207,-2.051868,0,1.45919214487878
262.968,-2.04194617222207,-2.051872,0,1.45842143237188
262.979,-2.04194617222207,-2.051916,0,1.44987470254255
262.98,-2.04194617222207,-2.05192,0,1.44909145590301
262.991,-2.04194617222207,-2.051964,0,1.44040659874818
262.992,-2.04194617222207,-2.051968,0,1.43961077218209
263.003,-2.04194617222207,-2.052012,0,1.43078728396881
263.004,-2.04194617222207,-2.052016,0,1.42997883168228
263.015,-2.04194617222207,-2.05206,0,1.42101620867762
263.016,-2.04194617222207,-2.052064,0,1.42019508487674
263.027,-2.04194617222207,-2.052108,0,1.41109282334775
263.028,-2.04194617222207,-2.052112,0,1.41025898223862
263.039,-2.04194617222207,-2.052156,0,1.40101657845237
263.04,-2.04194617222207,-2.05216,0,1.40016997424108
263.051,-2.04194617222207,-2.052204,0,1.39078692446462
263.052,-2.04194617222207,-2.052208,0,1.38992751135727
263.063,-2.04194617222207,-2.052252,0,1.38040331185772
263.064,-2.04194617222207,-2.052256,0,1.37953104406034
263.066,-2.04194617222207,-2.052264,0,1.37778328827401
263.075,-2.04195836149562,-2.0523,-0.00271538269483242,1.37778328827401
263.076,-2.04196122938274,-2.052304,-0.00302056561072806,1.37778328827401
263.087,-2.04201326389515,-2.052348,-0.00647496958483265,1.37778328827401
263.088,-2.04201990159444,-2.052352,-0.00680083187312092,1.37778328827401
263.094,-2.04206668968932,-2.052376,-0.00881223415620303,1.35745501486239
263.099,-2.04340009823921,-2.052396,-0.577718210458671,1.47332969677377
263.1,-2.04401753691068,-2.0524,-0.65708589937422,1.51621492289654
263.103,-2.04616576968315,-2.052412,-0.743411583845706,1.62602602677702
263.106,-2.04830668282217,-2.052424,-0.674491468384647,1.68185762368497
263.111,-2.0511186033541,-2.052444,-0.45289444997243,1.68185762368497
263.112,-2.05155019104875,-2.052448,-0.410373437027206,1.68185762368497
263.118,-2.05350310996291,-2.052472,-0.272816486406455,1.61637447826358
263.123,-2.05486298504693,-2.052492,-0.271622917705017,1.61637447826358
263.124,-2.05513465337015,-2.052496,-0.271732779878342,1.61637447826358
263.135,-2.05815857810632,-2.05254,-0.280285098778381,1.6446718660827
263.136,-2.05843103911681,-2.052544,-0.264678760931674,1.6446718660827
263.147,-2.06045544333837,-2.052588,-0.107454808807951,1.62457528526405
263.148,-2.06056234450219,-2.052592,-0.10635666004888,1.62457528526405
263.159,-2.06167902449713,-2.052636,-0.0976811423408423,1.62457528526405
263.16,-2.0617764522933,-2.05264,-0.0971820605108971,1.62457528526405
263.171,-2.06282637169255,-2.052684,-0.0945699587004397,1.62457528526405
263.172,-2.062920944321,-2.052688,-0.0945819729835877,1.62457528526405
263.179,-2.06358605195021,-2.052716,-0.0957661979261503,1.65100131313014
263.183,-2.0638458196124,-2.052732,-0.0345417324724916,1.65100131313014
263.184,-2.06387261370058,-2.052736,0,1.64232509655804
263.193,-2.06387261370058,-2.052772,0,1.62483344631472
263.196,-2.06387261370058,-2.052784,0,1.62540152349728
263.207,-2.06387261370058,-2.052828,0,1.63033522610388
263.208,-2.06387261370058,-2.052832,0,1.63083705591961
263.219,-2.06387261370058,-2.052876,0,1.63644794391374
263.22,-2.06387261370058,-2.05288,0,1.63696309152629
263.231,-2.06387261370058,-2.052924,0,1.64267192543132
263.232,-2.06387261370058,-2.052928,0,1.64319465369533
263.243,-2.06387261370058,-2.052972,0,1.64898532021466
263.244,-2.06387261370058,-2.052976,0,1.64951542983004
263.255,-2.06387261370058,-2.05302,0,1.65538700421218
263.256,-2.06387261370058,-2.053024,0,1.65592444524469
263.267,-2.06387261370058,-2.053068,0,1.66187641240106
263.268,-2.06387261370058,-2.053072,0,1.66242113894511
263.279,-2.06387261370058,-2.053116,0,1.66845299483648
263.28,-2.06387261370058,-2.05312,0,1.66900496109517
263.291,-2.06387261370058,-2.053164,0,1.67511620198039
263.292,-2.06387261370058,-2.053168,0,1.67567536215967
263.303,-2.06387261370058,-2.053212,0,1.68186548430554
263.304,-2.06387261370058,-2.053216,0,1.68243179261161
263.315,-2.06387261370058,-2.05326,0,1.68870029228513
263.316,-2.06387261370058,-2.053264,0,1.68927370292404
263.327,-2.06387261370058,-2.053308,0,1.6956200763923
263.328,-2.06387261370058,-2.053312,0,1.69620054357015
263.339,-2.06387261370058,-2.053356,0,1.70262428710022
263.34,-2.06387261370058,-2.05336,0,1.7032117650231
263.351,-2.06387261370058,-2.053404,0,1.70971237488202
263.352,-2.06387261370058,-2.053408,0,1.71030681775603
263.363,-2.06387261370058,-2.053452,0,1.7168837902109
263.364,-2.06387261370058,-2.053456,0,1.71748515224214
263.375,-2.06387261370058,-2.0535,0,1.72413798356
263.376,-2.06387261370058,-2.053504,0,1.72474621895455
263.387,-2.06387261370058,-2.053548,0,1.73147440540245
263.388,-2.06387261370058,-2.053552,0,1.73208946836643
263.399,-2.06387261370058,-2.053596,0,1.73889250621143
263.4,-2.06387261370058,-2.0536,0,1.73951435095097
263.411,-2.06387261370058,-2.053644,0,1.74639173646014
263.412,-2.06387261370058,-2.053648,0,1.74702031718123
263.423,-2.06387261370058,-2.053692,0,1.75397154662164
263.424,-2.06387261370058,-2.053696,0,1.75460681753043
263.435,-2.06387261370058,-2.05374,0,1.76163138716913
263.436,-2.06387261370058,-2.053744,0,1.76227330247172
263.447,-2.06387261370058,-2.053788,0,1.76937070857576
263.448,-2.06387261370058,-2.053792,0,1.77001922247825
263.459,-2.06387261370058,-2.053836,0,1.77718896131469
263.46,-2.06387261370058,-2.05384,0,1.77784402802318
263.471,-2.06387261370058,-2.053884,0,1.78508559585908
263.472,-2.06387261370058,-2.053888,0,1.78574716957971
263.483,-2.06387261370058,-2.053932,0,1.79306006268208
263.484,-2.06387261370058,-2.053936,0,1.7937280976209
263.495,-2.06387261370058,-2.05398,0,1.80111181225686
263.496,-2.06387261370058,-2.053984,0,1.80178626261996
263.507,-2.06387261370058,-2.054028,0,1.80924029505655
263.508,-2.06387261370058,-2.054032,0,1.80992111505003
263.519,-2.06387261370058,-2.054076,0,1.81744496155432
263.52,-2.06387261370058,-2.05408,0,1.81813210538428
263.531,-2.06387261370058,-2.054124,0,1.82572526222339
263.532,-2.06387261370058,-2.054128,0,1.82641868409586
263.543,-2.06387261370058,-2.054172,0,1.8340806475368
263.544,-2.06387261370058,-2.054176,0,1.83478030165794
263.555,-2.06387261370058,-2.05422,0,1.84251056796775
263.556,-2.06387261370058,-2.054224,0,1.84321640854365
263.567,-2.06387261370058,-2.054268,0,1.8510144739894
263.568,-2.06387261370058,-2.054272,0,1.85172645522617
263.579,-2.06387261370058,-2.054316,0,1.8595918160749
263.58,-2.06387261370058,-2.05432,0,1.86030989217862
263.583,-2.06387261370058,-2.054332,0,1.86246715424877
263.591,-2.06386046103295,-2.054364,0.00304604537391401,1.86246715424877
263.592,-2.06385722238331,-2.054368,0.00343151650176472,1.86246715424877
263.603,-2.06379561982367,-2.054412,0.00782383724939251,1.86246715424877
263.604,-2.06378758722208,-2.054416,0.00824201720616631,1.86246715424877
263.615,-2.06367048885587,-2.05446,0.0131529358732241,1.86246715424877
263.616,-2.06365709628376,-2.054464,0.0136332942975586,1.86246715424877
263.627,-2.06347625046932,-2.054508,0.0194089204826714,1.86246715424877
263.628,-2.06345655415006,-2.054512,0.0199853153110355,1.86246715424877
263.636,-2.05953433624759,-2.054544,0.751429005996816,1.62191447577147
263.638,-2.05805414778905,-2.054552,0.720746860672011,1.57359430066139
263.639,-2.05735118523364,-2.054556,0.685277186266544,1.57359430066139
263.64,-2.05668339879127,-2.05456,0.650391400640169,1.55077869044467
263.649,-2.05263790556419,-2.054596,0.290112729706712,1.60938189424249
263.651,-2.05207373852437,-2.054604,0.274179330652668,1.60938189424249
263.652,-2.05180341936401,-2.054608,0.266489026678418,1.60938189424249
263.655,-2.05103737037031,-2.05462,0.244466666137206,1.6355644894134
263.662,-2.04910867416327,-2.054648,0.306933885363456,1.61052158046319
263.663,-2.04880476710305,-2.054652,0.300910311333072,1.61052158046319
263.664,-2.04850679406234,-2.054656,0.295065175731067,1.61052158046319
263.668,-2.04737077132074,-2.054672,0.273391202685756,1.58818193729666
263.675,-2.04589949097173,-2.0547,0.148935479890313,1.58818193729666
263.676,-2.0457590098561,-2.054704,0.132060642121822,1.58818193729666
263.678,-2.0455281768674,-2.054712,0.0988992290228274,1.61481996973858
263.683,-2.04503527875353,-2.054732,0.0984382699445394,1.61481996973858
263.687,-2.04464097154173,-2.054748,0.0988251379441707,1.61481996973858
263.688,-2.04454205031631,-2.054752,0.0990240559061192,1.61481996973858
263.699,-2.04343070897294,-2.054796,0.103830498598007,1.61481996973858
263.7,-2.04332654612911,-2.0548,0.104501635355539,1.61481996973858
263.702,-2.04311611038774,-2.054808,0.105959862218823,1.59298400857184
263.71,-2.04266989737379,-2.05484,0,1.60698843379688
263.712,-2.04266989737379,-2.054848,0,1.61336556784708
263.717,-2.04266989737379,-2.054868,0,1.61729410303391
263.724,-2.04266989737379,-2.054896,0,1.61440921308115
263.735,-2.04266989737379,-2.05494,0,1.60714194906279
263.736,-2.04266989737379,-2.054944,0,1.60645428694294
263.747,-2.04266989737379,-2.054988,0,1.59878912508764
263.748,-2.04266989737379,-2.054992,0,1.59808437127212
263.759,-2.04266989737379,-2.055036,0,1.59025008288625
263.76,-2.04266989737379,-2.05504,0,1.58953044629723
263.771,-2.04266989737379,-2.055084,0,1.58153271161586
263.772,-2.04266989737379,-2.055088,0,1.58079820727333
263.783,-2.04266989737379,-2.055132,0,1.57263668935643
263.784,-2.04266989737379,-2.055136,0,1.57188727310674
263.795,-2.04266989737379,-2.05518,0,1.56356147272008
263.796,-2.04266989737379,-2.055184,0,1.56279709881358
263.807,-2.04266989737379,-2.055228,0,1.55430651234556
263.808,-2.04266989737379,-2.055232,0,1.55352713498953
263.819,-2.04266989737379,-2.055276,0,1.5448712587105
263.82,-2.04266989737379,-2.05528,0,1.54407683211112
263.831,-2.04266989737379,-2.055324,0,1.53525516228817
263.832,-2.04266989737379,-2.055328,0,1.53444564065148
263.843,-2.04266989737379,-2.055372,0,1.52545767355171
263.844,-2.04266989737379,-2.055376,0,1.52463301108382
263.855,-2.04266989737379,-2.05542,0,1.51547824297429
263.856,-2.04266989737379,-2.055424,0,1.51463839388129
263.867,-2.04266989737379,-2.055468,0,1.50531632102905
263.868,-2.04266989737379,-2.055472,0,1.50446123951704
263.879,-2.04266989737379,-2.055516,0,1.49497135818923
263.88,-2.04266989737379,-2.05552,0,1.49410099846424
263.891,-2.04266989737379,-2.055564,0,1.48444280492787
263.892,-2.04266989737379,-2.055568,0,1.48355712119606
263.903,-2.04266989737379,-2.055612,0,1.47373011171817
263.904,-2.04266989737379,-2.055616,0,1.47282905818563
263.915,-2.04266989737379,-2.05566,0,1.46283272903327
263.916,-2.04266989737379,-2.055664,0,1.4619162599061
263.927,-2.04266989737379,-2.055708,0,1.45175010734635
263.928,-2.04266989737379,-2.055712,0,1.45081817683065
263.939,-2.04266989737379,-2.055756,0,1.44048169713057
263.94,-2.04266989737379,-2.05576,0,1.43953425943248
263.951,-2.04266989737379,-2.055804,0,1.42902694885907
263.952,-2.04266989737379,-2.055808,0,1.42806395818464
263.963,-2.04266989737379,-2.055852,0,1.41738531300501
263.964,-2.04266989737379,-2.055856,0,1.41640672356034
263.975,-2.04266989737379,-2.0559,0,1.40555624004154
263.976,-2.04266989737379,-2.055904,0,1.40456200603272
263.987,-2.04266989737379,-2.055948,0,1.39353918044187
263.988,-2.04266989737379,-2.055952,0,1.39252925607494
263.999,-2.04266989737379,-2.055996,0,1.38133358467906
264,-2.04266989737379,-2.056,0,1.38030792416018
264.002,-2.04266989737379,-2.056008,0,1.37825266256522
264.011,-2.04268118631153,-2.056044,-0.00251481617419678,1.37825266256522
264.012,-2.0426838423676,-2.056048,-0.00279745717461102,1.37825266256522
264.023,-2.04273203342254,-2.056092,-0.00599670178948557,1.37825266256522
264.024,-2.04273818083376,-2.056096,-0.00629849374294179,1.37825266256522
264.025,-2.04274463117455,-2.0561,-0.00660257931030502,1.35741249622836
264.034,-2.04673299183468,-2.056136,-0.745828625494214,1.62103303096491
264.035,-2.04747374031742,-2.05614,-0.735735494131999,1.64716575679048
264.036,-2.04819668266521,-2.056144,-0.71023788118189,1.64716575679048
264.037,-2.04889439083392,-2.056148,-0.685264543092339,1.68014486103436
264.047,-2.05364938470793,-2.056188,-0.303084188830755,1.65106881940491
264.048,-2.0539416471869,-2.056192,-0.281492704556046,1.62293891358336
264.059,-2.05680505119268,-2.056236,-0.241978687253148,1.62293891358336
264.06,-2.05704563046576,-2.05624,-0.239200884319091,1.62293891358336
264.071,-2.05953904996287,-2.056284,-0.216446353448147,1.62293891358336
264.072,-2.05975478371707,-2.056288,-0.215038440809027,1.62293891358336
264.083,-2.06206017775823,-2.056332,-0.206057571293903,1.65020669397971
264.084,-2.06225789463363,-2.056336,-0.189414148699147,1.65020669397971
264.092,-2.06326179207369,-2.056368,-0.0635725191557407,1.62796263189367
264.095,-2.06344548439418,-2.05638,-0.0589478880940066,1.62796263189367
264.096,-2.06350369682729,-2.056384,-0.0574831948030616,1.62796263189367
264.107,-2.06405615424584,-2.056428,-0.0436112413424121,1.62796263189367
264.108,-2.06409922390262,-2.056432,-0.0425326634708472,1.62796263189367
264.119,-2.06450829718851,-2.056476,-0.0323227868836961,1.62796263189367
264.12,-2.06454022162554,-2.05648,-0.0315294809814995,1.62796263189367
264.131,-2.06484383327437,-2.056524,-0.0240265476963407,1.62796263189367
264.132,-2.06486756741216,-2.056528,-0.0234442400426006,1.62796263189367
264.139,-2.06500954776426,-2.056556,0,1.62588069905756
264.143,-2.06500954776426,-2.056572,0,1.62191830126645
264.144,-2.06500954776426,-2.056576,0,1.62167444891492
264.145,-2.06500954776426,-2.05658,0,1.6215867485832
264.155,-2.06500954776426,-2.05662,0,1.62396584697906
264.156,-2.06500954776426,-2.056624,0,1.62430984311642
264.167,-2.06500954776426,-2.056668,0,1.62825440375548
264.168,-2.06500954776426,-2.056672,0,1.62861905653131
264.179,-2.06500954776426,-2.056716,0,1.63266077508196
264.18,-2.06500954776426,-2.05672,0,1.63303074173373
264.191,-2.06500954776426,-2.056764,0,1.63712715975215
264.192,-2.06500954776426,-2.056768,0,1.63750198189868
264.203,-2.06500954776426,-2.056812,0,1.64165146405648
264.204,-2.06500954776426,-2.056816,0,1.64203108477563
264.215,-2.06500954776426,-2.05686,0,1.64623309681872
264.216,-2.06500954776426,-2.056864,0,1.64661747001638
264.227,-2.06500954776426,-2.056908,0,1.65087150738857
264.228,-2.06500954776426,-2.056912,0,1.65126058726281
264.239,-2.06500954776426,-2.056956,0,1.65556614620894
264.24,-2.06500954776426,-2.05696,0,1.65595988696562
264.251,-2.06500954776426,-2.057004,0,1.66031646375216
264.252,-2.06500954776426,-2.057008,0,1.66071481959738
264.263,-2.06500954776426,-2.057052,0,1.66512191049136
264.264,-2.06500954776426,-2.057056,0,1.66552483563122
264.275,-2.06500954776426,-2.0571,0,1.66998193689975
264.276,-2.06500954776426,-2.057104,0,1.67038938554033
264.287,-2.06500954776426,-2.057148,0,1.67489599345039
264.288,-2.06500954776426,-2.057152,0,1.6753079197978
264.299,-2.06500954776426,-2.057196,0,1.67986353061648
264.3,-2.06500954776426,-2.0572,0,1.68027988887681
264.311,-2.06500954776426,-2.057244,0,1.68488399887118
264.312,-2.06500954776426,-2.057248,0,1.68530474325053
264.323,-2.06500954776426,-2.057292,0,1.68995684868764
264.324,-2.06500954776426,-2.057296,0,1.69038193339211
264.335,-2.06500954776426,-2.05734,0,1.69508153053901
264.336,-2.06500954776426,-2.057344,0,1.6955109097747
264.347,-2.06500954776426,-2.057388,0,1.70025749489847
264.348,-2.06500954776426,-2.057392,0,1.70069112287146
264.359,-2.06500954776426,-2.057436,0,1.70548419223916
264.36,-2.06500954776426,-2.05744,0,1.70592202315555
264.371,-2.06500954776426,-2.057484,0,1.71076107303423
264.372,-2.06500954776426,-2.057488,0,1.71120306110013
264.383,-2.06500954776426,-2.057532,0,1.71608758775683
264.384,-2.06500954776426,-2.057536,0,1.71653368717833
264.395,-2.06500954776426,-2.05758,0,1.72146318688019
264.396,-2.06500954776426,-2.057584,0,1.72191335186337
264.407,-2.06500954776426,-2.057628,0,1.72688732087735
264.408,-2.06500954776426,-2.057632,0,1.72734150562832
264.419,-2.06500954776426,-2.057676,0,1.73235944022152
264.42,-2.06500954776426,-2.05768,0,1.73281759894638
264.431,-2.06500954776426,-2.057724,0,1.73787899538584
264.432,-2.06500954776426,-2.057728,0,1.73834108229069
264.443,-2.06500954776426,-2.057772,0,1.74344543684349
264.444,-2.06500954776426,-2.057776,0,1.74391140613441
264.455,-2.06500954776426,-2.05782,0,1.74905821506761
264.456,-2.06500954776426,-2.057824,0,1.74952802095071
264.467,-2.06500954776426,-2.057868,0,1.75471678053137
264.468,-2.06500954776426,-2.057872,0,1.75519037721274
264.479,-2.06500954776426,-2.057916,0,1.76042058370791
264.48,-2.06500954776426,-2.05792,0,1.76089792539365
264.491,-2.06500954776426,-2.057964,0,1.76616907507039
264.492,-2.06500954776426,-2.057968,0,1.7666501159666
264.503,-2.06500954776426,-2.058012,0,1.77196170509201
264.504,-2.06500954776426,-2.058016,0,1.77244639940472
264.515,-2.06500954776426,-2.05806,0,1.77779792424585
264.516,-2.06500954776426,-2.058064,0,1.77828622618126
264.527,-2.06500954776426,-2.058108,0,1.78367718300509
264.528,-2.06500954776426,-2.058112,0,1.78416904676926
264.539,-2.06500954776426,-2.058156,0,1.7895989318429
264.54,-2.06500954776426,-2.05816,0,1.79009431164192
264.551,-2.06500954776426,-2.058204,0,1.79556262123241
264.552,-2.06500954776426,-2.058208,0,1.79606147127238
264.563,-2.06500954776426,-2.058252,0,1.80156770164681
264.564,-2.06500954776426,-2.058256,0,1.80206997613382
264.575,-2.06500954776426,-2.0583,0,1.80761362355924
264.576,-2.06500954776426,-2.058304,0,1.80811927669939
264.587,-2.06500954776426,-2.058348,0,1.81369983744286
264.588,-2.06500954776426,-2.058352,0,1.81420882344225
264.599,-2.06500954776426,-2.058396,0,1.81982579377082
264.6,-2.06500954776426,-2.0584,0,1.82033806683554
264.611,-2.06500954776426,-2.058444,0,1.82599094301628
264.612,-2.06500954776426,-2.058448,0,1.82650645735242
264.623,-2.06500954776426,-2.058492,0,1.83219473565244
264.624,-2.06500954776426,-2.058496,0,1.8327134454661
264.635,-2.06500954776426,-2.05854,0,1.83843662215237
264.636,-2.06500954776426,-2.058544,0,1.83895848164965
264.647,-2.06500954776426,-2.058588,0,1.84471605298926
264.648,-2.06500954776426,-2.058592,0,1.84524101637625
264.659,-2.06500954776426,-2.058636,0,1.85103247863626
264.66,-2.06500954776426,-2.05864,0,1.85156050011907
264.671,-2.06500954776426,-2.058684,0,1.85738534956653
264.672,-2.06500954776426,-2.058688,0,1.85791638335125
264.682,-2.06500954776426,-2.058728,0,1.86324036142045
264.683,-2.06500940178212,-2.058732,0.000291976107708126,1.86324036142045
264.684,-2.0650089637647,-2.058736,0.000584094230151951,1.86324036142045
264.695,-2.06498470833599,-2.05878,0.00384759078475194,1.86324036142045
264.696,-2.06498070841028,-2.058784,0.00415258488344022,1.86324036142045
264.707,-2.06491597790054,-2.058828,0.00767426303232975,1.86324036142045
264.708,-2.06490813427686,-2.058832,0.00801362017759408,1.86324036142045
264.719,-2.06479836841731,-2.058876,0.0120415973255949,1.86324036142045
264.72,-2.06478612850073,-2.05888,0.0124392281334417,1.86324036142045
264.731,-2.06462359387169,-2.058924,0.0172573334587104,1.86324036142045
264.732,-2.06460609528468,-2.058928,0.0177412593176161,1.86324036142045
264.743,-2.06170294323114,-2.058972,0.711432479560677,1.67041596261973
264.744,-2.0609808613951,-2.058976,0.732753344226697,1.63510020675647
264.745,-2.06024802451794,-2.05898,0.732972352796569,1.60550229465765
264.748,-2.05815370570973,-2.058992,0.654689677777812,1.5547795995806
264.755,-2.05467736259594,-2.05902,0.343312822835713,1.58368642288871
264.756,-2.0543465067654,-2.059024,0.318457236458731,1.58368642288871
264.758,-2.05375850566603,-2.059032,0.269764346355736,1.61263180530451
264.767,-2.05157380730136,-2.059068,0.217778906865537,1.61263180530451
264.768,-2.0513585637828,-2.059072,0.212730547339925,1.61263180530451
264.779,-2.04929229572587,-2.059116,0.165303513312336,1.61263180530451
264.78,-2.0491288245946,-2.05912,0.161655522906859,1.61263180530451
264.791,-2.04754759237886,-2.059164,0.127604971143402,1.61263180530451
264.792,-2.04742129199769,-2.059168,0.125008442391155,1.61263180530451
264.803,-2.04618534946469,-2.059212,0.101046196859628,1.61263180530451
264.804,-2.04608520759918,-2.059216,0.0992471996020449,1.61263180530451
264.815,-2.04508856659295,-2.05926,0.0829914958248083,1.59144609924837
264.816,-2.04501259355744,-2.059264,0.0689798891127671,1.59144609924837
264.82,-2.04485327094357,-2.05928,0,1.59998652724725
264.827,-2.04485327094357,-2.059308,0,1.61157530295507
264.828,-2.04485327094357,-2.059312,0,1.61137906283905
264.839,-2.04485327094357,-2.059356,0,1.60399803950438
264.84,-2.04485327094357,-2.05936,0,1.60318046514618
264.851,-2.04485327094357,-2.059404,0,1.59395586042762
264.852,-2.04485327094357,-2.059408,0,1.59310507776201
264.863,-2.04485327094357,-2.059452,0,1.5836495555765
264.864,-2.04485327094357,-2.059456,0,1.58278138287918
264.875,-2.04485327094357,-2.0595,0,1.57313794958175
264.876,-2.04485327094357,-2.059504,0,1.57225276894179
264.887,-2.04485327094357,-2.059548,0,1.56242209434637
264.888,-2.04485327094357,-2.059552,0,1.56151987151066
264.899,-2.04485327094357,-2.059596,0,1.55150148353702
264.9,-2.04485327094357,-2.0596,0,1.55058217302292
264.911,-2.04485327094357,-2.059644,0,1.54037556879184
264.912,-2.04485327094357,-2.059648,0,1.53943912481391
264.923,-2.04485327094357,-2.059692,0,1.52904380061544
264.924,-2.04485327094357,-2.059696,0,1.52809017737995
264.935,-2.04485327094357,-2.05974,0,1.51750562948182
264.936,-2.04485327094357,-2.059744,0,1.51653478119486
264.947,-2.04485327094357,-2.059788,0,1.50576050586413
264.948,-2.04485327094357,-2.059792,0,1.5047723867318
264.959,-2.04485327094357,-2.059836,0,1.49380788023556
264.96,-2.04485327094357,-2.05984,0,1.49280244446396
264.971,-2.04485327094357,-2.059884,0,1.4816472030693
264.972,-2.04485327094357,-2.059888,0,1.48062440486446
264.983,-2.04485327094357,-2.059932,0,1.4692779248384
264.984,-2.04485327094357,-2.059936,0,1.46823771840648
264.995,-2.04485327094357,-2.05998,0,1.45669949601608
264.996,-2.04485327094357,-2.059984,0,1.45564183556317
265.007,-2.04485327094357,-2.060028,0,1.44391136707548
265.008,-2.04485327094357,-2.060032,0,1.44283620680769
265.019,-2.04485327094357,-2.060076,0,1.43091298848974
265.02,-2.04485327094357,-2.06008,0,1.42982028261317
265.031,-2.04485327094357,-2.060124,0,1.41770381073206
265.032,-2.04485327094357,-2.060128,0,1.41659351345285
265.043,-2.04485327094357,-2.060172,0,1.40428328427558
265.044,-2.04485327094357,-2.060176,0,1.40315534979977
265.055,-2.04485327094357,-2.06022,0,1.39065085959345
265.056,-2.04485327094357,-2.060224,0,1.38950524212713
265.065,-2.04485327094357,-2.06026,0,1.37912824253505
265.067,-2.04485435157743,-2.060268,-0.00108076495748453,1.37912824253505
265.068,-2.04485570273849,-2.060272,-0.00162163912044942,1.37912824253505
265.079,-2.04490653106149,-2.060316,-0.00765376409167743,1.37912824253505
265.08,-2.04491446511603,-2.06032,-0.00821482625106199,1.37912824253505
265.087,-2.04498594226896,-2.060348,-0.0122375570793908,1.35903402070682
265.091,-2.04593299028889,-2.060364,-0.509755625211345,1.44360155831288
265.092,-2.04649225129256,-2.060368,-0.608660713949321,1.48601218538156
265.096,-2.04933007197114,-2.060384,-0.749919609554556,1.63484653889181
265.098,-2.05079532566743,-2.060392,-0.715642041185113,1.67544528684272
265.103,-2.05387055909079,-2.060412,-0.516996512099457,1.67544528684272
265.104,-2.05436852269634,-2.060416,-0.479021406776903,1.67544528684272
265.111,-2.05690114280155,-2.060444,-0.276655145304832,1.62232143432058
265.115,-2.05798745382725,-2.06046,-0.26686415479838,1.62232143432058
265.116,-2.05825325099485,-2.060464,-0.264752024787227,1.62232143432058
265.127,-2.06106941877867,-2.060508,-0.249704827548188,1.62232143432058
265.128,-2.06131878131674,-2.060512,-0.249038835465425,1.62232143432058
265.136,-2.06330083149916,-2.060544,-0.247610200425881,1.64802557746752
265.139,-2.06397601740454,-2.060556,-0.202850674034425,1.64802557746752
265.14,-2.06417160854827,-2.06056,-0.188366315336998,1.64802557746752
265.147,-2.06514874081675,-2.060588,-0.0922639764889447,1.62565943569089
265.151,-2.06552093035923,-2.060604,-0.0939265670229952,1.62565943569089
265.152,-2.06561510652191,-2.060608,-0.0944316960753225,1.62565943569089
265.163,-2.06669335489098,-2.060652,-0.102327242723799,1.62565943569089
265.164,-2.06679614436607,-2.060656,-0.103257642619724,1.62565943569089
265.174,-2.06788212511514,-2.060696,-0.114544144528759,1.6522437882434
265.175,-2.06798935165468,-2.0607,-0.0999374758187499,1.6522437882434
265.176,-2.06808205586317,-2.060704,-0.0854982009238969,1.6522437882434
265.181,-2.06832747784285,-2.060724,0,1.63706543976982
265.187,-2.06832747784285,-2.060748,0,1.62045112983119
265.188,-2.06832747784285,-2.060752,0,1.61979424184784
265.192,-2.06832747784285,-2.060768,0,1.61904300247229
265.199,-2.06832747784285,-2.060796,0,1.62029593575948
265.2,-2.06832747784285,-2.0608,0,1.62055109801178
265.211,-2.06832747784285,-2.060844,0,1.62358837688213
265.212,-2.06832747784285,-2.060848,0,1.62387214353544
265.223,-2.06832747784285,-2.060892,0,1.62702161878654
265.224,-2.06832747784285,-2.060896,0,1.62731011712879
265.235,-2.06832747784285,-2.06094,0,1.63050593538291
265.236,-2.06832747784285,-2.060944,0,1.63079847696457
265.247,-2.06832747784285,-2.060988,0,1.63403837188908
265.248,-2.06832747784285,-2.060992,0,1.63433489358263
265.259,-2.06832747784285,-2.061036,0,1.63761831390405
265.26,-2.06832747784285,-2.06104,0,1.63791876944813
265.271,-2.06832747784285,-2.061084,0,1.64124521015121
265.272,-2.06832747784285,-2.061088,0,1.64154955373925
265.283,-2.06832747784285,-2.061132,0,1.64491851105652
265.284,-2.06832747784285,-2.061136,0,1.64522669689427
265.295,-2.06832747784285,-2.06118,0,1.64863766709184
265.296,-2.06832747784285,-2.061184,0,1.6489496493854
265.307,-2.06832747784285,-2.061228,0,1.65240212873031
265.308,-2.06832747784285,-2.061232,0,1.65271786168576
265.319,-2.06832747784285,-2.061276,0,1.65621134644514
265.32,-2.06832747784285,-2.06128,0,1.65653078426853
265.331,-2.06832747784285,-2.061324,0,1.66006477070939
265.332,-2.06832747784285,-2.061328,0,1.66038786760687
265.343,-2.06832747784285,-2.061372,0,1.66396185199624
265.344,-2.06832747784285,-2.061376,0,1.66428856217391
265.355,-2.06832747784285,-2.06142,0,1.66790204077887
265.356,-2.06832747784285,-2.061424,0,1.66823231844282
265.367,-2.06832747784285,-2.061468,0,1.67188478753042
265.368,-2.06832747784285,-2.061472,0,1.67221858688675
265.379,-2.06832747784285,-2.061516,0,1.67590954272406
265.38,-2.06832747784285,-2.06152,0,1.67624681797892
265.391,-2.06832747784285,-2.061564,0,1.67997575683293
265.392,-2.06832747784285,-2.061568,0,1.68031646219237
265.403,-2.06832747784285,-2.061612,0,1.68408288033019
265.404,-2.06832747784285,-2.061616,0,1.68442697000029
265.415,-2.06832747784285,-2.06166,0,1.688230363689
265.416,-2.06832747784285,-2.061664,0,1.68857779187587
265.427,-2.06832747784285,-2.061708,0,1.69241765738256
265.428,-2.06832747784285,-2.061712,0,1.69276837829224
265.439,-2.06832747784285,-2.061756,0,1.69664421188395
265.44,-2.06832747784285,-2.06176,0,1.69699817972258
265.451,-2.06832747784285,-2.061804,0,1.70090947766634
265.452,-2.06832747784285,-2.061808,0,1.70126664664003
265.463,-2.06832747784285,-2.061852,0,1.70521290520291
265.464,-2.06832747784285,-2.061856,0,1.70557322951774
265.475,-2.06832747784285,-2.0619,0,1.70955394496679
265.476,-2.06832747784285,-2.061904,0,1.70991737882887
265.487,-2.06832747784285,-2.061948,0,1.71393204743117
265.488,-2.06832747784285,-2.061952,0,1.71429854504664
265.499,-2.06832747784285,-2.061996,0,1.71834666306918
265.5,-2.06832747784285,-2.062,0,1.7187161786441
265.511,-2.06832747784285,-2.062044,0,1.72279724235399
265.512,-2.06832747784285,-2.062048,0,1.72316973009444
265.523,-2.06832747784285,-2.062092,0,1.72728323575875
265.524,-2.06832747784285,-2.062096,0,1.72765864987083
265.535,-2.06832747784285,-2.06214,0,1.7318040937566
265.536,-2.06832747784285,-2.062144,0,1.73218238844641
265.547,-2.06832747784285,-2.062188,0,1.73635926682077
265.548,-2.06832747784285,-2.062192,0,1.73674039629435
265.559,-2.06832747784285,-2.062236,0,1.74094820542431
265.56,-2.06832747784285,-2.06224,0,1.74133212388781
265.571,-2.06832747784285,-2.062284,0,1.74557036004043
265.572,-2.06832747784285,-2.062288,0,1.74595702169994
265.583,-2.06832747784285,-2.062332,0,1.75022518114226
265.584,-2.06832747784285,-2.062336,0,1.75061454020389
265.595,-2.06832747784285,-2.06238,0,1.75491211920297
265.596,-2.06832747784285,-2.062384,0,1.75530412987281
265.607,-2.06832747784285,-2.062428,0,1.75963062469573
265.608,-2.06832747784285,-2.062432,0,1.76002524117993
265.619,-2.06832747784285,-2.062476,0,1.76438014809369
265.62,-2.06832747784285,-2.06248,0,1.76477732459829
265.631,-2.06832747784285,-2.062524,0,1.76916013986999
265.632,-2.06832747784285,-2.062528,0,1.76955983060109
265.643,-2.06832747784285,-2.062572,0,1.7739700504978
265.644,-2.06832747784285,-2.062576,0,1.7743722096615
265.655,-2.06832747784285,-2.06262,0,1.77880933045031
265.656,-2.06832747784285,-2.062624,0,1.77921391225264
265.667,-2.06832747784285,-2.062668,0,1.7836774302006
265.668,-2.06832747784285,-2.062672,0,1.78408438884771
265.679,-2.06832747784285,-2.062716,0,1.78857380022187
265.68,-2.06832747784285,-2.06272,0,1.78898308991986
265.691,-2.06832747784285,-2.062764,0,1.79349789098725
265.692,-2.06832747784285,-2.062768,0,1.79390946594223
265.703,-2.06832747784285,-2.062812,0,1.79844915296992
265.704,-2.06832747784285,-2.062816,0,1.79886296738797
265.715,-2.06832747784285,-2.06286,0,1.80342703664303
265.716,-2.06832747784285,-2.062864,0,1.80384304473026
265.727,-2.06832747784285,-2.062908,0,1.80843099247974
265.728,-2.06832747784285,-2.062912,0,1.80884914844229
265.739,-2.06832747784285,-2.062956,0,1.8134604709532
265.74,-2.06832747784285,-2.06296,0,1.81388072899712
265.751,-2.06832747784285,-2.063004,0,1.81851492253657
265.752,-2.06832747784285,-2.063008,0,1.81893723686794
265.763,-2.06832747784285,-2.063052,0,1.82359379770299
265.764,-2.06832747784285,-2.063056,0,1.82401812252792
265.775,-2.06832747784285,-2.0631,0,1.82869654692568
265.776,-2.06832747784285,-2.063104,0,1.8291228364502
265.787,-2.06832747784285,-2.063148,0,1.8338226206777
265.788,-2.06832747784285,-2.063152,0,1.83425082910798
265.799,-2.06832747784285,-2.063196,0,1.83897146943224
265.8,-2.06832747784285,-2.0632,0,1.83940155097437
265.811,-2.06832747784285,-2.063244,0,1.84414254366248
265.812,-2.06832747784285,-2.063248,0,1.84457445252254
265.823,-2.06832747784285,-2.063292,0,1.84933529384154
265.824,-2.06832747784285,-2.063296,0,1.84976898422565
265.835,-2.06832747784285,-2.06334,0,1.85454917044266
265.836,-2.06832747784285,-2.063344,0,1.85498459655689
265.847,-2.06832747784285,-2.063388,0,1.85978362393888
265.848,-2.06832747784285,-2.063392,0,1.86022073998935
265.859,-2.06832747784285,-2.063436,0,1.86503810480341
265.86,-2.06832747784285,-2.06344,0,1.8654768649962
265.871,-2.06832590615471,-2.063484,0.00028716071840614,1.8654768649962
265.872,-2.06832560566253,-2.063488,0.000313848000615037,1.8654768649962
265.883,-2.06832049237726,-2.063532,0.000620392485172268,1.8654768649962
265.884,-2.06831985731049,-2.063536,0.000649792519358407,1.8654768649962
265.895,-2.06831084242592,-2.06358,0.000997303206684958,1.8654768649962
265.896,-2.06830982807244,-2.063584,0.00103148592885676,1.8654768649962
265.907,-2.0682962768906,-2.063628,0.00144442979231611,1.8654768649962
265.908,-2.0682948118341,-2.063632,0.00148580190291077,1.8654768649962
265.919,-2.06827577026996,-2.063676,0.00199325333779221,1.8654768649962
265.92,-2.06827375136118,-2.06368,0.00204472777899046,1.89057582053618
265.929,-2.06437666871794,-2.063716,0.747746117974452,1.62341382474021
265.931,-2.06290611423266,-2.063724,0.714758629210304,1.57482638865751
265.932,-2.06220974034931,-2.063728,0.678089244608421,1.57482638865751
265.933,-2.06154973886409,-2.063732,0.642010511305632,1.55215535511317
265.942,-2.0576188591495,-2.063768,0.274730437729033,1.61283707610779
265.943,-2.0573481173473,-2.063772,0.266783582792205,1.61283707610779
265.944,-2.05708523196332,-2.063776,0.2590167935024,1.61283707610779
265.948,-2.05610877170012,-2.063792,0.229656187792781,1.6389744151436
265.955,-2.05428383356916,-2.06382,0.292047244019065,1.61335880146777
265.956,-2.05399498659677,-2.063824,0.285676187093176,1.61335880146777
265.961,-2.05264160522277,-2.063844,0.256363347944884,1.59108542024604
265.967,-2.05143548065299,-2.063868,0.147117469473552,1.59108542024604
265.968,-2.05129708662918,-2.063872,0.129705079008776,1.59108542024604
265.971,-2.05098498351612,-2.063884,0.0786475331450905,1.61867820701228
265.979,-2.05035323707206,-2.063916,0.0796362961029403,1.61867820701228
265.98,-2.05027346915442,-2.06392,0.0799048182185399,1.61867820701228
265.991,-2.04937037460168,-2.063964,0.0849202475155308,1.61867820701228
265.992,-2.04928513614695,-2.063968,0.0855618001857928,1.61867820701228
265.994,-2.04911265747941,-2.063976,0.0869374418338547,1.59838949372671
266,-2.04879574744591,-2.064,0,1.60332283681278
