t,x,r,v,e,u,x_ad,v_ad,e_ad,u_ad
0,-2,-2,0,0,1.58210744023499,-2,0,0,1.58210744023499
0.1,-2,-2,0,0,1.58210744023499,-2,0,0,1.58210744023499
0.2,-2,-2,0,0,1.58210744023499,-2,0,0,1.58210744023499
0.3,-2,-2,0,0,1.58210744023499,-2,0,0,1.58210744023499
0.4,-2,-2,0,0,1.58210744023499,-2,0,0,1.58210744023499
0.5,-2,-2,0,0,1.58210744023499,-2,0,0,1.58210744023499
0.6,-2,-2,0,0,1.58210744023499,-2,0,0,1.58210744023499
0.7,-2,-2,0,0,1.58210744023499,-2,0,0,1.58210744023499
0.8,-2,-2,0,0,1.58210744023499,-2,0,0,1.58210744023499
0.9,-2,-2,0,0,1.58210744023499,-2,0,0,1.58210744023499
1,-2,-2,0,0,1.58210744023499,-2,0,0,1.58210744023499
1.1,-2,-2,0,0,1.58210744023499,-2,0,0,1.58210744023499
1.2,-2,-2,0,0,1.58210744023499,-2,0,0,1.58210744023499
1.3,-2,-2,0,0,1.58210744023499,-2,0,0,1.58210744023499
1.4,-2,-2,0,0,1.58210744023499,-2,0,0,1.58210744023499
1.5,-2,-2,0,0,1.58210744023499,-2,0,0,1.58210744023499
1.6,-2,-2,0,0,1.58210744023499,-2,0,0,1.58210744023499
1.7,-2,-2,0,0,1.58210744023499,-2,0,0,1.58210744023499
1.8,-2,-2,0,0,1.58210744023499,-2,0,0,1.58210744023499
1.9,-2,-2,0,0,1.58210744023499,-2,0,0,1.58210744023499
2,-2,-2,0,0,1.58210744023499,-2,0,0,1.58210744023499
2.1,-2,-2,0,0,1.58210744023499,-2,0,0,1.58210744023499
2.2,-2,-2,0,0,1.58210744023499,-2,0,0,1.58210744023499
2.3,-2,-2,0,0,1.58210744023499,-2,0,0,1.58210744023499
2.4,-2,-2,0,0,1.58210744023499,-2,0,0,1.58210744023499
2.5,-2,-2,0,0,1.58210744023499,-2,0,0,1.58210744023499
2.6,-2,-2,0,0,1.58210744023499,-2,0,0,1.58210744023499
2.7,-2,-2,0,0,1.58210744023499,-2,0,0,1.58210744023499
2.8,-2,-2,0,0,1.58210744023499,-2,0,0,1.58210744023499
2.9,-2,-2,0,0,1.58210744023499,-2,0,0,1.58210744023499
3,-2,-2,0,0,1.58210744023499,-2,0,0,1.58210744023499
3.1,-2,-2,0,0,1.58210744023499,-2,0,0,1.58210744023499
3.2,-2,-2,0,0,1.58210744023499,-2,0,0,1.58210744023499
3.3,-2,-2,0,0,1.58210744023499,-2,0,0,1.58210744023499
3.4,-2,-2,0,0,1.58210744023499,-2,0,0,1.58210744023499
3.5,-2,-2,0,0,1.58210744023499,-2,0,0,1.58210744023499
3.6,-2,-2,0,0,1.58210744023499,-2,0,0,1.58210744023499
3.7,-2,-2,0,0,1.58210744023499,-2,0,0,1.58210744023499
3.8,-2,-2,0,0,1.58210744023499,-2,0,0,1.58210744023499
3.9,-2,-2,0,0,1.58210744023499,-2,0,0,1.58210744023499
4,-2,-2,0,0,1.58210744023499,-2,0,0,1.58210744023499
4.1,-2,-2,0,0,1.58210744023499,-2,0,0,1.58210744023499
4.2,-2,-2,0,0,1.58210744023499,-2,0,0,1.58210744023499
4.3,-2,-2,0,0,1.58210744023499,-2,0,0,1.58210744023499
4.4,-2,-2,0,0,1.58210744023499,-2,0,0,1.58210744023499
4.5,-2,-2,0,0,1.58210744023499,-2,0,0,1.58210744023499
4.6,-2,-2,0,0,1.58210744023499,-2,0,0,1.58210744023499
4.7,-2,-2,0,0,1.58210744023499,-2,0,0,1.58210744023499
4.8,-2,-2,0,0,1.58210744023499,-2,0,0,1.58210744023499
4.9,-2,-2,0,0,1.58210744023499,-2,0,0,1.58210744023499
5,-2,-2,0,0,1.58210744023499,-2,0,0,1.58210744023499
5.1,-2,-2,0,0,1.58210744023499,-2,0,0,1.58210744023499
5.2,-2,-2,0,0,1.58210744023499,-2,0,0,1.58210744023499
5.3,-2,-2,0,0,1.58210744023499,-2,0,0,1.58210744023499
5.4,-2,-2,0,0,1.58210744023499,-2,0,0,1.58210744023499
5.5,-2,-2,0,0,1.58210744023499,-2,0,0,1.58210744023499
5.6,-2,-2,0,0,1.58210744023499,-2,0,0,1.58210744023499
5.7,-2,-2,0,0,1.58210744023499,-2,0,0,1.58210744023499
5.8,-2,-2,0,0,1.58210744023499,-2,0,0,1.58210744023499
5.9,-2,-2,0,0,1.58210744023499,-2,0,0,1.58210744023499
6,-2,-2,0,0,1.58210744023499,-2,0,0,1.58210744023499
6.1,-2,-2,0,0,1.58210744023499,-2,0,0,1.58210744023499
6.2,-2,-2,0,0,1.58210744023499,-2,0,0,1.58210744023499
6.3,-2,-2,0,0,1.58210744023499,-2,0,0,1.58210744023499
6.4,-2,-2,0,0,1.58210744023499,-2,0,0,1.58210744023499
6.5,-2,-2,0,0,1.58210744023499,-2,0,0,1.58210744023499
6.6,-2,-2,0,0,1.58210744023499,-2,0,0,1.58210744023499
6.7,-2,-2,0,0,1.58210744023499,-2,0,0,1.58210744023499
6.8,-2,-2,0,0,1.58210744023499,-2,0,0,1.58210744023499
6.9,-2,-2,0,0,1.58210744023499,-2,0,0,1.58210744023499
7,-2,-2,0,0,1.58210744023499,-2,0,0,1.58210744023499
7.1,-2,-2,0,0,1.58210744023499,-2,0,0,1.58210744023499
7.2,-2,-2,0,0,1.58210744023499,-2,0,0,1.58210744023499
7.3,-2,-2,0,0,1.58210744023499,-2,0,0,1.58210744023499
7.4,-2,-2,0,0,1.58210744023499,-2,0,0,1.58210744023499
7.5,-2,-2,0,0,1.58210744023499,-2,0,0,1.58210744023499
7.6,-2,-2,0,0,1.58210744023499,-2,0,0,1.58210744023499
7.7,-2,-2,0,0,1.58210744023499,-2,0,0,1.58210744023499
7.8,-2,-2,0,0,1.58210744023499,-2,0,0,1.58210744023499
7.9,-2,-2,0,0,1.58210744023499,-2,0,0,1.58210744023499
8,-2,-2,0,0,1.58210744023499,-2,0,0,1.58210744023499
8.1,-2,-2,0,0,1.58210744023499,-2,0,0,1.58210744023499
8.2,-2,-2,0,0,1.58210744023499,-2,0,0,1.58210744023499
8.3,-2,-2,0,0,1.58210744023499,-2,0,0,1.58210744023499
8.4,-2,-2,0,0,1.58210744023499,-2,0,0,1.58210744023499
8.5,-2,-2,0,0,1.58210744023499,-2,0,0,1.58210744023499
8.6,-2,-2,0,0,1.58210744023499,-2,0,0,1.58210744023499
8.7,-2,-2,0,0,1.58210744023499,-2,0,0,1.58210744023499
8.8,-2,-2,0,0,1.58210744023499,-2,0,0,1.58210744023499
8.9,-2,-2,0,0,1.58210744023499,-2,0,0,1.58210744023499
9,-2,-2,0,0,1.58210744023499,-2,0,0,1.58210744023499
9.1,-2,-2,0,0,1.58210744023499,-2,0,0,1.58210744023499
9.2,-2,-2,0,0,1.58210744023499,-2,0,0,1.58210744023499
9.3,-2,-2,0,0,1.58210744023499,-2,0,0,1.58210744023499
9.4,-2,-2,0,0,1.58210744023499,-2,0,0,1.58210744023499
9.5,-2,-2,0,0,1.58210744023499,-2,0,0,1.58210744023499
9.6,-2,-2,0,0,1.58210744023499,-2,0,0,1.58210744023499
9.7,-2,-2,0,0,1.58210744023499,-2,0,0,1.58210744023499
9.8,-2,-2,0,0,1.58210744023499,-2,0,0,1.58210744023499
9.9,-2,-2,0,0,1.58210744023499,-2,0,0,1.58210744023499
10,-2,-3,0,-1,0,-2,0,-1,0
10.03,-2.40442773535722,-3,-24.5614708554287,-0.595572264642779,1.90808454871683,-2.40434418945602,-24.5620618085935,-0.595655810543982,1.90636978964179
10.036,-2.54347778118745,-3,-21.1278597322397,-0.456522218812547,3.26816321665939,-2.5434086087556,-21.131170563533,-0.456591391244399,3.2680304298469
10.037,-2.56420430439577,-3,-20.3286044401278,-0.435795695604231,3.27969212843327,-2.56413843876328,-20.3319075683686,-0.435861561236723,3.2680304298469
10.099,-3.16149224150094,-3,-3.60659789254377,0.161492241500937,2.77663015075099,-3.16144970707821,-3.58110678736507,0.16144970707821,2.77883433475457
10.1,-3.16504001220324,-3,-3.48935521216997,0.165040012203237,2.77632339072157,-3.16497166222328,-3.46321455075542,0.164971662223279,2.77883433475457
10.151,-3.23697889082291,-3,-0.0142996888504493,0.236978890822914,2.71499265458574,-3.23648189146448,0,0.23648189146448,2.70543765286364
10.18,-3.22611434211396,-3,0.670560668830036,0.226114342113957,2.66764739484163,-3.23647268201053,0.0092107840241542,0.236472682010532,3.04195592687601
10.196,-3.21377371268309,-3,0.855013962738039,0.213773712683089,2.64218151709824,-3.22296384690688,1.27429494482794,0.222963846906879,2.62713985825366
10.198,-3.21204720415755,-3,0.871375448273707,0.212047204157555,2.63907654638929,-3.22042366068805,1.26623617253821,0.220423660688047,2.60631902959222
10.199,-3.21117200111282,-3,0.879075629825142,0.211172001112825,2.63753154273723,-3.21916300239472,1.25517551704908,0.219163002394724,2.60631902959222
10.2,-3.2102892536483,-3,0.886465204514517,0.210289253648303,2.63599163672867,-3.21791312089613,1.24468114437416,0.217913120896129,2.60631902959222
10.235,-3.1766164049422,-3,0.996319358260925,0.176616404942204,2.58573842531361,-3.17740918797774,1.10992681898165,0.177409187977738,2.5860662096903
10.297,-3.11822624107245,-3,0.851278811710954,0.118226241072455,2.51556450602594,-3.11571465745751,0.878116514495395,0.115714657457512,2.50179320837048
10.299,-3.11653094487064,-3,0.844069668932538,0.116530944870637,2.51368384677332,-3.11397476406193,0.862043851753599,0.113974764061934,2.50179320837048
10.3,-3.11568871695753,-3,0.840445065532204,0.115688716957527,2.51275182474953,-3.11311647375701,0.854601947924063,0.113116473757014,2.50179320837048
10.388,-3.05588614966358,-3,0.527205804036661,0.0558861496635754,2.44954815414119,-3.05392870266521,0.54012955728892,0.0539287026652144,2.43757297343682
10.399,-3.05027419408122,-3,0.493455044803917,0.0502741940812177,2.44384206194199,-3.04837880401013,0.473876402470233,0.0483788040101318,2.43757297343682
10.4,-3.04978225068335,-3,0.490467528391636,0.0497822506833492,2.44334321908471,-3.04790725070272,0.46926694868125,0.0479072507027194,2.43757297343682
10.432,-3.03554009580613,-3,0.401990560116833,0.0355400958061303,2.42898759430911,-3.03412726421209,0.422185283935862,0.0341272642120942,2.41623901601384
10.482,-3.01836737419423,-3,0.289988008370813,0.0183673741942254,2.41186899065779,-3.01855771635699,0.260701162543859,0.018557716356991,2.41623901601384
10.499,-3.01371020248654,-3,0.258441490717804,0.0137102024865365,2.40725619341581,-3.01405273580007,0.273898224112931,0.0140527358000688,2.41623901601384
10.5,-3.01345265154995,-3,0.25667944169484,0.0134526515499527,2.40700141853714,-3.01377803322134,0.27552232479232,0.013778033221338,2.41623901601384
10.509,-3.01121255662686,-3,0.241269614222084,0.0112125566268606,2.40478682096928,-3.01121949228101,0.294286184646064,0.0112194922810072,2.39479871156377
10.553,-3.00208172380312,-3,0.176574386537175,0.00208172380312366,2.3957826492468,-3.00243964906182,0.138725130888225,0.00243964906181926,2.42013996314613
10.569,-2.99941623363009,-3,0.156937497122415,-0.000583766369906424,2.39316002995049,-2.99936038933885,0.213755188629943,-0.000639610661150591,2.37900559974361
10.588,-2.99663770430612,-3,0.13595175211206,-0.00336229569387747,2.3904283937882,-2.99650093543755,0.0939389695135543,-0.00349906456245241,2.40503592168759
10.599,-2.99520394153711,-3,0.124865254045924,-0.00479605846288766,2.38901954011898,-2.99514538111548,0.152571029415203,-0.00485461888452399,2.40503592168759
10.6,-2.99507956667551,-3,0.12389385670678,-0.00492043332448899,2.38889734464152,-2.99499012621119,0.157941170284978,-0.00500987378880913,2.40503592168759
10.601,-2.99495616021078,-3,0.122928389624644,-0.00504383978922096,2.38877610322015,-2.99482949366508,0.163326640274451,-0.00517050633491545,2.38480941984178
10.657,-2.98942190257229,-3,0.0773639086883272,-0.0105780974277074,2.38334005619189,-2.98825808406258,0.0993909177946142,-0.0117419159374172,2.36446679725458
10.668,-2.98861112724104,-3,0.0701383148575657,-0.0113888727589577,2.38254340770978,-2.98765138719483,0,-0.0123486128051691,2.38769017108272
10.699,-2.986722650689,-3,0.0522904176627983,-0.0132773493110023,2.38068645172566,-2.98765138719483,0,-0.0123486128051691,2.41544990915769
10.7,-2.98667062177142,-3,0.0517715073634871,-0.0133293782285793,2.38063524750277,-2.98765138719483,0,-0.0123486128051691,2.41586793197848
10.799,-2.98361222074958,-3,0.0141083076485409,-0.0163877792504206,2.37761070778047,-2.98765138719483,0,-0.0123486128051691,2.45236083937859
10.8,-2.9835982465622,-3,0.0138413478786542,-0.016401753437798,2.37759668028063,-2.98765138719483,0,-0.0123486128051691,2.45268035736078
10.865,-2.98318405045721,-3,-2.77810789977401e-05,-0.0168159495427922,2.37716742953291,-2.98765138719483,0,-0.0123486128051691,2.47134316059006
10.867,-2.98318443869811,-3,-0.000359618547676161,-0.0168155613018888,2.37716705023652,-2.98765138719483,0,-0.0123486128051691,2.47185162306887
10.899,-2.98327388047606,-3,-0.0050406489127398,-0.0167261195239408,2.377242340834,-2.98765138719483,0,-0.0123486128051691,2.4794529477213
10.9,-2.98327898532107,-3,-0.00516918636580648,-0.0167210146789296,2.37724695232072,-2.98765138719483,0,-0.0123486128051691,2.47967429015043
10.999,-2.98427819256088,-3,-0.0138031444854974,-0.0157218074391232,2.37818721359925,-2.98765138719483,0,-0.0123486128051691,2.4967275007585
11,-2.98429202216446,-3,-0.0138568763922444,-0.0157079778355373,2.37820037866914,-2.98765138719483,0,-0.0123486128051691,2.49685066763458
11.099,-2.98585162972541,-3,-0.017012918131795,-0.0141483702745857,2.3796920089527,-2.98765138719483,0,-0.0123486128051691,2.50418449849018
11.1,-2.98586864929785,-3,-0.017027301832351,-0.0141313507021459,2.37970833632574,-2.98765138719483,0,-0.0123486128051691,2.50420948981321
11.125,-2.98629808298966,-3,-0.0173022306374331,-0.0137019170103438,2.3801205335346,-2.98765138719483,0,-0.0123486128051691,2.50451520234138
11.164,-2.98697674645982,-3,-0.0174511480427792,-0.0130232535401791,2.38077271951449,-2.98765138719483,0,-0.0123486128051691,2.5037668829832
11.199,-2.98758639423996,-3,-0.0173557863280592,-0.0124136057600435,2.38135922161306,-2.98765138719483,0,-0.0123486128051691,2.50182394091636
11.2,-2.98760374678798,-3,-0.0173504342237321,-0.0123962532120245,2.38137592299502,-2.98765138719483,0,-0.0123486128051691,2.50175075668633
11.299,-2.98927710128156,-3,-0.0163097647750208,-0.01072289871844,2.3829881017366,-2.98765138719483,0,-0.0123486128051691,2.48964582803703
11.3,-2.98929340332343,-3,-0.0162953885793883,-0.0107065966765747,2.38300382156939,-2.98765138719483,0,-0.0123486128051691,2.48947446825395
11.399,-2.99082903006169,-3,-0.0146753300156058,-0.00917096993831112,2.38448556703546,-2.98765138719483,0,-0.0123486128051691,2.46765015985219
11.4,-2.99084369607176,-3,-0.0146576590296753,-0.00915630392824385,2.38449972685919,-2.98765138719483,0,-0.0123486128051691,2.46738062451605
11.499,-2.99220675227372,-3,-0.0128746485382777,-0.00779324772628076,2.38581633919928,-2.98765138719483,0,-0.0123486128051691,2.43583693636184
11.5,-2.99221961749153,-3,-0.0128566404971183,-0.00778038250847368,2.38582877138615,-2.98765138719483,0,-0.0123486128051691,2.43546922547264
11.599,-2.99340554171332,-3,-0.0111203233634614,-0.00659445828667549,2.38697516466955,-2.98765138719483,0,-0.0123486128051691,2.39420615756598
11.6,-2.99341665321054,-3,-0.0111034100255462,-0.0065833467894576,2.38698590923706,-2.98765138719483,0,-0.0123486128051691,2.39374027112373
11.699,-2.99443561987616,-3,-0.00951034414021932,-0.00556438012384275,2.3879714794921,-2.98765138719483,0,-0.0123486128051691,2.3427578234646
11.7,-2.99444512229715,-3,-0.00949513080670277,-0.00555487770284913,2.38798067274535,-2.98765138719483,0,-0.0123486128051691,2.34219376146929
11.799,-2.995313611932,-3,-0.00808129452524911,-0.00468638806799815,2.38882107253593,-2.98765138719483,0,-0.0123486128051691,2.28149193405771
11.8,-2.99532168628547,-3,-0.00806795079443137,-0.00467831371453364,2.38882888724803,-2.98765138719483,0,-0.0123486128051691,2.28082969650935
11.899,-2.99605803215786,-3,-0.00683797220757747,-0.00394196784214085,2.38954166655537,-2.98765138719483,0,-0.0123486128051691,2.21040848934531
11.9,-2.99606486414025,-3,-0.00682644843405685,-0.00393513585974725,2.38954828089406,-2.98765138719483,0,-0.0123486128051691,2.20964807624389
11.999,-2.99668700300056,-3,-0.00576970963428765,-0.00331299699944276,2.3901506756558,-2.98765138719483,0,-0.0123486128051691,2.12950748932739
12,-2.99669276759061,-3,-0.0057598552809726,-0.00330723240938635,2.390156257985,-2.98765138719483,0,-0.0123486128051691,2.12864890067292
12.099,-2.99721719671935,-3,-0.00485922277393121,-0.00278280328064673,2.39066415699182,-2.98765138719483,0,-0.0123486128051691,2.03878893400397
12.1,-2.99722205159355,-3,-0.00485084978980086,-0.00277794840644896,2.39066885930335,-2.98765138719483,0,-0.0123486128051691,2.03783216979644
12.125,-2.99734074021069,-3,-0.00464596982929807,-0.0026592597893127,2.39078382078011,-2.98771210813536,-0.00514005140632333,-0.0122878918646441,2.01611054379078
12.137,-2.99739591595067,-3,-0.00455060925515408,-0.00260408404933088,2.39083726555059,-2.99398103862651,-0.902275823315165,-0.00601896137348801,2.37973244521162
12.143,-2.99742307756125,-3,-0.00450363942384034,-0.00257692243874885,2.39086357544243,-2.9991303259732,-0.785653605724239,-0.000869674026801714,2.46873748413711
12.199,-2.99766343285917,-3,-0.00408728468663861,-0.00233656714083397,2.3910964050354,-3.01664199041831,-0.110215473731733,0.016641990418309,2.4262033774364
12.2,-2.99766751646529,-3,-0.0040802002888405,-0.00233248353470561,2.39110036095371,-3.01674826223053,-0.102346251153045,0.0167482622305322,2.4262033774364
12.212,-2.99771597103981,-3,-0.00399611382768768,-0.00228402896019109,2.3911473008707,-3.01742920362537,0,0.0174292036253667,2.41010232040733
12.217,-2.99773586448807,-3,-0.00396157791149644,-0.00226413551193438,2.39116657269667,-3.01742920362537,0,0.0174292036253667,2.40382833045303
12.299,-2.99803861595469,-3,-0.00343508528580794,-0.00196138404531165,2.39145988054272,-3.01742920362537,0,0.0174292036253667,2.48448700410086
12.3,-2.99804204793666,-3,-0.00342910788952727,-0.00195795206333749,2.39146320564952,-3.01742920362537,0,0.0174292036253667,2.48556670525797
12.399,-2.99835383948815,-3,-0.0028853250934591,-0.00164616051185185,2.39176530408373,-3.01742920362537,0,0.0174292036253667,2.5993162323101
12.4,-2.99835672219997,-3,-0.00288029110970598,-0.0016432778000266,2.39176809732639,-3.01742920362537,0,0.0174292036253667,2.60053450139646
12.499,-2.99861856169529,-3,-0.00242263018045716,-0.00138143830470927,2.39202182154958,-3.01742920362537,0,0.0174292036253667,2.72800225344205
12.5,-2.99862098212754,-3,-0.00241839599380364,-0.00137901787246353,2.39202416706819,-3.01742920362537,0,0.0174292036253667,2.72935909045763
12.544,-2.99872339531628,-3,-0.00223918540546819,-0.00127660468372204,2.39212341224365,-3.01729720269526,0.0122127824952916,0.0172972026952607,2.78467760469687
12.555,-2.99874778993468,-3,-0.00219648289138049,-0.00125221006532339,2.39214705274334,-3.01091651972837,0.930884144675101,0.0109165197283683,2.41836093339373
12.559,-2.99875654488694,-3,-0.00218115610554403,-0.00124345511306467,2.39215553709733,-3.00727119432988,0.875981046924945,0.00727119432987866,2.34027354912739
12.599,-2.9988408032819,-3,-0.00203361515586042,-0.00115919671810216,2.39223719247992,-2.9897575062352,0.251994324851607,-0.0102424937647974,2.39416097744364
12.6,-2.99884283504995,-3,-0.0020300566714,-0.00115716495005014,2.39223916150798,-2.98950443230839,0.254166788309209,-0.0104955676916112,2.39416097744364
12.601,-2.99884486326273,-3,-0.00202650437961447,-0.00115513673726708,2.39224112709192,-2.9892491461091,0.25641890120704,-0.0107508538909,2.37248659929415
12.662,-2.99896210074674,-3,-0.00182111467132435,-0.00103789925325959,2.39235474663082,-2.98389802584317,0,-0.0161019741568289,2.35877944765259
12.699,-2.99902734176276,-3,-0.00170677433602103,-0.000972658237239798,2.39241797618771,-2.98389802584317,0,-0.0161019741568289,2.34010995574857
12.7,-2.99902904698567,-3,-0.001703785401121,-0.000970953014327147,2.39241962885449,-2.98389802584317,0,-0.0161019741568289,2.33928629047863
12.799,-2.99918389062977,-3,-0.00143229877992692,-0.000816109370231466,2.39256970389945,-2.98389802584317,0,-0.0161019741568289,2.25140267662272
12.8,-2.99918532162595,-3,-0.00142978918130657,-0.000814678374047251,2.39257109086128,-2.98389802584317,0,-0.0161019741568289,2.25045095415938
12.899,-2.99931525879927,-3,-0.00120187085037108,-0.000684741200728922,2.39269703226787,-2.98389802584317,0,-0.0161019741568289,2.14989363748238
12.9,-2.99931645957671,-3,-0.00119976424910128,-0.000683540423286999,2.39269819614387,-2.98389802584317,0,-0.0161019741568289,2.14881389900274
12.999,-2.99942548955213,-3,-0.00100846242701919,-0.000574510447867826,2.39280387733701,-2.98389802584317,0,-0.0161019741568289,2.03558299671222
13,-2.9994264970969,-3,-0.00100669440840633,-0.000573502903103318,2.39280485395268,-2.98389802584317,0,-0.0161019741568289,2.03437524221629
13.022,-2.9994482216107,-3,-0.000968571874479759,-0.000551778389300317,2.3928259116549,-2.98400877314892,-0.0106750869183943,-0.0159912268510785,2.01242819646489
13.034,-2.99945972257131,-3,-0.00094838919042206,-0.000540277428692892,2.39283705966389,-2.99091795176213,-0.908424132740971,-0.00908204823787306,2.39223158227741
13.039,-2.99946444361817,-3,-0.000940104251048764,-0.000535556381826563,2.3928416358388,-2.9952595408768,-0.810383672066864,-0.00474045912319943,2.46340993400105
13.099,-2.99951798002446,-3,-0.0008461489568839,-0.00048201997553754,2.39289352988088,-3.0141915000375,-0.0683897586121245,0.0141915000374984,2.40479941067871
13.1,-2.99951882540334,-3,-0.00084466527064585,-0.000481174596659528,2.39289434933272,-3.01425999767044,-0.068609587818725,0.0142599976704445,2.40479941067871
13.118,-2.99953379124285,-3,-0.000818399095572847,-0.000466208757148756,2.39290885621746,-3.01555593195139,-0.0766692932746783,0.015555931951388,2.43135882424153
13.124,-2.99953867571222,-3,-0.000809826360543628,-0.000461324287780229,2.39291359091035,-3.0158324138499,0,0.0158324138498962,2.42711049171293
13.199,-2.99959558311033,-3,-0.000709944007228156,-0.000404416889670856,2.39296875384557,-3.0158324138499,0,0.0158324138498962,2.47624759631652
13.2,-2.99959629240815,-3,-0.000708699021452705,-0.000403707591847713,2.39296944140651,-3.0158324138499,0,0.0158324138498962,2.47718194907278
13.299,-2.99966069388948,-3,-0.000595655131707581,-0.000339306110515025,2.39303186989682,-3.0158324138499,0,0.0158324138498962,2.57591358168733
13.3,-2.99966128900242,-3,-0.00059461049611062,-0.000338710997578762,2.39303244678382,-3.0158324138499,0,0.0158324138498962,2.57697380736706
13.399,-2.99971532266536,-3,-0.000499759924513625,-0.000284677334644989,2.39308482605939,-3.0158324138499,0,0.0158324138498962,2.68816685933758
13.4,-2.99971582197035,-3,-0.000498883426916385,-0.000284178029646753,2.39308531008084,-3.0158324138499,0,0.0158324138498962,2.68935295794008
13.475,-2.99975087868126,-3,-0.000437342910732181,-0.000249121318737,2.39311929391131,-3.01583144891878,9.7906977905647e-05,0.0158314489187807,2.78185335810018
13.487,-2.99975607173433,-3,-0.000428226620539794,-0.000243928265673876,2.39312432806706,-3.00967809717826,0.9192383602323,0.00967809717826151,2.42111431961669
13.495,-2.99975947349174,-3,-0.000422254895533217,-0.000240526508258121,2.39312762574151,-3.00283448281608,0.748497791651391,0.00283448281607779,2.31983965591547
13.499,-2.9997611565395,-3,-0.000419300331117408,-0.00023884346050318,2.39312925729469,-3.00013510546953,0.602695377724334,0.000135105469527108,2.31983965591547
13.5,-2.99976157545813,-3,-0.000418564925444319,-0.000238424541867399,2.3931296633962,-2.9995499960872,0.567609925675004,-0.000450003912797481,2.31983965591547
13.551,-2.99978199392227,-3,-0.000382720408092986,-0.000218006077725708,2.39314945720695,-2.98531393149463,0.0576323861881262,-0.0146860685053696,2.3855506399801
13.578,-2.9997920859745,-3,-0.000365003727134,-0.000207914025502465,2.39315924056382,-2.98361466118953,0,-0.0163853388104678,2.36767609070938
13.599,-2.99979961123868,-3,-0.000351793012676197,-0.000200388761321779,2.39316653566511,-2.98361466118953,0,-0.0163853388104678,2.36320242745606
13.6,-2.99979996271144,-3,-0.000351175995939666,-0.000200037288556665,2.39316687638841,-2.98361466118953,0,-0.0163853388104678,2.36236510431871
13.699,-2.99983187469083,-3,-0.000295153604710931,-0.000168125309172318,2.39319781252121,-2.98361466118953,0,-0.0163853388104678,2.27244025293612
13.7,-2.99983216957574,-3,-0.000294635923021976,-0.000167830424257609,2.39319809839016,-2.98361466118953,0,-0.0163853388104678,2.2714666127791
13.799,-2.99985894363727,-3,-0.000247632865297906,-0.000141056362734648,2.39322405395705,-2.98361466118953,0,-0.0163853388104678,2.16862792871542
13.8,-2.9998591910447,-3,-0.000247198529117471,-0.000140808955300997,2.39322429380215,-2.98361466118953,0,-0.0163853388104678,2.16752401969945
13.899,-2.9998816543793,-3,-0.000207762929443941,-0.000118345620700566,2.39324607059015,-2.98361466118953,0,-0.0163853388104678,2.05178871859998
13.9,-2.99988186195309,-3,-0.000207398521760039,-0.000118138046907745,2.39324627182063,-2.98361466118953,0,-0.0163853388104678,2.05055454072506
13.933,-2.99988851141139,-3,-0.000195725010318665,-0.000111488588612207,2.39325271808109,-2.9836900806845,-0.00801763632166733,-0.0163099193154972,2.01266123932764
13.945,-2.99989083546841,-3,-0.00019164499026624,-0.000109164531585382,2.39325497112115,-2.99033010511079,-0.909571642850888,-0.00966989488920511,2.38508892079423
13.949,-2.99989159933788,-3,-0.000190303972172306,-0.000108400662117702,2.39325571164931,-2.99387249634082,-0.845152267887656,-0.0061275036591848,2.45438843423443
13.999,-2.99990070859058,-3,-0.000174312127864013,-9.92914094153363e-05,2.39326454256635,-3.01299958380702,-0.178003666017866,0.0129995838070194,2.43376484577526
14,-2.99990088274403,-3,-0.000174006390795909,-9.91172559734466e-05,2.39326471139864,-3.01317111634697,-0.16509098511711,0.0131711163469705,2.43376484577526
14.028,-2.99990563695971,-3,-0.00016566007218491,-9.43630402856499e-05,2.39326932035793,-3.0149156563573,0,0.0149156563572972,2.4024569710624
14.032,-2.99990629725702,-3,-0.000164500879425192,-9.37027429794846e-05,2.39326996048184,-3.0149156563573,0,0.0149156563572972,2.39924082936185
14.099,-2.99991669498249,-3,-0.000146247021560614,-8.33050175113037e-05,2.39328004054944,-3.0149156563573,0,0.0149156563572972,2.44958132389355
14.1,-2.99991684109637,-3,-0.000145990509383269,-8.31589036263125e-05,2.39328018219966,-3.0149156563573,0,0.0149156563572972,2.45041270923407
14.199,-2.99993010748612,-3,-0.000122700520540665,-6.98925138777895e-05,2.39329304333937,-3.0149156563573,0,0.0149156563572972,2.53858978574781
14.2,-2.99993023007494,-3,-0.000122485308047184,-6.97699250578054e-05,2.39329316218368,-3.0149156563573,0,0.0149156563572972,2.53953975548724
14.299,-2.99994136050958,-3,-0.000102945122905215,-5.86394904242837e-05,2.39330395265635,-3.0149156563573,0,0.0149156563572972,2.63945668737771
14.3,-2.99994146336098,-3,-0.00010276456079602,-5.8536639017337e-05,2.39330405236654,-3.0149156563573,0,0.0149156563572972,2.64052524151486
14.399,-2.99995080174013,-3,-8.63704470558492e-05,-4.9198259867822e-05,2.3933131055483,-3.0149156563573,0,0.0149156563572972,2.75218202877864
14.4,-2.99995088803195,-3,-8.62189563655685e-05,-4.91119680487984e-05,2.3933131892048,-3.0149156563573,0,0.0149156563572972,2.75336916731349
14.424,-2.99995291423451,-3,-8.26618308460839e-05,-4.70857654852885e-05,2.39331515353009,-3.01489317989051,0.00207952616237567,0.0148931798905112,2.7812364604298
14.436,-2.99995389576879,-3,-8.09386857852902e-05,-4.61042312136506e-05,2.39331610509005,-3.00853910358492,0.920935211135895,0.00853910358492271,2.41338415780657
14.44,-2.99995421837879,-3,-8.03723236917017e-05,-4.57816212118267e-05,2.3933164178481,-3.00494081781754,0.862664941251048,0.00494081781753897,2.33672164361389
14.499,-2.99995872288596,-3,-7.24643817496869e-05,-4.12771140418933e-05,2.39332078479994,-2.98408249786339,0.133460950684395,-0.0159175021366149,2.36877786409101
14.5,-2.99995879528437,-3,-7.23372818460742e-05,-4.12047156279627e-05,2.3933208549876,-2.98395158000832,0.128390392501132,-0.0160484199916806,2.36877786409101
14.527,-2.99996070276323,-3,-6.8988584727296e-05,-3.92972367673217e-05,2.3933227042191,-2.98207411618028,0,-0.017925883819724,2.35308310861503
14.599,-2.99996536868874,-3,-6.07972660959232e-05,-3.46313112595809e-05,2.39332722766902,-2.98207411618028,0,-0.017925883819724,2.29384981161886
14.6,-2.99996542943066,-3,-6.06906299719219e-05,-3.45705693405307e-05,2.3933272865562,-2.98207411618028,0,-0.017925883819724,2.2928168231462
14.699,-2.99997094448541,-3,-5.10086173803105e-05,-2.90555145885385e-05,2.3933326332155,-2.98207411618028,0,-0.017925883819724,2.18349638754696
14.7,-2.99997099544759,-3,-5.09191502305314e-05,-2.90045524073967e-05,2.39333268262164,-2.98207411618028,0,-0.017925883819724,2.18232088237223
14.799,-2.9999756225525,-3,-4.27959907354017e-05,-2.43774474970593e-05,2.39333716845068,-2.98207411618028,0,-0.017925883819724,2.05889129337809
14.8,-2.99997566530953,-3,-4.27209282413442e-05,-2.43346904658104e-05,2.39333720990225,-2.98207411618028,0,-0.017925883819724,2.05757327150243
14.836,-2.99997715562353,-3,-4.01045940160587e-05,-2.2844376466935e-05,2.39333865471514,-2.98211307826621,-0.0046201979273345,-0.0178869217337865,2.0111364801347
14.848,-2.99997763182922,-3,-3.92685869561685e-05,-2.23681707782752e-05,2.39333911638164,-2.9884036230215,-0.909331348401495,-0.0115963769785026,2.37221256562325
14.854,-2.99997786619647,-3,-3.88571413476964e-05,-2.21338035268914e-05,2.39333934359356,-2.99361011831952,-0.797483294607297,-0.00638988168047838,2.46159214189216
14.899,-2.99997954742904,-3,-3.59056389496917e-05,-2.04525709626147e-05,2.39334097349703,-3.00989294580387,-0.15662262000225,0.00989294580386879,2.39348128082654
14.9,-2.99997958330199,-3,-3.58426618408493e-05,-2.04166980104503e-05,2.39334100827475,-3.01005078342044,-0.159059234765184,0.010050783420442,2.39348128082654
14.91,-2.99997993858907,-3,-3.52189342731725e-05,-2.00614109280295e-05,2.39334135271477,-3.01177112991041,-0.185729378625624,0.0117711299104148,2.42109043164866
14.934,-2.99998076625739,-3,-3.37659145204512e-05,-1.92337426092593e-05,2.39334215511413,-3.01408241412501,0,0.0140824141250069,2.40699476515458
14.999,-2.99998284038245,-3,-3.01246673887809e-05,-1.71596175468913e-05,2.39334416591692,-3.01408241412501,0,0.0140824141250069,2.4398979557354
15,-2.9999828704797,-3,-3.00718298949849e-05,-1.7129520303083e-05,2.39334419509533,-3.01408241412501,0,0.0140824141250069,2.44065975061007
15.099,-2.99998560315546,-3,-2.527446035414e-05,-1.43968445440734e-05,2.39334684434514,-3.01408241412501,0,0.0140824141250069,2.52161945673363
15.1,-2.99998562840691,-3,-2.52301299818538e-05,-1.43715930929211e-05,2.39334686882563,-3.01408241412501,0,0.0140824141250069,2.52249321146659
15.199,-2.99998792110964,-3,-2.12051594734815e-05,-1.20788903648084e-05,2.39334909153619,-3.01408241412501,0,0.0140824141250069,2.61453694243434
15.2,-2.99998794229549,-3,-2.11679665299289e-05,-1.2057704509072e-05,2.39334911207532,-3.01408241412501,0,0.0140824141250069,2.61552265701386
15.299,-2.99998986586292,-3,-1.77910354067579e-05,-1.01341370841723e-05,2.39335097692092,-3.01408241412501,0,0.0140824141250069,2.71865041279249
15.3,-2.99998988363775,-3,-1.77598306594614e-05,-1.01163622452383e-05,2.39335099415308,-3.01408241412501,0,0.0140824141250069,2.71974808721859
15.358,-2.99999086297059,-3,-1.6040556950436e-05,-9.13702941485184e-06,2.39335194358985,-3.01396332701659,0.00938704281891044,0.013963327016588,2.78059579368408
15.37,-2.99999105343766,-3,-1.57061811293562e-05,-8.94656234295965e-06,2.39335212824238,-3.00695536751971,0.922745567313198,0.00695536751971115,2.39381827062357
15.376,-2.99999114717708,-3,-1.55416165598962e-05,-8.85282292450995e-06,2.3933522191202,-3.00176495810727,0.783137470071022,0.00176495810726873,2.31851895341489
15.399,-2.99999149750237,-3,-1.49266008577933e-05,-8.50249762995858e-06,2.39335255875114,-2.99081052985999,0.329710626557934,-0.00918947014000837,2.37726943345477
15.4,-2.99999151241538,-3,-1.49004202379017e-05,-8.48758461735599e-06,2.39335257320893,-2.9904837347029,0.323908933617855,-0.00951626529709548,2.37726943345477
15.432,-2.99999197606804,-3,-1.40864518310153e-05,-8.02393195531437e-06,2.39335302270776,-2.98384170666827,0.0550680432646699,-0.0161582933317264,2.38317219169002
15.457,-2.99999232060202,-3,-1.348160325473e-05,-7.67939798063111e-06,2.39335335672435,-2.98230017985456,0,-0.0176998201454381,2.36217212742334
15.499,-2.99999286644075,-3,-1.25233533238283e-05,-7.13355924508718e-06,2.39335388590053,-2.98230017985456,0,-0.0176998201454381,2.33851106416439
15.5,-2.99999287895271,-3,-1.25013878742181e-05,-7.12104729228002e-06,2.39335389803055,-2.98230017985456,0,-0.0176998201454381,2.33753480595445
15.599,-2.99999401497413,-3,-1.05070390527938e-05,-5.9850258735672e-06,2.39335499937333,-2.98230017985456,0,-0.0176998201454381,2.2339183372184
15.6,-2.9999940254716,-3,-1.04886101993749e-05,-5.97452839956603e-06,2.39335500955037,-2.98230017985456,0,-0.0176998201454381,2.23280134612394
15.699,-2.99999497858868,-3,-8.81536084733652e-06,-5.02141132452394e-06,2.39335593357291,-2.98230017985456,0,-0.0176998201454381,2.11525361648206
15.7,-2.99999498739601,-3,-8.7998990195085e-06,-5.01260398877434e-06,2.39335594211136,-2.98230017985456,0,-0.0176998201454381,2.1139959059676
15.781,-2.99999565180703,-3,-7.63348894202782e-06,-4.34819296568634e-06,2.39335658624072,-2.98237883683846,-0.00881748443386111,-0.0176211631615413,2.01128182797866
15.793,-2.9999957424478,-3,-7.47436407640236e-06,-4.25755220412327e-06,2.39335667411459,-2.98913633905421,-0.912151844901473,-0.0108636609457937,2.38652742842863
15.797,-2.99999577223954,-3,-7.42206307352773e-06,-4.22776046082873e-06,2.39335670299682,-2.99268145069045,-0.844403180256508,-0.00731854930955489,2.45370315213264
15.799,-2.99999578705715,-3,-7.39604999019249e-06,-4.21294285368745e-06,2.39335671736219,-2.99430136184427,-0.775917676531312,-0.00569863815572935,2.45370315213264
15.8,-2.99999579444646,-3,-7.3830776334877e-06,-4.20555353652929e-06,2.39335672452597,-2.99506056079468,-0.742577979018158,-0.00493943920531903,2.45370315213264
15.87,-2.99999628075312,-3,-6.52933941766574e-06,-3.71924688113978e-06,2.39335719598794,-3.01429549172698,0,0.0142954917269753,2.4035751975315
15.876,-2.99999631972227,-3,-6.46092701036441e-06,-3.68027773456348e-06,2.39335723376739,-3.01429549172698,0,0.0142954917269753,2.39484364241432
15.899,-2.99999646535874,-3,-6.20525432021357e-06,-3.53464126012781e-06,2.39335737495833,-3.01429549172698,0,0.0142954917269753,2.40844676495023
15.9,-2.99999647155835,-3,-6.19437056598126e-06,-3.52844165485422e-06,2.39335738096867,-3.01429549172698,0,0.0142954917269753,2.40916078061398
15.999,-2.99999703445089,-3,-5.20618200485086e-06,-2.96554911116687e-06,2.39335792667886,-3.01429549172698,0,0.0142954917269753,2.4855361969193
16,-2.99999703965233,-3,-5.19705055304049e-06,-2.96034766877895e-06,2.39335793172149,-3.01429549172698,0,0.0142954917269753,2.48636451125154
16.099,-2.99999751191678,-3,-4.3679647506076e-06,-2.48808321723359e-06,2.39335838956991,-3.01429549172698,0,0.0142954917269753,2.57399349739812
16.1,-2.99999751628077,-3,-4.36030355453329e-06,-2.48371922895174e-06,2.39335839380071,-3.01429549172698,0,0.0142954917269753,2.57493546561429
16.199,-2.99999791250865,-3,-3.66470412579871e-06,-2.08749135177655e-06,2.39335877793396,-3.01429549172698,0,0.0142954917269753,2.67381618627022
16.2,-2.99999791617002,-3,-3.65827632112862e-06,-2.08382998367895e-06,2.39335878148357,-3.01429549172698,0,0.0142954917269753,2.67487180837032
16.296,-2.99999823935549,-3,-3.09090652176141e-06,-1.76064450974067e-06,2.39335909480372,-3.01427901635871,0.00146038186059782,0.0142790163587128,2.78080265935766
16.299,-2.99999824860353,-3,-3.07467105347392e-06,-1.75139647051736e-06,2.39335910376954,-3.01411604633457,0.209871551610381,0.014116046334574,2.78080265935766
16.3,-2.9999982516754,-3,-3.06927816320769e-06,-1.74832459798324e-06,2.39335910674767,-3.01383101916356,0.359989696827876,0.013831019163558,2.73892380031281
16.308,-2.9999982760572,-3,-3.02647457134754e-06,-1.72394279696064e-06,2.39335913038505,-3.00796331832625,0.919900185560193,0.00796331832624908,2.41355008023449
16.312,-2.9999982881203,-3,-3.00529717847533e-06,-1.71187970332554e-06,2.39335914207986,-3.00436731125537,0.862420321787959,0.00436731125537104,2.3362041255746
16.388,-2.99999850193492,-3,-2.62993396428312e-06,-1.49806508042971e-06,2.39335934936791,-2.98269314007606,0,-0.0173068599239383,2.37061665542557
16.399,-2.99999853058571,-3,-2.5796360825121e-06,-1.46941428535996e-06,2.39335937714417,-2.98269314007606,0,-0.0173068599239383,2.37434111256331
16.4,-2.999998533163,-3,-2.57511150645901e-06,-1.46683699764338e-06,2.39335937964279,-2.98269314007606,0,-0.0173068599239383,2.37356917546691
16.499,-2.99999876716758,-3,-2.16430374611871e-06,-1.23283241837413e-06,2.39335960650449,-2.98269314007606,0,-0.0173068599239383,2.27748058075058
16.5,-2.99999876932992,-3,-2.16050762976301e-06,-1.23067008450661e-06,2.39335960860085,-2.98269314007606,0,-0.0173068599239383,2.276437347106
16.599,-2.99999896565877,-3,-1.81584159941844e-06,-1.03434122911139e-06,2.39335979893669,-2.98269314007606,0,-0.0173068599239383,2.16634625110191
16.6,-2.99999896747296,-3,-1.81265672073427e-06,-1.03252704075629e-06,2.39335980069547,-2.98269314007606,0,-0.0173068599239383,2.16516542220096
16.699,-2.99999913219205,-3,-1.52348334954372e-06,-8.67807952609212e-07,2.39335996038679,-2.98269314007606,0,-0.0173068599239383,2.04145239581674
16.7,-2.99999913371414,-3,-1.52081118056669e-06,-8.66285855938287e-07,2.3933599618624,-2.98269314007606,0,-0.0173068599239383,2.04013397165942
16.724,-2.99999916945422,-3,-1.45806796814741e-06,-8.30545778818248e-07,2.39335999651143,-2.98277471534597,-0.0091446207726619,-0.0172252846540282,2.01205500911351
16.736,-2.99999918676746,-3,-1.42767363493877e-06,-8.13232543972475e-07,2.39336001329624,-2.98949118298962,-0.908952464031796,-0.0105088170103813,2.38514320699877
16.74,-2.99999919245796,-3,-1.41768353970253e-06,-8.07542040792697e-07,2.3933600188131,-2.99302900849309,-0.843799417650134,-0.00697099150690716,2.45311797160415
16.799,-2.99999927191276,-3,-1.27819631076068e-06,-7.2808723672324e-07,2.39336009584261,-3.01338852117057,-0.0774013167135696,0.0133885211705707,2.41235847488122
16.8,-2.9999992731898,-3,-1.27595435547577e-06,-7.26810204465522e-07,2.39336009708058,-3.01346430164451,-0.0741691226549126,0.0134643016445124,2.41235847488122
16.82,-2.99999929826526,-3,-1.23193287537629e-06,-7.01734736097137e-07,2.39336012139056,-3.01436542596165,0,0.0143654259616541,2.40184161927307
16.825,-2.99999930439777,-3,-1.22116701160032e-06,-6.95602229150438e-07,2.39336012733581,-3.01436542596165,0,0.0143654259616541,2.39718907478195
16.899,-2.99999938913785,-3,-1.0724016718733e-06,-6.10862145311586e-07,2.39336020948926,-3.01436542596165,0,0.0143654259616541,2.4495782540554
16.9,-2.99999939020928,-3,-1.07052075176427e-06,-6.0979071969669e-07,2.39336021052805,-3.01436542596165,0,0.0143654259616541,2.45036035559096
16.999,-2.99999948748922,-3,-8.99740251945967e-07,-5.12510780481534e-07,2.39336030483854,-3.01436542596165,0,0.0143654259616541,2.53344179689273
17,-2.99999948838814,-3,-8.9816216228058e-07,-5.11611859543848e-07,2.39336030571,-3.01436542596165,0,0.0143654259616541,2.53433810831264
17.099,-2.9999995700056,-3,-7.5487816003545e-07,-4.2999439830993e-07,2.39336038483618,-3.01436542596165,0,0.0143654259616541,2.62872632815176
17.1,-2.99999957075979,-3,-7.53554141478002e-07,-4.29240207378001e-07,2.39336038556733,-3.01436542596165,0,0.0143654259616541,2.62973684945587
17.199,-2.9999996392365,-3,-6.33339515450751e-07,-3.60763499962502e-07,2.39336045195386,-3.01436542596165,0,0.0143654259616541,2.73543184783198
17.2,-2.99999963986926,-3,-6.32228666384191e-07,-3.60130737231401e-07,2.39336045256726,-3.01436542596165,0,0.0143654259616541,2.73655657902031
17.244,-2.99999966663922,-3,-5.85232465559283e-07,-3.33360777204916e-07,2.39336047851999,-3.01422444198414,0.0107216073737141,0.01422444198414,2.78168576887181
17.255,-2.99999967301481,-3,-5.74040137854018e-07,-3.26985188259243e-07,2.39336048470093,-3.0079763731923,0.925794474697655,0.00797637319230216,2.41747060961629
17.259,-2.99999967530285,-3,-5.70023593068256e-07,-3.24697146947273e-07,2.39336048691923,-3.00434660414701,0.872832261065985,0.00434660414700883,2.33718135962439
17.299,-2.99999969732093,-3,-5.31369575683569e-07,-3.02679069363876e-07,2.39336050826517,-2.98693178995725,0.253927981037591,-0.0130682100427517,2.36472168933597
17.3,-2.99999969785182,-3,-5.30437626373335e-07,-3.02148184250228e-07,2.39336050877981,-2.98668229124253,0.24509800273779,-0.0133177087574659,2.36472168933597
17.334,-2.99999971535844,-3,-4.99703762494845e-07,-2.84641563652599e-07,2.39336052575218,-2.98253286442227,0,-0.0174671355777276,2.37227206849479
17.339,-2.99999971784594,-3,-4.95336662908188e-07,-2.82154059227935e-07,2.39336052816393,-2.98253286442227,0,-0.0174671355777276,2.37901430412058
17.399,-2.99999974605353,-3,-4.45816630301928e-07,-2.53946470074595e-07,2.39336055551036,-2.98253286442227,0,-0.0174671355777276,2.32559110815854
17.4,-2.99999974649894,-3,-4.45034687830785e-07,-2.53501059255257e-07,2.39336055594217,-2.98253286442227,0,-0.0174671355777276,2.32460495463553
17.499,-2.99999978693997,-3,-3.74038137142181e-07,-2.1306002517818e-07,2.39336059514877,-2.98253286442227,0,-0.0174671355777276,2.22010171442602
17.5,-2.99999978731367,-3,-3.73382094364731e-07,-2.12686327660805e-07,2.39336059551103,-2.98253286442227,0,-0.0174671355777276,2.21897669139035
17.599,-2.99999982124353,-3,-3.13816550334814e-07,-1.78756470514685e-07,2.39336062840521,-2.98253286442227,0,-0.0174671355777276,2.10072537056934
17.6,-2.99999982155706,-3,-3.13266141630531e-07,-1.78442939091639e-07,2.39336062870923,-2.98253286442227,0,-0.0174671355777276,2.09946147803287
17.667,-2.99999984135791,-3,-2.7850449848006e-07,-1.58642091907524e-07,2.39336064790567,-2.98253892734953,-0.000763202501454208,-0.0174610726504669,2.0119329503818
17.68,-2.99999984493735,-3,-2.72220529425984e-07,-1.55062650719628e-07,2.39336065137574,-2.98927532360651,-0.906004225668612,-0.0107246763934885,2.38616044178455
17.684,-2.99999984602238,-3,-2.70315842481035e-07,-1.53977618655432e-07,2.39336065242762,-2.99279803988913,-0.8394327696126,-0.00720196011087149,2.45305453447144
17.699,-2.99999985002407,-3,-2.63290777854972e-07,-1.49975930341384e-07,2.39336065630736,-3.00186936690844,-0.413374133075595,0.00186936690843753,2.42766881117055
17.7,-2.99999985028712,-3,-2.62828941064563e-07,-1.49712878538821e-07,2.39336065656244,-3.00227435623267,-0.396654761384476,0.00227435623266681,2.42766881117055
17.701,-2.99999985054971,-3,-2.6236789145725e-07,-1.49450288144948e-07,2.39336065681705,-3.00266277540838,-0.380232327786287,0.00266277540837745,2.40558339974147
17.782,-2.99999987035905,-3,-2.27591720757731e-07,-1.29640948642873e-07,2.39336067602149,-3.01515441039353,-0.0412333282263255,0.0151544103935275,2.43372087392851
17.784,-2.99999987081342,-3,-2.26794106293955e-07,-1.29186579211904e-07,2.39336067646195,-3.0152141671204,0,0.0152141671203974,2.43343940478793
17.799,-2.99999987417082,-3,-2.2089981759108e-07,-1.25829178632131e-07,2.39336067971697,-3.0152141671204,0,0.0152141671203974,2.43062236435104
17.8,-2.99999987439152,-3,-2.20512363582119e-07,-1.25608480061601e-07,2.3933606799309,-3.0152141671204,0,0.0152141671203974,2.43136919267616
17.899,-2.99999989442985,-3,-1.85333978952708e-07,-1.05570154840251e-07,2.39336069935755,-3.0152141671204,0,0.0152141671203974,2.51529815686191
17.9,-2.99999989461501,-3,-1.85008926496279e-07,-1.05384989623758e-07,2.39336069953706,-3.0152141671204,0,0.0152141671203974,2.51620760074431
17.999,-2.99999991142708,-3,-1.55494743528897e-07,-8.85729192212636e-08,2.39336071583602,-3.0152141671204,0,0.0152141671203974,2.61222994912048
18,-2.99999991158243,-3,-1.55221998018097e-07,-8.84175657134278e-08,2.39336071598669,-3.0152141671204,0,0.0152141671203974,2.61326035065982
18.099,-2.99999992568769,-3,-1.30459476206607e-07,-7.431230875099e-08,2.39336072966131,-3.0152141671204,0,0.0152141671203974,2.72125750707262
18.1,-2.99999992581803,-3,-1.30230654201096e-07,-7.4181968567899e-08,2.39336072978763,-3.0152141671204,0,0.0152141671203974,2.72240886626889
18.152,-2.9999999322899,-3,-1.18868711525725e-07,-6.77100984169954e-08,2.39336073606189,-3.01516160517129,0.00465911099208622,0.0151616051712917,2.7817112059682
18.164,-2.99999993370136,-3,-1.16390943754137e-07,-6.62986394672771e-08,2.3933607374304,-3.00858891089041,0.922024459407779,0.00858891089041425,2.40768305507478
18.168,-2.99999993416528,-3,-1.15576540497439e-07,-6.58347221182964e-08,2.39336073788019,-3.00500203885231,0.85667830082234,0.00500203885230688,2.33507172731494
18.199,-2.99999993765229,-3,-1.09454647335236e-07,-6.23477145467177e-08,2.39336074126071,-2.99028087714957,0.289420744670071,-0.00971912285043297,2.38940600117103
18.2,-2.99999993776164,-3,-1.09262660688853e-07,-6.22383589110598e-08,2.39336074136678,-2.9899916108887,0.289130848619949,-0.0100083891112996,2.38940600117103
18.255,-2.99999994348991,-3,-9.92064971935987e-08,-5.65100934935003e-08,2.39336074692014,-2.98223415813729,0,-0.017765841862714,2.35248658545868
18.299,-2.99999994769053,-3,-9.1832164056093e-08,-5.23094727533646e-08,2.3933607509925,-2.98223415813729,0,-0.017765841862714,2.32082647190527
18.3,-2.99999994778228,-3,-9.1671104608534e-08,-5.22177243666988e-08,2.39336075108144,-2.98223415813729,0,-0.017765841862714,2.31982506277319
18.399,-2.99999995611257,-3,-7.70466406935159e-08,-4.38874292463254e-08,2.39336075915739,-2.98223415813729,0,-0.017765841862714,2.21369347970508
18.4,-2.99999995618955,-3,-7.69115444286118e-08,-4.38104525990468e-08,2.39336075923205,-2.98223415813729,0,-0.017765841862714,2.21255082121008
18.499,-2.99999996317863,-3,-6.46418661444294e-08,-3.68213695089992e-08,2.39336076600782,-2.98223415813729,0,-0.017765841862714,2.0924360366391
18.5,-2.99999996324321,-3,-6.45285037779702e-08,-3.67567865033891e-08,2.39336076607044,-2.98223415813729,0,-0.017765841862714,2.09115213382963
18.563,-2.99999996709164,-3,-5.77723802398535e-08,-3.29083573724631e-08,2.3933607698014,-2.98230983085925,-0.00848294944145483,-0.0176901691407512,2.01110708357298
18.575,-2.99999996777764,-3,-5.65680650990885e-08,-3.22223621118667e-08,2.39336077046651,-2.9890372777134,-0.912316014160154,-0.0109627222866,2.38552746485471
18.579,-2.99999996800311,-3,-5.61722185147323e-08,-3.19968904705092e-08,2.39336077068501,-2.99258569853857,-0.845741659544,-0.00741430146142896,2.45337050118828
18.599,-2.99999996910702,-3,-5.42343809257135e-08,-3.089297573311e-08,2.39336077175523,-3.0036384121662,-0.361599283739988,0.00363841216620475,2.40559978674399
18.6,-2.99999996916121,-3,-5.41392802344245e-08,-3.08387910763486e-08,2.39336077180775,-3.00399669245108,-0.354993822875347,0.00399669245108081,2.40559978674399
18.622,-2.99999997032953,-3,-5.20880063803931e-08,-2.96704736335585e-08,2.39336077294045,-3.01053773661523,-0.252087371556668,0.0105377366152313,2.43234942333952
18.673,-2.99999997287049,-3,-4.76278105818647e-08,-2.71295141907046e-08,2.39336077540385,-3.01452705417516,0,0.0145270541751596,2.41397818330119
18.699,-2.99999997408092,-3,-4.55022601865237e-08,-2.59190766627171e-08,2.39336077657729,-3.01452705417516,0,0.0145270541751596,2.42530578627292
18.7,-2.99999997412638,-3,-4.54224849345608e-08,-2.58736161384832e-08,2.39336077662134,-3.01452705417516,0,0.0145270541751596,2.42605766076279
18.799,-2.999999978254,-3,-3.81761950506028e-08,-2.17459965590194e-08,2.39336078062309,-3.01452705417516,0,0.0145270541751596,2.50628830998554
18.8,-2.99999997829214,-3,-3.8109227127018e-08,-2.17078555131422e-08,2.39336078066001,-3.01452705417516,0,0.0145270541751596,2.50715649137157
18.899,-2.9999999817552,-3,-3.20297309377025e-08,-1.82448007812752e-08,2.39336078401734,-3.01452705417516,0,0.0145270541751596,2.59882344524405
18.9,-2.9999999817872,-3,-3.19735746359082e-08,-1.82128001569026e-08,2.39336078404838,-3.01452705417516,0,0.0145270541751596,2.59980712151201
18.999,-2.99999998469269,-3,-2.68727723329926e-08,-1.53073105302326e-08,2.39336078686527,-3.01452705417516,0,0.0145270541751596,2.70290806869538
19,-2.99999998471954,-3,-2.68256183052333e-08,-1.52804626729619e-08,2.39336078689123,-3.01452705417516,0,0.0145270541751596,2.70400723984526
19.071,-2.99999998651019,-3,-2.3682018022457e-08,-1.34898128223426e-08,2.39336078862733,-3.01443388464087,0.00762399688606377,0.0144338846408725,2.78121711629761
19.083,-2.99999998679139,-3,-2.31883469158323e-08,-1.32086106496843e-08,2.39336078889982,-3.00758134448015,0.923132864155737,0.0075813444801498,2.39878042669678
19.089,-2.99999998692979,-3,-2.29453863197825e-08,-1.30702138001482e-08,2.39336078903412,-3.00236403353099,0.790433653190729,0.00236403353098957,2.31921679049911
19.099,-2.99999998715723,-3,-2.25464057497685e-08,-1.2842772623145e-08,2.39336078925439,-2.99624173090741,0.462280488579534,-0.00375826909258903,2.34907591039263
19.1,-2.99999998717975,-3,-2.25069164287377e-08,-1.28202457538862e-08,2.3933607892764,-2.99578973504498,0.441769088210313,-0.00421026495501975,2.34907591039263
19.146,-2.99999998817433,-3,-2.07605938197282e-08,-1.1825671997201e-08,2.39336079024057,-2.98409011662147,0.0524068953657686,-0.0159098833785269,2.38164829017248
19.172,-2.99999998870195,-3,-1.98344829140173e-08,-1.12980473865321e-08,2.39336079075212,-2.98261179873586,0,-0.0173882012641431,2.36134223469412
19.199,-2.99999998922497,-3,-1.89161044486117e-08,-1.07750306455046e-08,2.39336079125913,-2.98261179873586,0,-0.0173882012641431,2.35187092277974
19.2,-2.99999998924387,-3,-1.88829375835995e-08,-1.07561319850902e-08,2.39336079127742,-2.98261179873586,0,-0.0173882012641431,2.35092883608513
19.299,-2.9999999909598,-3,-1.58703651616787e-08,-9.04020325265265e-09,2.39336079294111,-2.98261179873586,0,-0.0173882012641431,2.25070519907652
19.3,-2.99999999097565,-3,-1.58424983401666e-08,-9.02434749150416e-09,2.39336079295642,-2.98261179873586,0,-0.0173882012641431,2.24962368402179
19.399,-2.99999999241531,-3,-1.33153573201364e-08,-7.58469420603092e-09,2.39336079435215,-2.98261179873586,0,-0.0173882012641431,2.13571071723168
19.4,-2.99999999242861,-3,-1.32919866839956e-08,-7.57139151374986e-09,2.39336079436497,-2.98261179873586,0,-0.0173882012641431,2.13449096023005
19.497,-2.99999999361409,-3,-1.12108743732552e-08,-6.3859082466422e-09,2.39336079551438,-2.98266634191071,-0.00646782361101327,-0.0173336580892935,2.0123493217209
19.499,-2.99999999363647,-3,-1.11715337670569e-08,-6.36352703864418e-09,2.39336079553601,-2.98271047336476,-0.0863540489200094,-0.0172895266352397,2.0123493217209
19.5,-2.99999999364763,-3,-1.11519335685505e-08,-6.35236618862223e-09,2.39336079554677,-2.9828715203669,-0.235535830814866,-0.0171284796331022,2.0123493217209
19.509,-2.99999999374721,-3,-1.09771466023841e-08,-6.25279072963281e-09,2.39336079564334,-2.98909197928304,-0.908620775781299,-0.0109080207169585,2.37728703348505
19.513,-2.99999999379096,-3,-1.09003557294024e-08,-6.20903728432154e-09,2.3933607956858,-2.99265041159299,-0.853151746946975,-0.00734958840701383,2.45086629229231
19.595,-2.99999999462341,-3,-9.43890022837572e-09,-5.37659472499286e-09,2.39336079649284,-3.01431352106061,0,0.0143135210606107,2.40265625866221
19.599,-2.99999999466103,-3,-9.37280127972046e-09,-5.33897237531278e-09,2.39336079652931,-3.01431352106061,0,0.0143135210606107,2.39907032931136
19.6,-2.99999999467039,-3,-9.35634970819714e-09,-5.32960831023388e-09,2.39336079653835,-3.01431352106061,0,0.0143135210606107,2.3990585281427
19.699,-2.99999999552062,-3,-7.86385505240576e-09,-4.47937642533702e-09,2.39336079736261,-3.01431352106061,0,0.0143135210606107,2.47163638973126
19.7,-2.99999999552848,-3,-7.85007202513754e-09,-4.47151959903636e-09,2.39336079737026,-3.01431352106061,0,0.0143135210606107,2.47244676522811
19.799,-2.99999999624182,-3,-6.59764162850882e-09,-3.75817732489736e-09,2.39336079806183,-3.01431352106061,0,0.0143135210606107,2.55830690195959
19.8,-2.99999999624841,-3,-6.58606538180405e-09,-3.75158570875556e-09,2.39336079806821,-3.01431352106061,0,0.0143135210606107,2.55923107467954
19.899,-2.99999999684691,-3,-5.53545384323829e-09,-3.1530946742464e-09,2.39336079864848,-3.01431352106061,0,0.0143135210606107,2.65635713649732
19.9,-2.99999999685244,-3,-5.52572812584875e-09,-3.14756443131614e-09,2.39336079865381,-3.01431352106061,0,0.0143135210606107,2.65739510644036
19.99,-2.99999999731244,-3,-4.71823768399994e-09,-2.68756217280952e-09,2.39336079909978,-3.01431352106061,0,0.0143135210606107,2.75547239759963
19.999,-2.99999999735457,-3,-4.64419521831333e-09,-2.64543320582789e-09,2.39336079914065,-3.01430357453426,0.00221691529686906,0.0143035745342637,2.75547239759963
20,-2.99999999735921,-3,-4.63603131468619e-09,-2.64079336176337e-09,2.39336079914512,-3.01430123282637,0.00246667261562204,0.0143012328263707,2.75547239759963
20.015,-2.99999999742784,-3,-4.51557090106868e-09,-2.57216292709472e-09,2.39336079921162,-3.01423522732754,0.00640671729502107,0.0142352273275379,2.78117266087764
20.027,-2.99999999748146,-3,-4.42146379532627e-09,-2.51854448407585e-09,2.39336079926363,-3.0074818788444,0.92286024082969,0.00748187884439888,2.40130691733895
20.033,-2.99999999750784,-3,-4.37512562345266e-09,-2.49215625913735e-09,2.39336079928917,-3.00225163681872,0.794208089202806,0.00225163681872065,2.31907917137942
20.099,-2.99999999778049,-3,-3.89645604150264e-09,-2.2195076887499e-09,2.39336079955356,-2.98342167376335,0.0484832740871946,-0.0165783262366537,2.38119655568503
20.1,-2.99999999778439,-3,-3.88960968712429e-09,-2.21561480273635e-09,2.39336079955732,-2.9833726948342,0.0494763257434002,-0.0166273051657968,2.38119655568503
20.112,-2.99999999783057,-3,-3.80853753286249e-09,-2.16942908082274e-09,2.39336079960209,-2.98270378981728,0.0623057675943187,-0.0172962101827232,2.35922740169189
20.118,-2.9999999978533,-3,-3.76857498501751e-09,-2.14669793052735e-09,2.39336079962416,-2.98247830014627,0,-0.0175216998537251,2.36069959615734
20.199,-2.99999999813784,-3,-3.26908743687771e-09,-1.86215798336775e-09,2.39336079989996,-2.98247830014627,0,-0.0175216998537251,2.29576114697723
20.2,-2.99999999814111,-3,-3.26335626295243e-09,-1.8588917072293e-09,2.39336079990314,-2.98247830014627,0,-0.0175216998537251,2.29473127834221
20.299,-2.99999999843766,-3,-2.74275816428102e-09,-1.56234225556773e-09,2.39336080019065,-2.98247830014627,0,-0.0175216998537251,2.18587876987844
20.3,-2.9999999984404,-3,-2.73793878149514e-09,-1.55960178105374e-09,2.39336080019333,-2.98247830014627,0,-0.0175216998537251,2.18470959793852
20.399,-2.9999999986892,-3,-2.30121706712909e-09,-1.31079902487841e-09,2.39336080043446,-2.98247830014627,0,-0.0175216998537251,2.06206606229808
20.4,-2.9999999986915,-3,-2.29719618879501e-09,-1.30849997503901e-09,2.39336080043669,-2.98247830014627,0,-0.0175216998537251,2.06075758705335
20.437,-2.99999999877379,-3,-2.15269684932706e-09,-1.22620980036459e-09,2.39336080051648,-2.98249287708285,-0.00183494674248919,-0.0175071229171517,2.01212377676523
20.45,-2.99999999880146,-3,-2.10403584160875e-09,-1.19854215441251e-09,2.39336080054333,-2.98932140460528,-0.905569038078511,-0.0106785953947166,2.3887155245212
20.455,-2.99999999881193,-3,-2.08568514807755e-09,-1.18806831039819e-09,2.39336080055347,-2.99365853664514,-0.811245815439377,-0.00634146335485974,2.46075392804581
20.499,-2.99999999890025,-3,-1.93073198216375e-09,-1.09975495377057e-09,2.39336080063909,-3.01024672089726,-0.182303058169776,0.0102467208972588,2.41203824205365
20.5,-2.99999999890217,-3,-1.92734977480239e-09,-1.09782627433219e-09,2.39336080064093,-3.01042642160567,-0.177117344393675,0.0104264216056658,2.41203824205365
20.548,-2.99999999899089,-3,-1.77148628284956e-09,-1.00910924061282e-09,2.39336080072692,-3.01454526609876,0,0.0145452660987559,2.41325587019339
20.552,-2.99999999899795,-3,-1.75910983298857e-09,-1.0020482221762e-09,2.39336080073377,-3.01454526609876,0,0.0145452660987559,2.40999473553906
20.599,-2.99999999907731,-3,-1.61984563012216e-09,-9.22689480375993e-10,2.39336080081076,-3.01454526609876,0,0.0145452660987559,2.44260004618149
20.6,-2.99999999907893,-3,-1.61700581979214e-09,-9.210712192953e-10,2.39336080081231,-3.01454526609876,0,0.0145452660987559,2.44337750758107
20.699,-2.99999999922587,-3,-1.35903106481634e-09,-7.7413275789695e-10,2.39336080095472,-3.01454526609876,0,0.0145452660987559,2.52607039697579
20.7,-2.99999999922723,-3,-1.35667178295489e-09,-7.72773844914809e-10,2.39336080095618,-3.01454526609876,0,0.0145452660987559,2.52696349853729
20.799,-2.99999999935051,-3,-1.14021891743115e-09,-6.49493347992802e-10,2.3933608010756,-3.01454526609876,0,0.0145452660987559,2.62110471692563
20.8,-2.99999999935165,-3,-1.1382273753567e-09,-6.48354259169537e-10,2.39336080107669,-3.01454526609876,0,0.0145452660987559,2.62211345815986
20.899,-2.99999999945508,-3,-9.56668716315813e-10,-5.44921441303359e-10,2.3933608011771,-3.01454526609876,0,0.0145452660987559,2.72770300414944
20.9,-2.99999999945603,-3,-9.54946800697032e-10,-5.43966649502181e-10,2.39336080117789,-3.01454526609876,0,0.0145452660987559,2.72882738505641
20.951,-2.99999999950262,-3,-8.73164756918864e-10,-4.973812472997e-10,2.39336080122313,-3.01438703052861,0.0120335718789636,0.0143870305286127,2.78154278564253
20.962,-2.99999999951213,-3,-8.56496682087557e-10,-4.87869744603131e-10,2.39336080123226,-3.00803469619169,0.926545476816393,0.00803469619168906,2.41427621217646
20.966,-2.99999999951555,-3,-8.50501276178002e-10,-4.84454254490174e-10,2.39336080123576,-3.00441094503546,0.86950734558204,0.00441094503545747,2.33618947471185
20.999,-2.99999999954281,-3,-8.02667326926198e-10,-4.571880651838e-10,2.39336080126206,-2.98902437779745,0.226265083889102,-0.0109756222025514,2.36645026856386
21,-2.99999999954361,-3,-8.01257292210041e-10,-4.56385595981601e-10,2.3933608012629,-2.9888024708897,0.21757531733169,-0.0111975291103046,2.39145310232383
21.009,-2.99999999955077,-3,-7.88683806750753e-10,-4.49231318810916e-10,2.39336080126986,-2.98676760185637,0.235569837147328,-0.0132323981436282,2.36941345570433
21.037,-2.99999999957232,-3,-7.50771892629615e-10,-4.27684998527411e-10,2.39336080129057,-2.98278156874747,0,-0.0172184312525299,2.37326853122049
21.099,-2.99999999961642,-3,-6.73420738229267e-10,-3.83578502294313e-10,2.39336080133348,-2.98278156874747,0,-0.0172184312525299,2.33571041905328
21.1,-2.99999999961709,-3,-6.72211253570535e-10,-3.8290570714139e-10,2.39336080133412,-2.98278156874747,0,-0.0172184312525299,2.33474945831822
21.199,-2.99999999967818,-3,-5.64875386895512e-10,-3.21821680415724e-10,2.39336080139321,-2.98278156874747,0,-0.0172184312525299,2.23283817691625
21.2,-2.99999999967874,-3,-5.63914701667502e-10,-3.21257687119214e-10,2.39336080139372,-2.98278156874747,0,-0.0172184312525299,2.23174032392267
21.299,-2.99999999972999,-3,-4.74003272547405e-10,-2.70006683678048e-10,2.39336080144354,-2.98278156874747,0,-0.0172184312525299,2.11627671270785
21.3,-2.99999999973047,-3,-4.73162803835525e-10,-2.69531508223508e-10,2.39336080144418,-2.98278156874747,0,-0.0172184312525299,2.11504196749506
21.38,-2.99999999976578,-3,-4.11250319113874e-10,-2.34216646077812e-10,2.39336080147838,-2.98279772965137,-0.0020343361261621,-0.0172022703486343,2.01266860162358
21.393,-2.99999999977107,-3,-4.01922860006174e-10,-2.28930652212966e-10,2.39336080148363,-2.98961143235604,-0.904749441951331,-0.0103885676439632,2.38878445520997
21.398,-2.99999999977307,-3,-3.98440215060862e-10,-2.26932250768641e-10,2.39336080148532,-2.99394544131717,-0.810775274362854,-0.00605455868283045,2.46101978735474
21.399,-2.99999999977347,-3,-3.97723565817634e-10,-2.26532570479776e-10,2.39336080148589,-2.99473778229149,-0.774011670630065,-0.00526221770850643,2.46101978735474
21.4,-2.99999999977386,-3,-3.96935663687046e-10,-2.2613599881538e-10,2.39336080148613,-2.99549367131614,-0.737868054491613,-0.00450632868385892,2.46101978735474
21.488,-2.99999999980623,-3,-3.40254196762744e-10,-1.93765892220199e-10,2.39336080151763,-3.01448008139834,0,0.0144800813983386,2.40811625634681
21.492,-2.99999999980759,-3,-3.3771718042502e-10,-1.92412308308576e-10,2.39336080151859,-3.01448008139834,0,0.0144800813983386,2.40498855756944
21.499,-2.99999999980994,-3,-3.33526349783568e-10,-1.90062188210049e-10,2.39336080152086,-3.01448008139834,0,0.0144800813983386,2.40776265018923
21.5,-2.99999999981027,-3,-3.33010120556647e-10,-1.89729121302662e-10,2.39336080152119,-3.01448008139834,0,0.0144800813983386,2.40840374648977
21.599,-2.99999999984054,-3,-2.79913621131882e-10,-1.59462665294541e-10,2.39336080155048,-3.01448008139834,0,0.0144800813983386,2.48534231749043
21.6,-2.99999999984082,-3,-2.79509922524001e-10,-1.59182889092335e-10,2.39336080155081,-3.01448008139834,0,0.0144800813983386,2.48617935932678
21.699,-2.99999999986621,-3,-2.35019816217608e-10,-1.33788535805479e-10,2.39336080157546,-3.01448008139834,0,0.0144800813983386,2.57474501205046
21.7,-2.99999999986645,-3,-2.34654347002113e-10,-1.33553168524259e-10,2.3933608015758,-3.01448008139834,0,0.0144800813983386,2.57569717531963
21.798,-2.99999999988756,-3,-1.9729220163257e-10,-1.12440279309567e-10,2.39336080159658,-3.01448008139834,0,0.0144800813983386,2.67459371640557
21.799,-2.99999999988776,-3,-1.968227438147e-10,-1.12244880057233e-10,2.39336080159649,-3.01448008139834,0,0.0144800813983386,2.67565984989325
21.8,-2.99999999988795,-3,-1.96468450723368e-10,-1.12049480804899e-10,2.39336080159651,-3.01448008139834,0,0.0144800813983386,2.67672713459525
21.895,-2.99999999990517,-3,-1.66443149771798e-10,-9.48330303174316e-11,2.39336080161384,-3.01443272419628,0.00402961811979325,0.0144327241962778,2.78140191398838
21.899,-2.99999999990582,-3,-1.65148053841399e-10,-9.41757782868535e-11,2.39336080161369,-3.01388788382444,0.392119121988036,0.0138878838244358,2.7310204933904
21.9,-2.99999999990599,-3,-1.64980735858562e-10,-9.4011465279209e-11,2.39336080161382,-3.01343144200691,0.520614394773996,0.013431442006913,2.69220069979872
21.907,-2.99999999990714,-3,-1.63450504273805e-10,-9.28612742256973e-11,2.39336080161544,-3.00788808819749,0.921956159127331,0.00788808819748654,2.40758792324228
21.911,-2.99999999990779,-3,-1.61711947474984e-10,-9.22075749087981e-11,2.39336080161617,-3.0043001211515,0.857166146444657,0.00430012115150324,2.33436373412724
21.986,-2.99999999991916,-3,-1.42447517612382e-10,-8.08397793150561e-11,2.39336080162671,-2.98283887070187,0,-0.0171611292981333,2.37465107049662
21.994,-2.9999999999203,-3,-1.40032732305023e-10,-7.970291093784e-11,2.39336080162862,-2.98283887070187,0,-0.0171611292981333,2.3790232393957
21.999,-2.99999999992099,-3,-1.38536094073213e-10,-7.90132403949428e-11,2.39336080162836,-2.98283887070187,0,-0.0171611292981333,2.37543800210383
22,-2.99999999992112,-3,-1.38424702994202e-10,-7.88755727398893e-11,2.39336080162847,-2.98283887070187,0,-0.0171611292981333,2.37460610425298
22.093,-2.99999999993301,-3,-1.17519305907841e-10,-6.69859723245736e-11,2.39336080164087,-2.98283887070187,0,-0.0171611292981333,2.28539223668199
22.099,-2.99999999993371,-3,-1.16434964079235e-10,-6.62931931572075e-11,2.3933608016406,-2.98283887070187,0,-0.0171611292981333,2.279219301457
22.1,-2.99999999993382,-3,-1.1639853884209e-10,-6.61777299626465e-11,2.39336080164072,-2.98283887070187,0,-0.0171611292981333,2.27818570363677
22.199,-2.99999999994438,-3,-9.87384826517941e-11,-5.562306171214e-11,2.39336080165111,-2.98283887070187,0,-0.0171611292981333,2.16910590527173
22.2,-2.99999999994447,-3,-9.86588220059233e-11,-5.5525362085973e-11,2.39336080165127,-2.98283887070187,0,-0.0171611292981333,2.16793587080176
22.297,-2.99999999995318,-3,-8.22936024514299e-11,-4.68167726808133e-11,2.39336080166067,-2.98283887070187,0,-0.0171611292981333,2.04795769325379
22.299,-2.99999999995334,-3,-8.14844481823745e-11,-4.66555682976377e-11,2.39336080166021,-2.98283887070187,0,-0.0171611292981333,2.0453488441139
22.3,-2.99999999995342,-3,-8.12780319323753e-11,-4.65756322398647e-11,2.39336080166005,-2.98283887070187,0,-0.0171611292981333,2.04404237299422
22.302,-2.99999999995358,-3,-8.11349493595559e-11,-4.64157601243187e-11,2.39336080165992,-2.98283887070187,0,-0.0171611292981333,2.04142533765534
22.311,-2.9999999999543,-3,-8.14832044292832e-11,-4.56963356043616e-11,2.39336080166063,-2.98283994199185,-0.0010714079441146,-0.0171600580081499,2.03222273642463
22.328,-2.99999999995566,-3,-7.81187325521067e-11,-4.43374226222204e-11,2.39336080166304,-2.98293650850374,-0.0103795951521241,-0.0170634914962551,2.01152297131912
22.34,-2.99999999995657,-3,-7.70995047693609e-11,-4.34274838312376e-11,2.3933608016627,-2.98980932407237,-0.910416386226402,-0.0101906759276331,2.38939952616536
22.345,-2.99999999995695,-3,-7.72192563387856e-11,-4.30500080028651e-11,2.39336080166327,-2.99416883879119,-0.815300567597569,-0.005831161208806,2.46169100461957
22.398,-2.99999999996079,-3,-6.88537228461803e-11,-3.92064158916128e-11,2.39336080166811,-3.01220577523449,-0.13661714046826,0.0122057752344928,2.41283993955468
22.399,-2.99999999996086,-3,-6.83922122711993e-11,-3.91398025101353e-11,2.39336080166774,-3.01234019674022,-0.132240777249019,0.0123401967402206,2.41283993955468
22.4,-2.99999999996093,-3,-6.81116868225073e-11,-3.90731891286578e-11,2.39336080166749,-3.01247028619412,-0.127952631268724,0.0124702861941239,2.41283993955468
22.404,-2.99999999996119,-3,-6.79588591167907e-11,-3.88067356027477e-11,2.39336080166718,-3.01294902832034,-0.111634900667459,0.0129490283203371,2.41283993955468
22.416,-2.99999999996199,-3,-6.88012914887199e-11,-3.80073750250176e-11,2.39336080166813,-3.01402671004147,-0.0695301253734282,0.0140267100414708,2.41283993955468
22.435,-2.99999999996326,-3,-6.49739834087562e-11,-3.67417207769449e-11,2.39336080167044,-3.01481666902026,0,0.0148166690202562,2.40984726393287
22.439,-2.99999999996351,-3,-6.35522586051471e-11,-3.64872576597008e-11,2.39336080166986,-3.01481666902026,0,0.0148166690202562,2.40668912022483
22.499,-2.99999999996715,-3,-5.92217257859566e-11,-3.28510552094485e-11,2.39336080167327,-3.01481666902026,0,0.0148166690202562,2.45027285443419
22.5,-2.99999999996721,-3,-5.91731843195614e-11,-3.2793323612168e-11,2.39336080167337,-3.01481666902026,0,0.0148166690202562,2.45107863350676
22.568,-2.99999999997091,-3,-5.03489701484767e-11,-2.90931723156973e-11,2.39336080167685,-3.01481666902026,0,0.0148166690202562,2.50863513844344
22.599,-2.99999999997244,-3,-5.05945788831574e-11,-2.75646172553934e-11,2.39336080167855,-3.01481666902026,0,0.0148166690202562,2.53668173469698
22.6,-2.99999999997248,-3,-5.04964791137044e-11,-2.75157674423099e-11,2.39336080167863,-3.01481666902026,0,0.0148166690202562,2.53760531119489
22.689,-2.99999999997647,-3,-4.21823719671863e-11,-2.35274022486465e-11,2.39336080168298,-3.01481666902026,0,0.0148166690202562,2.62452140600635
22.693,-2.99999999997663,-3,-4.16043421571463e-11,-2.33675301331004e-11,2.39336080168241,-3.01481666902026,0,0.0148166690202562,2.62864685053933
22.699,-2.99999999997687,-3,-4.19339952260231e-11,-2.31277219597814e-11,2.39336080168248,-3.01481666902026,0,0.0148166690202562,2.63487035656349
22.7,-2.99999999997691,-3,-4.20082901210428e-11,-2.30877539308949e-11,2.39336080168252,-3.01481666902026,0,0.0148166690202562,2.63591173047707
22.704,-2.99999999997708,-3,-4.22073565146991e-11,-2.29225527448307e-11,2.39336080168334,-3.01481666902026,0,0.0148166690202562,2.64008900587294
22.799,-2.99999999998061,-3,-3.38058262854101e-11,-1.93867144560045e-11,2.39336080168711,-3.01481666902026,0,0.0148166690202562,2.74483871999652
22.8,-2.99999999998065,-3,-3.34958453978292e-11,-1.93511873192165e-11,2.39336080168718,-3.01481666902026,0,0.0148166690202562,2.74599789132576
22.806,-2.99999999998084,-3,-3.32308170951542e-11,-1.91620053158204e-11,2.39336080168593,-3.01481666902026,0,0.0148166690202562,2.7529776567585
22.809,-2.99999999998094,-3,-3.36496264443121e-11,-1.90567561730859e-11,2.39336080168692,-3.01481666902026,0,0.0148166690202562,2.75648344212598
22.836,-2.99999999998182,-3,-3.27813528148027e-11,-1.81810122512616e-11,2.39336080168745,-3.01465381900764,0.0123844884128176,0.01465381900764,2.78217150517821
22.847,-2.99999999998217,-3,-3.32929528379619e-11,-1.78346226675785e-11,2.39336080168819,-3.00825419569492,0.92809692184059,0.00825419569491759,2.41338616171879
22.851,-2.99999999998229,-3,-3.28743291467073e-11,-1.77102776888205e-11,2.39336080168809,-3.00462738972935,0.869627275952265,0.00462738972934984,2.3360220702754
22.88,-2.99999999998318,-3,-2.84451447704723e-11,-1.68198788230711e-11,2.39336080168868,-2.9902033766373,0.282007417101436,-0.00979662336270426,2.3876872819219
22.897,-2.99999999998367,-3,-2.89418343419865e-11,-1.63269398001376e-11,2.39336080168991,-2.98581915617391,0.201828779526816,-0.0141808438260851,2.36542592437847
22.899,-2.99999999998373,-3,-2.85381078994746e-11,-1.6272316827326e-11,2.3933608016895,-2.98543081498311,0.186605563773386,-0.0145691850168852,2.36542592437847
22.9,-2.99999999998375,-3,-2.84915171694376e-11,-1.6245671474735e-11,2.39336080168931,-2.98524792359963,0.179199478569155,-0.0147520764003675,2.36542592437847
22.903,-2.99999999998383,-3,-2.87810994370629e-11,-1.6165735416962e-11,2.39336080168904,-2.98474277393774,0.157755768039558,-0.0152572260622579,2.36542592437847
22.905,-2.99999999998389,-3,-2.90620434396288e-11,-1.61057833736322e-11,2.3933608016897,-2.98444102844666,0.14406743120471,-0.015558971553336,2.36542592437847
22.927,-2.9999999999845,-3,-2.85697200409985e-11,-1.55013779590263e-11,2.39336080168994,-2.9827396082917,0,-0.0172603917083003,2.37275284890735
22.932,-2.99999999998463,-3,-2.88916796784774e-11,-1.53663748392319e-11,2.3933608016903,-2.9827396082917,0,-0.0172603917083003,2.37854442148819
22.969,-2.99999999998561,-3,-2.40631579154661e-11,-1.43862699530928e-11,2.39336080169105,-2.9827396082917,0,-0.0172603917083003,2.34758638182173
22.995,-2.99999999998625,-3,-2.45017229259922e-11,-1.37476696693284e-11,2.39336080169242,-2.9827396082917,0,-0.0172603917083003,2.32265884625713
22.999,-2.99999999998634,-3,-2.41084973847246e-11,-1.36575195597288e-11,2.39336080169168,-2.9827396082917,0,-0.0172603917083003,2.31874149879373
23,-2.99999999998636,-3,-2.42129459465292e-11,-1.36353150992363e-11,2.39336080169159,-2.9827396082917,0,-0.0172603917083003,2.31775873128078
23.001,-2.99999999998639,-3,-2.43633415233625e-11,-1.36131106387438e-11,2.39336080169152,-2.9827396082917,0,-0.0172603917083003,2.31677459150929
23.003,-2.99999999998644,-3,-2.46100725243501e-11,-1.35611522011914e-11,2.39336080169225,-2.9827396082917,0,-0.0172603917083003,2.31480219519107
23.078,-2.99999999998812,-3,-1.96500983382824e-11,-1.18776100066498e-11,2.39336080169364,-2.9827396082917,0,-0.0172603917083003,2.23687493769752
23.096,-2.99999999998849,-3,-2.00017678939585e-11,-1.15094600516841e-11,2.39336080169464,-2.9827396082917,0,-0.0172603917083003,2.21702381579625
23.099,-2.99999999998854,-3,-1.96687948192423e-11,-1.14557252572922e-11,2.39336080169383,-2.9827396082917,0,-0.0172603917083003,2.21367206934648
23.1,-2.99999999998856,-3,-1.97793285339554e-11,-1.14379616888982e-11,2.39336080169367,-2.9827396082917,0,-0.0172603917083003,2.21255207601352
23.101,-2.99999999998858,-3,-1.99592856516403e-11,-1.14201981205042e-11,2.39336080169356,-2.9827396082917,0,-0.0172603917083003,2.21143071042237
23.103,-2.99999999998862,-3,-2.02748397075359e-11,-1.13762332887291e-11,2.39336080169429,-2.9827396082917,0,-0.0172603917083003,2.20918386246551
23.199,-2.9999999999904,-3,-1.67646098318907e-11,-9.60298507379775e-12,2.39336080169635,-2.9827396082917,0,-0.0172603917083003,2.09488005802489
23.2,-2.99999999999041,-3,-1.65819875477172e-11,-9.58522150540375e-12,2.39336080169639,-2.9827396082917,0,-0.0172603917083003,2.09362283887324
23.208,-2.99999999999054,-3,-1.54127776642748e-11,-9.45643563454723e-12,2.3933608016955,-2.9827396082917,0,-0.0172603917083003,2.08351568436526
23.263,-2.99999999999141,-3,-1.51587068158284e-11,-8.59134985375931e-12,2.39336080169671,-2.98276383793295,-0.00305002802084126,-0.0172361620670496,2.01291328814914
23.276,-2.9999999999916,-3,-1.54867269126909e-11,-8.40261193957303e-12,2.39336080169662,-2.98966082380276,-0.904064842137135,-0.0103391761972422,2.39111958023814
23.281,-2.99999999999168,-3,-1.52200459878672e-11,-8.32267588180002e-12,2.39336080169732,-2.99398160146486,-0.806654476459077,-0.00601839853513608,2.4612293704224
23.289,-2.99999999999179,-3,-1.5634115956871e-11,-8.20632450881931e-12,2.39336080169775,-2.99929825384348,-0.528496801592662,-0.00070174615651819,2.44060670383994
23.293,-2.99999999999185,-3,-1.5109353677595e-11,-8.1512574467979e-12,2.39336080169725,-3.00122319362986,-0.435011343977126,0.00122319362985968,2.41737342260656
23.299,-2.99999999999193,-3,-1.56276242480996e-11,-8.06821276455594e-12,2.3933608016974,-3.00360736264996,-0.361270384465111,0.0036073626499582,2.41737342260656
23.3,-2.99999999999195,-3,-1.56179113075258e-11,-8.05044919616194e-12,2.39336080169783,-3.00396290683333,-0.349857316414876,0.00396290683332623,2.41737342260656
23.302,-2.99999999999198,-3,-1.52563140164254e-11,-8.02202748673153e-12,2.39336080169768,-3.00464033639347,-0.32772321448958,0.00464033639346706,2.39691534962063
23.31,-2.99999999999208,-3,-1.53915566551536e-11,-7.91544607636752e-12,2.39336080169731,-3.00719522648483,-0.312484753819922,0.00719522648483295,2.39691534962063
23.368,-2.99999999999286,-3,-1.26438542295123e-11,-7.13518133466096e-12,2.3933608016987,-3.01508800689637,0,0.0150880068963688,2.42243682663963
23.378,-2.99999999999299,-3,-1.08782175813099e-11,-7.00861590985369e-12,2.3933608016983,-3.01508800689637,0,0.0150880068963688,2.41578434365187
23.397,-2.99999999999322,-3,-1.10846923950402e-11,-6.77768952073166e-12,2.39336080169911,-3.01508800689637,0,0.0150880068963688,2.42973601287844
23.399,-2.99999999999324,-3,-1.09058298764185e-11,-6.75992595233765e-12,2.39336080169837,-3.01508800689637,0,0.0150880068963688,2.43130592914623
23.4,-2.99999999999325,-3,-1.10380093011581e-11,-6.75104416814065e-12,2.39336080169814,-3.01508800689637,0,0.0150880068963688,2.43209288881006
23.403,-2.99999999999329,-3,-1.14778765309098e-11,-6.7124084068837e-12,2.39336080169884,-3.01508800689637,0,0.0150880068963688,2.43446141405952
23.491,-2.99999999999424,-3,-1.06957314519711e-11,-5.75761660570606e-12,2.39336080169963,-3.01508800689637,0,0.0150880068963688,2.50875779963077
23.498,-2.99999999999431,-3,-1.11753876130714e-11,-5.6852300645005e-12,2.39336080170023,-3.01508800689637,0,0.0150880068963688,2.51506662009311
23.499,-2.99999999999432,-3,-1.0962228303753e-11,-5.67501601267395e-12,2.39336080170014,-3.01508800689637,0,0.0150880068963688,2.51597267834482
23.5,-2.99999999999433,-3,-1.0789602195481e-11,-5.66613422847695e-12,2.39336080169993,-3.01508800689637,0,0.0150880068963688,2.51687993614294
23.506,-2.99999999999439,-3,-1.10344651765477e-11,-5.61284352329494e-12,2.39336080169944,-3.01508800689637,0,0.0150880068963688,2.52234867340637
23.508,-2.99999999999441,-3,-1.12188676303979e-11,-5.58841861675319e-12,2.39336080170011,-3.01508800689637,0,0.0150880068963688,2.52418118219884
23.599,-2.99999999999524,-3,-8.43091972645859e-12,-4.75530725907447e-12,2.39336080170097,-3.01508800689637,0,0.0150880068963688,2.61263621290918
23.6,-2.99999999999525,-3,-8.29670089780955e-12,-4.74642547487747e-12,2.39336080170099,-3.01508800689637,0,0.0150880068963688,2.61366342534876
23.613,-2.99999999999536,-3,-6.62274093096075e-12,-4.64339677819225e-12,2.39336080170014,-3.01508800689637,0,0.0150880068963688,2.62712634578702
23.692,-2.99999999999595,-3,-6.41507660393707e-12,-4.04698496936362e-12,2.3933608017011,-3.01508800689637,0,0.0150880068963688,2.7132986293517
23.699,-2.99999999999601,-3,-6.67421521693108e-12,-3.99236199655206e-12,2.39336080170193,-3.01508800689637,0,0.0150880068963688,2.72129521161936
23.7,-2.99999999999601,-3,-6.45464211300964e-12,-3.98747701524371e-12,2.39336080170157,-3.01508800689637,0,0.0150880068963688,2.72244237870039
23.703,-2.99999999999603,-3,-6.61603383663592e-12,-3.97415433894821e-12,2.39336080170082,-3.01508800689637,0,0.0150880068963688,2.725891077222
23.706,-2.99999999999605,-3,-6.99823582012243e-12,-3.94839716477691e-12,2.39336080170164,-3.01508800689637,0,0.0150880068963688,2.72935057166133
23.752,-2.99999999999636,-3,-6.94531729236955e-12,-3.64464014523946e-12,2.39336080170191,-3.01503059715089,0.00508882431559425,0.0150305971508939,2.78130675948029
23.764,-2.99999999999643,-3,-6.56839531886921e-12,-3.5651481766763e-12,2.39336080170229,-3.00842775709911,0.921512971216488,0.00842775709911114,2.40650632601688
23.768,-2.99999999999645,-3,-6.41247933487675e-12,-3.5473846082823e-12,2.39336080170144,-3.00484569186285,0.854930998314431,0.00484569186285011,2.33462823095926
23.776,-2.9999999999965,-3,-6.25779833342709e-12,-3.49587025993969e-12,2.39336080170174,-2.99902037841333,0.607142722231056,-0.000979621586666646,2.33462823095926
23.792,-2.9999999999966,-3,-6.73833412570187e-12,-3.39639427693328e-12,2.39336080170252,-2.99222195963825,0.305561265863798,-0.00777804036175311,2.365197659191
23.799,-2.99999999999664,-3,-6.70542424728468e-12,-3.36264349698467e-12,2.39336080170165,-2.99021708610761,0.283199075895905,-0.0097829138923875,2.39053054473527
23.8,-2.99999999999665,-3,-6.84208306720811e-12,-3.35376171278767e-12,2.39336080170208,-2.98993377233207,0.283446405260725,-0.0100662276679326,2.39053054473527
23.804,-2.99999999999667,-3,-6.27632763446774e-12,-3.32756044940652e-12,2.39336080170208,-2.98879644301093,0.285500182816081,-0.0112035569890727,2.36788827930172
23.808,-2.99999999999669,-3,-6.5448627356941e-12,-3.30979688101252e-12,2.39336080170161,-2.98772132074557,0.252524265704015,-0.0122786792544329,2.36788827930172
23.81,-2.9999999999967,-3,-6.85110224494473e-12,-3.29514193708746e-12,2.39336080170215,-2.98723186087235,0.237042448117654,-0.012768139127648,2.36788827930172
23.851,-2.99999999999693,-3,-6.72975406819241e-12,-3.06554781559498e-12,2.39336080170213,-2.9825254506141,0,-0.017474549385899,2.36044478504426
23.889,-2.99999999999714,-3,-6.68012218648695e-12,-2.8590463330147e-12,2.39336080170306,-2.9825254506141,0,-0.017474549385899,2.33626268598292
23.894,-2.99999999999716,-3,-6.08491944692465e-12,-2.83639778331235e-12,2.39336080170245,-2.9825254506141,0,-0.017474549385899,2.33142304649506
23.899,-2.99999999999719,-3,-6.33764888114296e-12,-2.81419332281985e-12,2.3933608017023,-2.9825254506141,0,-0.017474549385899,2.3265486003154
23.9,-2.99999999999719,-3,-6.41983015238275e-12,-2.80975243072135e-12,2.39336080170229,-2.9825254506141,0,-0.017474549385899,2.3255695405491
23.902,-2.9999999999972,-3,-6.59747807663073e-12,-2.80087064652434e-12,2.39336080170228,-2.9825254506141,0,-0.017474549385899,2.3236072520395
23.904,-2.99999999999721,-3,-6.7239140826365e-12,-2.78621570259929e-12,2.39336080170291,-2.9825254506141,0,-0.017474549385899,2.32163940547333
23.999,-2.99999999999765,-3,-4.35268333594667e-12,-2.35100827694623e-12,2.39336080170318,-2.9825254506141,0,-0.017474549385899,2.22176551407864
24,-2.99999999999765,-3,-4.27053696192138e-12,-2.34656738484773e-12,2.3933608017032,-2.9825254506141,0,-0.017474549385899,2.22064752429188
24.034,-2.99999999999779,-3,-2.17140277816095e-12,-2.21422880031241e-12,2.3933608017026,-2.9825254506141,0,-0.017474549385899,2.18180924730603
24.079,-2.99999999999795,-3,-2.07911379654988e-12,-2.04991579266789e-12,2.39336080170325,-2.9825254506141,0,-0.017474549385899,2.12793619233851
24.089,-2.99999999999799,-3,-2.29380919281697e-12,-2.01305638825033e-12,2.3933608017037,-2.9825254506141,0,-0.017474549385899,2.11558234912745
24.099,-2.99999999999802,-3,-2.41950137903027e-12,-1.97974969751158e-12,2.39336080170369,-2.9825254506141,0,-0.017474549385899,2.10308957747337
24.1,-2.99999999999802,-3,-2.29004589499665e-12,-1.97530880541308e-12,2.39336080170374,-2.9825254506141,0,-0.017474549385899,2.1018326592436
24.103,-2.99999999999803,-3,-2.2073852969299e-12,-1.97308835936383e-12,2.39336080170277,-2.9825254506141,0,-0.017474549385899,2.0980535688477
24.107,-2.99999999999804,-3,-2.69961209573369e-12,-1.95576888017968e-12,2.39336080170349,-2.9825254506141,0,-0.017474549385899,2.09299533167115
24.168,-2.99999999999824,-3,-2.50316511208482e-12,-1.75681691416685e-12,2.39336080170332,-2.98252739632693,-0.000261034289806734,-0.0174726036730672,2.01320797769413
24.181,-2.99999999999829,-3,-2.64321372039227e-12,-1.71285208239169e-12,2.39336080170383,-2.98910748887468,-0.90496989880026,-0.010892511125316,2.38290267505818
24.185,-2.9999999999983,-3,-2.08605400968104e-12,-1.69819713846664e-12,2.39336080170379,-2.99263513812396,-0.842363390847339,-0.0073648618760398,2.45225100592033
24.186,-2.9999999999983,-3,-2.02581683857224e-12,-1.69819713846664e-12,2.39336080170341,-2.99346047150294,-0.808406385057978,-0.00653952849706307,2.45225100592033
24.194,-2.99999999999833,-3,-2.29550507699849e-12,-1.66933133982639e-12,2.39336080170411,-2.99889980165609,-0.557162467851852,-0.00110019834391473,2.45225100592033
24.199,-2.99999999999834,-3,-2.4974005118463e-12,-1.66089364483923e-12,2.39336080170349,-3.00134652340356,-0.434253587060934,0.00134652340356256,2.42981352605219
24.2,-2.99999999999834,-3,-2.57006159517069e-12,-1.65645275274073e-12,2.39336080170371,-3.00177176442912,-0.416281848222265,0.0017717644291193,2.42981352605219
24.207,-2.99999999999836,-3,-2.21119234892589e-12,-1.63957736276643e-12,2.39336080170307,-3.00438015668669,-0.343991038665219,0.00438015668668745,2.40728737205612
24.21,-2.99999999999837,-3,-2.60761764245286e-12,-1.62625468647093e-12,2.39336080170383,-3.00538168009047,-0.323970760607939,0.00538168009047135,2.40728737205612
24.233,-2.99999999999844,-3,-2.1748407397312e-12,-1.55608859131462e-12,2.39336080170415,-3.01146440521317,-0.217407055536657,0.0114644052131703,2.43280910854285
24.267,-2.99999999999853,-3,-2.56427529567656e-12,-1.46860301697416e-12,2.39336080170394,-3.01407783636707,0,0.0140778363670697,2.40371684834348
24.272,-2.99999999999855,-3,-1.96835311977149e-12,-1.45483625146881e-12,2.39336080170369,-3.01407783636707,0,0.0140778363670697,2.39903429398026
24.298,-2.99999999999862,-3,-2.19338014359005e-12,-1.38422606710265e-12,2.39336080170446,-3.01407783636707,0,0.0140778363670697,2.41496761477945
24.3,-2.99999999999862,-3,-1.93354321486068e-12,-1.38422606710265e-12,2.39336080170375,-3.01407783636707,0,0.0140778363670697,2.41640191900961
24.302,-2.99999999999862,-3,-2.18505503584403e-12,-1.38422606710265e-12,2.39336080170334,-3.01407783636707,0,0.0140778363670697,2.41784088863201
24.332,-2.99999999999869,-3,-2.56117387654136e-12,-1.30917499063798e-12,2.39336080170408,-3.01407783636707,0,0.0140778363670697,2.43996581144055
24.383,-2.9999999999988,-3,-1.89809111266922e-12,-1.19637633133607e-12,2.39336080170396,-3.01407783636707,0,0.0140778363670697,2.47989042852079
24.399,-2.99999999999884,-3,-2.26084295380434e-12,-1.15907283770866e-12,2.39336080170474,-3.01407783636707,0,0.0140778363670697,2.49301570829764
24.4,-2.99999999999884,-3,-2.01867230550886e-12,-1.15818465928896e-12,2.39336080170447,-3.01407783636707,0,0.0140778363670697,2.49384555177711
24.404,-2.99999999999884,-3,-2.12810319564678e-12,-1.15818465928896e-12,2.39336080170363,-3.01407783636707,0,0.0140778363670697,2.49717611804015
24.434,-2.9999999999989,-3,-2.47885466502629e-12,-1.0955680807001e-12,2.39336080170443,-3.01407783636707,0,0.0140778363670697,2.52272617461759
24.483,-2.999999999999,-3,-2.19646121241508e-12,-1.00364161426114e-12,2.39336080170488,-3.01407783636707,0,0.0140778363670697,2.56662421210531
24.495,-2.99999999999901,-3,-1.85195830465935e-12,-9.87654402706539e-13,2.39336080170423,-3.01407783636707,0,0.0140778363670697,2.57778439173213
24.499,-2.99999999999902,-3,-2.33758048038826e-12,-9.84989867447439e-13,2.39336080170407,-3.01407783636707,0,0.0140778363670697,2.58154026711234
24.5,-2.99999999999902,-3,-2.43716380161028e-12,-9.80548975348938e-13,2.39336080170445,-3.01407783636707,0,0.0140778363670697,2.58248203404369
24.508,-2.99999999999903,-3,-2.23133352276251e-12,-9.71667191151937e-13,2.39336080170387,-3.01407783636707,0,0.0140778363670697,2.59005646193716
24.534,-2.99999999999907,-3,-1.79655472024255e-12,-9.2548191332753e-13,2.39336080170427,-3.01407783636707,0,0.0140778363670697,2.61516805424829
24.551,-2.9999999999991,-3,-2.2292772407221e-12,-8.95727936267576e-13,2.39336080170503,-3.01407783636707,0,0.0140778363670697,2.63199625251451
24.599,-2.99999999999917,-3,-2.39653301335991e-12,-8.31335000839317e-13,2.39336080170482,-3.01407783636707,0,0.0140778363670697,2.68125717111562
24.6,-2.99999999999917,-3,-2.24748485561007e-12,-8.26894108740817e-13,2.39336080170509,-3.01407783636707,0,0.0140778363670697,2.68231086149885
24.607,-2.99999999999917,-3,-2.15392207513359e-12,-8.26450019530967e-13,2.39336080170402,-3.01407783636707,0,0.0140778363670697,2.68971803274803
24.67,-2.99999999999927,-3,-2.21266333124031e-12,-7.29194482573803e-13,2.3933608017052,-3.01407629309917,0.00102918559230394,0.0140762930991691,2.75545773340956
24.673,-2.99999999999927,-3,-1.77785580598562e-12,-7.29194482573803e-13,2.39336080170447,-3.01407165716717,0.00206245806737168,0.014071657167174,2.75545773340956
24.679,-2.99999999999928,-3,-2.42711471430698e-12,-7.20756787586652e-13,2.39336080170486,-3.01405302131977,0.00415770874747021,0.0140530213197683,2.75545773340956
24.693,-2.9999999999993,-3,-1.82171487439498e-12,-7.00328683933549e-13,2.39336080170465,-3.01395905008717,0.00936332992103975,0.0139590500871725,2.7804751542587
24.699,-2.9999999999993,-3,-2.41167321036679e-12,-6.95443702625198e-13,2.39336080170462,-3.01206483261083,0.681562467342617,0.012064832610827,2.62594640970412
24.7,-2.99999999999931,-3,-2.3968870871971e-12,-6.91002810526697e-13,2.39336080170496,-3.01134113846471,0.765756426510468,0.0113411384647102,2.57990471301374
24.705,-2.99999999999931,-3,-1.79588202749205e-12,-6.86117829218347e-13,2.39336080170441,-3.00696023359198,0.922402326514189,0.00696023359197628,2.39397931568531
24.708,-2.99999999999931,-3,-2.15056617910602e-12,-6.86117829218347e-13,2.39336080170415,-3.00425627471689,0.874683994753284,0.00425627471688506,2.33890246154998
24.71,-2.99999999999932,-3,-2.40591613936225e-12,-6.79012401860746e-13,2.39336080170481,-3.00256894926313,0.813029108615244,0.00256894926313311,2.33890246154998
24.711,-2.99999999999933,-3,-2.31872883951355e-12,-6.74571509762245e-13,2.39336080170512,-3.00177095234347,0.783057590578832,0.0017709523434708,2.31852402199077
24.766,-2.99999999999939,-3,-1.74193734076861e-12,-6.10178574333986e-13,2.39336080170465,-2.98392051347475,0.0651635566805093,-0.016079486525248,2.35709806060622
24.785,-2.99999999999941,-3,-2.23095611514625e-12,-5.86641846211933e-13,2.3933608017053,-2.98263036611604,0.0660270052586388,-0.01736963388396,2.36160394328339
24.792,-2.99999999999941,-3,-2.05076898084469e-12,-5.86641846211933e-13,2.39336080170435,-2.98233534817725,0,-0.0176646518227508,2.3625453963265
24.796,-2.99999999999942,-3,-2.19146168737871e-12,-5.75095526755831e-13,2.39336080170527,-2.98233534817725,0,-0.0176646518227508,2.36984165426869
24.8,-2.99999999999942,-3,-1.80202883153583e-12,-5.75095526755831e-13,2.39336080170456,-2.98233534817725,0,-0.0176646518227508,2.36942678755153
24.804,-2.99999999999942,-3,-2.22109182557546e-12,-5.75095526755831e-13,2.39336080170431,-2.98233534817725,0,-0.0176646518227508,2.36668365656072
24.805,-2.99999999999943,-3,-2.37971787918306e-12,-5.7065463465733e-13,2.39336080170479,-2.98233534817725,0,-0.0176646518227508,2.36585743244933
24.829,-2.99999999999946,-3,-2.22944118875231e-12,-5.40012479177676e-13,2.39336080170536,-2.98233534817725,0,-0.0176646518227508,2.34327969330639
24.889,-2.99999999999951,-3,-1.74323979386229e-12,-4.85833595575969e-13,2.39336080170475,-2.98233534817725,0,-0.0176646518227508,2.28251431873435
24.898,-2.99999999999952,-3,-2.06548100311112e-12,-4.75175454539567e-13,2.39336080170525,-2.98233534817725,0,-0.0176646518227508,2.27296341274112
24.899,-2.99999999999952,-3,-1.87818078988019e-12,-4.75175454539567e-13,2.39336080170504,-2.98233534817725,0,-0.0176646518227508,2.27189517897309
24.9,-2.99999999999952,-3,-1.77828429826177e-12,-4.75175454539567e-13,2.39336080170489,-2.98233534817725,0,-0.0176646518227508,2.27082554080685
24.907,-2.99999999999952,-3,-2.21876478363774e-12,-4.75175454539567e-13,2.39336080170445,-2.98233534817725,0,-0.0176646518227508,2.26329875049352
24.908,-2.99999999999953,-3,-2.35740557525217e-12,-4.70734562441066e-13,2.39336080170494,-2.98233534817725,0,-0.0176646518227508,2.26221787714166
24.981,-2.99999999999959,-3,-2.22668930413458e-12,-4.05897537802957e-13,2.39336080170548,-2.98233534817725,0,-0.0176646518227508,2.17952084291228
24.995,-2.9999999999996,-3,-2.05807411791694e-12,-3.96127575186256e-13,2.39336080170534,-2.98233534817725,0,-0.0176646518227508,2.16280585921251
24.999,-2.9999999999996,-3,-1.69616197000842e-12,-3.96127575186256e-13,2.39336080170481,-2.98233534817725,0,-0.0176646518227508,2.15797959124873
25,-2.9999999999996,-3,-1.72188626668827e-12,-3.96127575186256e-13,2.39336080170475,-2.98233534817725,0,-0.0176646518227508,2.15676951326228
25.005,-2.9999999999996,-3,-2.13650188773269e-12,-3.96127575186256e-13,2.39336080170458,-2.98233534817725,0,-0.0176646518227508,2.150698057357
25.069,-2.99999999999965,-3,-2.33404721618911e-12,-3.47721851312599e-13,2.39336080170514,-2.98233534817725,0,-0.0176646518227508,2.06988251053908
25.075,-2.99999999999966,-3,-1.66046579357505e-12,-3.42836870004248e-13,2.39336080170488,-2.98233534817725,0,-0.0176646518227508,2.06201112940246
25.085,-2.99999999999967,-3,-2.20703936344876e-12,-3.33955085807247e-13,2.39336080170552,-2.98233534817725,0,-0.0176646518227508,2.04877980898525
25.097,-2.99999999999967,-3,-2.12293246868718e-12,-3.33955085807247e-13,2.39336080170468,-2.98233534817725,0,-0.0176646518227508,2.03271684392191
25.099,-2.99999999999967,-3,-2.32491276728599e-12,-3.29514193708746e-13,2.39336080170518,-2.98233567879932,-0.000330658491516244,-0.017664321200682,2.03271684392191
25.1,-2.99999999999967,-3,-2.22382893156129e-12,-3.25073301610246e-13,2.39336080170556,-2.98233609217935,-0.000496124340115479,-0.0176639078206513,2.03271684392191
25.105,-2.99999999999967,-3,-1.64629840656519e-12,-3.25073301610246e-13,2.39336080170491,-2.9823406468776,-0.00132700922855068,-0.0176593531224012,2.03271684392191
25.113,-2.99999999999967,-3,-2.17095211551041e-12,-3.25073301610246e-13,2.39336080170469,-2.98235665525443,-0.00268213682378216,-0.0176433447455708,2.01209451161415
25.126,-2.99999999999968,-3,-2.11251873590401e-12,-3.17079695832945e-13,2.39336080170471,-2.98926752331544,-0.905448235679342,-0.0107324766845589,2.39078946799894
25.131,-2.99999999999969,-3,-1.82321028012054e-12,-3.08642000845794e-13,2.39336080170518,-2.99359489347561,-0.807914813164034,-0.00640510652438708,2.46084561416697
25.183,-2.99999999999972,-3,-2.3151284422249e-12,-2.8110846983509e-13,2.39336080170524,-3.01221328259688,-0.132640990792172,0.0122132825968766,2.42153169122591
25.184,-2.99999999999972,-3,-2.20640859302066e-12,-2.77111666946439e-13,2.39336080170557,-3.01234197836803,-0.124770105916995,0.0123419783680285,2.42153169122591
25.199,-2.99999999999973,-3,-2.26925723429419e-12,-2.74891220897189e-13,2.393360801705,-3.01349402163562,-0.0592109124122866,0.0134940216356152,2.40113789911958
25.2,-2.99999999999973,-3,-2.25900321276276e-12,-2.70450328798688e-13,2.39336080170545,-3.01355398946294,-0.060726421914473,0.0135539894629413,2.40113789911958
25.212,-2.99999999999973,-3,-2.11266533299875e-12,-2.69562150378988e-13,2.39336080170478,-3.01439559104037,-0.0798597686212112,0.0143955910403655,2.42644768705649
25.213,-2.99999999999973,-3,-2.19755195447959e-12,-2.69562150378988e-13,2.39336080170477,-3.01447115046989,-0.0712762308259591,0.0144711504698911,2.42644768705649
25.22,-2.99999999999974,-3,-1.66257271723468e-12,-2.61568544601687e-13,2.39336080170499,-3.01475390526332,0,0.0147539052633183,2.42059392925694
25.247,-2.99999999999975,-3,-2.29196078175299e-12,-2.50466314355435e-13,2.3933608017052,-3.01475390526332,0,0.0147539052633183,2.42676573872207
25.248,-2.99999999999975,-3,-2.21348218792918e-12,-2.46469511466785e-13,2.39336080170556,-3.01475390526332,0,0.0147539052633183,2.42752517879174
25.296,-2.99999999999977,-3,-2.05408766332857e-12,-2.25597318603832e-13,2.39336080170538,-3.01475390526332,0,0.0147539052633183,2.46540591567469
25.299,-2.99999999999977,-3,-1.77573600043695e-12,-2.25597318603832e-13,2.39336080170508,-3.01475390526332,0,0.0147539052633183,2.46786338486409
25.3,-2.99999999999977,-3,-1.75889726842201e-12,-2.25597318603832e-13,2.39336080170502,-3.01475390526332,0,0.0147539052633183,2.46868488722917
25.309,-2.99999999999977,-3,-2.1875477611246e-12,-2.25597318603832e-13,2.39336080170484,-3.01475390526332,0,0.0147539052633183,2.47613119280631
25.311,-2.99999999999978,-3,-2.21486154460633e-12,-2.18935980456081e-13,2.39336080170553,-3.01475390526332,0,0.0147539052633183,2.47779883020563
25.327,-2.99999999999979,-3,-2.28749546849257e-12,-2.1493917756743e-13,2.39336080170531,-3.01475390526332,0,0.0147539052633183,2.49130883912948
25.395,-2.99999999999981,-3,-2.12333825697614e-12,-1.86517468137026e-13,2.39336080170551,-3.01475390526332,0,0.0147539052633183,2.55207642001834
25.399,-2.99999999999981,-3,-1.70997935294258e-12,-1.86517468137026e-13,2.39336080170511,-3.01475390526332,0,0.0147539052633183,2.55581989332923
25.4,-2.99999999999981,-3,-1.69381449263849e-12,-1.86517468137026e-13,2.39336080170507,-3.01475390526332,0,0.0147539052633183,2.55675869411753
25.412,-2.99999999999981,-3,-2.1705803795652e-12,-1.86517468137026e-13,2.39336080170492,-3.01475390526332,0,0.0147539052633183,2.56811579634711
25.454,-2.99999999999983,-3,-2.23809910057974e-12,-1.68309810533174e-13,2.39336080170555,-3.01475390526332,0,0.0147539052633183,2.60919581826808
25.473,-2.99999999999984,-3,-2.26461248935566e-12,-1.64757096854373e-13,2.39336080170529,-3.01475390526332,0,0.0147539052633183,2.62845938207012
25.491,-2.99999999999984,-3,-2.06830417534225e-12,-1.56319401867222e-13,2.39336080170549,-3.01475390526332,0,0.0147539052633183,2.64709967784187
25.496,-2.99999999999984,-3,-1.6791471205039e-12,-1.56319401867222e-13,2.3933608017051,-3.01475390526332,0,0.0147539052633183,2.65234498437173
25.499,-2.99999999999984,-3,-1.72115676773434e-12,-1.56319401867222e-13,2.39336080170502,-3.01475390526332,0,0.0147539052633183,2.6555062441004
25.5,-2.99999999999984,-3,-1.75346003615684e-12,-1.56319401867222e-13,2.39336080170501,-3.01475390526332,0,0.0147539052633183,2.65656234331176
25.509,-2.99999999999984,-3,-2.20040125015874e-12,-1.56319401867222e-13,2.39336080170495,-3.01475390526332,0,0.0147539052633183,2.66612002050432
25.546,-2.99999999999986,-3,-2.27709153653365e-12,-1.4122036873232e-13,2.39336080170548,-3.01475390526332,0,0.0147539052633183,2.70641090298725
25.547,-2.99999999999986,-3,-2.12530913668943e-12,-1.3944401189292e-13,2.39336080170556,-3.01475390526332,0,0.0147539052633183,2.70752213245744
25.554,-2.99999999999986,-3,-1.63732937423412e-12,-1.3944401189292e-13,2.3933608017051,-3.01475390526332,0,0.0147539052633183,2.71533358230722
25.59,-2.99999999999986,-3,-2.14988506878586e-12,-1.35003119794419e-13,2.393360801705,-3.01475390526332,0,0.0147539052633183,2.75641464275766
25.593,-2.99999999999987,-3,-2.20168882161855e-12,-1.31006316905768e-13,2.39336080170541,-3.0147519487266,0.00130478928023416,0.0147519487266004,2.75641464275766
25.599,-2.99999999999987,-3,-1.92540827889677e-12,-1.31006316905768e-13,2.39336080170509,-3.01473624978495,0.00393511397693102,0.0147362497849466,2.75641464275766
25.6,-2.99999999999987,-3,-1.94000860084796e-12,-1.31006316905768e-13,2.39336080170507,-3.01473209315871,0.00437844406131667,0.0147320931587127,2.75641464275766
25.608,-2.99999999999987,-3,-2.2211427130901e-12,-1.31006316905768e-13,2.393360801705,-3.01468265067665,0.00801124095483567,0.0146826506766469,2.75641464275766
25.609,-2.99999999999987,-3,-2.2670438689172e-12,-1.26565424807268e-13,2.39336080170552,-3.01467440580229,0.00847911389036879,0.0146744058022876,2.75641464275766
25.617,-2.99999999999987,-3,-1.6461712180857e-12,-1.25233157177718e-13,2.39336080170511,-3.01459118721344,0.0123744547138319,0.0145911872134383,2.78188711439101
25.628,-2.99999999999987,-3,-1.988170944211e-12,-1.25233157177718e-13,2.39336080170502,-3.00820419459893,0.92738865422197,0.00820419459892952,2.41355276743554
25.632,-2.99999999999987,-3,-2.1650290212122e-12,-1.25233157177718e-13,2.39336080170501,-3.0045795710204,0.869218402795057,0.00457957102039552,2.33605794742738
25.655,-2.99999999999988,-3,-2.23518754013608e-12,-1.15019105351166e-13,2.3933608017056,-2.99192014679718,0.320634199836133,-0.0080798532028199,2.3622818314193
25.682,-2.99999999999989,-3,-2.07213848261142e-12,-1.08801856413265e-13,2.39336080170554,-2.98505024776322,0.171808957770927,-0.0149497522367832,2.3655718047759
25.689,-2.99999999999989,-3,-1.62770332794378e-12,-1.08801856413265e-13,2.39336080170513,-2.98401562476205,0.12473119376819,-0.0159843752379505,2.3655718047759
25.699,-2.99999999999989,-3,-1.87692112769535e-12,-1.08801856413265e-13,2.39336080170505,-2.983069581426,0.0659212454151452,-0.0169304185739985,2.3655718047759
25.7,-2.99999999999989,-3,-1.91276394372438e-12,-1.08801856413265e-13,2.39336080170505,-2.98300638444165,0.0604845319861731,-0.0169936155583534,2.3655718047759
25.707,-2.99999999999989,-3,-2.18584092358947e-12,-1.08801856413265e-13,2.39336080170503,-2.98271161670875,0.0242289569831419,-0.017288383291246,2.3655718047759
25.708,-2.99999999999989,-3,-2.2276426738546e-12,-1.07913677993565e-13,2.39336080170513,-2.98269273368335,0,-0.0173072663166467,2.37091716709709
25.709,-2.9999999999999,-3,-2.22924634362005e-12,-1.03472785895065e-13,2.39336080170562,-2.98269273368335,0,-0.0173072663166467,2.37373254492275
25.713,-2.9999999999999,-3,-1.73613547257201e-12,-1.03472785895065e-13,2.39336080170524,-2.98269273368335,0,-0.0173072663166467,2.37753988465316
25.716,-2.9999999999999,-3,-1.67160486558981e-12,-1.03472785895065e-13,2.39336080170514,-2.98269273368335,0,-0.0173072663166467,2.37672263566864
25.78,-2.99999999999991,-3,-2.25617582412557e-12,-9.05941988094128e-14,2.39336080170552,-2.98269273368335,0,-0.0173072663166467,2.31747206745154
25.781,-2.99999999999991,-3,-2.10698337991555e-12,-8.97060203897126e-14,2.39336080170551,-2.98269273368335,0,-0.0173072663166467,2.31648152125669
25.799,-2.99999999999991,-3,-1.82128276807803e-12,-8.97060203897126e-14,2.39336080170511,-2.98269273368335,0,-0.0173072663166467,2.29841639631433
25.8,-2.99999999999991,-3,-1.84073296173821e-12,-8.97060203897126e-14,2.39336080170511,-2.98269273368335,0,-0.0173072663166467,2.29739970640546
25.815,-2.99999999999991,-3,-2.20904704885399e-12,-8.97060203897126e-14,2.39336080170508,-2.98269273368335,0,-0.0173072663166467,2.28198423958759
25.857,-2.99999999999992,-3,-2.24594730815493e-12,-7.94919685631612e-14,2.39336080170555,-2.98269273368335,0,-0.0173072663166467,2.23717387860426
25.892,-2.99999999999993,-3,-2.23483081394557e-12,-7.37188088351104e-14,2.39336080170564,-2.98269273368335,0,-0.0173072663166467,2.19797777150151
25.893,-2.99999999999993,-3,-2.04257740369418e-12,-7.32747196252603e-14,2.39336080170556,-2.98269273368335,0,-0.0173072663166467,2.19683311499942
25.899,-2.99999999999993,-3,-1.58433136625046e-12,-7.32747196252603e-14,2.39336080170521,-2.98269273368335,0,-0.0173072663166467,2.18993628030459
25.9,-2.99999999999993,-3,-1.57421870106141e-12,-7.32747196252603e-14,2.39336080170519,-2.98269273368335,0,-0.0173072663166467,2.18878199190839
25.901,-2.99999999999993,-3,-1.57211636409822e-12,-7.32747196252603e-14,2.39336080170517,-2.98269273368335,0,-0.0173072663166467,2.18762632752733
25.929,-2.99999999999993,-3,-2.21858273851982e-12,-7.32747196252603e-14,2.39336080170509,-2.98269273368335,0,-0.0173072663166467,2.1547090749989
25.93,-2.99999999999993,-3,-2.25039843818389e-12,-6.92779167366098e-14,2.39336080170555,-2.98269273368335,0,-0.0173072663166467,2.1535135070565
25.991,-2.99999999999994,-3,-2.24453492965263e-12,-6.08402217494586e-14,2.39336080170557,-2.98269273368335,0,-0.0173072663166467,2.07798187517539
25.992,-2.99999999999994,-3,-2.08524030434856e-12,-5.99520433297585e-14,2.39336080170557,-2.98269273368335,0,-0.0173072663166467,2.07670099617086
25.999,-2.99999999999994,-3,-1.61201452407236e-12,-5.99520433297585e-14,2.39336080170522,-2.98269273368335,0,-0.0173072663166467,2.06769631556269
26,-2.99999999999994,-3,-1.6030242377323e-12,-5.99520433297585e-14,2.39336080170521,-2.98269273368335,0,-0.0173072663166467,2.06640442867918
26.043,-2.99999999999994,-3,-2.19931191975112e-12,-5.99520433297585e-14,2.39336080170513,-2.98275712026672,-0.00763506650973032,-0.0172428797332791,2.03233239901726
26.044,-2.99999999999994,-3,-2.22233095823262e-12,-5.95079541199084e-14,2.39336080170518,-2.98276498742259,-0.00809967839690975,-0.0172350125774132,2.01172085038764
26.045,-2.99999999999994,-3,-2.22517722863752e-12,-5.50670620214078e-14,2.39336080170568,-2.98277757354868,-0.0170732597710666,-0.0172224264513168,2.01172085038764
26.055,-2.99999999999994,-3,-1.56162475131735e-12,-5.50670620214078e-14,2.3933608017052,-2.98853711609176,-0.907974708011591,-0.0114628839082367,2.35611859714838
26.056,-2.99999999999994,-3,-1.56347864604818e-12,-5.50670620214078e-14,2.39336080170519,-2.98944670629687,-0.911258899494932,-0.0105532937031332,2.38486324787944
26.06,-2.99999999999994,-3,-1.5951838622234e-12,-5.50670620214078e-14,2.39336080170517,-2.99299405594518,-0.846091540962193,-0.00700594405481914,2.45348128747288
26.094,-2.99999999999995,-3,-2.24092204627389e-12,-5.15143483426073e-14,2.39336080170554,-3.00849965015583,-0.279564022907112,0.00849965015582743,2.40682756815602
26.095,-2.99999999999995,-3,-2.09842534800151e-12,-5.10702591327572e-14,2.39336080170549,-3.00877692703699,-0.275014084643522,0.00877692703698862,2.40682756815602
26.099,-2.99999999999995,-3,-1.78556674233558e-12,-5.10702591327572e-14,2.39336080170527,-3.00984267709053,-0.25823106958567,0.00984267709052888,2.40682756815602
26.1,-2.99999999999995,-3,-1.75845605641926e-12,-5.10702591327572e-14,2.39336080170524,-3.01009896932313,-0.254375388191176,0.0100989693231268,2.40682756815602
26.131,-2.99999999999995,-3,-2.20298881955645e-12,-5.10702591327572e-14,2.39336080170514,-3.01409438636541,-0.0419290027296923,0.0140943863654117,2.4123119224907
26.14,-2.99999999999995,-3,-2.02850447354433e-12,-4.88498130835069e-14,2.39336080170518,-3.01436334249249,0,0.0143633424924929,2.40185609752211
26.145,-2.99999999999995,-3,-2.08812191960862e-12,-4.88498130835069e-14,2.39336080170515,-3.01436334249249,0,0.0143633424924929,2.39710643769347
26.153,-2.99999999999996,-3,-2.23964930757934e-12,-4.48530101948563e-14,2.3933608017056,-3.01436334249249,0,0.0143633424924929,2.40057710561361
26.154,-2.99999999999996,-3,-2.07308635477333e-12,-4.44089209850063e-14,2.39336080170555,-3.01436334249249,0,0.0143633424924929,2.40122782586127
26.163,-2.99999999999996,-3,-1.61883721391526e-12,-4.44089209850063e-14,2.39336080170521,-3.01436334249249,0,0.0143633424924929,2.40748318827251
26.199,-2.99999999999996,-3,-2.12554223107437e-12,-4.44089209850063e-14,2.39336080170515,-3.01436334249249,0,0.0143633424924929,2.43400146131976
26.2,-2.99999999999996,-3,-2.14511500946268e-12,-4.44089209850063e-14,2.39336080170515,-3.01436334249249,0,0.0143633424924929,2.43475949401182
26.203,-2.99999999999996,-3,-2.20486377607449e-12,-4.44089209850063e-14,2.39336080170515,-3.01436334249249,0,0.0143633424924929,2.43704044375641
26.204,-2.99999999999996,-3,-2.22523184307561e-12,-4.35207425653061e-14,2.39336080170525,-3.01436334249249,0,0.0143633424924929,2.43780304421833
26.223,-2.99999999999996,-3,-2.22114402379477e-12,-3.77475828372553e-14,2.39336080170571,-3.01436334249249,0,0.0143633424924929,2.45250942055945
26.267,-2.99999999999996,-3,-1.28133919350105e-12,-3.77475828372553e-14,2.39336080170522,-3.01436334249249,0,0.0143633424924929,2.48814901160482
26.299,-2.99999999999996,-3,-1.42964273830324e-12,-3.77475828372553e-14,2.3933608017052,-3.01436334249249,0,0.0143633424924929,2.5154573049539
26.3,-2.99999999999996,-3,-1.43873484959582e-12,-3.77475828372553e-14,2.3933608017052,-3.01436334249249,0,0.0143633424924929,2.51632953101884
26.352,-2.99999999999996,-3,-2.20411487425436e-12,-3.77475828372553e-14,2.39336080170515,-3.01436334249249,0,0.0143633424924929,2.56325887034503
26.388,-2.99999999999997,-3,-2.23245641471281e-12,-3.15303338993544e-14,2.39336080170553,-3.01436334249249,0,0.0143633424924929,2.59755723514338
26.389,-2.99999999999997,-3,-2.10282366470756e-12,-3.10862446895044e-14,2.39336080170549,-3.01436334249249,0,0.0143633424924929,2.59853109326308
26.399,-2.99999999999997,-3,-1.72620752095888e-12,-3.10862446895044e-14,2.39336080170522,-3.01436334249249,0,0.0143633424924929,2.60833248078604
26.4,-2.99999999999997,-3,-1.72779012499927e-12,-3.10862446895044e-14,2.39336080170521,-3.01436334249249,0,0.0143633424924929,2.60931890017093
26.444,-2.99999999999997,-3,-2.217748394818e-12,-3.10862446895044e-14,2.39336080170517,-3.01436334249249,0,0.0143633424924929,2.65385186697366
26.445,-2.99999999999997,-3,-2.23333736735846e-12,-2.75335310107039e-14,2.39336080170558,-3.01436334249249,0,0.0143633424924929,2.65488967335253
26.446,-2.99999999999997,-3,-2.08150961707644e-12,-2.70894418008538e-14,2.39336080170554,-3.01436334249249,0,0.0143633424924929,2.6559286216646
26.458,-2.99999999999997,-3,-1.62142924684108e-12,-2.70894418008538e-14,2.39336080170522,-3.01436334249249,0,0.0143633424924929,2.66848507219896
26.499,-2.99999999999997,-3,-1.94824639408331e-12,-2.70894418008538e-14,2.39336080170519,-3.01436334249249,0,0.0143633424924929,2.71262698861255
26.5,-2.99999999999997,-3,-1.95982195132377e-12,-2.70894418008538e-14,2.39336080170519,-3.01436334249249,0,0.0143633424924929,2.71372760131739
26.52,-2.99999999999997,-3,-2.21660241119715e-12,-2.70894418008538e-14,2.39336080170518,-3.01436334249249,0,0.0143633424924929,2.73597966138601
26.521,-2.99999999999998,-3,-2.2312517274092e-12,-2.39808173319034e-14,2.39336080170554,-3.01436334249249,0,0.0143633424924929,2.73710425468803
26.533,-2.99999999999998,-3,-1.69929990474562e-12,-2.35367281220533e-14,2.39336080170522,-3.01436334249249,0,0.0143633424924929,2.75068844510189
26.56,-2.99999999999998,-3,-1.87314378968351e-12,-2.35367281220533e-14,2.3933608017052,-3.01432734254992,0.00319105003256567,0.0143273425499189,2.78032324587407
26.572,-2.99999999999998,-3,-1.98857372115947e-12,-2.35367281220533e-14,2.39336080170519,-3.00788249304068,0.920238397971748,0.00788249304068156,2.40942656921521
26.576,-2.99999999999998,-3,-2.03081387872669e-12,-2.35367281220533e-14,2.39336080170519,-3.00429630278022,0.857721458254175,0.00429630278021831,2.33485487576629
26.594,-2.99999999999998,-3,-2.11601318636501e-12,-2.04281036531029e-14,2.39336080170547,-2.99362900133006,0.379248172444044,-0.00637099866993829,2.36118143130032
26.599,-2.99999999999998,-3,-1.81661299125974e-12,-2.04281036531029e-14,2.39336080170527,-2.99190254843619,0.312359527263633,-0.00809745156380748,2.36118143130032
26.6,-2.99999999999998,-3,-1.79704849300393e-12,-2.04281036531029e-14,2.39336080170526,-2.99159653938299,0.29969614078377,-0.00840346061700803,2.38680738913923
26.605,-2.99999999999998,-3,-1.76650852956212e-12,-2.04281036531029e-14,2.39336080170523,-2.99012049553664,0.291256852760817,-0.00987950446335617,2.38680738913923
26.647,-2.99999999999998,-3,-2.05272080019285e-12,-2.04281036531029e-14,2.3933608017052,-2.98324263256251,0,-0.0167573674374943,2.3807963692488
26.652,-2.99999999999998,-3,-2.1009153955014e-12,-2.04281036531029e-14,2.3933608017052,-2.98324263256251,0,-0.0167573674374943,2.38794633500723
26.663,-2.99999999999998,-3,-2.21494229627921e-12,-2.04281036531029e-14,2.39336080170519,-2.98324263256251,0,-0.0167573674374943,2.3816013714949
26.664,-2.99999999999998,-3,-2.22615519181047e-12,-1.82076576038526e-14,2.39336080170545,-2.98324263256251,0,-0.0167573674374943,2.38076242324591
26.665,-2.99999999999998,-3,-2.13280064046574e-12,-1.77635683940025e-14,2.39336080170544,-2.98324263256251,0,-0.0167573674374943,2.37991412847009
26.699,-2.99999999999998,-3,-1.92753109870192e-12,-1.77635683940025e-14,2.39336080170521,-2.98324263256251,0,-0.0167573674374943,2.3495687299798
26.7,-2.99999999999998,-3,-1.9338496129583e-12,-1.77635683940025e-14,2.39336080170521,-2.98324263256251,0,-0.0167573674374943,2.34865099449096
26.735,-2.99999999999998,-3,-2.20821969862253e-12,-1.77635683940025e-14,2.3933608017052,-2.98324263256251,0,-0.0167573674374943,2.31569090529334
26.737,-2.99999999999999,-3,-2.227418595131e-12,-1.46549439250521e-14,2.39336080170556,-2.98324263256251,0,-0.0167573674374943,2.31375817768104
26.738,-2.99999999999999,-3,-2.09103671136767e-12,-1.4210854715202e-14,2.39336080170552,-2.98324263256251,0,-0.0167573674374943,2.31278981547574
26.757,-2.99999999999999,-3,-1.62043006441878e-12,-1.4210854715202e-14,2.39336080170524,-2.98324263256251,0,-0.0167573674374943,2.29413780301693
26.799,-2.99999999999999,-3,-1.7385673338222e-12,-1.4210854715202e-14,2.39336080170522,-2.98324263256251,0,-0.0167573674374943,2.25120040576671
26.8,-2.99999999999999,-3,-1.74332739537906e-12,-1.4210854715202e-14,2.39336080170522,-2.98324263256251,0,-0.0167573674374943,2.25014944306353
26.866,-2.99999999999999,-3,-2.20901049585749e-12,-1.4210854715202e-14,2.3933608017052,-2.98324263256251,0,-0.0167573674374943,2.17784026431731
26.868,-2.99999999999999,-3,-2.22743482625066e-12,-1.11022302462516e-14,2.39336080170556,-2.98324263256251,0,-0.0167573674374943,2.17555848298812
26.869,-2.99999999999999,-3,-2.09093960261973e-12,-1.06581410364015e-14,2.39336080170553,-2.98324263256251,0,-0.0167573674374943,2.17441559392438
26.892,-2.99999999999999,-3,-1.61006180465321e-12,-1.06581410364015e-14,2.39336080170524,-2.98324263256251,0,-0.0167573674374943,2.14776144001628
26.899,-2.99999999999999,-3,-1.61384734269531e-12,-1.06581410364015e-14,2.39336080170524,-2.98324263256251,0,-0.0167573674374943,2.1395094182782
26.9,-2.99999999999999,-3,-1.61491636011115e-12,-1.06581410364015e-14,2.39336080170524,-2.98324263256251,0,-0.0167573674374943,2.13832522896552
26.985,-2.99999999999999,-3,-1.93618018579736e-12,-1.06581410364015e-14,2.39336080170522,-2.98324263256251,0,-0.0167573674374943,2.03279970481115
26.997,-2.99999999999999,-3,-2.01072595520188e-12,-1.06581410364015e-14,2.39336080170522,-2.98327378026157,-0.00521184707420172,-0.0167262197384268,2.03279970481115
26.999,-2.99999999999999,-3,-2.02369994726241e-12,-1.06581410364015e-14,2.39336080170522,-2.98328508872089,-0.00609785750911558,-0.0167149112791058,2.03279970481115
27,-2.99999999999999,-3,-2.03010409520645e-12,-1.06581410364015e-14,2.39336080170522,-2.98329140938125,-0.00654381121035164,-0.0167085906187525,2.03279970481115
27.003,-2.99999999999999,-3,-2.05011507937901e-12,-1.06581410364015e-14,2.39336080170521,-2.98331306258797,-0.00789523640303808,-0.0166869374120324,2.01265089333727
27.015,-2.99999999999999,-3,-2.13223476766903e-12,-1.06581410364015e-14,2.39336080170521,-2.98991724448063,-0.909549237699848,-0.0100827555193659,2.38343656896032
27.019,-2.99999999999999,-3,-2.16058149078111e-12,-1.06581410364015e-14,2.39336080170521,-2.99346337796528,-0.846892263531843,-0.00653662203472116,2.45340864697742
27.027,-2.99999999999999,-3,-2.2188613421891e-12,-1.06581410364015e-14,2.39336080170521,-2.99918668019706,-0.589886396396307,-0.00081331980293653,2.45340864697742
27.028,-2.99999999999999,-3,-2.22707157393898e-12,-7.105427357601e-15,2.39336080170562,-2.9997616548466,-0.56014325553758,-0.000238345153402264,2.45340864697742
27.079,-2.99999999999999,-3,-1.54106399172169e-12,-7.105427357601e-15,2.39336080170524,-3.01405364822192,-0.0761726324913346,0.0140536482219233,2.43455475743621
27.094,-2.99999999999999,-3,-1.54844980994861e-12,-7.105427357601e-15,2.39336080170524,-3.01468857441049,0,0.014688574410489,2.39982059112369
27.1,-2.99999999999999,-3,-1.55491246382171e-12,-7.105427357601e-15,2.39336080170524,-3.01468857441049,0,0.014688574410489,2.39476332683382
27.198,-2.99999999999999,-3,-1.86139673683e-12,-7.105427357601e-15,2.39336080170523,-3.01468857441049,0,0.014688574410489,2.46827507781111
27.199,-2.99999999999999,-3,-1.86612831387887e-12,-7.105427357601e-15,2.39336080170523,-3.01468857441049,0,0.014688574410489,2.46910166226194
27.2,-2.99999999999999,-3,-1.87059314446294e-12,-7.105427357601e-15,2.39336080170523,-3.01468857441049,0,0.014688574410489,2.46992941450298
27.265,-2.99999999999999,-3,-2.20746314363671e-12,-7.105427357601e-15,2.39336080170522,-3.01468857441049,0,0.014688574410489,2.52623822017493
27.268,-3,-3,-2.22517579492724e-12,-3.99680288865056e-15,2.39336080170558,-3.01468857441049,0,0.014688574410489,2.52895620273063
27.299,-3,-3,-1.61135776434561e-12,-3.99680288865056e-15,2.39336080170525,-3.01468857441049,0,0.014688574410489,2.55765744791444
27.3,-3,-3,-1.60939156921129e-12,-3.99680288865056e-15,2.39336080170525,-3.01468857441049,0,0.014688574410489,2.55860197917667
27.347,-3,-3,-1.56630381265212e-12,-3.99680288865056e-15,2.39336080170525,-3.01468857441049,0,0.014688574410489,2.60431221586003
27.399,-3,-3,-1.60640552774882e-12,-3.99680288865056e-15,2.39336080170524,-3.01468857441049,0,0.014688574410489,2.65789113568513
27.4,-3,-3,-1.60799080326333e-12,-3.99680288865056e-15,2.39336080170524,-3.01468857441049,0,0.014688574410489,2.65895244596854
27.487,-3,-3,-1.8005800872854e-12,-3.99680288865056e-15,2.39336080170524,-3.01468857441049,0,0.014688574410489,2.75575674155549
27.495,-3,-3,-1.82290400226655e-12,-3.99680288865056e-15,2.39336080170523,-3.0146823085672,0.00157014332694686,0.0146823085672003,2.75575674155549
27.499,-3,-3,-1.83461633753846e-12,-3.99680288865056e-15,2.39336080170523,-3.01467443478615,0.00236906177856616,0.0146744347861461,2.75575674155549
27.5,-3,-3,-1.83753862957671e-12,-3.99680288865056e-15,2.39336080170523,-3.01467196475495,0.00257118216155146,0.0146719647549474,2.75575674155549
27.501,-3,-3,-1.84054920633547e-12,-3.99680288865056e-15,2.39336080170523,-3.01466929204386,0.00277443646111074,0.0146692920438567,2.75575674155549
27.511,-3,-3,-1.87017830067643e-12,-3.99680288865056e-15,2.39336080170523,-3.01463111324277,0.00488936444960284,0.0146311132427699,2.78163043601308
27.523,-3,-3,-1.90681644672101e-12,-3.99680288865056e-15,2.39336080170523,-3.00800929967123,0.92276023562737,0.00800929967123309,2.40568265422647
27.527,-3,-3,-1.91928155645949e-12,-3.99680288865056e-15,2.39336080170523,-3.0044236859258,0.855471108226023,0.00442368592580333,2.33389158270173
27.596,-3,-3,-2.15053812437267e-12,-3.99680288865056e-15,2.39336080170523,-2.98356537541014,0,-0.0164346245898583,2.38381490866644
27.599,-3,-3,-2.16131961429455e-12,-3.99680288865056e-15,2.39336080170523,-2.98356537541014,0,-0.0164346245898583,2.39113542027681
27.6,-3,-3,-2.16485233402944e-12,-3.99680288865056e-15,2.39336080170523,-2.98356537541014,0,-0.0164346245898583,2.39204337457722
27.602,-3,-3,-2.17182766573957e-12,-3.99680288865056e-15,2.39336080170523,-2.98356537541014,0,-0.0164346245898583,2.39261948332852
27.613,-3,-3,-2.21107679161092e-12,-3.99680288865056e-15,2.39336080170522,-2.98356537541014,0,-0.0164346245898583,2.38601364093998
27.616,-3,-3,-2.22215171910937e-12,-2.22044604925031e-15,2.39336080170543,-2.98356537541014,0,-0.0164346245898583,2.38353255922697
27.693,-3,-3,-1.85480961688677e-12,-2.22044604925031e-15,2.39336080170524,-2.98356537541014,0,-0.0164346245898583,2.31436241231245
27.699,-3,-3,-1.8554512024362e-12,-2.22044604925031e-15,2.39336080170524,-2.98356537541014,0,-0.0164346245898583,2.30864407301248
27.7,-3,-3,-1.8555922133088e-12,-2.22044604925031e-15,2.39336080170524,-2.98356537541014,0,-0.0164346245898583,2.30768644333808
27.701,-3,-3,-1.85595842480819e-12,-2.22044604925031e-15,2.39336080170524,-2.98356537541014,0,-0.0164346245898583,2.30672750705671
27.796,-3,-3,-1.93417426292043e-12,-2.22044604925031e-15,2.39336080170524,-2.98356537541014,0,-0.0164346245898583,2.20967043253517
27.799,-3,-3,-1.93843357084209e-12,-2.22044604925031e-15,2.39336080170524,-2.98356537541014,0,-0.0164346245898583,2.20641340106226
27.8,-3,-3,-1.9399046638988e-12,-2.22044604925031e-15,2.39336080170524,-2.98356537541014,0,-0.0164346245898583,2.20532511069068
27.894,-3,-3,-2.09209804092007e-12,-2.22044604925031e-15,2.39336080170523,-2.98356537541014,0,-0.0164346245898583,2.097191815633
27.899,-3,-3,-2.10157118444999e-12,-2.22044604925031e-15,2.39336080170523,-2.98356537541014,0,-0.0164346245898583,2.09111665939376
27.9,-3,-3,-2.10346251769871e-12,-2.22044604925031e-15,2.39336080170523,-2.98356537541014,0,-0.0164346245898583,2.089897708325
27.949,-3,-3,-2.19720783476723e-12,-2.22044604925031e-15,2.39336080170523,-2.98356672932114,-0.00067725374975955,-0.0164332706788559,2.03369257201486
27.961,-3,-3,-2.22113308960208e-12,-8.88178419700125e-16,2.39336080170538,-2.98358718152418,-0.00274495321754104,-0.0164128184758225,2.03369257201486
27.962,-3,-3,-2.16087618930023e-12,-8.88178419700125e-16,2.39336080170535,-2.98359001481617,-0.00292178680572601,-0.016409985183834,2.0130111635504
27.974,-3,-3,-1.97775775177225e-12,-8.88178419700125e-16,2.39336080170525,-2.9896246770278,-0.904669651061563,-0.010375322972195,2.36614258892617
27.98,-3,-3,-1.96451145970985e-12,-8.88178419700125e-16,2.39336080170525,-2.99484537031715,-0.804810099125109,-0.00515462968284819,2.46246666235426
27.999,-3,-3,-1.93852553186576e-12,-8.88178419700125e-16,2.39336080170525,-3.00478119496341,-0.348133536479775,0.00478119496341201,2.41791615905687
28,-3,-3,-1.93739220692236e-12,-8.88178419700125e-16,2.39336080170525,-3.00512377439356,-0.337063320537687,0.00512377439355527,2.41791615905687
28.002,-3,-3,-1.93526766580447e-12,-8.88178419700125e-16,2.39336080170525,-3.00577628324657,-0.315591354893614,0.00577628324656754,2.39706191907274
28.068,-3,-3,-1.89212296804228e-12,-8.88178419700125e-16,2.39336080170524,-3.01562001510772,0,0.0156200151077237,2.42449295815831
28.098,-3,-3,-1.88903607309255e-12,-8.88178419700125e-16,2.39336080170524,-3.01562001510772,0,0.0156200151077237,2.43321911823053
28.099,-3,-3,-1.88923032893719e-12,-8.88178419700125e-16,2.39336080170524,-3.01562001510772,0,0.0156200151077237,2.43403851951971
28.1,-3,-3,-1.88919652552284e-12,-8.88178419700125e-16,2.39336080170524,-3.01562001510772,0,0.0156200151077237,2.43485928616014
28.105,-3,-3,-1.88903178295678e-12,-8.88178419700125e-16,2.39336080170524,-3.01562001510772,0,0.0156200151077237,2.43898272618976
28.195,-3,-3,-1.91716339768348e-12,-8.88178419700125e-16,2.39336080170524,-3.01562001510772,0,0.0156200151077237,2.5185273175793
28.199,-3,-3,-1.91944123943867e-12,-8.88178419700125e-16,2.39336080170524,-3.01562001510772,0,0.0156200151077237,2.52229610907362
28.2,-3,-3,-1.91994225476734e-12,-8.88178419700125e-16,2.39336080170524,-3.01562001510772,0,0.0156200151077237,2.52324141155426
28.292,-3,-3,-1.97704637933969e-12,-8.88178419700125e-16,2.39336080170524,-3.01562001510772,0,0.0156200151077237,2.61552184338172
28.299,-3,-3,-1.98240454213575e-12,-8.88178419700125e-16,2.39336080170524,-3.01562001510772,0,0.0156200151077237,2.62297347912508
28.3,-3,-3,-1.98327431631093e-12,-8.88178419700125e-16,2.39336080170524,-3.01562001510772,0,0.0156200151077237,2.62404296588829
28.389,-3,-3,-2.05231931140275e-12,-8.88178419700125e-16,2.39336080170524,-3.01562001510772,0,0.0156200151077237,2.72420086833103
28.399,-3,-3,-2.06040009676851e-12,-8.88178419700125e-16,2.39336080170524,-3.01562001510772,0,0.0156200151077237,2.73606927743343
28.4,-3,-3,-2.06105765227125e-12,-8.88178419700125e-16,2.39336080170524,-3.01562001510772,0,0.0156200151077237,2.73726294847921
28.401,-3,-3,-2.06193600411298e-12,-8.88178419700125e-16,2.39336080170524,-3.01562001510772,0,0.0156200151077237,2.73845786136781
28.438,-3,-3,-2.09355182675829e-12,-8.88178419700125e-16,2.39336080170524,-3.0155953996714,0.0022774215425908,0.0155953996714002,2.78246962820686
28.45,-3,-3,-2.1037982992182e-12,-8.88178419700125e-16,2.39336080170524,-3.00918482948239,0.922956262887333,0.0091848294823893,2.41277584848908
28.454,-3,-3,-2.10716900389624e-12,-8.88178419700125e-16,2.39336080170524,-3.00558196230797,0.86309926466935,0.0055819623079687,2.33692561239955
28.484,-3,-3,-2.13265509012685e-12,-8.88178419700125e-16,2.39336080170524,-2.99102171937709,0.268579818342382,-0.00897828062291151,2.39117149667343
28.499,-3,-3,-2.14529447205548e-12,-8.88178419700125e-16,2.39336080170524,-2.98713366919192,0.219425901451083,-0.0128663308080812,2.36825639400205
28.5,-3,-3,-2.14613379238763e-12,-8.88178419700125e-16,2.39336080170524,-2.98691784000941,0.212256514354826,-0.0130821599905908,2.36825639400205
28.537,-3,-3,-2.17776541958408e-12,-8.88178419700125e-16,2.39336080170524,-2.9829865952102,0,-0.017013404789803,2.36136272530064
28.581,-3,-3,-2.21664303431691e-12,-8.88178419700125e-16,2.39336080170523,-2.9829865952102,0,-0.017013404789803,2.334447818668
28.586,-3,-3,-2.22179074090642e-12,2.66453525910038e-15,2.39336080170565,-2.9829865952102,0,-0.017013404789803,2.32973194045614
28.599,-3,-3,-1.50611434701451e-12,2.66453525910038e-15,2.39336080170529,-2.9829865952102,0,-0.017013404789803,2.31731235851757
28.6,-3,-3,-1.49349895342928e-12,2.66453525910038e-15,2.39336080170528,-2.9829865952102,0,-0.017013404789803,2.3163475373465
28.611,-3,-3,-1.38390749774988e-12,2.66453525910038e-15,2.39336080170528,-2.9829865952102,0,-0.017013404789803,2.30564523119827
28.698,-3,-3,2.16720220555609e-12,2.66453525910038e-15,2.39336080170553,-2.9829865952102,0,-0.017013404789803,2.21523349115421
28.699,-3,-3,2.24891294121068e-12,1.33226762955019e-15,2.39336080170538,-2.9829865952102,0,-0.017013404789803,2.21413476038731
28.7,-3,-3,2.26935762675576e-12,-3.10862446895044e-15,2.3933608017049,-2.9829865952102,0,-0.017013404789803,2.21303467699849
28.719,-3,-3,2.18174726502596e-12,-4.44089209850063e-15,2.39336080170545,-2.9829865952102,0,-0.017013404789803,2.191876094448
28.721,-2.99999999999999,-3,2.23827988949296e-12,-9.76996261670138e-15,2.39336080170485,-2.9829865952102,0,-0.017013404789803,2.18962047017203
28.729,-2.99999999999999,-3,1.62548445751984e-12,-1.02140518265514e-14,2.39336080170532,-2.9829865952102,0,-0.017013404789803,2.18054386819176
28.784,-2.99999999999999,-3,2.22291279611825e-12,-1.33226762955019e-14,2.39336080170519,-2.9829865952102,0,-0.017013404789803,2.11579881211719
28.799,-2.99999999999999,-3,2.05923136949468e-12,-1.33226762955019e-14,2.39336080170532,-2.9829865952102,0,-0.017013404789803,2.09743094304833
28.8,-2.99999999999999,-3,2.06125730776951e-12,-1.33226762955019e-14,2.39336080170532,-2.9829865952102,0,-0.017013404789803,2.09619559746846
28.821,-2.99999999999999,-3,2.0866456214543e-12,-1.33226762955019e-14,2.39336080170531,-2.9829865952102,0,-0.017013404789803,2.06994088462972
28.868,-2.99999999999999,-3,1.97832691216827e-12,-1.33226762955019e-14,2.3933608017053,-2.98304967216858,-0.0070709593956271,-0.0169503278314211,2.01209323789833
28.88,-2.99999999999999,-3,1.92027508707633e-12,-1.33226762955019e-14,2.3933608017053,-2.98958864113955,-0.909988811596016,-0.0104113588604462,2.38107047935188
28.884,-2.99999999999999,-3,1.89897528667396e-12,-1.33226762955019e-14,2.3933608017053,-2.99314255524711,-0.850002940630332,-0.00685744475288796,2.45253503240998
28.898,-2.99999999999999,-3,1.81558559597049e-12,-1.33226762955019e-14,2.39336080170529,-3.00195101145868,-0.434703359498703,0.00195101145868115,2.4267749589547
28.899,-2.99999999999999,-3,1.80916122871383e-12,-1.33226762955019e-14,2.39336080170529,-3.00237743876639,-0.418202575159936,0.00237743876639218,2.4267749589547
28.9,-2.99999999999999,-3,1.80279163845157e-12,-1.33226762955019e-14,2.39336080170529,-3.00278751773769,-0.402005183550201,0.00278751773769192,2.4267749589547
28.926,-2.99999999999999,-3,1.61422384240193e-12,-1.33226762955019e-14,2.39336080170529,-3.0108951603661,-0.255970558933622,0.0108951603661009,2.43248084909139
28.971,-2.99999999999999,-3,1.21851475103625e-12,-1.33226762955019e-14,2.39336080170527,-3.01473144841182,0,0.0147314484118217,2.40774844400036
28.975,-2.99999999999999,-3,1.1796040378302e-12,-1.33226762955019e-14,2.39336080170527,-3.01473144841182,0,0.0147314484118217,2.40516294690107
28.998,-2.99999999999999,-3,9.47511986387126e-13,-1.33226762955019e-14,2.39336080170527,-3.01473144841182,0,0.0147314484118217,2.4199994240468
28.999,-2.99999999999999,-3,9.37055849496883e-13,-1.33226762955019e-14,2.39336080170527,-3.01473144841182,0,0.0147314484118217,2.42076050999866
29,-2.99999999999999,-3,9.26688866250739e-13,-1.33226762955019e-14,2.39336080170527,-3.01473144841182,0,0.0147314484118217,2.42152292405644
29.098,-2.99999999999999,-3,-1.87645116573553e-13,-1.33226762955019e-14,2.39336080170524,-3.01473144841182,0,0.0147314484118217,2.5019634851887
29.099,-2.99999999999999,-3,-1.99855751198282e-13,-1.33226762955019e-14,2.39336080170524,-3.01473144841182,0,0.0147314484118217,2.50284229455576
29.1,-2.99999999999999,-3,-2.11962272555848e-13,-1.33226762955019e-14,2.39336080170524,-3.01473144841182,0,0.0147314484118217,2.50372227512166
29.199,-2.99999999999999,-3,-1.44941759158147e-12,-1.33226762955019e-14,2.39336080170521,-3.01473144841182,0,0.0147314484118217,2.5966377853873
29.2,-2.99999999999999,-3,-1.46230314532236e-12,-1.33226762955019e-14,2.39336080170521,-3.01473144841182,0,0.0147314484118217,2.59763488583686
29.258,-2.99999999999999,-3,-2.21138716542093e-12,-1.33226762955019e-14,2.39336080170519,-3.01473144841182,0,0.0147314484118217,2.65747063312109
29.296,-2.99999999999999,-3,-2.22817982722508e-12,-7.99360577730113e-15,2.39336080170562,-3.01473144841182,0,0.0147314484118217,2.69880963077842
29.299,-2.99999999999999,-3,-1.86471359754997e-12,-7.99360577730113e-15,2.3933608017054,-3.01473144841182,0,0.0147314484118217,2.70214526458508
29.3,-2.99999999999999,-3,-1.79923197975797e-12,-7.99360577730113e-15,2.39336080170536,-3.01473144841182,0,0.0147314484118217,2.70325948491831
29.329,-2.99999999999999,-3,-1.58954781195861e-12,-7.99360577730113e-15,2.39336080170524,-3.01473144841182,0,0.0147314484118217,2.73608134607583
29.369,-2.99999999999999,-3,-1.63972795487496e-12,-7.99360577730113e-15,2.39336080170524,-3.01468134383813,0.00444129156886782,0.0146813438381286,2.78083849445204
29.381,-2.99999999999999,-3,-1.67134882676557e-12,-7.99360577730113e-15,2.39336080170523,-3.00811391705597,0.922114924619641,0.00811391705596609,2.40636657772571
29.385,-2.99999999999999,-3,-1.68302615051557e-12,-7.99360577730113e-15,2.39336080170523,-3.0045293684289,0.85547125993493,0.00452936842890272,2.33404698698996
29.398,-2.99999999999999,-3,-1.72626191701831e-12,-7.99360577730113e-15,2.39336080170523,-2.99602314095639,0.467289250606263,-0.00397685904361378,2.33404698698996
29.399,-2.99999999999999,-3,-1.72999488525804e-12,-7.99360577730113e-15,2.39336080170523,-2.99556919242762,0.440674312415721,-0.00443080757237935,2.35918315578037
29.4,-2.99999999999999,-3,-1.73369602456081e-12,-7.99360577730113e-15,2.39336080170523,-2.995136515344,0.424730093868921,-0.00486348465599873,2.35918315578037
29.455,-2.99999999999999,-3,-1.98288684594367e-12,-7.99360577730113e-15,2.39336080170522,-2.98361281642191,0,-0.0163871835780935,2.3848077794796
29.461,-2.99999999999999,-3,-2.01512830621255e-12,-7.99360577730113e-15,2.39336080170522,-2.98361281642191,0,-0.0163871835780935,2.3918668606135
29.493,-2.99999999999999,-3,-2.19881071238161e-12,-7.99360577730113e-15,2.39336080170522,-2.98361281642191,0,-0.0163871835780935,2.36711025516276
29.497,-2.99999999999999,-3,-2.22319982854192e-12,-6.21724893790088e-15,2.39336080170542,-2.98361281642191,0,-0.0163871835780935,2.36362738786361
29.5,-2.99999999999999,-3,-2.04689662443283e-12,-6.21724893790088e-15,2.39336080170531,-2.98361281642191,0,-0.0163871835780935,2.36100150415276
29.512,-2.99999999999999,-3,-1.94026823177028e-12,-6.21724893790088e-15,2.39336080170524,-2.98361281642191,0,-0.0163871835780935,2.35038062235356
29.598,-2.99999999999999,-3,-2.16471433923814e-12,-6.21724893790088e-15,2.39336080170522,-2.98361281642191,0,-0.0163871835780935,2.26877402484412
29.599,-2.99999999999999,-3,-2.16867091994352e-12,-6.21724893790088e-15,2.39336080170522,-2.98361281642191,0,-0.0163871835780935,2.26776843758014
29.6,-2.99999999999999,-3,-2.17259376509323e-12,-6.21724893790088e-15,2.39336080170522,-2.98361281642191,0,-0.0163871835780935,2.2667615474809
29.611,-2.99999999999999,-3,-2.21625030836861e-12,-6.21724893790088e-15,2.39336080170522,-2.98361281642191,0,-0.0163871835780935,2.25559976926251
29.613,-3,-3,-2.22538218981545e-12,-1.77635683940025e-15,2.39336080170574,-2.98361281642191,0,-0.0163871835780935,2.25355341818267
29.699,-3,-3,-9.48550470235325e-13,-1.77635683940025e-15,2.39336080170527,-2.98361281642191,0,-0.0163871835780935,2.1606303931463
29.7,-3,-3,-9.44990768680993e-13,-1.77635683940025e-15,2.39336080170527,-2.98361281642191,0,-0.0163871835780935,2.15949321952161
29.798,-3,-3,-7.66732688412693e-13,-1.77635683940025e-15,2.39336080170527,-2.98361281642191,0,-0.0163871835780935,2.04173015048139
29.799,-3,-3,-7.66308066253173e-13,-1.77635683940025e-15,2.39336080170527,-2.98361281642191,0,-0.0163871835780935,2.04046399616649
29.8,-3,-3,-7.65887064609841e-13,-1.77635683940025e-15,2.39336080170527,-2.98361281642191,0,-0.0163871835780935,2.03919653901633
29.804,-3,-3,-7.64238649730723e-13,-1.77635683940025e-15,2.39336080170527,-2.98361281642191,0,-0.0163871835780935,2.03411368206317
29.82,-3,-3,-7.5962696465581e-13,-1.77635683940025e-15,2.39336080170527,-2.98361424964701,-0.000180414585681236,-0.0163857503529861,2.01364843404241
29.833,-3,-3,-7.59005255966213e-13,-1.77635683940025e-15,2.39336080170527,-2.99023318651841,-0.90487241087909,-0.00976681348159492,2.38537780236069
29.835,-3,-3,-7.58967158611605e-13,-1.77635683940025e-15,2.39336080170527,-2.99202700589954,-0.889222533787946,-0.00797299410045627,2.42819812152705
29.837,-3,-3,-7.59380583641102e-13,-1.77635683940025e-15,2.39336080170527,-2.99375615209242,-0.840289691941622,-0.00624384790758148,2.45400091945835
29.894,-3,-3,-7.86421468504206e-13,-1.77635683940025e-15,2.39336080170526,-3.01376093937795,-0.084963780134866,0.0137609393779514,2.43396788965527
29.899,-3,-3,-7.90742755905675e-13,-1.77635683940025e-15,2.39336080170526,-3.0141086293419,-0.0614456584991333,0.0141086293418984,2.41224297827709
29.9,-3,-3,-7.91585032460482e-13,-1.77635683940025e-15,2.39336080170526,-3.01416868339271,-0.0586702686925892,0.0141686833927088,2.41224297827709
29.916,-3,-3,-8.05872585438895e-13,-1.77635683940025e-15,2.39336080170526,-3.01478007408748,0,0.0147800740874811,2.403156107402
29.921,-3,-3,-8.10938571716225e-13,-1.77635683940025e-15,2.39336080170526,-3.01478007408748,0,0.0147800740874811,2.39850267688729
29.999,-3,-3,-9.03665220592617e-13,-1.77635683940025e-15,2.39336080170526,-3.01478007408748,0,0.0147800740874811,2.45628554938251
30,-3,-3,-9.05129490943339e-13,-1.77635683940025e-15,2.39336080170526,-3.01478007408748,0,0.0147800740874811,2.45710299283186
30.001,-3,-3,-9.06581276277934e-13,-1.77635683940025e-15,2.39336080170526,-3.01478007408748,0,0.0147800740874811,2.45792161134596
30.095,-3,-3,-1.04738073955991e-12,-1.77635683940025e-15,2.39336080170526,-3.01478007408748,0,0.0147800740874811,2.54011841573174
30.099,-3,-3,-1.05413575859337e-12,-1.77635683940025e-15,2.39336080170526,-3.01478007408748,0,0.0147800740874811,2.54384646477734
30.1,-3,-3,-1.05578866979907e-12,-1.77635683940025e-15,2.39336080170526,-3.01478007408748,0,0.0147800740874811,2.54478141470058
30.192,-3,-3,-1.20745598771866e-12,-1.77635683940025e-15,2.39336080170525,-3.01478007408748,0,0.0147800740874811,2.63582373459078
30.199,-3,-3,-1.21962956092113e-12,-1.77635683940025e-15,2.39336080170525,-3.01478007408748,0,0.0147800740874811,2.64315802755781
30.2,-3,-3,-1.22134301799081e-12,-1.77635683940025e-15,2.39336080170525,-3.01478007408748,0,0.0147800740874811,2.64421048395491
30.289,-3,-3,-1.37490904577575e-12,-1.77635683940025e-15,2.39336080170525,-3.01478007408748,0,0.0147800740874811,2.74258523757481
30.299,-3,-3,-1.392821906172e-12,-1.77635683940025e-15,2.39336080170525,-3.01478007408748,0,0.0147800740874811,2.75422023772376
30.3,-3,-3,-1.39453026792641e-12,-1.77635683940025e-15,2.39336080170525,-3.01478007408748,0,0.0147800740874811,2.75539020059471
30.322,-3,-3,-1.43248753222436e-12,-1.77635683940025e-15,2.39336080170525,-3.01477868746987,0.000128289925421722,0.0147786874698701,2.78136623029641
30.334,-3,-3,-1.45394060149054e-12,-1.77635683940025e-15,2.39336080170525,-3.00858686162788,0.91921958288586,0.00858686162787592,2.4182825108137
30.338,-3,-3,-1.46108600287905e-12,-1.77635683940025e-15,2.39336080170525,-3.00498191009719,0.867068204936887,0.00498191009719307,2.33834612193999
30.393,-3,-3,-1.55746476408497e-12,-1.77635683940025e-15,2.39336080170525,-2.98563188645268,0.174577933877982,-0.0143681135473246,2.37021648750109
30.399,-3,-3,-1.5681149905682e-12,-1.77635683940025e-15,2.39336080170525,-2.98467898496112,0.143686898882927,-0.0153210150388849,2.37021648750109
30.4,-3,-3,-1.56980034517698e-12,-1.77635683940025e-15,2.39336080170525,-2.98453770280473,0.138893319242646,-0.0154622971952674,2.37021648750109
30.42,-3,-3,-1.60511236277411e-12,-1.77635683940025e-15,2.39336080170525,-2.98275950854992,0,-0.0172404914500821,2.36225658589582
30.426,-3,-3,-1.61548992841696e-12,-1.77635683940025e-15,2.39336080170525,-2.98275950854992,0,-0.0172404914500821,2.37093503964743
30.49,-3,-3,-1.72843855679931e-12,-1.77635683940025e-15,2.39336080170524,-2.98275950854992,0,-0.0172404914500821,2.31353525288092
30.499,-3,-3,-1.74411560320559e-12,-1.77635683940025e-15,2.39336080170524,-2.98275950854992,0,-0.0172404914500821,2.30462543812126
30.5,-3,-3,-1.74588511944418e-12,-1.77635683940025e-15,2.39336080170524,-2.98275950854992,0,-0.0172404914500821,2.30362860532224
30.586,-3,-3,-1.89870486406461e-12,-1.77635683940025e-15,2.39336080170524,-2.98275950854992,0,-0.0172404914500821,2.21277328548474
30.599,-3,-3,-1.92203259679836e-12,-1.77635683940025e-15,2.39336080170524,-2.98275950854992,0,-0.0172404914500821,2.1981573117497
30.6,-3,-3,-1.92375673328191e-12,-1.77635683940025e-15,2.39336080170524,-2.98275950854992,0,-0.0172404914500821,2.19702341134542
30.698,-3,-3,-2.09759227932827e-12,-1.77635683940025e-15,2.39336080170524,-2.98275950854992,0,-0.0172404914500821,2.07925202220436
30.699,-3,-3,-2.09940433700659e-12,-1.77635683940025e-15,2.39336080170524,-2.98275950854992,0,-0.0172404914500821,2.07798242487107
30.7,-3,-3,-2.10120094428032e-12,-1.77635683940025e-15,2.39336080170524,-2.98275950854992,0,-0.0172404914500821,2.07671145686173
30.751,-3,-3,-2.19149843843363e-12,-1.77635683940025e-15,2.39336080170523,-2.98280603513633,-0.00551720503302761,-0.0171939648636723,2.01241648774326
30.763,-3,-3,-2.21282195758266e-12,-1.77635683940025e-15,2.39336080170523,-2.98912732569546,-0.907790635121223,-0.0108726743045415,2.37426782976821
30.765,-3,-3,-2.21627750337034e-12,-1.77635683940025e-15,2.39336080170523,-2.99092994902475,-0.889872706729427,-0.00907005097524838,2.39975367256318
30.768,-3,-3,-2.22231488377546e-12,1.77635683940025e-15,2.39336080170564,-2.99350976207272,-0.820776760644477,-0.00649023792727688,2.43638944937239
30.769,-3,-3,-2.05722334213905e-12,1.77635683940025e-15,2.39336080170555,-2.99431702197792,-0.793834494232279,-0.0056829780220844,2.46233388555904
30.799,-3,-3,-1.35895885444997e-12,1.77635683940025e-15,2.39336080170528,-3.00746573026578,-0.257456697756946,0.00746573026577835,2.4138030882136
30.8,-3,-3,-1.35144702374082e-12,1.77635683940025e-15,2.39336080170528,-3.00771937226762,-0.24985454119165,0.00771937226762409,2.4138030882136
30.83,-3,-3,-1.14351277091216e-12,1.77635683940025e-15,2.39336080170528,-3.0124288233376,-0.0803288772127784,0.0124288233375962,2.39355150384597
30.859,-3,-3,-9.7670710462145e-13,1.77635683940025e-15,2.39336080170528,-3.01476880318689,0,0.0147688031868856,2.41490264473021
30.889,-3,-3,-8.29913928143505e-13,1.77635683940025e-15,2.39336080170528,-3.01476880318689,0,0.0147688031868856,2.42497638183975
30.899,-3,-3,-7.86215681756769e-13,1.77635683940025e-15,2.39336080170528,-3.01476880318689,0,0.0147688031868856,2.43270793962513
30.9,-3,-3,-7.82002491820776e-13,1.77635683940025e-15,2.39336080170528,-3.01476880318689,0,0.0147688031868856,2.43348767543118
30.986,-3,-3,-4.78423771684424e-13,1.77635683940025e-15,2.39336080170528,-3.01476880318689,0,0.0147688031868856,2.50493909996186
30.999,-3,-3,-4.40825294869259e-13,1.77635683940025e-15,2.39336080170528,-3.01476880318689,0,0.0147688031868856,2.51649548240582
31,-3,-3,-4.38085436852534e-13,1.77635683940025e-15,2.39336080170528,-3.01476880318689,0,0.0147688031868856,2.51739265408216
31.098,-3,-3,-1.94651163150848e-13,1.77635683940025e-15,2.39336080170529,-3.01476880318689,0,0.0147688031868856,2.61101137055616
31.099,-3,-3,-1.92312272466496e-13,1.77635683940025e-15,2.39336080170529,-3.01476880318689,0,0.0147688031868856,2.61202478493031
31.1,-3,-3,-1.89993324197765e-13,1.77635683940025e-15,2.39336080170529,-3.01476880318689,0,0.0147688031868856,2.61303937347312
31.187,-3,-3,-7.25536356099691e-15,1.77635683940025e-15,2.39336080170529,-3.01476880318689,0,0.0147688031868856,2.70580329434626
31.199,-3,-3,1.61529429235742e-14,1.77635683940025e-15,2.39336080170529,-3.01476880318689,0,0.0147688031868856,2.71929577410181
31.2,-3,-3,1.80528423238685e-14,1.77635683940025e-15,2.39336080170529,-3.01476880318689,0,0.0147688031868856,2.72042777951109
31.256,-3,-3,1.26175222714159e-13,1.77635683940025e-15,2.39336080170529,-3.01467262347135,0.00787031529663249,0.0146726234713497,2.78178849769701
31.268,-3,-3,1.48881049093953e-13,1.77635683940025e-15,2.39336080170529,-3.00776626593562,0.924185435402959,0.00776626593562435,2.39776630577443
31.274,-3,-3,1.59825143034065e-13,1.77635683940025e-15,2.39336080170529,-3.00254941642117,0.789590935741354,0.00254941642117279,2.31939753996869
31.298,-3,-3,2.04728112460259e-13,1.77635683940025e-15,2.3933608017053,-2.99116852696092,0.323801701289229,-0.00883147303907927,2.37704752279411
31.299,-3,-3,2.06718158734958e-13,1.77635683940025e-15,2.3933608017053,-2.99084773009245,0.317821146503805,-0.00915226990754725,2.37704752279411
31.3,-3,-3,2.0869123699564e-13,1.77635683940025e-15,2.3933608017053,-2.99053282707092,0.312013385952632,-0.00946717292908295,2.37704752279411
31.33,-3,-3,2.63993602195888e-13,1.77635683940025e-15,2.3933608017053,-2.98433089650661,0.0592420723556747,-0.0156691034933907,2.38122377084628
31.357,-3,-3,3.1350546645687e-13,1.77635683940025e-15,2.3933608017053,-2.98274936877172,0,-0.0172506312282841,2.36435042177797
31.395,-3,-3,3.82301807023345e-13,1.77635683940025e-15,2.3933608017053,-2.98274936877172,0,-0.0172506312282841,2.34254967535582
31.399,-3,-3,3.89993110469068e-13,1.77635683940025e-15,2.3933608017053,-2.98274936877172,0,-0.0172506312282841,2.33875451073754
31.4,-3,-3,3.91875124655704e-13,1.77635683940025e-15,2.3933608017053,-2.98274936877172,0,-0.0172506312282841,2.33780227715269
31.499,-3,-3,5.69744152273446e-13,1.77635683940025e-15,2.3933608017053,-2.98274936877172,0,-0.0172506312282841,2.23674125527462
31.5,-3,-3,5.71678350273353e-13,1.77635683940025e-15,2.3933608017053,-2.98274936877172,0,-0.0172506312282841,2.235651862445
31.503,-3,-3,5.77382554578867e-13,1.77635683940025e-15,2.3933608017053,-2.98274936877172,0,-0.0172506312282841,2.23237545506294
31.596,-3,-3,7.42985217064045e-13,1.77635683940025e-15,2.39336080170531,-2.98274936877172,0,-0.0172506312282841,2.12468452969393
31.599,-3,-3,7.48722084600591e-13,1.77635683940025e-15,2.39336080170531,-2.98274936877172,0,-0.0172506312282841,2.12101313543928
31.6,-3,-3,7.50601856812935e-13,1.77635683940025e-15,2.39336080170531,-2.98274936877172,0,-0.0172506312282841,2.11978659439001
31.601,-3,-3,7.52465601256651e-13,1.77635683940025e-15,2.39336080170531,-2.98274936877172,0,-0.0172506312282841,2.11855868185853
31.684,-3,-3,8.99397629275269e-13,1.77635683940025e-15,2.39336080170531,-2.98276450945971,-0.00190591142096398,-0.0172354905402914,2.0126493874075
31.693,-3,-3,9.15194799460204e-13,1.77635683940025e-15,2.39336080170531,-2.98605744219557,-0.811555265074947,-0.0139425578044299,2.2493241289441
31.697,-3,-3,9.22824408769724e-13,1.77635683940025e-15,2.39336080170531,-2.98956568497895,-0.90467467642382,-0.0104343150210546,2.38844085073607
31.699,-3,-3,9.2654232663098e-13,1.77635683940025e-15,2.39336080170531,-2.99135609261614,-0.886017041678131,-0.00864390738385712,2.42948211287792
31.7,-3,-3,9.28377544034858e-13,1.77635683940025e-15,2.39336080170531,-2.99222931159825,-0.860514539415773,-0.00777068840174922,2.42948211287792
31.702,-3,-3,9.32001168639392e-13,1.77635683940025e-15,2.39336080170531,-2.99390062410125,-0.811157732256453,-0.00609937589875464,2.46095606486342
31.79,-3,-3,1.08811208684064e-12,1.77635683940025e-15,2.39336080170531,-3.01424072741326,0,0.0142407274132603,2.40462295526019
31.794,-3,-3,1.09528378833e-12,1.77635683940025e-15,2.39336080170531,-3.01424072741326,0,0.0142407274132603,2.40113945334536
31.797,-3,-3,1.10050363994178e-12,1.77635683940025e-15,2.39336080170531,-3.01424072741326,0,0.0142407274132603,2.40164532525826
31.799,-3,-3,1.10413425726457e-12,1.77635683940025e-15,2.39336080170531,-3.01424072741326,0,0.0142407274132603,2.4025610443154
31.8,-3,-3,1.10581366506995e-12,1.77635683940025e-15,2.39336080170531,-3.01424072741326,0,0.0142407274132603,2.40311187109134
31.894,-3,-3,1.2728776936182e-12,1.77635683940025e-15,2.39336080170532,-3.01424072741326,0,0.0142407274132603,2.47407704085838
31.899,-3,-3,1.28173360919558e-12,1.77635683940025e-15,2.39336080170532,-3.01424072741326,0,0.0142407274132603,2.47815547329067
31.9,-3,-3,1.2833703455991e-12,1.77635683940025e-15,2.39336080170532,-3.01424072741326,0,0.0142407274132603,2.47897455633181
31.99,-3,-3,1.44249009680686e-12,1.77635683940025e-15,2.39336080170532,-3.01424072741326,0,0.0142407274132603,2.55732832718148
31.999,-3,-3,1.45890806839818e-12,1.77635683940025e-15,2.39336080170532,-3.01424072741326,0,0.0142407274132603,2.56566809263734
32,-3,-3,1.46073215917083e-12,1.77635683940025e-15,2.39336080170532,-3.01424072741326,0,0.0142407274132603,2.56660039416803
32.087,-3,-3,1.61522544515407e-12,1.77635683940025e-15,2.39336080170533,-3.01424072741326,0,0.0142407274132603,2.65204463111709
32.099,-3,-3,1.63630124409157e-12,1.77635683940025e-15,2.39336080170533,-3.01424072741326,0,0.0142407274132603,2.66450256093792
32.1,-3,-3,1.63797121993818e-12,1.77635683940025e-15,2.39336080170533,-3.01424072741326,0,0.0142407274132603,2.66554808095815
32.182,-3,-3,1.7840384802663e-12,1.77635683940025e-15,2.39336080170533,-3.01424072741326,0,0.0142407274132603,2.75513354781544
32.191,-3,-3,1.80019714408875e-12,1.77635683940025e-15,2.39336080170533,-3.01423508707142,0.0012571380595988,0.0142350870714232,2.75513354781544
32.199,-3,-3,1.81395417151329e-12,1.77635683940025e-15,2.39336080170533,-3.01422044902638,0.00241097612766122,0.0142204490263849,2.75513354781544
32.2,-3,-3,1.81580742209754e-12,1.77635683940025e-15,2.39336080170533,-3.01421796397211,0.00255931505998224,0.0142179639721141,2.75513354781544
32.206,-3,-3,1.82659976690703e-12,1.77635683940025e-15,2.39336080170533,-3.01419988380899,0.00347537711549192,0.0141998838089932,2.78109753694438
32.218,-3,-3,1.84767056835243e-12,1.77635683940025e-15,2.39336080170533,-3.00766927522985,0.922672658851019,0.00766927522984817,2.40700257797358
32.222,-3,-3,1.85452744923761e-12,1.77635683940025e-15,2.39336080170533,-3.00407981968101,0.857174190858856,0.00407981968101323,2.3337329797312
32.288,-3,-3,1.97200212975468e-12,1.77635683940025e-15,2.39336080170533,-2.98266069675457,0.0954244950227671,-0.0173393032454312,2.36808998620894
32.299,-3,-3,1.99177290455717e-12,1.77635683940025e-15,2.39336080170533,-2.98186964697138,0.0496775950119192,-0.0181303530286194,2.36808998620894
32.3,-3,-3,1.99358161319924e-12,1.77635683940025e-15,2.39336080170533,-2.98182187691236,0.045871021756347,-0.0181781230876368,2.36808998620894
32.308,-3,-3,2.00806343840709e-12,1.77635683940025e-15,2.39336080170533,-2.98158762217445,0,-0.0184123778255469,2.35276156941349
32.399,-3,-3,2.16882165097344e-12,1.77635683940025e-15,2.39336080170534,-2.98158762217445,0,-0.0184123778255469,2.2682321005116
32.4,-3,-3,2.1707055843935e-12,1.77635683940025e-15,2.39336080170534,-2.98158762217445,0,-0.0184123778255469,2.26712618798674
32.422,-3,-3,2.21027957289882e-12,1.77635683940025e-15,2.39336080170534,-2.98158762217445,0,-0.0184123778255469,2.24242575968247
32.428,-3,-3,2.2216006107408e-12,-4.44089209850063e-16,2.39336080170508,-2.98158762217445,0,-0.0184123778255469,2.23556631626504
32.499,-3,-3,1.59277937996415e-12,-4.44089209850063e-16,2.39336080170531,-2.98158762217445,0,-0.0184123778255469,2.15039481581697
32.5,-3,-3,1.59006598055434e-12,-4.44089209850063e-16,2.39336080170531,-2.98158762217445,0,-0.0184123778255469,2.14914251880305
32.589,-3,-3,1.41117731708352e-12,-4.44089209850063e-16,2.39336080170531,-2.98158762217445,0,-0.0184123778255469,2.03182538577717
32.592,-3,-3,1.40670194079495e-12,-4.44089209850063e-16,2.39336080170531,-2.98158891028241,-0.000858951471051083,-0.0184110897175929,2.03182538577717
32.599,-3,-3,1.39648077028544e-12,-4.44089209850063e-16,2.39336080170531,-2.98160197038758,-0.00287754118977686,-0.0183980296124204,2.03182538577717
32.6,-3,-3,1.3948750922042e-12,-4.44089209850063e-16,2.39336080170531,-2.98160499354978,-0.00316894972343637,-0.0183950064502199,2.03182538577717
32.605,-3,-3,1.38793814481003e-12,-4.44089209850063e-16,2.39336080170531,-2.98162451158941,-0.00464364054457639,-0.0183754884105927,2.01142600575285
32.617,-3,-3,1.37211144551558e-12,-4.44089209850063e-16,2.39336080170531,-2.98785805325338,-0.908148373396131,-0.0121419467466244,2.36995137135517
32.623,-3,-3,1.36434406475692e-12,-4.44089209850063e-16,2.39336080170531,-2.99306830243664,-0.799513452888578,-0.00693169756336198,2.46066261176045
32.691,-3,-3,1.29278890431127e-12,-4.44089209850063e-16,2.39336080170531,-3.01318710282563,-0.0556119712811093,0.0131871028256318,2.42099534315174
32.697,-3,-3,1.28766900552741e-12,-4.44089209850063e-16,2.39336080170531,-3.01339426954598,0,0.0133942695459823,2.39855194717937
32.699,-3,-3,1.2858671431466e-12,-4.44089209850063e-16,2.39336080170531,-3.01339426954598,0,0.0133942695459823,2.39325868487021
32.7,-3,-3,1.2850914042609e-12,-4.44089209850063e-16,2.39336080170531,-3.01339426954598,0,0.0133942695459823,2.39182818670321
32.703,-3,-3,1.28257724530674e-12,-4.44089209850063e-16,2.39336080170531,-3.01339426954598,0,0.0133942695459823,2.39023978667239
32.786,-3,-3,1.22278399836232e-12,-4.44089209850063e-16,2.39336080170531,-3.01339426954598,0,0.0133942695459823,2.44434495616497
32.799,-3,-3,1.21479211180634e-12,-4.44089209850063e-16,2.39336080170531,-3.01339426954598,0,0.0133942695459823,2.45385650024126
32.8,-3,-3,1.21428278562695e-12,-4.44089209850063e-16,2.39336080170531,-3.01339426954598,0,0.0133942695459823,2.45459561169879
32.802,-3,-3,1.21282624897631e-12,-4.44089209850063e-16,2.39336080170531,-3.01339426954598,0,0.0133942695459823,2.45607702927992
32.885,-3,-3,1.16465137344106e-12,-4.44089209850063e-16,2.39336080170531,-3.01339426954598,0,0.0133942695459823,2.52131225377702
32.899,-3,-3,1.15714292700882e-12,-4.44089209850063e-16,2.39336080170531,-3.01339426954598,0,0.0133942695459823,2.53303884504542
32.9,-3,-3,1.1565591358869e-12,-4.44089209850063e-16,2.39336080170531,-3.01339426954598,0,0.0133942695459823,2.53388444537268
32.901,-3,-3,1.15598032242609e-12,-4.44089209850063e-16,2.39336080170531,-3.01339426954598,0,0.0133942695459823,2.53473111058863
32.98,-3,-3,1.11725898077315e-12,-4.44089209850063e-16,2.39336080170531,-3.01339426954598,0,0.0133942695459823,2.60498271093288
32.999,-3,-3,1.1082400179594e-12,-4.44089209850063e-16,2.39336080170531,-3.01339426954598,0,0.0133942695459823,2.6228700768233
33,-3,-3,1.10773359023043e-12,-4.44089209850063e-16,2.39336080170531,-3.01339426954598,0,0.0133942695459823,2.6238221660203
33.075,-3,-3,1.07400928832647e-12,-4.44089209850063e-16,2.3933608017053,-3.01339426954598,0,0.0133942695459823,2.69826378858254
33.099,-3,-3,1.06252206043159e-12,-4.44089209850063e-16,2.3933608017053,-3.01339426954598,0,0.0133942695459823,2.72335019557493
33.1,-3,-3,1.06217904126523e-12,-4.44089209850063e-16,2.3933608017053,-3.01339426954598,0,0.0133942695459823,2.72440877364166
33.103,-3,-3,1.06049399855834e-12,-4.44089209850063e-16,2.3933608017053,-3.01339426954598,0,0.0133942695459823,2.72759089717405
33.154,-3,-3,1.0364180990677e-12,-4.44089209850063e-16,2.3933608017053,-3.01330894208144,0.00672593430105814,0.0133089420814367,2.77976206266136
33.166,-3,-3,1.03125397994669e-12,-4.44089209850063e-16,2.3933608017053,-3.00655082054158,0.920866796788839,0.00655082054158473,2.39958578299464
33.172,-3,-3,1.02881047753247e-12,-4.44089209850063e-16,2.3933608017053,-3.00133738187919,0.790781208777426,0.0013373818791913,2.31800548791666
33.174,-3,-3,1.02802347957599e-12,-4.44089209850063e-16,2.3933608017053,-2.99983131879465,0.715683726102357,-0.000168681205345411,2.31800548791666
33.199,-3,-3,1.01675540106498e-12,-4.44089209850063e-16,2.3933608017053,-2.98910147554647,0.296850455358243,-0.0108985244535278,2.37469231764502
33.2,-3,-3,1.01623660129291e-12,-4.44089209850063e-16,2.3933608017053,-2.9888076031792,0.290921589719496,-0.0111923968208036,2.37469231764502
33.205,-3,-3,1.01370820564498e-12,-4.44089209850063e-16,2.3933608017053,-2.9874228018816,0.263637767753059,-0.0125771981183971,2.37469231764502
33.23,-3,-3,1.00242947826275e-12,-4.44089209850063e-16,2.3933608017053,-2.98313351104658,0.045948604598662,-0.0168664889534171,2.37932067366949
33.256,-3,-3,9.91383380536437e-13,-4.44089209850063e-16,2.3933608017053,-2.9818894918739,0,-0.0181105081261048,2.35895644315513
33.262,-3,-3,9.88941933448361e-13,-4.44089209850063e-16,2.3933608017053,-2.9818894918739,0,-0.0181105081261048,2.36523136325
33.299,-3,-3,9.73143299080534e-13,-4.44089209850063e-16,2.3933608017053,-2.9818894918739,0,-0.0181105081261048,2.33102024622258
33.3,-3,-3,9.7265675094216e-13,-4.44089209850063e-16,2.3933608017053,-2.9818894918739,0,-0.0181105081261048,2.33000443763409
33.304,-3,-3,9.7075169141708e-13,-4.44089209850063e-16,2.3933608017053,-2.9818894918739,0,-0.0181105081261048,2.32592678693064
33.361,-3,-3,9.43902398473991e-13,-4.44089209850063e-16,2.3933608017053,-2.9818894918739,0,-0.0181105081261048,2.26531684784644
33.399,-3,-3,9.26773138247644e-13,-4.44089209850063e-16,2.3933608017053,-2.9818894918739,0,-0.0181105081261048,2.22231129603662
33.4,-3,-3,9.26342358171593e-13,-4.44089209850063e-16,2.3933608017053,-2.9818894918739,0,-0.0181105081261048,2.22115149400658
33.456,-3,-3,9.0177480960789e-13,-4.44089209850063e-16,2.3933608017053,-2.9818894918739,0,-0.0181105081261048,2.15390458730261
33.499,-3,-3,8.8316457604303e-13,-4.44089209850063e-16,2.3933608017053,-2.9818894918739,0,-0.0181105081261048,2.09920385903645
33.5,-3,-3,8.8276601741894e-13,-4.44089209850063e-16,2.3933608017053,-2.9818894918739,0,-0.0181105081261048,2.09790007248123
33.565,-3,-3,8.54435004185613e-13,-4.44089209850063e-16,2.3933608017053,-2.98191660625569,-0.00341316059959001,-0.0180833937443055,2.01147742612231
33.577,-3,-3,8.48777137555485e-13,-4.44089209850063e-16,2.3933608017053,-2.98802973022769,-0.907308011570971,-0.0119702697723074,2.36635814981455
33.583,-3,-3,8.45945809965838e-13,-4.44089209850063e-16,2.3933608017053,-2.99325659639421,-0.804810677682263,-0.00674340360579118,2.46067034002336
33.597,-3,-3,8.39077884843965e-13,-4.44089209850063e-16,2.3933608017053,-3.00132454678465,-0.410943364417929,0.00132454678464944,2.41519147884584
33.599,-3,-3,8.38018778760352e-13,-4.44089209850063e-16,2.3933608017053,-3.00212287558335,-0.387555689377083,0.00212287558334534,2.41519147884584
33.6,-3,-3,8.37552347259957e-13,-4.44089209850063e-16,2.3933608017053,-3.00250475209582,-0.376238235630589,0.00250475209581547,2.41519147884584
33.606,-3,-3,8.34723862242189e-13,-4.44089209850063e-16,2.3933608017053,-3.00456904470466,-0.313200796669751,0.00456904470466357,2.39511881879369
33.663,-3,-3,8.09984640767513e-13,-4.44089209850063e-16,2.3933608017053,-3.01411757860855,-0.0855714126948702,0.014117578608551,2.4269790524578
33.671,-3,-3,8.06460762134794e-13,-4.44089209850063e-16,2.3933608017053,-3.01451544620036,0,0.0145154462003552,2.42108440271041
33.696,-3,-3,7.94908615157671e-13,-4.44089209850063e-16,2.3933608017053,-3.01451544620036,0,0.0145154462003552,2.42309552492757
33.699,-3,-3,7.93493140645305e-13,-4.44089209850063e-16,2.3933608017053,-3.01451544620036,0,0.0145154462003552,2.42530828385598
33.7,-3,-3,7.93066749991375e-13,-4.44089209850063e-16,2.3933608017053,-3.01451544620036,0,0.0145154462003552,2.426048982141
33.791,-3,-3,7.54424411310228e-13,-4.44089209850063e-16,2.3933608017053,-3.01451544620036,0,0.0145154462003552,2.49836366022202
33.799,-3,-3,7.50623356660612e-13,-4.44089209850063e-16,2.3933608017053,-3.01451544620036,0,0.0145154462003552,2.50517821700715
33.8,-3,-3,7.50222888309044e-13,-4.44089209850063e-16,2.3933608017053,-3.01451544620036,0,0.0145154462003552,2.50603522972205
33.886,-3,-3,7.10663109513751e-13,-4.44089209850063e-16,2.3933608017053,-3.01451544620036,0,0.0145154462003552,2.58405553427104
33.899,-3,-3,7.05088793811058e-13,-4.44089209850063e-16,2.3933608017053,-3.01451544620036,0,0.0145154462003552,2.59659191693459
33.9,-3,-3,7.04736968844124e-13,-4.44089209850063e-16,2.3933608017053,-3.01451544620036,0,0.0145154462003552,2.59756433224419
33.985,-3,-3,6.67962168171344e-13,-4.44089209850063e-16,2.3933608017053,-3.01451544620036,0,0.0145154462003552,2.68443759839565
33.999,-3,-3,6.62145357060954e-13,-4.44089209850063e-16,2.3933608017053,-3.01451544620036,0,0.0145154462003552,2.69954587633122
34,-3,-3,6.61593679444603e-13,-4.44089209850063e-16,2.3933608017053,-3.01451544620036,0,0.0145154462003552,2.70063369423551
34.001,-3,-3,6.61046705675416e-13,-4.44089209850063e-16,2.3933608017053,-3.01451544620036,0,0.0145154462003552,2.70172266616574
34.072,-3,-3,6.28399899566647e-13,-4.44089209850063e-16,2.3933608017053,-3.01448682892214,0.00253664560545004,0.0144868289221449,2.78077244759216
34.08,-3,-3,6.24592176122994e-13,-4.44089209850063e-16,2.39336080170529,-3.01159411467401,0.790107343868438,0.0115941146740073,2.56299645518055
34.084,-3,-3,6.22673595395761e-13,-4.44089209850063e-16,2.39336080170529,-3.00809146791986,0.920401484746251,0.0080914679198627,2.41126129955045
34.088,-3,-3,6.20706415722945e-13,-4.44089209850063e-16,2.39336080170529,-3.00450012615573,0.859913191907142,0.00450012615573092,2.33556444430608
34.099,-3,-3,6.15684855786117e-13,-4.44089209850063e-16,2.39336080170529,-2.99689843656987,0.53258273302729,-0.00310156343013457,2.33556444430608
34.1,-3,-3,6.15189716514622e-13,-4.44089209850063e-16,2.3933608017053,-2.99637932320087,0.505714973333275,-0.00362067679913336,2.33556444430608
34.117,-3,-3,6.080166351284e-13,-4.44089209850063e-16,2.39336080170529,-2.99034024314141,0.253965390379213,-0.00965975685859188,2.39109122460931
34.176,-3,-3,5.81595011532717e-13,-4.44089209850063e-16,2.39336080170529,-2.98310559069125,0,-0.0168944093087471,2.37175297352533
34.179,-3,-3,5.80313370329928e-13,-4.44089209850063e-16,2.39336080170529,-2.98310559069125,0,-0.0168944093087471,2.37285441454193
34.199,-3,-3,5.71611211194646e-13,-4.44089209850063e-16,2.39336080170529,-2.98310559069125,0,-0.0168944093087471,2.35735599480957
34.2,-3,-3,5.71265460346984e-13,-4.44089209850063e-16,2.39336080170529,-2.98310559069125,0,-0.0168944093087471,2.35644067469661
34.203,-3,-3,5.69909078586746e-13,-4.44089209850063e-16,2.39336080170529,-2.98310559069125,0,-0.0168944093087471,2.35368454140196
34.267,-3,-3,5.42925723426102e-13,-4.44089209850063e-16,2.39336080170529,-2.98310559069125,0,-0.0168944093087471,2.2919507492172
34.299,-3,-3,5.27669754136382e-13,-4.44089209850063e-16,2.39336080170529,-2.98310559069125,0,-0.0168944093087471,2.25901982444466
34.3,-3,-3,5.27132660201513e-13,-4.44089209850063e-16,2.39336080170529,-2.98310559069125,0,-0.0168944093087471,2.25796857088281
34.302,-3,-3,5.26072171785686e-13,-4.44089209850063e-16,2.39336080170529,-2.98310559069125,0,-0.0168944093087471,2.25586203427496
34.362,-3,-3,4.99103193379892e-13,-4.44089209850063e-16,2.39336080170529,-2.98310559069125,0,-0.0168944093087471,2.1901676558793
34.399,-3,-3,4.83088028880495e-13,-4.44089209850063e-16,2.39336080170529,-2.98310559069125,0,-0.0168944093087471,2.14724581944504
34.4,-3,-3,4.82591454015841e-13,-4.44089209850063e-16,2.39336080170529,-2.98310559069125,0,-0.0168944093087471,2.14606024974553
34.461,-3,-3,4.56267647740618e-13,-4.44089209850063e-16,2.39336080170529,-2.98310559069125,0,-0.0168944093087471,2.07120057991208
34.491,-3,-3,4.43455039847248e-13,-4.44089209850063e-16,2.39336080170529,-2.98310559069125,0,-0.0168944093087471,2.03255093356742
34.499,-3,-3,4.39801042773367e-13,-4.44089209850063e-16,2.39336080170529,-2.9831212428138,-0.00391992239532274,-0.0168787571861961,2.03255093356742
34.5,-3,-3,4.39333947460749e-13,-4.44089209850063e-16,2.39336080170529,-2.98312540967812,-0.00441403564664837,-0.016874590321883,2.03255093356742
34.51,-3,-3,4.3487653205226e-13,-4.44089209850063e-16,2.39336080170529,-2.9831946023985,-0.00946258268540541,-0.0168053976014977,2.01165551617734
34.522,-3,-3,4.29347512485205e-13,-4.44089209850063e-16,2.39336080170529,-2.98998266455528,-0.910382855390075,-0.0100173354447159,2.38735238073393
34.526,-3,-3,4.27407819457058e-13,-4.44089209850063e-16,2.39336080170529,-2.99352089328314,-0.84281704875351,-0.00647910671686303,2.45425208952233
34.556,-3,-3,4.13103851152315e-13,-4.44089209850063e-16,2.39336080170529,-3.00781824836642,-0.302169247853071,0.00781824836642375,2.40639894945134
34.599,-3,-3,3.93989036177614e-13,-4.44089209850063e-16,2.39336080170529,-3.01456058104735,-0.0455220825311769,0.0145605810473546,2.41146653220246
34.6,-3,-3,3.93572949857623e-13,-4.44089209850063e-16,2.39336080170529,-3.01460502325624,-0.0433682675033859,0.0146050232562351,2.41146653220246
34.613,-3,-3,3.88255253699603e-13,-4.44089209850063e-16,2.39336080170529,-3.01498096752892,0,0.0149809675289205,2.40813748441527
34.617,-3,-3,3.86358078352192e-13,-4.44089209850063e-16,2.39336080170529,-3.01498096752892,0,0.0149809675289205,2.40561866574298
34.697,-3,-3,3.51330674898476e-13,-4.44089209850063e-16,2.39336080170529,-3.01498096752892,0,0.0149809675289205,2.46618642353974
34.699,-3,-3,3.50325611041472e-13,-4.44089209850063e-16,2.39336080170529,-3.01498096752892,0,0.0149809675289205,2.46785679777242
34.7,-3,-3,3.49942213959041e-13,-4.44089209850063e-16,2.39336080170529,-3.01498096752892,0,0.0149809675289205,2.46869377144341
34.796,-3,-3,3.06773662397253e-13,-4.44089209850063e-16,2.39336080170529,-3.01498096752892,0,0.0149809675289205,2.55458870948299
34.799,-3,-3,3.05279660660639e-13,-4.44089209850063e-16,2.39336080170529,-3.01498096752892,0,0.0149809675289205,2.55744979520674
34.8,-3,-3,3.04827539363093e-13,-4.44089209850063e-16,2.39336080170529,-3.01498096752892,0,0.0149809675289205,2.55840587252086
34.891,-3,-3,2.64511821337192e-13,-4.44089209850063e-16,2.39336080170529,-3.01498096752892,0,0.0149809675289205,2.65039458660586
34.899,-3,-3,2.60732945797465e-13,-4.44089209850063e-16,2.39336080170529,-3.01498096752892,0,0.0149809675289205,2.65895315695213
34.9,-3,-3,2.60321045056053e-13,-4.44089209850063e-16,2.39336080170529,-3.01498096752892,0,0.0149809675289205,2.66002833790936
34.985,-3,-3,2.24129865892086e-13,-4.44089209850063e-16,2.39336080170529,-3.01498096752892,0,0.0149809675289205,2.75577195742913
34.99,-3,-3,2.21969958295853e-13,-4.44089209850063e-16,2.39336080170529,-3.01498005901148,0.000363740742750094,0.014980059011477,2.75577195742913
34.999,-3,-3,2.17653027129621e-13,-4.44089209850063e-16,2.39336080170529,-3.01497379989363,0.00103131162054406,0.0149737998936335,2.75577195742913
35,-3,-3,2.17268840391747e-13,-4.44089209850063e-16,2.39336080170529,-3.01497273061728,0.00110731965802261,0.0149727306172833,2.75577195742913
35.007,-3,-3,2.14005761355467e-13,-4.44089209850063e-16,2.39336080170529,-3.01496308003106,0.00165495336576387,0.0149630800310576,2.78117476449443
35.019,-3,-3,2.08229592263442e-13,-4.44089209850063e-16,2.39336080170529,-3.00866063267886,0.919925342920505,0.00866063267885542,2.41490578950579
35.023,-3,-3,2.06360072102728e-13,-4.44089209850063e-16,2.39336080170529,-3.00506242103125,0.86345308085459,0.00506242103125132,2.33730148993299
35.085,-3,-3,1.78489697476669e-13,-4.44089209850063e-16,2.39336080170529,-2.98398115119082,0.0998259500292728,-0.0160188488091828,2.36683371056375
35.099,-3,-3,1.72257276974372e-13,-4.44089209850063e-16,2.39336080170529,-2.98309658493754,0.0287495308447079,-0.0169034150624627,2.36683371056375
35.1,-3,-3,1.71694147094944e-13,-4.44089209850063e-16,2.39336080170529,-2.98307014890738,0.0241308159650107,-0.0169298510926237,2.36683371056375
35.101,-3,-3,1.71135818709738e-13,-4.44089209850063e-16,2.39336080170529,-2.98305010347671,0,-0.0169498965232884,2.36881873220243
35.106,-3,-3,1.69080621861644e-13,-4.44089209850063e-16,2.39336080170529,-2.98305010347671,0,-0.0169498965232884,2.37530681724663
35.184,-3,-3,1.35571542377453e-13,-4.44089209850063e-16,2.39336080170528,-2.98305010347671,0,-0.0169498965232884,2.30584562547085
35.199,-3,-3,1.29148285411694e-13,-4.44089209850063e-16,2.39336080170528,-2.98305010347671,0,-0.0169498965232884,2.29095210158432
35.2,-3,-3,1.28613117424154e-13,-4.44089209850063e-16,2.39336080170529,-2.98305010347671,0,-0.0169498965232884,2.28994841940953
35.279,-3,-3,9.20932242939908e-14,-4.44089209850063e-16,2.39336080170528,-2.98305010347671,0,-0.0169498965232884,2.20639919757312
35.299,-3,-3,8.2917128467601e-14,-4.44089209850063e-16,2.39336080170528,-2.98305010347671,0,-0.0169498965232884,2.1839133987768
35.3,-3,-3,8.25497448077012e-14,-4.44089209850063e-16,2.39336080170528,-2.98305010347671,0,-0.0169498965232884,2.18277495932265
35.303,-3,-3,8.11295650388263e-14,-4.44089209850063e-16,2.39336080170528,-2.98305010347671,0,-0.0169498965232884,2.17935155552345
35.367,-3,-3,5.30727758785245e-14,-4.44089209850063e-16,2.39336080170528,-2.98305010347671,0,-0.0169498965232884,2.10342974507107
35.399,-3,-3,3.92314821655071e-14,-4.44089209850063e-16,2.39336080170528,-2.98305010347671,0,-0.0169498965232884,2.06339896803403
35.4,-3,-3,3.87837757367453e-14,-4.44089209850063e-16,2.39336080170528,-2.98305010347671,0,-0.0169498965232884,2.06212577130053
35.402,-3,-3,3.78997823594808e-14,-4.44089209850063e-16,2.39336080170528,-2.98305010347671,0,-0.0169498965232884,2.05957533511515
35.442,-3,-3,2.11307161373348e-14,-4.44089209850063e-16,2.39336080170528,-2.9831418377466,-0.00975200938326073,-0.0168581622534028,2.0117712898854
35.454,-3,-3,1.58268524892783e-14,-4.44089209850063e-16,2.39336080170528,-2.9899609989219,-0.909905538154857,-0.0100390010780962,2.38828423589301
35.459,-3,-3,1.37148764356981e-14,-4.44089209850063e-16,2.39336080170528,-2.99432344354142,-0.816715912861268,-0.00567655645857945,2.46175372233287
35.466,-3,-3,1.05996665044178e-14,-4.44089209850063e-16,2.39336080170528,-2.99916187926755,-0.570395801730227,-0.000838120732452374,2.46175372233287
35.499,-3,-3,-4.88193389616436e-15,-4.44089209850063e-16,2.39336080170528,-3.01010452352629,-0.195991210231258,0.01010452352629,2.41369071196702
35.5,-3,-3,-5.40631573976991e-15,-4.44089209850063e-16,2.39336080170528,-3.01029749104134,-0.189964869955787,0.0102974910413414,2.41369071196702
35.541,-3,-3,-2.44969543163085e-14,-4.44089209850063e-16,2.39336080170528,-3.01416361536128,0,0.0141636153612814,2.39696560913975
35.546,-3,-3,-2.66975974188655e-14,-4.44089209850063e-16,2.39336080170528,-3.01416361536128,0,0.0141636153612814,2.39180934199219
35.561,-3,-3,-3.29775653397375e-14,-4.44089209850063e-16,2.39336080170528,-3.01416361536128,0,0.0141636153612814,2.39981303991171
35.599,-3,-3,-4.99351273717788e-14,-4.44089209850063e-16,2.39336080170528,-3.01416361536128,0,0.0141636153612814,2.42732406295849
35.6,-3,-3,-5.04149701987687e-14,-4.44089209850063e-16,2.39336080170528,-3.01416361536128,0,0.0141636153612814,2.4280706986833
35.66,-3,-3,-7.5956493684674e-14,-4.44089209850063e-16,2.39336080170528,-3.01416361536128,0,0.0141636153612814,2.47492952568536
35.699,-3,-3,-9.29282278541077e-14,-4.44089209850063e-16,2.39336080170528,-3.01416361536128,0,0.0141636153612814,2.50756161107051
35.7,-3,-3,-9.33810969277776e-14,-4.44089209850063e-16,2.39336080170528,-3.01416361536128,0,0.0141636153612814,2.50842085229324
35.755,-3,-3,-1.19163252277835e-13,-4.44089209850063e-16,2.39336080170528,-3.01416361536128,0,0.0141636153612814,2.55741324306122
35.799,-3,-3,-1.38695794405642e-13,-4.44089209850063e-16,2.39336080170528,-3.01416361536128,0,0.0141636153612814,2.59905970179377
35.8,-3,-3,-1.39098033402142e-13,-4.44089209850063e-16,2.39336080170528,-3.01416361536128,0,0.0141636153612814,2.60003154843974
35.896,-3,-3,-1.80716400994806e-13,-4.44089209850063e-16,2.39336080170528,-3.01416361536128,0,0.0141636153612814,2.6985717349588
35.899,-3,-3,-1.82079847797892e-13,-4.44089209850063e-16,2.39336080170528,-3.01416361536128,0,0.0141636153612814,2.70181833484103
35.9,-3,-3,-1.82451779603785e-13,-4.44089209850063e-16,2.39336080170528,-3.01416361536128,0,0.0141636153612814,2.70290278691024
35.901,-3,-3,-1.83046943102537e-13,-4.44089209850063e-16,2.39336080170528,-3.01416361536128,0,0.0141636153612814,2.70398836503368
35.971,-3,-3,-2.14245534434533e-13,-4.44089209850063e-16,2.39336080170528,-3.0141117287179,0.00441503183303801,0.014111728717896,2.78062215955272
35.983,-3,-3,-2.20117970256038e-13,-4.44089209850063e-16,2.39336080170528,-3.00756842765278,0.92086557658993,0.00756842765277899,2.40703966943626
35.987,-3,-3,-2.22094146709182e-13,-4.44089209850063e-16,2.39336080170528,-3.00398541002322,0.855818890316101,0.00398541002322483,2.33401057598651
35.995,-3,-3,-2.25849114534987e-13,-4.44089209850063e-16,2.39336080170528,-2.99815099766131,0.608528901495761,-0.00184900233869056,2.33401057598651
35.999,-3,-3,-2.27742642140412e-13,-4.44089209850063e-16,2.39336080170528,-2.99594269256475,0.496815833176558,-0.00405730743524835,2.33401057598651
36,-3,-3,-2.282912401511e-13,-4.44089209850063e-16,2.39336080170528,-2.99545933399639,0.469969987385412,-0.00454066600360825,2.33401057598651
36.012,-3,-3,-2.33661018758263e-13,-4.44089209850063e-16,2.39336080170528,-2.99105579759639,0.289845617863731,-0.00894420240361127,2.38838720519147
36.062,-3,-3,-2.55268636991937e-13,-4.44089209850063e-16,2.39336080170528,-2.9819663350625,0,-0.0180336649375001,2.35698634382001
36.09,-3,-3,-2.67817989793681e-13,-4.44089209850063e-16,2.39336080170528,-2.9819663350625,0,-0.0180336649375001,2.35190952743208
36.099,-3,-3,-2.71914639701418e-13,-4.44089209850063e-16,2.39336080170528,-2.9819663350625,0,-0.0180336649375001,2.34313461292607
36.1,-3,-3,-2.72313010687388e-13,-4.44089209850063e-16,2.39336080170528,-2.9819663350625,0,-0.0180336649375001,2.34215204844338
36.185,-3,-3,-3.08663380382914e-13,-4.44089209850063e-16,2.39336080170528,-2.9819663350625,0,-0.0180336649375001,2.25338709513134
36.199,-3,-3,-3.15141464781561e-13,-4.44089209850063e-16,2.39336080170528,-2.9819663350625,0,-0.0180336649375001,2.23777336810251
36.2,-3,-3,-3.15510869174999e-13,-4.44089209850063e-16,2.39336080170528,-2.9819663350625,0,-0.0180336649375001,2.23664734886643
36.201,-3,-3,-3.16103526811132e-13,-4.44089209850063e-16,2.39336080170528,-2.9819663350625,0,-0.0180336649375001,2.23551989589439
36.284,-3,-3,-3.5364692916961e-13,-4.44089209850063e-16,2.39336080170527,-2.9819663350625,0,-0.0180336649375001,2.13694329564325
36.299,-3,-3,-3.60312799774539e-13,-4.44089209850063e-16,2.39336080170527,-2.9819663350625,0,-0.0180336649375001,2.1180744514713
36.3,-3,-3,-3.60863060772381e-13,-4.44089209850063e-16,2.39336080170527,-2.9819663350625,0,-0.0180336649375001,2.11680505863879
36.372,-3,-3,-3.92240096172438e-13,-4.44089209850063e-16,2.39336080170527,-2.98196951157766,-0.000795528244692603,-0.0180304884223399,2.03258174655222
36.38,-3,-3,-3.95717791889063e-13,-4.44089209850063e-16,2.39336080170527,-2.98197910843913,-0.00160791513079439,-0.0180208915608677,2.01127348546265
36.393,-3,-3,-4.01273886498666e-13,-4.44089209850063e-16,2.39336080170527,-2.98883131896272,-0.906796846051229,-0.011168681037276,2.38859243295722
36.398,-3,-3,-4.03484217130296e-13,-4.44089209850063e-16,2.39336080170527,-2.99317299025234,-0.811902174460972,-0.00682700974765771,2.46030271289039
36.399,-3,-3,-4.0400598396635e-13,-4.44089209850063e-16,2.39336080170527,-2.99396644707391,-0.775116575020926,-0.00603355292609331,2.46030271289039
36.4,-3,-3,-4.04296899039962e-13,-4.44089209850063e-16,2.39336080170527,-2.99472343027746,-0.738951615285143,-0.0052765697225392,2.46030271289039
36.411,-3,-3,-4.09083033780286e-13,-4.44089209850063e-16,2.39336080170527,-3.00089029282626,-0.419552915786157,0.000890292826261074,2.41128165412243
36.471,-3,-3,-4.37168126002697e-13,-4.44089209850063e-16,2.39336080170527,-3.01351518190546,-0.0767922965442139,0.013515181905456,2.41128165412243
36.497,-3,-3,-4.49001711823463e-13,-4.44089209850063e-16,2.39336080170527,-3.01469592567567,0,0.0146959256756674,2.42326399112508
36.499,-3,-3,-4.49831013013191e-13,-4.44089209850063e-16,2.39336080170527,-3.01469592567567,0,0.0146959256756674,2.42066577926373
36.5,-3,-3,-4.50297211006812e-13,-4.44089209850063e-16,2.39336080170527,-3.01469592567567,0,0.0146959256756674,2.420124311165
36.501,-3,-3,-4.50759433990308e-13,-4.44089209850063e-16,2.39336080170527,-3.01469592567567,0,0.0146959256756674,2.4199178317979
36.502,-3,-3,-4.51217715856372e-13,-4.44089209850063e-16,2.39336080170527,-3.01469592567567,0,0.0146959256756674,2.41995955402323
36.566,-3,-3,-4.79121759745759e-13,-4.44089209850063e-16,2.39336080170527,-3.01469592567567,0,0.0146959256756674,2.46806085933152
36.599,-3,-3,-4.93545924470234e-13,-4.44089209850063e-16,2.39336080170527,-3.01469592567567,0,0.0146959256756674,2.49576510130059
36.6,-3,-3,-4.93978994231168e-13,-4.44089209850063e-16,2.39336080170527,-3.01469592567567,0,0.0146959256756674,2.496624486154
36.601,-3,-3,-4.9440837144793e-13,-4.44089209850063e-16,2.39336080170527,-3.01469592567567,0,0.0146959256756674,2.49748503938209
36.661,-3,-3,-5.19940246953863e-13,-4.44089209850063e-16,2.39336080170527,-3.01469592567567,0,0.0146959256756674,2.55125635869786
36.699,-3,-3,-5.37524971829489e-13,-4.44089209850063e-16,2.39336080170527,-3.01469592567567,0,0.0146959256756674,2.58748704121793
36.7,-3,-3,-5.38035862692206e-13,-4.44089209850063e-16,2.39336080170527,-3.01469592567567,0,0.0146959256756674,2.58846326353752
36.76,-3,-3,-5.64992231074723e-13,-4.44089209850063e-16,2.39336080170527,-3.01469592567567,0,0.0146959256756674,2.64917472834377
36.799,-3,-3,-5.82587298577285e-13,-4.44089209850063e-16,2.39336080170527,-3.01469592567567,0,0.0146959256756674,2.69089272775224
36.8,-3,-3,-5.83053572549071e-13,-4.44089209850063e-16,2.39336080170527,-3.01469592567567,0,0.0146959256756674,2.691985787538
36.855,-3,-3,-6.06380734397334e-13,-4.44089209850063e-16,2.39336080170527,-3.01469592567567,0,0.0146959256756674,2.75390337273374
36.883,-3,-3,-6.18477543645956e-13,-4.44089209850063e-16,2.39336080170527,-3.01456373803885,0.0104196861292008,0.014563738038849,2.78152898949676
36.894,-3,-3,-6.23105796754313e-13,-4.44089209850063e-16,2.39336080170527,-3.00836994563842,0.92435977887743,0.00836994563842453,2.41945501411333
36.898,-3,-3,-6.24923976007432e-13,-4.44089209850063e-16,2.39336080170527,-3.00474119338225,0.873588383059067,0.00474119338225476,2.33827978997239
36.899,-3,-3,-6.2536887317894e-13,-4.44089209850063e-16,2.39336080170527,-3.00388342661094,0.842043944712236,0.00388342661093821,2.33827978997239
36.9,-3,-3,-6.25809976960547e-13,-4.44089209850063e-16,2.39336080170527,-3.00305691070556,0.811083879774894,0.00305691070555669,2.33827978997239
36.902,-3,-3,-6.26907336402558e-13,-4.44089209850063e-16,2.39336080170527,-3.00149534331157,0.750851384907937,0.00149534331156609,2.3175802296472
36.958,-3,-3,-6.53239573736645e-13,-4.44089209850063e-16,2.39336080170527,-2.98420018427203,0.0512831054016287,-0.0157998157279682,2.38403631520151
36.984,-3,-3,-6.64962321381564e-13,-4.44089209850063e-16,2.39336080170527,-2.98272715522395,0,-0.0172728447760533,2.36629818387329
36.996,-3,-3,-6.6993340468827e-13,-4.44089209850063e-16,2.39336080170527,-2.98272715522395,0,-0.0172728447760533,2.36651914980742
36.999,-3,-3,-6.71347935907499e-13,-4.44089209850063e-16,2.39336080170527,-2.98272715522395,0,-0.0172728447760533,2.36394734524396
37,-3,-3,-6.71736606302062e-13,-4.44089209850063e-16,2.39336080170527,-2.98272715522395,0,-0.0172728447760533,2.36305870392683
37.001,-3,-3,-6.72348365668881e-13,-4.44089209850063e-16,2.39336080170527,-2.98272715522395,0,-0.0172728447760533,2.36216024796371
37.095,-3,-3,-7.12922714828664e-13,-4.44089209850063e-16,2.39336080170527,-2.98272715522395,0,-0.0172728447760533,2.26938361246992
37.099,-3,-3,-7.14619521171303e-13,-4.44089209850063e-16,2.39336080170527,-2.98272715522395,0,-0.0172728447760533,2.26516360351926
37.1,-3,-3,-7.15205246276035e-13,-4.44089209850063e-16,2.39336080170527,-2.98272715522395,0,-0.0172728447760533,2.26410516816097
37.19,-3,-3,-7.56367140894352e-13,-4.44089209850063e-16,2.39336080170527,-2.98272715522395,0,-0.0172728447760533,2.16322253434411
37.199,-3,-3,-7.60775927679978e-13,-4.44089209850063e-16,2.39336080170527,-2.98272715522395,0,-0.0172728447760533,2.15252248886839
37.2,-3,-3,-7.61194505812317e-13,-4.44089209850063e-16,2.39336080170527,-2.98272715522395,0,-0.0172728447760533,2.15132672868541
37.289,-3,-3,-8.00354277119265e-13,-4.44089209850063e-16,2.39336080170527,-2.98272715522395,0,-0.0172728447760533,2.039404213171
37.294,-3,-3,-8.02644900731422e-13,-4.44089209850063e-16,2.39336080170527,-2.98272715522395,0,-0.0172728447760533,2.03279371806249
37.299,-3,-3,-8.0484044548411e-13,-4.44089209850063e-16,2.39336080170527,-2.982730445594,-0.00131705398248187,-0.0172695544059955,2.03279371806249
37.3,-3,-3,-8.05222914485542e-13,-4.44089209850063e-16,2.39336080170527,-2.98273189479204,-0.00158142190852842,-0.0172681052079571,2.03279371806249
37.301,-3,-3,-8.05715323861144e-13,-4.44089209850063e-16,2.39336080170527,-2.98273360861202,-0.00184631242785155,-0.0172663913879827,2.03279371806249
37.311,-3,-3,-8.09873712791024e-13,-4.44089209850063e-16,2.39336080170527,-2.98276546919024,-0.00454334056736272,-0.0172345308097581,2.01198977121807
37.323,-3,-3,-8.14843002653099e-13,-4.44089209850063e-16,2.39336080170527,-2.98901645212918,-0.908110639908296,-0.010983547870818,2.3718215563937
37.329,-3,-3,-8.17253414302602e-13,-4.44089209850063e-16,2.39336080170527,-2.99422137361318,-0.797904719304186,-0.00577862638682181,2.46214788073568
37.384,-3,-3,-8.40799827012262e-13,-4.44089209850063e-16,2.39336080170526,-3.0127974268383,-0.149406632339075,0.0127974268382971,2.42203689092891
37.399,-3,-3,-8.48179850105218e-13,-4.44089209850063e-16,2.39336080170526,-3.01419558512215,-0.0406876587366239,0.0141955851221498,2.42203689092891
37.4,-3,-3,-8.48758795559006e-13,-4.44089209850063e-16,2.39336080170526,-3.01423299481918,-0.0341434919420128,0.0142329948191837,2.42203689092891
37.403,-3,-3,-8.5001915073015e-13,-4.44089209850063e-16,2.39336080170526,-3.01429283689803,0,0.0142928368980346,2.4001820227961
37.409,-3,-3,-8.52882319224841e-13,-4.44089209850063e-16,2.39336080170526,-3.01429283689803,0,0.0142928368980346,2.39315990001923
37.472,-3,-3,-8.81534757461894e-13,-4.44089209850063e-16,2.39336080170526,-3.01429283689803,0,0.0142928368980346,2.43651038040297
37.499,-3,-3,-8.93086774862623e-13,-4.44089209850063e-16,2.39336080170526,-3.01429283689803,0,0.0142928368980346,2.45740658385833
37.5,-3,-3,-8.93396025503721e-13,-4.44089209850063e-16,2.39336080170526,-3.01429283689803,0,0.0142928368980346,2.45819642590891
37.571,-3,-3,-9.24319834611594e-13,-4.44089209850063e-16,2.39336080170526,-3.01429283689803,0,0.0142928368980346,2.51717966528451
37.599,-3,-3,-9.36159410561452e-13,-4.44089209850063e-16,2.39336080170526,-3.01429283689803,0,0.0142928368980346,2.54201561138612
37.6,-3,-3,-9.36667412244632e-13,-4.44089209850063e-16,2.39336080170526,-3.01429283689803,0,0.0142928368980346,2.54291908621387
37.602,-3,-3,-9.37670458202253e-13,-4.44089209850063e-16,2.39336080170526,-3.01429283689803,0,0.0142928368980346,2.54472944485268
37.666,-3,-3,-9.67433536120087e-13,-4.44089209850063e-16,2.39336080170526,-3.01429283689803,0,0.0142928368980346,2.60506084554826
37.699,-3,-3,-9.82453014521979e-13,-4.44089209850063e-16,2.39336080170526,-3.01429283689803,0,0.0142928368980346,2.63798791663045
37.7,-3,-3,-9.82905900900564e-13,-4.44089209850063e-16,2.39336080170526,-3.01429283689803,0,0.0142928368980346,2.63900502423537
37.701,-3,-3,-9.83354925769736e-13,-4.44089209850063e-16,2.39336080170526,-3.01429283689803,0,0.0142928368980346,2.64002326816805
37.765,-3,-3,-1.01155933171875e-12,-4.44089209850063e-16,2.39336080170526,-3.01429283689803,0,0.0142928368980346,2.70755444162482
37.799,-3,-3,-1.02615711216483e-12,-4.44089209850063e-16,2.39336080170526,-3.01429283689803,0,0.0142928368980346,2.74532349959131
37.8,-3,-3,-1.02657696251409e-12,-4.44089209850063e-16,2.39336080170526,-3.01429283689803,0,0.0142928368980346,2.74645423997338
37.833,-3,-3,-1.04025575640451e-12,-4.44089209850063e-16,2.39336080170526,-3.01420267651239,0.00737776269072552,0.0142026765123853,2.78074501976736
37.845,-3,-3,-1.04542543118081e-12,-4.44089209850063e-16,2.39336080170526,-3.00738652513556,0.922282609186134,0.00738652513556426,2.39936046866166
37.851,-3,-3,-1.04803179206216e-12,-4.44089209850063e-16,2.39336080170526,-3.002169941167,0.790806510167864,0.00216994116700064,2.3190281612087
37.86,-3,-3,-1.05203110688452e-12,-4.44089209850063e-16,2.39336080170526,-2.99651733582128,0.483309552322772,-0.0034826641787209,2.34853261971459
37.899,-3,-3,-1.07076912669126e-12,-4.44089209850063e-16,2.39336080170526,-2.98480423040629,0.150861683721715,-0.0151957695937073,2.35454002742721
37.9,-3,-3,-1.0712614011845e-12,-4.44089209850063e-16,2.39336080170526,-2.98465905067011,0.139523222396707,-0.0153409493298864,2.35454002742721
37.908,-3,-3,-1.07516369691063e-12,-4.44089209850063e-16,2.39336080170526,-2.98389141248354,0.053755954950576,-0.0161085875164564,2.37987003968763
37.935,-3,-3,-1.08732604107918e-12,-4.44089209850063e-16,2.39336080170526,-2.98246084628168,0,-0.0175391537183236,2.3612918186001
37.959,-3,-3,-1.09734749292755e-12,-4.44089209850063e-16,2.39336080170526,-2.98246084628168,0,-0.0175391537183236,2.35288928335371
37.999,-3,-3,-1.11541132212978e-12,-4.44089209850063e-16,2.39336080170526,-2.98246084628168,0,-0.0175391537183236,2.31381516490539
38,-3,-3,-1.1158625619573e-12,-4.44089209850063e-16,2.39336080170526,-2.98246084628168,0,-0.0175391537183236,2.31280947195018
38.054,-3,-3,-1.13855767633511e-12,-4.44089209850063e-16,2.39336080170526,-2.98246084628168,0,-0.0175391537183236,2.25643133685039
38.099,-3,-3,-1.15839100629411e-12,-4.44089209850063e-16,2.39336080170526,-2.98246084628168,0,-0.0175391537183236,2.20634348548104
38.1,-3,-3,-1.15881538676177e-12,-4.44089209850063e-16,2.39336080170526,-2.98246084628168,0,-0.0175391537183236,2.20519835044145
38.101,-3,-3,-1.15946255172183e-12,-4.44089209850063e-16,2.39336080170526,-2.98246084628168,0,-0.0175391537183236,2.20405182098117
38.195,-3,-3,-1.20217653740535e-12,-4.44089209850063e-16,2.39336080170526,-2.98246084628168,0,-0.0175391537183236,2.09005196334307
38.199,-3,-3,-1.20393992698587e-12,-4.44089209850063e-16,2.39336080170526,-2.98246084628168,0,-0.0175391537183236,2.08492759911638
38.2,-3,-3,-1.2045419445954e-12,-4.44089209850063e-16,2.39336080170526,-2.98246084628168,0,-0.0175391537183236,2.08364302200799
38.256,-3,-3,-1.22958883562272e-12,-4.44089209850063e-16,2.39336080170526,-2.98250659132918,-0.00542453029985003,-0.0174934086708238,2.01178378579338
38.268,-3,-3,-1.23473765288906e-12,-4.44089209850063e-16,2.39336080170526,-2.98885476383273,-0.909081346044101,-0.0111452361672728,2.37451888531297
38.274,-3,-3,-1.23717546877841e-12,-4.44089209850063e-16,2.39336080170526,-2.99404909185037,-0.794234293931978,-0.00595090814963362,2.46208101076454
38.294,-3,-3,-1.24514717161703e-12,-4.44089209850063e-16,2.39336080170526,-3.00422528586356,-0.345105813858479,0.00422528586356297,2.41325476979641
38.299,-3,-3,-1.24738093200778e-12,-4.44089209850063e-16,2.39336080170526,-3.00583680984522,-0.300344057174337,0.00583680984521662,2.41325476979641
38.3,-3,-3,-1.24772575388413e-12,-4.44089209850063e-16,2.39336080170526,-3.00613295572201,-0.291978777379477,0.00613295572201356,2.41325476979641
38.349,-3,-3,-1.26963427584694e-12,-4.44089209850063e-16,2.39336080170526,-3.01318544428229,-0.0351434962412158,0.0131854442822879,2.39291582429396
38.373,-3,-3,-1.28084624106924e-12,-4.44089209850063e-16,2.39336080170526,-3.01455815800163,0,0.014558158001635,2.42119885643998
38.389,-3,-3,-1.28853897618369e-12,-4.44089209850063e-16,2.39336080170526,-3.01455815800163,0,0.014558158001635,2.41855050874799
38.399,-3,-3,-1.29327516149695e-12,-4.44089209850063e-16,2.39336080170526,-3.01455815800163,0,0.014558158001635,2.4259175967669
38.4,-3,-3,-1.29368147478585e-12,-4.44089209850063e-16,2.39336080170526,-3.01455815800163,0,0.014558158001635,2.42667031422292
38.401,-3,-3,-1.29419752514199e-12,-4.44089209850063e-16,2.39336080170526,-3.01455815800163,0,0.014558158001635,2.42742457928786
38.477,-3,-3,-1.32762847564244e-12,-4.44089209850063e-16,2.39336080170525,-3.01455815800163,0,0.014558158001635,2.48821658728268
38.499,-3,-3,-1.33748574412449e-12,-4.44089209850063e-16,2.39336080170525,-3.01455815800163,0,0.014558158001635,2.50706288950309
38.5,-3,-3,-1.33796790434315e-12,-4.44089209850063e-16,2.39336080170525,-3.01455815800163,0,0.014558158001635,2.5079328499533
38.576,-3,-3,-1.37021999583298e-12,-4.44089209850063e-16,2.39336080170525,-3.01455815800163,0,0.014558158001635,2.57743645999372
38.599,-3,-3,-1.38113173775597e-12,-4.44089209850063e-16,2.39336080170525,-3.01455815800163,0,0.014558158001635,2.59978817182124
38.6,-3,-3,-1.38146815589188e-12,-4.44089209850063e-16,2.39336080170525,-3.01455815800163,0,0.014558158001635,2.60077387443908
38.671,-3,-3,-1.41366251234085e-12,-4.44089209850063e-16,2.39336080170525,-3.01455815800163,0,0.014558158001635,2.67371713010986
38.699,-3,-3,-1.42630941038192e-12,-4.44089209850063e-16,2.39336080170525,-3.01455815800163,0,0.014558158001635,2.70408767090223
38.7,-3,-3,-1.42660022813696e-12,-4.44089209850063e-16,2.39336080170525,-3.01455815800163,0,0.014558158001635,2.70518911568769
38.702,-3,-3,-1.42762532135148e-12,-4.44089209850063e-16,2.39336080170525,-3.01455815800163,0,0.014558158001635,2.70739547752365
38.77,-3,-3,-1.45668322363786e-12,-4.44089209850063e-16,2.39336080170525,-3.01445185430211,0.00869876329428214,0.0144518543021088,2.75595206246845
38.771,-3,-3,-1.45728106820724e-12,-4.44089209850063e-16,2.39336080170525,-3.01444296521711,0.00908006015970402,0.0144429652171079,2.78177180211326
38.783,-3,-3,-1.46191817448985e-12,-4.44089209850063e-16,2.39336080170525,-3.00742611309718,0.924639017573555,0.00742611309718377,2.39450019779712
38.789,-3,-3,-1.4645035293384e-12,-4.44089209850063e-16,2.39336080170525,-3.00222334985195,0.785284272668491,0.00222334985195038,2.31892939624672
38.799,-3,-3,-1.4689612791728e-12,-4.44089209850063e-16,2.39336080170525,-2.99615236120799,0.458353448105061,-0.00384763879201078,2.35065473934696
38.8,-3,-3,-1.46945443561454e-12,-4.44089209850063e-16,2.39336080170525,-2.99570393579847,0.438554001322396,-0.00429606420153128,2.35065473934696
38.801,-3,-3,-1.46994338718651e-12,-4.44089209850063e-16,2.39336080170525,-2.99527514166544,0.41908918126485,-0.0047248583345616,2.35065473934696
38.845,-3,-3,-1.49027846730189e-12,-4.44089209850063e-16,2.39336080170525,-2.98419618135751,0.0578191895344502,-0.0158038186424942,2.3831419427056
38.865,-3,-3,-1.49980265661938e-12,-4.44089209850063e-16,2.39336080170525,-2.98281027177199,0.054181322892661,-0.0171897282280096,2.36188505041165
38.871,-3,-3,-1.50270516603989e-12,-4.44089209850063e-16,2.39336080170525,-2.98261863471727,0,-0.0173813652827293,2.3655573057116
38.899,-3,-3,-1.51526268489493e-12,-4.44089209850063e-16,2.39336080170525,-2.98261863471727,0,-0.0173813652827293,2.35241539467197
38.9,-3,-3,-1.5157006595108e-12,-4.44089209850063e-16,2.39336080170525,-2.98261863471727,0,-0.0173813652827293,2.35147310343588
38.96,-3,-3,-1.54216873392562e-12,-4.44089209850063e-16,2.39336080170525,-2.98261863471727,0,-0.0173813652827293,2.29236561277656
38.999,-3,-3,-1.55865791861924e-12,-4.44089209850063e-16,2.39336080170525,-2.98261863471727,0,-0.0173813652827293,2.25127669906566
39,-3,-3,-1.55906549071605e-12,-4.44089209850063e-16,2.39336080170525,-2.98261863471727,0,-0.0173813652827293,2.25019549965592
39.059,-3,-3,-1.58457386560468e-12,-4.44089209850063e-16,2.39336080170525,-2.98261863471727,0,-0.0173813652827293,2.18395881398606
39.099,-3,-3,-1.60379918694691e-12,-4.44089209850063e-16,2.39336080170525,-2.98261863471727,0,-0.0173813652827293,2.13631647196115
39.1,-3,-3,-1.60427467053591e-12,-4.44089209850063e-16,2.39336080170525,-2.98261863471727,0,-0.0173813652827293,2.13509708495282
39.147,-3,-3,-1.62517277428104e-12,-4.44089209850063e-16,2.39336080170525,-2.98261863471727,0,-0.0173813652827293,2.07622713944901
39.196,-3,-3,-1.64697435404878e-12,-4.44089209850063e-16,2.39336080170525,-2.98263328378679,-0.00184402666121264,-0.017366716213207,2.01236474976957
39.199,-3,-3,-1.64830382603794e-12,-4.44089209850063e-16,2.39336080170525,-2.98273588716519,-0.155780148076855,-0.0172641128348086,2.01236474976957
39.2,-3,-3,-1.64873944782742e-12,-4.44089209850063e-16,2.39336080170525,-2.98296606860479,-0.30438320138299,-0.0170339313952113,2.04185701762669
39.201,-3,-3,-1.64928455678692e-12,-4.44089209850063e-16,2.39336080170525,-2.98333819684781,-0.439700748270419,-0.0166618031521906,2.07549255838113
39.209,-3,-3,-1.65282397689331e-12,-4.44089209850063e-16,2.39336080170525,-2.98944648327837,-0.90520756761762,-0.0105535167216328,2.38851561633137
39.214,-3,-3,-1.65488709168413e-12,-4.44089209850063e-16,2.39336080170525,-2.9937832218202,-0.811383674740866,-0.00621677817980082,2.46085175667687
39.295,-3,-3,-1.68949838938064e-12,-4.44089209850063e-16,2.39336080170525,-3.01411325049927,-0.0407017909714724,0.0141132504992707,2.41235785701088
39.299,-3,-3,-1.69139341559175e-12,-4.44089209850063e-16,2.39336080170525,-3.01425512335446,-0.0303303470886824,0.0142551233544559,2.41235785701088
39.3,-3,-3,-1.69202764386726e-12,-4.44089209850063e-16,2.39336080170525,-3.0142841977968,-0.0278239855611862,0.0142841977968042,2.41235785701088
39.304,-3,-3,-1.69406771945107e-12,-4.44089209850063e-16,2.39336080170525,-3.01436083732622,0,0.0143608373262207,2.4080836730955
39.308,-3,-3,-1.69581269857899e-12,-4.44089209850063e-16,2.39336080170525,-3.01436083732622,0,0.0143608373262207,2.40461128851361
39.394,-3,-3,-1.73446675798004e-12,-4.44089209850063e-16,2.39336080170525,-3.01436083732622,0,0.0143608373262207,2.46693892919508
39.399,-3,-3,-1.73678063786243e-12,-4.44089209850063e-16,2.39336080170525,-3.01436083732622,0,0.0143608373262207,2.47097905270682
39.4,-3,-3,-1.73714107609639e-12,-4.44089209850063e-16,2.39336080170525,-3.01436083732622,0,0.0143608373262207,2.47179050261126
39.482,-3,-3,-1.77293019007083e-12,-4.44089209850063e-16,2.39336080170524,-3.01436083732622,0,0.0143608373262207,2.54221471568103
39.499,-3,-3,-1.78022648220246e-12,-4.44089209850063e-16,2.39336080170525,-3.01436083732622,0,0.0143608373262207,2.55777562660162
39.5,-3,-3,-1.78055608638888e-12,-4.44089209850063e-16,2.39336080170524,-3.01436083732622,0,0.0143608373262207,2.55870124990911
39.502,-3,-3,-1.78165776315517e-12,-4.44089209850063e-16,2.39336080170525,-3.01436083732622,0,0.0143608373262207,2.56055592172617
39.588,-3,-3,-1.82104414015697e-12,-4.44089209850063e-16,2.39336080170524,-3.01436083732622,0,0.0143608373262207,2.644627131431
39.599,-3,-3,-1.8260567994093e-12,-4.44089209850063e-16,2.39336080170524,-3.01436083732622,0,0.0143608373262207,2.65598954080081
39.6,-3,-3,-1.82656164142654e-12,-4.44089209850063e-16,2.39336080170524,-3.01436083732622,0,0.0143608373262207,2.65702933751134
39.601,-3,-3,-1.82706217893763e-12,-4.44089209850063e-16,2.39336080170524,-3.01436083732622,0,0.0143608373262207,2.6580702759559
39.676,-3,-3,-1.85981628387052e-12,-4.44089209850063e-16,2.39336080170524,-3.01436083732622,0,0.0143608373262207,2.7393946012846
39.69,-3,-3,-1.86601135387787e-12,-4.44089209850063e-16,2.39336080170524,-3.01436083732622,0,0.0143608373262207,2.75528644231359
39.699,-3,-3,-1.87006647387568e-12,-4.44089209850063e-16,2.39336080170524,-3.01435481714228,0.00134179851202327,0.0143548171422792,2.75528644231359
39.7,-3,-3,-1.87042247290665e-12,-4.44089209850063e-16,2.39336080170524,-3.01435339981255,0.00149296512453254,0.0143533998125456,2.75528644231359
39.714,-3,-3,-1.87617513647623e-12,-4.44089209850063e-16,2.39336080170524,-3.01431724316055,0.00370942181429047,0.0143172431605461,2.78123970812274
39.726,-3,-3,-1.88095233610873e-12,-4.44089209850063e-16,2.39336080170524,-3.00776452968865,0.92299719963041,0.00776452968865371,2.40650495567784
39.73,-3,-3,-1.88266512436781e-12,-4.44089209850063e-16,2.39336080170524,-3.00417541171283,0.856761813654383,0.00417541171282743,2.33364084901622
39.771,-3,-3,-1.90060849850562e-12,-4.44089209850063e-16,2.39336080170524,-2.98685312977515,0.242686316071037,-0.0131468702248534,2.36747518127125
39.799,-3,-3,-1.91356056748669e-12,-4.44089209850063e-16,2.39336080170524,-2.98257532612984,0.0770489364340674,-0.0174246738701589,2.36747518127125
39.8,-3,-3,-1.91388532107551e-12,-4.44089209850063e-16,2.39336080170524,-2.98250056182716,0.0724909697914508,-0.0174994381728375,2.36747518127125
39.802,-3,-3,-1.91497742036898e-12,-4.44089209850063e-16,2.39336080170524,-2.98236454107547,0.0635726876558277,-0.0176354589245316,2.36747518127125
39.813,-3,-3,-1.92023792252499e-12,-4.44089209850063e-16,2.39336080170524,-2.98192532466697,0,-0.0180746753330343,2.3570778495353
39.87,-3,-3,-1.94580398104951e-12,-4.44089209850063e-16,2.39336080170524,-2.98192532466697,0,-0.0180746753330343,2.31274650850319
39.899,-3,-3,-1.9587304628185e-12,-4.44089209850063e-16,2.39336080170524,-2.98192532466697,0,-0.0180746753330343,2.28226766258553
39.9,-3,-3,-1.95923608528691e-12,-4.44089209850063e-16,2.39336080170524,-2.98192532466697,0,-0.0180746753330343,2.2811951129377
39.901,-3,-3,-1.95973739659471e-12,-4.44089209850063e-16,2.39336080170524,-2.98192532466697,0,-0.0180746753330343,2.28012112629344
39.965,-3,-3,-1.98723510854786e-12,-4.44089209850063e-16,2.39336080170524,-2.98192532466697,0,-0.0180746753330343,2.20839702849317
39.999,-3,-3,-2.00199648634273e-12,-4.44089209850063e-16,2.39336080170524,-2.98192532466697,0,-0.0180746753330343,2.1678995654905
