t,x,r,v,e,u,x_ad,v_ad,e_ad,u_ad
9.8,-2,-2,0,0,1.58210744023499,-2,0,0,1.58210744023499
9.804,-2,-2,0,0,1.58210744023499,-2,0,0,1.58210744023499
9.808,-2,-2,0,0,1.58210744023499,-2,0,0,1.58210744023499
9.812,-2,-2,0,0,1.58210744023499,-2,0,0,1.58210744023499
9.816,-2,-2,0,0,1.58210744023499,-2,0,0,1.58210744023499
9.82,-2,-2,0,0,1.58210744023499,-2,0,0,1.58210744023499
9.824,-2,-2,0,0,1.58210744023499,-2,0,0,1.58210744023499
9.828,-2,-2,0,0,1.58210744023499,-2,0,0,1.58210744023499
9.832,-2,-2,0,0,1.58210744023499,-2,0,0,1.58210744023499
9.836,-2,-2,0,0,1.58210744023499,-2,0,0,1.58210744023499
9.84,-2,-2,0,0,1.58210744023499,-2,0,0,1.58210744023499
9.844,-2,-2,0,0,1.58210744023499,-2,0,0,1.58210744023499
9.848,-2,-2,0,0,1.58210744023499,-2,0,0,1.58210744023499
9.852,-2,-2,0,0,1.58210744023499,-2,0,0,1.58210744023499
9.856,-2,-2,0,0,1.58210744023499,-2,0,0,1.58210744023499
9.86,-2,-2,0,0,1.58210744023499,-2,0,0,1.58210744023499
9.864,-2,-2,0,0,1.58210744023499,-2,0,0,1.58210744023499
9.868,-2,-2,0,0,1.58210744023499,-2,0,0,1.58210744023499
9.872,-2,-2,0,0,1.58210744023499,-2,0,0,1.58210744023499
9.876,-2,-2,0,0,1.58210744023499,-2,0,0,1.58210744023499
9.88,-2,-2,0,0,1.58210744023499,-2,0,0,1.58210744023499
9.884,-2,-2,0,0,1.58210744023499,-2,0,0,1.58210744023499
9.888,-2,-2,0,0,1.58210744023499,-2,0,0,1.58210744023499
9.892,-2,-2,0,0,1.58210744023499,-2,0,0,1.58210744023499
9.896,-2,-2,0,0,1.58210744023499,-2,0,0,1.58210744023499
9.9,-2,-2,0,0,1.58210744023499,-2,0,0,1.58210744023499
9.904,-2,-2,0,0,1.58210744023499,-2,0,0,1.58210744023499
9.908,-2,-2,0,0,1.58210744023499,-2,0,0,1.58210744023499
9.912,-2,-2,0,0,1.58210744023499,-2,0,0,1.58210744023499
9.916,-2,-2,0,0,1.58210744023499,-2,0,0,1.58210744023499
9.92,-2,-2,0,0,1.58210744023499,-2,0,0,1.58210744023499
9.924,-2,-2,0,0,1.58210744023499,-2,0,0,1.58210744023499
9.928,-2,-2,0,0,1.58210744023499,-2,0,0,1.58210744023499
9.932,-2,-2,0,0,1.58210744023499,-2,0,0,1.58210744023499
9.936,-2,-2,0,0,1.58210744023499,-2,0,0,1.58210744023499
9.94,-2,-2,0,0,1.58210744023499,-2,0,0,1.58210744023499
9.944,-2,-2,0,0,1.58210744023499,-2,0,0,1.58210744023499
9.948,-2,-2,0,0,1.58210744023499,-2,0,0,1.58210744023499
9.952,-2,-2,0,0,1.58210744023499,-2,0,0,1.58210744023499
9.956,-2,-2,0,0,1.58210744023499,-2,0,0,1.58210744023499
9.96,-2,-2,0,0,1.58210744023499,-2,0,0,1.58210744023499
9.964,-2,-2,0,0,1.58210744023499,-2,0,0,1.58210744023499
9.968,-2,-2,0,0,1.58210744023499,-2,0,0,1.58210744023499
9.972,-2,-2,0,0,1.58210744023499,-2,0,0,1.58210744023499
9.976,-2,-2,0,0,1.58210744023499,-2,0,0,1.58210744023499
9.98,-2,-2,0,0,1.58210744023499,-2,0,0,1.58210744023499
9.984,-2,-2,0,0,1.58210744023499,-2,0,0,1.58210744023499
9.988,-2,-2,0,0,1.58210744023499,-2,0,0,1.58210744023499
9.992,-2,-2,0,0,1.58210744023499,-2,0,0,1.58210744023499
9.996,-2,-2,0,0,1.58210744023499,-2,0,0,1.58210744023499
10,-2,-3,0,-1,0,-2,0,-1,0
10.003,-2.00437694016432,-3,-2.90552026137289,-0.995623059835675,0,-2.00436706870593,-2.9022593398558,-0.995632931294069,0
10.004,-2.00775915881421,-3,-3.85755832307391,-0.992240841185789,0,-2.00774604035617,-3.8543252056148,-0.99225395964383,0
10.007,-2.02356139344043,-3,-6.66524378796959,-0.97643860655957,0,-2.02353869915335,-6.66209266833452,-0.976461300846646,0
10.008,-2.03068728420938,-3,-7.5852247853151,-0.969312715790623,0,-2.03066145225576,-7.58210053351864,-0.969338547744242,0
10.011,-2.05753010031743,-3,-10.2983697509818,-0.942469899682566,0,-2.05749501497248,-10.2953247359753,-0.942504985027517,0
10.012,-2.0682736061255,-3,-11.1873731107473,-0.931726393874496,0,-2.06823548876565,-11.1843540588845,-0.931764511234355,0
10.015,-2.10578524480646,-3,-13.8091609487223,-0.894214755193543,0,-2.10573818563584,-13.806218465585,-0.894261814364162,0
10.016,-2.12002455317284,-3,-14.668229751181,-0.879975446827161,0,-2.11997456408144,-14.6653123569553,-0.880025435918558,0
10.019,-2.16784577339887,-3,-17.2017366423855,-0.832154226601134,0,-2.16778714358572,-17.1988932386602,-0.832212856414278,0
10.02,-2.18546317351756,-3,-18.0318788451691,-0.814536826482441,0,-2.18540171244005,-18.0290596855606,-0.814598287559952,0
10.023,-2.24324683063934,-3,-20.4800773892354,-0.756753169360664,0,-2.24317701979081,-20.477329728716,-0.756822980209188,0
10.024,-2.26412857526739,-3,-21.2822670099853,-0.73587142473261,0,-2.26405602848895,-21.2795427772338,-0.735943971511051,0
10.027,-2.33153921370436,-3,-23.6480297130496,-0.668460786295644,0.336406349252883,-2.33145859830873,-23.645374571867,-0.668541401691269,0.334274326760919
10.028,-2.35548545805868,-3,-24.2439106781459,-0.644514541941316,0.897666089766261,-2.3554027657274,-24.2424083749516,-0.644597234272603,0.895572017235835
10.031,-2.42887877141136,-3,-24.3425974771378,-0.571121228588644,2.31823848512217,-2.42879624131962,-24.3440355634708,-0.571203758680377,2.31679835396102
10.032,-2.45301160668937,-3,-23.9256618993054,-0.546988393310629,2.65245375485092,-2.4529308578363,-23.9277843068275,-0.547069142163704,2.6513074508195
10.035,-2.52195619771532,-3,-21.9187831893781,-0.478043802284677,3.20925621894612,-2.52188376123279,-21.9220005195466,-0.478116238767214,3.20891705193998
10.036,-2.54347778118745,-3,-21.1278597322397,-0.456522218812547,3.26816321665939,-2.5434086087556,-21.131170563533,-0.456591391244399,3.2680304298469
10.039,-2.60330457870951,-3,-18.7906580041271,-0.396695421290492,3.20215550742316,-2.60325033823539,-18.7928467264602,-0.396749661764607,3.20293606576671
10.04,-2.62173880596697,-3,-18.0807352402061,-0.378261194033026,3.1323419486272,-2.62168654155574,-18.0824999769491,-0.378313458444261,3.13294187772398
10.043,-2.6731426384363,-3,-16.2622915970814,-0.326857361563704,2.89017967132714,-2.67309439598061,-16.2633193511891,-0.326905604019387,2.89031537422822
10.044,-2.6891530109851,-3,-15.7606270662867,-0.310846989014898,2.8160913300197,-2.68910574729611,-15.761557177776,-0.310894252703895,2.81611393382138
10.047,-2.73448741735589,-3,-14.5160832070765,-0.265512582644114,2.65213181492175,-2.73444285150432,-14.5170010047971,-0.265557148495681,2.65195257110408
10.048,-2.74882932980375,-3,-14.1693985141023,-0.251170670196246,2.61934781421709,-2.74878570773107,-14.1703682238441,-0.251214292268926,2.61914172893868
10.051,-2.78993154086787,-3,-13.2562242221419,-0.210068459132128,2.57922154249751,-2.78988823551975,-13.2516291110021,-0.210111764480251,2.59675917571121
10.052,-2.8030483126164,-3,-12.9787207713991,-0.196951687383596,2.58121592569116,-2.80299653216892,-12.9663829402527,-0.19700346783108,2.59675917571121
10.055,-2.84077819735921,-3,-12.1810385905044,-0.15922180264079,2.61423104284195,-2.84066810007515,-12.1600583412092,-0.159331899924845,2.59675917571121
10.056,-2.85282821068265,-3,-11.9202731582271,-0.147171789317354,2.63013221806412,-2.85270099345739,-11.9069951967347,-0.147299006542613,2.62287810250361
10.059,-2.88741782407261,-3,-11.1410975652203,-0.112582175927395,2.67943569864964,-2.8872755207309,-11.1439581240699,-0.112724479269099,2.65703727564129
10.06,-2.89842880728781,-3,-10.8820741561393,-0.101571192712191,2.69439733986994,-2.89829409927999,-10.8943844225882,-0.101705900720012,2.6910245921961
10.063,-2.92991464191537,-3,-10.1116867125869,-0.0700853580846252,2.73056493626406,-2.92983034000257,-10.1318647526881,-0.0701696599974286,2.72051730158166
10.064,-2.93989936096433,-3,-9.85886849039549,-0.0601006390356718,2.73945868077089,-2.93983724159034,-9.88304873477832,-0.0601627584096609,2.72051730158166
10.067,-2.96835842314403,-3,-9.11972585376946,-0.0316415768559719,2.75757819359285,-2.96838383380083,-9.14864722326782,-0.0316161661991701,2.75273310474886
10.068,-2.97735839592563,-3,-8.88123573902543,-0.0226416040743715,2.76124816313835,-2.97741361373103,-8.91192717385501,-0.0225863862689741,2.75273310474886
10.071,-3.00295958205275,-3,-8.19358317485179,0.00295958205274927,2.76746295880158,-3.00311886835654,-8.22643024431087,0.00311886835654285,2.77883433475457
10.072,-3.01104299347244,-3,-7.97415171374283,0.0110429934724405,2.76844948516151,-3.01123270577326,-8.00216820469935,0.0112327057732551,2.77883433475457
10.075,-3.03401159701234,-3,-7.34570986808855,0.0340115970123418,2.76986646123212,-3.03426648682332,-7.36152884076159,0.0342664868233156,2.77883433475457
10.076,-3.04125704390111,-3,-7.14599818654749,0.0412570439011088,2.77010953402338,-3.04152593551941,-7.15819067541674,0.0415259355194131,2.77883433475457
10.079,-3.06182782192319,-3,-6.57465103744726,0.0618278219231883,2.7708674816312,-3.06211794199575,-6.57679789295436,0.0621179419957496,2.77883433475457
10.08,-3.0683112879988,-3,-6.3930078008261,0.0683112879988044,2.77120638658524,-3.06860202089345,-6.39209228174207,0.0686020208934544,2.77883433475457
10.083,-3.08670061209476,-3,-5.87250123770133,0.0867006120947571,2.77253593852268,-3.0869760394787,-5.86347702435245,0.0869760394787007,2.77883433475457
10.084,-3.09248988215199,-3,-5.70668820470878,0.0924898821519915,2.77305598576876,-3.09275513883513,-5.6953744403837,0.0927551388351286,2.77883433475457
10.087,-3.1088879894924,-3,-5.23062741235448,0.1088879894924,2.77466025319141,-3.10911057506713,-5.21379729584815,0.109110575067126,2.77883433475457
10.088,-3.11404237356118,-3,-5.07872133614541,0.114042373561181,2.77516194836092,-3.11424742985857,-5.06049416217556,0.114247429858572,2.77883433475457
10.091,-3.12861657195925,-3,-4.64212338117639,0.128616571959246,2.77639595656813,-3.12876202378065,-4.62084673647041,0.128762023780649,2.77883433475457
10.092,-3.13318873408564,-3,-4.50271971133982,0.133188734085644,2.77668682407192,-3.13331255548546,-4.48073526842384,0.133312555485463,2.77883433475457
10.095,-3.14608936103918,-3,-4.10201557489482,0.146089361039176,2.77712149972158,-3.14614473460787,-4.07845693524037,0.146144734607865,2.77883433475457
10.096,-3.15012718698625,-3,-3.97409910650495,0.150127186986246,2.77711295637981,-3.15015878191023,-3.95009960158863,0.150158781910229,2.77883433475457
10.099,-3.16149224150094,-3,-3.60659789254377,0.161492241500937,2.77663015075099,-3.16144970707821,-3.58110678736507,0.16144970707821,2.77883433475457
10.1,-3.16504001220324,-3,-3.48935521216997,0.165040012203237,2.77632339072157,-3.16497166222328,-3.46321455075542,0.164971662223279,2.77883433475457
10.103,-3.17499763031351,-3,-3.1527565585699,0.174997630313509,2.77500646731636,-3.17484701187253,-3.12384031092913,0.174847011872526,2.77883433475457
10.104,-3.17809655088047,-3,-3.04544968769463,0.178096550880465,2.77444639702606,-3.17791637640714,-3.0152539813483,0.177916376407139,2.77883433475457
10.107,-3.18676597308836,-3,-2.73758231644498,0.186765973088363,2.77244905753294,-3.18649175808454,-2.70988684033191,0.186491758084539,2.75858230534821
10.108,-3.18945435148196,-3,-2.6394971484261,0.189454351481959,2.77168766539383,-3.18915513593413,-2.61718127974856,0.18915513593413,2.75858230534821
10.111,-3.19694624696648,-3,-2.35824470431702,0.196946246966482,2.76915339826201,-3.19660183314422,-2.3499345842394,0.196601833144221,2.75858230534821
10.112,-3.19925957033531,-3,-2.26868611256947,0.199259570335306,2.76823259976031,-3.19890881220327,-2.26430101410279,0.19890881220327,2.75858230534821
10.115,-3.20567627766361,-3,-2.0120052842251,0.205676277663607,2.76526733948355,-3.20532730790678,-2.01704773951023,0.205327307906781,2.75858230534821
10.116,-3.2076473103007,-3,-1.93030899252689,0.207647310300704,2.76421620665386,-3.20730455256277,-1.93768735964142,0.207304552562773,2.75858230534821
10.119,-3.21308320647117,-3,-1.69626738449166,0.213083206471175,2.76089181183189,-3.21277017993335,-1.70814385747082,0.21277017993335,2.75858230534821
10.12,-3.21474213714739,-3,-1.62181110737802,0.21474213714739,2.75973015234063,-3.21444130894488,-1.63433112497482,0.214441308944883,2.75858230534821
10.123,-3.21928413596485,-3,-1.40861148712132,0.219284135964851,2.75609752862381,-3.21902068818802,-1.42042025546704,0.219020688188023,2.75858230534821
10.124,-3.22065875744105,-3,-1.34081966435199,0.22065875744105,2.75484026417508,-3.22040655012063,-1.35149426980832,0.220406550120631,2.75858230534821
10.127,-3.22438686558682,-3,-1.14680504681636,0.22438686558682,2.75094055955961,-3.22415836493699,-1.15132111975679,0.224158364936992,2.75858230534821
10.128,-3.22550276115555,-3,-1.08514800613192,0.22550276115555,2.749600609275,-3.22527728120939,-1.08667801618666,0.22527728120939,2.75858230534821
10.131,-3.22849062653312,-3,-0.90879403494655,0.228490626533121,2.74547121902677,-3.22825296386927,-0.898508413364804,0.228252963869271,2.75858230534821
10.132,-3.2293713466855,-3,-0.852784319208245,0.229371346685503,2.74406070924203,-3.22912094314097,-0.837594617793002,0.229120943140968,2.75858230534821
10.135,-3.23168676453385,-3,-0.692686827513445,0.231686764533848,2.73973711996028,-3.23138202469427,-0.676535194804313,0.231382024694274,2.73611466964171
10.136,-3.23235398721674,-3,-0.641874924609513,0.232353987216741,2.73826755786916,-3.2320337802415,-0.627089269324364,0.232033780241497,2.73611466964171
10.139,-3.23405935587925,-3,-0.496737717893162,0.23405935587925,2.73378312892225,-3.23369698260145,-0.482658085855201,0.23369698260145,2.73611466964171
10.14,-3.23453303052704,-3,-0.450708311158476,0.234533030527045,2.73226519506905,-3.23415613068008,-0.435735159054784,0.234156130680083,2.73611466964171
10.143,-3.23568576241157,-3,-0.319333086126253,0.23568576241157,2.72765046863567,-3.23525597587389,-0.298299689146566,0.235255975873893,2.71526821059101
10.144,-3.23598424053435,-3,-0.27770207575868,0.235984240534353,2.72609381461467,-3.23553573425147,-0.261288087452636,0.235535734251468,2.71526821059101
10.147,-3.23663713718487,-3,-0.158980471590103,0.236637137184867,2.72137610061473,-3.23615581535798,-0.15268522940877,0.236155815357979,2.71526821059101
10.148,-3.23677729233342,-3,-0.121392601857174,0.236777292333423,2.71978928212205,-3.23629074661679,-0.117236653374564,0.236290746616793,2.71526821059101
10.151,-3.23697889082291,-3,-0.0142996888504493,0.236978890822914,2.71499265458574,-3.23648189146448,0,0.23648189146448,2.70543765286364
10.152,-3.23697622984915,-3,0.0195734673960971,0.236976229849149,2.71338318520958,-3.23648189146448,0,0.23648189146448,2.70479174699715
10.155,-3.23677112484268,-3,0.115984926933218,0.236771124842683,2.70852875424696,-3.23648189146448,0,0.23648189146448,2.72108247047883
10.156,-3.23663989149519,-3,0.146446805714288,0.236639891495186,2.70690322028932,-3.23648189146448,0,0.23648189146448,2.73021480219233
10.159,-3.2360690351986,-3,0.233051715318904,0.236069035198596,2.70200950412598,-3.23648189146448,0,0.23648189146448,2.76315740370502
10.16,-3.23582230657036,-3,0.260382505160252,0.235822306570356,2.70037368972657,-3.23648189146448,0,0.23648189146448,2.7752748371464
10.163,-3.23492328774348,-3,0.337988553009556,0.234923287743481,2.69545697074629,-3.23648189146448,0,0.23648189146448,2.81336921700417
10.164,-3.2345730638952,-3,0.362446863579327,0.234573063895196,2.69381596710367,-3.23648189146448,0,0.23648189146448,2.82643452034598
10.167,-3.23338036685157,-3,0.431799406406938,0.233380366851568,2.68889058609751,-3.23648189146448,0,0.23648189146448,2.86623184878761
10.168,-3.23293765392499,-3,0.453623852903819,0.232937653924988,2.68724887853121,-3.23648189146448,0,0.23648189146448,2.87963406508609
10.171,-3.23148289853089,-3,0.515410526992295,0.231482898530887,2.68232746649306,-3.23648189146448,0,0.23648189146448,2.92010005310129
10.172,-3.23095778571563,-3,0.53482121767063,0.230957785715634,2.6806890031754,-3.23648189146448,0,0.23648189146448,2.93365595903245
10.175,-3.22926994954487,-3,0.58967624787861,0.229269949544868,2.6757826674723,-3.23648189146448,0,0.23648189146448,2.97448042785602
10.176,-3.22867168030047,-3,0.606876168846646,0.22867168030047,2.67415091602987,-3.23648189146448,0,0.23648189146448,2.98813507554376
10.179,-3.22677730417122,-3,0.65538436992264,0.226777304171222,2.66926939806145,-3.23647958935037,0.0046043944619259,0.23647958935037,3.01550795646454
10.18,-3.22611434211396,-3,0.670560668830036,0.226114342113957,2.66764739484163,-3.23647268201053,0.0092107840241542,0.236472682010532,3.04195592687601
10.183,-3.22403772021727,-3,0.713261151745192,0.224037720217273,2.6627992102,-3.23602171103954,0.369105778581007,0.23602171103954,3.04195592687601
10.184,-3.22331781006478,-3,0.726586326518893,0.223317810064777,2.66118960477653,-3.23557610556601,0.521919552872868,0.235576105566013,3.00937662784392
10.187,-3.22108116582285,-3,0.763975931307159,0.221081165822851,2.65638217091337,-3.23341725386809,0.897724169527184,0.233417253868094,2.89394042558155
10.188,-3.22031138976111,-3,0.775608931573393,0.220311389761111,2.65478726677846,-3.23247230856548,0.992097349983106,0.232472308565478,2.85225853108077
10.191,-3.2179350384634,-3,0.808145409407788,0.217935038463395,2.6500270196175,-3.2291806584587,1.18269190089779,0.229180658458698,2.73980165617638
10.192,-3.21712186827052,-3,0.818232657869603,0.217121868270524,2.64844881123457,-3.22797988068232,1.21889107481598,0.227979880682324,2.70925180093641
10.195,-3.21462436744898,-3,0.846337622716401,0.214624367448982,2.6437413108722,-3.22423422389424,1.26652938782433,0.224234223894238,2.66046657024932
10.196,-3.21377371268309,-3,0.855013962738039,0.213773712683089,2.64218151709824,-3.22296384690688,1.27429494482794,0.222963846906879,2.62713985825366
10.199,-3.21117200111282,-3,0.879075629825142,0.211172001112825,2.63753154273723,-3.21916300239472,1.25517551704908,0.219163002394724,2.60631902959222
10.2,-3.2102892536483,-3,0.886465204514517,0.210289253648303,2.63599163672867,-3.21791312089613,1.24468114437416,0.217913120896129,2.60631902959222
10.203,-3.20759877979606,-3,0.906840930396082,0.207598779796058,2.63140327140559,-3.21422255853695,1.21651216742892,0.214222558536953,2.60631902959222
10.204,-3.20668885497285,-3,0.913057997813781,0.206688854972852,2.62988450726312,-3.21301024627128,1.20820072860466,0.213010246271275,2.60631902959222
10.207,-3.20392369566012,-3,0.930076635260945,0.203923695660118,2.62536121328378,-3.20941951022804,1.18639716820415,0.209419510228036,2.60631902959222
10.208,-3.20299107029289,-3,0.935226323991796,0.202991070292885,2.62386464977069,-3.20823627859148,1.18014986099712,0.208236278591483,2.60631902959222
10.211,-3.20016404028941,-3,0.949190404023166,0.200164040289408,2.61940933589586,-3.20472058727207,1.16437968989419,0.204720587272074,2.60631902959222
10.212,-3.19921278776706,-3,0.953369413104275,0.199212787767062,2.61793585758042,-3.20355839045539,1.16009373618227,0.203558390455391,2.60631902959222
10.215,-3.19633554098258,-3,0.964557165856468,0.196335540982577,2.61355093896792,-3.20009419638438,1.15007140374413,0.200094196384377,2.60631902959222
10.216,-3.19536936367309,-3,0.967854412870017,0.195369363673091,2.61210127510371,-3.19894536939424,1.14765901017042,0.19894536939424,2.60631902959222
10.219,-3.19245248656942,-3,0.97652163845231,0.192452486569418,2.60778872688639,-3.19551017931011,1.14314249756733,0.19551017931011,2.60631902959222
10.22,-3.19147474572992,-3,0.97901885940319,0.191474745729925,2.60636346830155,-3.19436737991749,1.14252993030408,0.194367379917487,2.60631902959222
10.223,-3.18852784353213,-3,0.98540065929863,0.188527843532127,2.60212487353948,-3.19093958597751,1.14331813835139,0.190939585977509,2.60631902959222
10.224,-3.18754158691025,-3,0.987172963693855,0.187541586910254,2.60072448775938,-3.1897957401494,1.14444490562975,0.189795740149398,2.60631902959222
10.227,-3.1845733631546,-3,0.991485342639544,0.184573363154595,2.59656108039453,-3.18636980573493,1.13507002760303,0.18636980573493,2.5860662096903
10.228,-3.18358135045375,-3,0.99260172697475,0.183581350453755,2.5951859251918,-3.18523714961437,1.13032086948924,0.185237149614372,2.5860662096903
10.231,-3.18059968037169,-3,0.995043074617921,0.180599680371694,2.591098628537,-3.18186440539605,1.11886707192953,0.181864405396048,2.5860662096903
10.232,-3.17960440674062,-3,0.995566897263119,0.179604406740623,2.58974896407451,-3.18074702790166,1.11596312401783,0.180747027901658,2.5860662096903
10.235,-3.1766164049422,-3,0.996319358260925,0.176616404942204,2.58573842531361,-3.17740918797774,1.10992681898165,0.177409187977738,2.5860662096903
10.236,-3.17562012263752,-3,0.996308778535682,0.17562012263752,2.58441442503029,-3.17629986465947,1.10879213933675,0.176299864659471,2.5860662096903
10.239,-3.17263220552401,-3,0.995539519180221,0.172632205524012,2.5804810461496,-3.17297568797217,1.10796543083239,0.172975687972171,2.5860662096903
10.24,-3.17163694388376,-3,0.995047903217823,0.171636943883758,2.57918280652186,-3.17186747163961,1.10853720164154,0.171867471639607,2.5644002820476
10.243,-3.1686548871882,-3,0.992910282114599,0.1686548871882,2.57532677205008,-3.16857355179891,1.08812325412911,0.168573551798907,2.5644002820476
10.244,-3.16766247104432,-3,0.99198657793668,0.167662471044315,2.57405432134728,-3.16748839881759,1.08225995194417,0.167488398817587,2.5644002820476
10.247,-3.16469146286955,-3,0.988621227747329,0.164691462869546,2.57027562324422,-3.164264910437,1.06741026945239,0.164264910437002,2.5644002820476
10.248,-3.16370352951786,-3,0.987310311805122,0.16370352951786,2.56902892938673,-3.16319956442512,1.06335530055179,0.163199564425121,2.5644002820476
10.251,-3.16074821921456,-3,0.982846138590964,0.160748219214559,2.56532738938212,-3.1600247970863,1.05380350934131,0.160024797086301,2.5644002820476
10.252,-3.15976623405218,-3,0.981189135874562,0.15976623405218,2.56410636699441,-3.15897219306854,1.05147493546324,0.158972193068538,2.5644002820476
10.255,-3.15683077725418,-3,0.975744242118306,0.156830777254183,2.56048165664475,-3.15582542026501,1.04699501811913,0.155825420265007,2.5644002820476
10.256,-3.15585604818605,-3,0.973778821788567,0.155856048186049,2.55928617338965,-3.15477879469085,1.04632392860137,0.154778794690853,2.5644002820476
10.259,-3.15294414829678,-3,0.967461358754564,0.152944148296783,2.55573783209183,-3.15165612158737,1.03076495411779,0.151656121587372,2.54355998538544
10.26,-3.15197783900561,-3,0.965222007116098,0.15197783900561,2.5545677143604,-3.15062887528485,1.02380278807566,0.150628875284855,2.54355998538544
10.263,-3.14909278540763,-3,0.958130961806853,0.149092785407625,2.55109516553423,-3.14758579059289,1.00557834525076,0.147585790592891,2.54355998538544
10.264,-3.14813592757446,-3,0.955649234312045,0.148135927574461,2.54995020355749,-3.14658285139046,1.00037127445033,0.146582851390459,2.54355998538544
10.267,-3.1452806308138,-3,0.947875155908422,0.145280630813795,2.54655276918505,-3.14360231708246,0.987276825843471,0.143602317082459,2.54355998538544
10.268,-3.14433413536987,-3,0.945179909761642,0.144334135369867,2.5454327216264,-3.14261684388323,0.983737417509397,0.142616843883232,2.54355998538544
10.271,-3.14151115954809,-3,0.936805580081436,0.141511159548092,2.54210963531491,-3.1396788383972,0.975530165035319,0.139678838397203,2.54355998538544
10.272,-3.14057582703261,-3,0.933923188899471,0.140575827032609,2.54101423339709,-3.13870431390616,0.9735838088449,0.138704313906162,2.54355998538544
10.275,-3.13778741962199,-3,0.92502424108496,0.137787419621991,2.53776465211871,-3.13578971160688,0.970058185209117,0.135789711606881,2.54355998538544
10.276,-3.13686394971494,-3,0.921978792966186,0.136863949714938,2.53669360333181,-3.13481989268175,0.969642289076788,0.13481989268175,2.52208501588395
10.279,-3.13411206899585,-3,0.912624282306327,0.134112068995849,2.53351661796883,-3.13194760240787,0.945866643386396,0.131947602407865,2.52208501588395
10.28,-3.13320106928958,-3,0.909437762560766,0.133201069289584,2.53246960940155,-3.13100530621015,0.938795715669607,0.131005306210147,2.52208501588395
10.283,-3.13048740959431,-3,0.899690693066597,0.13048740959431,2.52936425422023,-3.12821794059877,0.920059999500422,0.128217940598773,2.52208501588395
10.284,-3.12958940366299,-3,0.896383152769004,0.129589403662985,2.52834095555188,-3.12730063297846,0.914621392691605,0.127300632978458,2.52208501588395
10.287,-3.12691541859613,-3,0.88630096285839,0.12691541859613,2.52530621671169,-3.12457859450306,0.90065096180487,0.124578594503056,2.52208501588395
10.288,-3.12603085341745,-3,0.882890674301064,0.126030853417452,2.52430628289894,-3.12367992070885,0.896759484983977,0.123679920708853,2.52208501588395
10.291,-3.12339777721017,-3,0.872525684702093,0.123397777210165,2.52134110608957,-3.1210046347898,0.887317072840763,0.1210046347898,2.52208501588395
10.292,-3.12252702998988,-3,0.869029284743661,0.12252702998988,2.52036417977814,-3.12011855649467,0.884899567060825,0.120118556494668,2.52208501588395
10.295,-3.11993589713324,-3,0.858429111493168,0.119935897133242,2.51746747707485,-3.11747232704464,0.879782804023855,0.11747232704464,2.52208501588395
10.296,-3.11907928157888,-3,0.854861733727564,0.119079281578879,2.51651319076232,-3.11659307580896,0.878777362039418,0.116593075808961,2.52208501588395
10.299,-3.11653094487064,-3,0.844069668932538,0.116530944870637,2.51368384677332,-3.11397476406193,0.862043851753599,0.113974764061934,2.50179320837048
10.3,-3.11568871695753,-3,0.840445065532204,0.115688716957527,2.51275182474953,-3.11311647375701,0.854601947924063,0.113116473757014,2.50179320837048
10.303,-3.11318386408612,-3,0.829500428359993,0.113183864086122,2.50998870212391,-3.11058355178061,0.834581899190113,0.110583551780611,2.50179320837048
10.304,-3.11235622735535,-3,0.825831082384167,0.112356227355352,2.50907856220779,-3.10975196242732,0.828658219780746,0.109751962427322,2.50179320837048
10.307,-3.10989539613573,-3,0.814769542562662,0.109895396135734,2.50638050657018,-3.10729018810197,0.813062101525549,0.107290188101968,2.50179320837048
10.308,-3.10908250656073,-3,0.811066771462879,0.109082506560725,2.50549186166525,-3.10647940014766,0.808571931460208,0.106479400147661,2.50179320837048
10.311,-3.10666609892759,-3,0.799920647404284,0.106666098927592,2.50285770602832,-3.10407156286569,0.797162851234265,0.104071562865689,2.50179320837048
10.312,-3.10586806938313,-3,0.796194698403416,0.105868069383129,2.50199016551316,-3.10327599268196,0.794032808162879,0.103275992681959,2.50179320837048
10.315,-3.10349636423918,-3,0.784993231902875,0.103496364239179,2.4994187342214,-3.10090576299958,0.78660669263237,0.10090576299958,2.50179320837048
10.316,-3.10271326860412,-3,0.781253369873781,0.102713268604121,2.49857190519089,-3.1001200991162,0.784773959015357,0.100120099116201,2.50179320837048
10.319,-3.10038643361332,-3,0.770022979187886,0.100386433613318,2.4960620174388,-3.09777190191269,0.781157378187027,0.0977719019126937,2.50179320837048
10.32,-3.09961831053584,-3,0.766277567609616,0.0996183105358441,2.49523550581216,-3.09699106415305,0.780569017509067,0.0969910641530527,2.50179320837048
10.323,-3.09733641294484,-3,0.755042080584391,0.0973364129448377,2.49278597878006,-3.09466686697344,0.763754534404217,0.0946668669734443,2.48026234810334
10.324,-3.09658326929679,-3,0.751298656111659,0.0965832692967949,2.49197939028516,-3.09390700372201,0.756031337032628,0.0939070037220069,2.48026234810334
10.327,-3.09434628586114,-3,0.740079524901755,0.094346285861135,2.48958904192777,-3.09167129425856,0.734958877446767,0.09167129425856,2.48026234810334
10.328,-3.09360809990608,-3,0.736344866040756,0.0936080999060804,2.48880198297812,-3.09093953499721,0.728615324399322,0.0909395349972129,2.48026234810334
10.331,-3.09141592599199,-3,0.725161364846142,0.0914159259919929,2.48646963449905,-3.0887800104192,0.711553832978421,0.0887800104191965,2.48026234810334
10.332,-3.09069265028953,-3,0.721441555194077,0.0906926502895318,2.48570171296902,-3.08807100628552,0.706506876627479,0.0880710062855181,2.48026234810334
10.335,-3.08854510821651,-3,0.710310962328372,0.0885451082165094,2.4834261910129,-3.08597209959087,0.693223146796875,0.0859720995908688,2.48026234810334
10.336,-3.08783667228386,-3,0.706611448797868,0.0878366722838622,2.48267701692536,-3.08528081272998,0.689400200122902,0.0852808127299758,2.48026234810334
10.339,-3.08573351896828,-3,0.695549214307889,0.0857335189682793,2.48045715551308,-3.08322782851878,0.679691265376478,0.0832278285187784,2.48026234810334
10.34,-3.08503983171831,-3,0.691874860726457,0.0850398317183139,2.47972634164413,-3.08254949175646,0.677029457735423,0.0825494917564558,2.48026234810334
10.343,-3.08298076567359,-3,0.680894760684042,0.0829807656735895,2.47756098387715,-3.08052848957561,0.670720478386815,0.0805284895756149,2.48026234810334
10.344,-3.08230171764711,-3,0.677249897127924,0.0823017176471126,2.47684814628846,-3.07985856890959,0.669165989739677,0.0798585689095859,2.48026234810334
10.347,-3.08028638539161,-3,0.666364175631404,0.0802863853916125,2.4747361458429,-3.07785625459077,0.666108366834399,0.0778562545907748,2.48026234810334
10.348,-3.0796218508003,-3,0.662752643825981,0.0796218508002973,2.47404090434746,-3.07719041419718,0.665615835051174,0.0771904141971795,2.48026234810334
10.351,-3.07764985272022,-3,0.651972143670027,0.0776498527202203,2.47198112678034,-3.07519403831084,0.665685535963882,0.0751940383108436,2.45815639558922
10.352,-3.07699969131529,-3,0.648397338763887,0.0769996913152879,2.47130310534858,-3.07453249468802,0.657455567624218,0.0745324946880173,2.45815639558922
10.355,-3.07507058702605,-3,0.637731621661376,0.0750705870260471,2.46929442923216,-3.07259501586293,0.634664770132895,0.0725950158629294,2.45815639558922
10.356,-3.07443464580663,-3,0.634196530656804,0.0744346458066261,2.46863325634327,-3.07196386729845,0.627682551834709,0.0719638672984528,2.45815639558922
10.359,-3.07254795905288,-3,0.623653987828361,0.0725479590528755,2.46667457424589,-3.07011023720399,0.608507567807659,0.0701102372039912,2.45815639558922
10.36,-3.07192607382689,-3,0.620161224929634,0.0719260738268948,2.4660298831913,-3.06950466177525,0.602690236827945,0.0695046617752548,2.45815639558922
10.363,-3.07008129695821,-3,0.609749178815465,0.0700812969582052,2.46412010251915,-3.06772089451696,0.586897218519348,0.0677208945169641,2.45815639558922
10.364,-3.06947329376765,-3,0.606301017936505,0.0694732937676501,2.46349153166116,-3.06713638216238,0.582171579015118,0.0671363821623778,2.45815639558922
10.367,-3.06766989182392,-3,0.596025815724279,0.0676698918239178,2.46162957537345,-3.06540937074302,0.569554560760517,0.0654093707430241,2.45815639558922
10.368,-3.06707558824537,-3,0.592624220377579,0.0670755882453653,2.46101676836449,-3.06484168607955,0.565856353951465,0.0648416860795527,2.45815639558922
10.371,-3.06531300268342,-3,0.582491319988878,0.0653130026834212,2.45920157557757,-3.0631590950993,0.556235174629564,0.0631590950993033,2.45815639558922
10.372,-3.06473220901391,-3,0.579137970762006,0.0647322090139149,2.45860418154377,-3.06260424301052,0.553508422428323,0.0626042430105205,2.45815639558922
10.375,-3.06300986110426,-3,0.569152019889133,0.0630098611042551,2.45683470803035,-3.06095440924758,0.546726860095001,0.0609544092475831,2.45815639558922
10.376,-3.06244238144178,-3,0.565848339697177,0.0624423814417807,2.45625238172283,-3.0604086029593,0.544923276829362,0.0604086029593036,2.45815639558922
10.379,-3.06075967536216,-3,0.556013248435923,0.0607596753621604,2.45452760032252,-3.05878044301358,0.540847380110075,0.0587804430135788,2.45815639558922
10.38,-3.06020530858926,-3,0.552760425725895,0.0602053085892629,2.45396000223918,-3.0582400743947,0.539925847414369,0.0582400743946985,2.45815639558922
10.383,-3.05856163423971,-3,0.54307943330842,0.0585616342397071,2.45227890318476,-3.05662299863613,0.538442449520289,0.0566229986361275,2.45815639558922
10.384,-3.05802017491812,-3,0.539878443375968,0.0580201749181239,2.45172569966694,-3.05608461048113,0.538368549892645,0.0560846104811294,2.45815639558922
10.387,-3.05641491048003,-3,0.530354179469164,0.0564149104800307,2.45008729083653,-3.05446844259842,0.539383952362252,0.0544684425984165,2.45815639558922
10.388,-3.05588614966358,-3,0.527205804036661,0.0558861496635754,2.44954815414119,-3.05392870266521,0.54012955728892,0.0539287026652144,2.43757297343682
10.391,-3.05431866392378,-3,0.517840345032358,0.0543186639237829,2.44795146124514,-3.05234047735656,0.519081383058899,0.0523404773565646,2.43757297343682
10.392,-3.05380238989617,-3,0.51474519022564,0.0538023898961746,2.44742606959748,-3.0518246663918,0.512582745912589,0.0518246663917985,2.43757297343682
10.395,-3.05227204435521,-3,0.505540110921378,0.052272044355214,2.44587013630472,-3.05031448002849,0.494574573246003,0.0503144800284945,2.43757297343682
10.396,-3.05176804329898,-3,0.502498623771746,0.0517680432989795,2.4453581739306,-3.04982268575323,0.489053279835006,0.049822685753226,2.43757297343682
10.399,-3.05027419408122,-3,0.493455044803917,0.0502741940812177,2.44384206194199,-3.04837880401013,0.473876402470233,0.0483788040101318,2.43757297343682
10.4,-3.04978225068335,-3,0.490467528391636,0.0497822506833492,2.44334321908471,-3.04790725070272,0.46926694868125,0.0479072507027194,2.43757297343682
10.403,-3.04832425026534,-3,0.481586159758275,0.0483242502653352,2.44186600815959,-3.04651872578949,0.456736481805027,0.0465187257894906,2.43757297343682
10.404,-3.0478441482649,-3,0.478652787105846,0.0478441482649035,2.44137998108087,-3.0460638842926,0.452980987157779,0.0460638842925953,2.43757297343682
10.407,-3.04642134703691,-3,0.469933968088741,0.0464213470369117,2.43994076901968,-3.04472046342215,0.442934022239721,0.0447204634221472,2.43757297343682
10.408,-3.04595286971944,-3,0.46705479490221,0.0459528697194438,2.43946725998773,-3.0442790218359,0.439981646272778,0.0442790218359046,2.43757297343682
10.411,-3.04456461739406,-3,0.458498530673701,0.0445646173940633,2.43806516257873,-3.0429710626999,0.432275590269104,0.0429710626999027,2.43757297343682
10.412,-3.04410754803711,-3,0.455673507024274,0.0441075480371071,2.43760387984485,-3.04253989928988,0.430082007980284,0.0425398992898787,2.43757297343682
10.415,-3.04275319491759,-3,0.447279502204155,0.0427531949175939,2.43623803077716,-3.04125829183234,0.424593092844599,0.0412582918323356,2.43757297343682
10.416,-3.04230731719153,-3,0.444508483234447,0.0423073171915314,2.43578868854121,-3.04083444992516,0.423120024696089,0.0408344499251618,2.43757297343682
10.419,-3.04098621531161,-3,0.436276172637424,0.0409862153116149,2.43445823928705,-3.03957054375903,0.419741974304893,0.0395705437590261,2.43757297343682
10.42,-3.04055131363947,-3,0.433558928369241,0.0405513136394728,2.43402055765409,-3.03915120841579,0.418956766684322,0.0391512084157877,2.43757297343682
10.423,-3.03926281778543,-3,0.425487505167732,0.0392628177854273,2.43272467732641,-3.03789674527683,0.417599609401111,0.0378967452768282,2.43757297343682
10.424,-3.03883867766513,-3,0.422823729483787,0.0388386776651322,2.43229838225508,-3.03747922155001,0.417474861792757,0.0374792215500093,2.43757297343682
10.427,-3.03758214629002,-3,0.414912170992923,0.0375821462900161,2.4310362574421,-3.03622627222719,0.418063877955799,0.0362262722271871,2.43757297343682
10.428,-3.03716855458227,-3,0.41230148985828,0.037168554582268,2.43062108068632,-3.03580796482123,0.418577113420664,0.0358079648212253,2.43757297343682
10.431,-3.03594335062146,-3,0.404548581132761,0.035943350621459,2.42939191526561,-3.03454887004361,0.421051908045925,0.0345488700436123,2.43757297343682
10.432,-3.03554009580613,-3,0.401990560116833,0.0355400958061303,2.42898759430911,-3.03412726421209,0.422185283935862,0.0341272642120942,2.41623901601384
10.435,-3.03434558740256,-3,0.394394915534797,0.0343455874025556,2.42779060924468,-3.03289309242268,0.400923324339717,0.0328930924226793,2.41623901601384
10.436,-3.03395245980632,-3,0.391889066689713,0.033952459806315,2.42739688723135,-3.03249551566589,0.394265087173231,0.0324955156658895,2.41623901601384
10.439,-3.03278802095311,-3,0.384449149685367,0.0327880209531091,2.4262313203566,-3.03134129451604,0.375517190776236,0.0313412945160438,2.41623901601384
10.44,-3.03240481295073,-3,0.381994937833194,0.0324048129507277,2.42584794601539,-3.03096872040715,0.36966319806278,0.0309687204071456,2.41623901601384
10.443,-3.0312698240584,-3,0.374709078927584,0.0312698240584002,2.42471305180163,-3.02988479364571,0.35323290986204,0.029884793645707,2.41623901601384
10.444,-3.03089633025001,-3,0.372305927402983,0.0308963302500125,2.42433977936768,-3.02953413147498,0.348121158535316,0.0295341314749766,2.41623901601384
10.447,-3.02979017864467,-3,0.365172340668578,0.0297901786446744,2.42323482868267,-3.02851158733336,0.333832395009654,0.0285115873333566,2.41623901601384
10.448,-3.02942619601108,-3,0.362819636561261,0.0294261960110829,2.42287141781517,-3.02817998121624,0.329407381261044,0.0281799812162395,2.41623901601384
10.451,-3.02834827636973,-3,0.3558364346472,0.0283482763697336,2.42179569767286,-3.02721057437527,0.317102732035073,0.0272105743752662,2.41623901601384
10.452,-3.02799360440768,-3,0.353533533584725,0.0279936044076829,2.42144191337077,-3.02689537835037,0.313314912763385,0.0268953783503707,2.41623901601384
10.455,-3.02694331913608,-3,0.346698741421404,0.0269433191360835,2.42039472667318,-3.02597145837314,0.302854103659588,0.0259714583731419,2.41623901601384
10.456,-3.02659775997525,-3,0.344444971929672,0.0265977599752474,2.42005033918701,-3.02567021354986,0.299659409479753,0.0256702135498594,2.41623901601384
10.459,-3.02557451953343,-3,0.337756539215646,0.0255745195334276,2.41903100445892,-3.02478465916163,0.290917913855559,0.024784659161635,2.41623901601384
10.46,-3.02523787803676,-3,0.335551206690352,0.0252378780367573,2.4186957892028,-3.02449507271964,0.28827730947901,0.0244950727196445,2.41623901601384
10.463,-3.02424110121686,-3,0.329007019263739,0.0242411012168553,2.41770364032311,-3.02364123136606,0.28114509581083,0.0236412313660628,2.41623901601384
10.464,-3.02391318506575,-3,0.326849409585792,0.0239131850657501,2.41737737778334,-3.02336115722503,0.279024183955311,0.0233611572250267,2.41623901601384
10.467,-3.02294229922644,-3,0.320447299769366,0.0229422992264441,2.4164117637123,-3.02253278938602,0.273404588636652,0.0225327893860237,2.41623901601384
10.468,-3.02262291899214,-3,0.318336682592413,0.0226229189921385,2.41609423935641,-3.02226021037851,0.271773253948283,0.0222602103785081,2.41623901601384
10.471,-3.02167736025359,-3,0.312074438596951,0.0216773602535927,2.41515452385817,-3.0214514381576,0.267581969214323,0.021451438157599,2.41623901601384
10.472,-3.021366329456,-3,0.310010070333633,0.0213663294559963,2.41484552804265,-3.02118444955167,0.266414058989933,0.0211844495516709,2.41623901601384
10.475,-3.02044554285898,-3,0.303885444795829,0.0204455428589805,2.41393108940989,-3.02038970909874,0.263578226767363,0.0203897090987413,2.41623901601384
10.476,-3.02014267801413,-3,0.301866571328744,0.0201426780141332,2.41363041728708,-3.02012650332901,0.262851265550975,0.0201265033290103,2.41623901601384
10.479,-3.01924611764657,-3,0.295877289055832,0.019246117646567,2.41274064806043,-3.01934050068995,0.261308668861212,0.0193405006899487,2.41623901601384
10.48,-3.01895123830377,-3,0.293903148194077,0.0189512383037682,2.4124480994859,-3.01907935316694,0.261003604255724,0.0190793531669433,2.41623901601384
10.483,-3.01807836739779,-3,0.288046913179304,0.0180783673977918,2.4115824061764,-3.01829702318535,0.2607019485741,0.0182970231853483,2.41623901601384
10.484,-3.01779129616737,-3,0.286116736883086,0.0177912961673714,2.41129778561567,-3.01803627906327,0.260802925858591,0.0180362790632667,2.41623901601384
10.487,-3.01694158716969,-3,0.280391238652854,0.0169415871696899,2.41045558842527,-3.01725274698836,0.261699203554703,0.0172527469883645,2.41623901601384
10.488,-3.01666214974232,-3,0.278504255044215,0.0166621497423201,2.4101787048618,-3.01699080878042,0.262193366930301,0.0169908087804194,2.41623901601384
10.491,-3.01583508436043,-3,0.272907174392926,0.0158350843604267,2.40935943740715,-3.01620135426151,0.264253298588269,0.0162013542615087,2.41623901601384
10.492,-3.01556310951878,-3,0.271062609571578,0.0155631095187778,2.40909010424913,-3.01593667020033,0.265130617092317,0.0159366702003281,2.41623901601384
10.495,-3.01475817874535,-3,0.265591623733291,0.0147581787453515,2.40829321328418,-3.01513669337157,0.268328164137608,0.0151366933715718,2.41623901601384
10.496,-3.01449349836886,-3,0.263788703412205,0.0144934983688598,2.40803124827365,-3.01486774641957,0.269581280467898,0.0148677464195672,2.41623901601384
10.499,-3.01371020248654,-3,0.258441490717804,0.0137102024865365,2.40725619341581,-3.01405273580007,0.273898224112931,0.0140527358000688,2.41623901601384
10.5,-3.01345265154995,-3,0.25667944169484,0.0134526515499527,2.40700141853714,-3.01377803322134,0.27552232479232,0.013778033221338,2.41623901601384
10.503,-3.01269050011843,-3,0.251453685756511,0.0126905001184321,2.40624767199674,-3.01294353517429,0.280947906859662,0.0129435351742888,2.41623901601384
10.504,-3.0124399166848,-3,0.249731737235773,0.0124399166847979,2.40599991338698,-3.01266159858552,0.282940612347501,0.0126615985855238,2.41623901601384
10.507,-3.01169842851208,-3,0.244625130700901,0.0116984285120765,2.40526695969731,-3.01180318809693,0.28947123404053,0.0118031880969327,2.41623901601384
10.508,-3.01145465372069,-3,0.24294251547603,0.0114546537206874,2.40502604755642,-3.01151254392007,0.291832507562175,0.0115125439200683,2.41623901601384
10.511,-3.01073335682008,-3,0.237952763383199,0.0107333568200816,2.40431338330777,-3.01064319931548,0.282115269636669,0.0106431993154841,2.39479871156377
10.512,-3.01049623486998,-3,0.236308718894272,0.0104962348699797,2.40407915181093,-3.01036401966474,0.27627024167335,0.0103640196647374,2.39479871156377
10.515,-3.00979466640446,-3,0.231433541668742,0.00979466640446258,2.40338628538766,-3.00956047115343,0.259654216735627,0.00956047115343361,2.39479871156377
10.516,-3.00956404453393,-3,0.229827310943864,0.00956404453393178,2.40315857259822,-3.00930345073736,0.254410557406439,0.00930345073735905,2.39479871156377
10.519,-3.00888175074917,-3,0.225064447060769,0.00888175074916653,2.40248502392046,-3.00856286493491,0.239519357982367,0.00856286493491432,2.39479871156377
10.52,-3.00865747921168,-3,0.223495279552426,0.00865747921167559,2.40226367170386,-3.00832570354799,0.234825309157142,0.00832570354799334,2.39479871156377
10.523,-3.007994015359,-3,0.218842487898072,0.00799401535899902,2.40160897197116,-3.00764148136305,0.221511340589032,0.00764148136305476,2.39479871156377
10.524,-3.007775947396,-3,0.21730964022261,0.00777594739599907,2.40139382591076,-3.00742207563135,0.217320167201672,0.00742207563134523,2.39479871156377
10.527,-3.00713087764652,-3,0.212764702178317,0.00713087764652309,2.40075751735001,-3.00678817912527,0.20545022647525,0.00678817912526819,2.39479871156377
10.528,-3.00691886945746,-3,0.21126743876727,0.00691886945746001,2.40054842666353,-3.00658460331398,0.201719773744338,0.00658460331398114,2.39479871156377
10.531,-3.00629176680837,-3,0.20682816004079,0.00629176680836618,2.39993006228273,-3.0059955007067,0.191173783740946,0.00599550070670052,2.39479871156377
10.532,-3.00608567751826,-3,0.205365753712227,0.00608567751825628,2.39972687974049,-3.00580598921574,0.187866075354629,0.00580598921574405,2.39479871156377
10.535,-3.00547612369221,-3,0.201029965938858,0.00547612369220785,2.39912602308345,-3.00525660471607,0.178535936639301,0.00525660471606537,2.39479871156377
10.536,-3.00527581531708,-3,0.1996016983947,0.00527581531707533,2.39892860492798,-3.00507953610681,0.175616810396032,0.00507953610681477,2.39479871156377
10.539,-3.00468340065568,-3,0.195367260527703,0.00468340065567663,2.39834482983633,-3.00456520411742,0.16740536046,0.00456520411742156,2.39479871156377
10.54,-3.00448873806614,-3,0.193972422784717,0.00448873806613603,2.39815303570302,-3.00439908652743,0.164844138148363,0.00439908652742638,2.39479871156377
10.543,-3.0039130614182,-3,0.189837222294578,0.00391306141820325,2.39758592608039,-3.00391550981354,0.15766420886937,0.00391550981354172,2.39479871156377
10.544,-3.00372391230145,-3,0.188475115054037,0.00372391230144542,2.39739961892009,-3.00375896762818,0.155433397441938,0.00375896762818373,2.39479871156377
10.547,-3.00316458090683,-3,0.184437068952281,0.0031645809068328,2.39684876850061,-3.00330217907415,0.149206962311849,0.00330217907415031,2.39479871156377
10.548,-3.00298081572724,-3,0.18310700291395,0.00298081572724129,2.39666781450334,-3.00315394073555,0.147281983660527,0.0031539407355492,2.39479871156377
10.551,-3.00243744509692,-3,0.179164058618961,0.00243744509691624,2.39613282662694,-3.00272026834598,0.141939387059358,0.00272026834597661,2.39479871156377
10.552,-3.00225893705553,-3,0.177865354745282,0.00225893705553171,2.39595709514702,-3.00257915518972,0.140298333933773,0.00257915518972096,2.39479871156377
10.555,-3.00173115084846,-3,0.174015490803645,0.00173115084845632,2.39543758253616,-3.00214455054602,0.156361375026631,0.00214455054602025,2.42013996314613
10.556,-3.00155777584148,-3,0.172747480537533,0.00155777584147776,2.39526694601895,-3.00198379077747,0.165156051819161,0.00198379077747246,2.42013996314613
10.559,-3.00104520573888,-3,0.168988707213836,0.00104520573887745,2.39476253056061,-3.00144881093873,0.191488694220314,0.00144881093872762,2.42013996314613
10.56,-3.00087684231538,-3,0.167750732654707,0.000876842315375992,2.3945968644707,-3.00125293634613,0.200260698179265,0.0012529363461331,2.42013996314613
10.563,-3.0003791278929,-3,0.164081092402203,0.000379127892899511,2.39410717700408,-3.00062954998644,0.209754830076251,0.000629549986443045,2.39940360056124
10.564,-3.00021565721191,-3,0.162872506444672,0.000215657211906972,2.3939463597551,-3.00041956364546,0.210230704337722,0.000419563645464471,2.39940360056124
10.567,-2.99973244581012,-3,0.159290074269145,-0.000267554189882446,2.39347103986248,-2.99978621224032,0.212117944639081,-0.000213787759681505,2.39940360056124
10.568,-2.99957375159723,-3,0.158110240707525,-0.000426248402773055,2.39331495274801,-2.99957371011391,0.212898893050359,-0.000426289886089393,2.39940360056124
10.571,-2.99910469819083,-3,0.154613124432909,-0.00089530180916908,2.39285364854961,-2.99894762517559,0.199103572378375,-0.00105237482441201,2.37900559974361
10.572,-2.99895066669444,-3,0.153461418034435,-0.00104933330555701,2.39270217567572,-2.99875209140287,0.191986633409115,-0.00124790859712576,2.37900559974361
10.575,-2.99849543376064,-3,0.150047758479825,-0.00150456623935868,2.39225454362973,-2.99820726295857,0.171424883754914,-0.00179273704142568,2.37900559974361
10.576,-2.99834595370797,-3,0.148923565030098,-0.00165404629202515,2.39210757184897,-2.99803914981636,0.164821578429581,-0.00196085018364212,2.37900559974361
10.579,-2.99790421109427,-3,0.145591536107659,-0.00209578890573336,2.39167327655566,-2.99757360383458,0.145713558855605,-0.00242639616541851,2.37900559974361
10.58,-2.99775917364724,-3,0.144494252430909,-0.00224082635276224,2.39153069540247,-2.99743097260853,0.139566792200483,-0.00256902739146581,2.37900559974361
10.583,-2.99733059843899,-3,0.141242061172141,-0.00266940156101381,2.39110940941334,-2.99703922714336,0.121748337237206,-0.00296077285664298,2.37900559974361
10.584,-2.99718989715006,-3,0.140171095129171,-0.00281010284994476,2.39097111104099,-2.99692035804693,0.116005659356953,-0.00307964195306942,2.37900559974361
10.587,-2.99677417353806,-3,0.136996981646913,-0.0032258264619407,2.39056251466969,-2.99659756089973,0.0993258284097999,-0.00340243910027249,2.37900559974361
10.588,-2.99663770430612,-3,0.13595175211206,-0.00336229569387747,2.3904283937882,-2.99650093543755,0.0939389695135543,-0.00349906456245241,2.40503592168759
10.591,-2.99623452345448,-3,0.132853989503676,-0.0037654765455204,2.39003217492843,-2.99619512901605,0.109922927250904,-0.0038048709839491,2.40503592168759
10.592,-2.99610218448089,-3,0.131833926323907,-0.0038978155191054,2.38990212874435,-2.9960825462185,0.115242363844139,-0.00391745378150299,2.40503592168759
10.595,-2.99571124439535,-3,0.128810820523695,-0.0042887556046538,2.38951798269038,-2.9957128815447,0.131204210457637,-0.00428711845529639,2.40503592168759
10.596,-2.99558293614015,-3,0.127815364461351,-0.00441706385984775,2.3893919108477,-2.99557901355183,0.136532838077325,-0.00442098644817079,2.40503592168759
10.599,-2.99520394153711,-3,0.124865254045924,-0.00479605846288766,2.38901954011898,-2.99514538111548,0.152571029415203,-0.00485461888452399,2.40503592168759
10.6,-2.99507956667551,-3,0.12389385670678,-0.00492043332448899,2.38889734464152,-2.99499012621119,0.157941170284978,-0.00500987378880913,2.40503592168759
10.603,-2.99471222885196,-3,0.121015112660125,-0.00528777114803658,2.38853645881168,-2.99450855164504,0.157672746217281,-0.00549144835495863,2.38480941984178
10.604,-2.99459169223111,-3,0.120067236408654,-0.00540830776888956,2.38841804404653,-2.99435223568169,0.154973075146376,-0.00564776431831016,2.38480941984178
10.607,-2.99423572893551,-3,0.117258261849274,-0.00576427106448785,2.38806835957585,-2.9938989125468,0.147362302602449,-0.00610108745320392,2.38480941984178
10.608,-2.99411893753167,-3,0.116333379712249,-0.00588106246832787,2.38795363213812,-2.99375274649148,0.14498259680148,-0.00624725350851518,2.38480941984178
10.611,-2.99377407283603,-3,0.11359260958923,-0.00622592716397241,2.38761487221096,-2.99332799867709,0.138293139149735,-0.00667200132291113,2.38480941984178
10.612,-2.99366093571214,-3,0.112690205149511,-0.00633906428785869,2.38750374093056,-2.99319075388137,0.136208249497622,-0.00680924611862821,2.38480941984178
10.615,-2.99332689988533,-3,0.110016105909843,-0.00667310011467004,2.38717563529426,-2.99279104162631,0.130368669378421,-0.00720895837369095,2.38480941984178
10.616,-2.99321732814901,-3,0.109135673190893,-0.00678267185098935,2.38706801116226,-2.99266158471106,0.128556071328799,-0.00733841528893953,2.38480941984178
10.619,-2.99289385753152,-3,0.106526742420672,-0.00710614246848129,2.38675029597281,-2.99228363871558,0.123502464135626,-0.0077163612844191,2.38480941984178
10.62,-2.99278776429354,-3,0.105667785763559,-0.00721223570645613,2.38664609209117,-2.99216092152543,0.121942035120182,-0.00783907847456922,2.38480941984178
10.623,-2.99247460117366,-3,0.103122551809369,-0.00752539882634329,2.38633850975965,-2.99180171411123,0.117617394299901,-0.00819828588876925,2.38480941984178
10.624,-2.99237190150695,-3,0.102284585742904,-0.00762809849304835,2.3862376412905,-2.99168476451544,0.116291212783984,-0.0083152354845577,2.38480941984178
10.627,-2.99206879399851,-3,0.0998016073126639,-0.00793120600148622,2.3859399403354,-2.99134148319843,0.112644857235775,-0.00865851680157403,2.38480941984178
10.628,-2.99196940489767,-3,0.0989841564179265,-0.00803059510232718,2.38584232445211,-2.99122939665538,0.111537021557608,-0.00877060334461977,2.38480941984178
10.631,-2.99167610681947,-3,0.0965620221669097,-0.00832389318053162,2.3855542593536,-2.99089941989363,0.108524079782875,-0.00910058010636705,2.38480941984178
10.632,-2.99157994716083,-3,0.0957646209365894,-0.00842005283917446,2.38545981519287,-2.99079135170325,0.107620545076983,-0.00920864829674795,2.38480941984178
10.635,-2.99129621791764,-3,0.0934019490386553,-0.00870378208235723,2.38518114625081,-2.99047222660309,0.105201491219937,-0.0095277733969148,2.38480941984178
10.636,-2.99120320841992,-3,0.0926241417320661,-0.00879679158008173,2.38508979486636,-2.99036738477799,0.104489922881252,-0.00963261522200654,2.38480941984178
10.639,-2.99092881288536,-3,0.090319579439956,-0.00907118711463806,2.38482028806275,-2.99005680655947,0.102630160248171,-0.00994319344053185,2.38480941984178
10.64,-2.99083887607089,-3,0.0895609199350476,-0.00916112392911073,2.38473195237934,-2.98995444525157,0.10209980253651,-0.0100455547484346,2.38480941984178
10.643,-2.99057358447195,-3,0.0873131431308908,-0.00942641552804524,2.38447137924202,-2.98965023829172,0.100769290593721,-0.0103497617082802,2.38480941984178
10.644,-2.99048664462851,-3,0.0865731947727618,-0.00951335537148923,2.38438598401128,-2.9895496517162,0.100410849109983,-0.0104503482837988,2.38480941984178
10.647,-2.990230232432,-3,0.0843809075115192,-0.00976976756800019,2.38413412148403,-2.98924975200341,0.0995837703392,-0.0107502479965893,2.38480941984178
10.648,-2.99014621557524,-3,0.0836592429595575,-0.00985378442475549,2.3840515932409,-2.98915026880706,0.0993893072255563,-0.0108497311929434,2.38480941984178
10.651,-2.98989846337598,-3,0.0815211770061253,-0.0101015366240187,2.38380822355209,-2.98885270765379,0.0990437705629546,-0.0111472923462101,2.38480941984178
10.652,-2.98981729721251,-3,0.080817378078261,-0.0101827027874926,2.38372849057212,-2.98875368567876,0.0990066113903658,-0.0112463143212373,2.38480941984178
10.655,-2.98957799062345,-3,0.0787322924387004,-0.010422009376549,2.38349340111118,-2.98845657455237,0.0991243892952097,-0.0115434254476345,2.38480941984178
10.656,-2.98949960451447,-3,0.0780459499551332,-0.0105003954855301,2.38341639336982,-2.98835739595066,0.0992390407036822,-0.0116426040493445,2.38480941984178
10.659,-2.98926853405869,-3,0.0760126304069186,-0.0107314659413111,2.38318937656377,-2.98807557307306,0.0831896334642504,-0.0119244269269432,2.36446679725458
10.66,-2.98919285898433,-3,0.0753433440328918,-0.0108071410156683,2.38311502569537,-2.98799636568686,0.0752415428371019,-0.0120036343131353,2.36446679725458
10.663,-2.98896981998887,-3,0.0733606026517757,-0.0110301800111321,2.38289587888929,-2.9878057661472,0.0519610143474369,-0.0121942338527998,2.36446679725458
10.664,-2.98889678851312,-3,0.072707980739666,-0.0111032114868759,2.38282411814791,-2.98775760446827,0.0443762456861312,-0.0122423955317301,2.36446679725458
10.667,-2.98868158100475,-3,0.0707746554260657,-0.0113184189952471,2.38261264348841,-2.98765806562428,0.0220974398849589,-0.0123419343757218,2.36446679725458
10.668,-2.98861112724104,-3,0.0701383148575657,-0.0113888727589577,2.38254340770978,-2.98765138719483,0,-0.0123486128051691,2.38769017108272
10.671,-2.98840355584392,-3,0.068253268863243,-0.0115964441560803,2.3823394120303,-2.98765138719483,0,-0.0123486128051691,2.39755167174361
10.672,-2.98833561542129,-3,0.067632834891588,-0.0116643845787148,2.38227263759348,-2.98765138719483,0,-0.0123486128051691,2.39950617540216
10.675,-2.98813548925649,-3,0.0657949563464352,-0.0118645107435054,2.38207593230361,-2.98765138719483,0,-0.0123486128051691,2.40339096240718
10.676,-2.98806999928644,-3,0.0651900624390069,-0.0119300007135639,2.3820115570949,-2.98765138719483,0,-0.0123486128051691,2.40428485685373
10.679,-2.98787713187342,-3,0.0633982638805446,-0.0121228681265761,2.38182195807209,-2.98765138719483,0,-0.0123486128051691,2.40636900551286
10.68,-2.98781403091736,-3,0.062808551562498,-0.0121859690826427,2.38175992144938,-2.98765138719483,0,-0.0123486128051691,2.40694207855513
10.683,-2.98762824007724,-3,0.0610617694678404,-0.0123717599227628,2.38157724893221,-2.98765138719483,0,-0.0123486128051691,2.40847797564825
10.684,-2.98756746811457,-3,0.0604868881663853,-0.0124325318854277,2.38151749168969,-2.98765138719483,0,-0.0123486128051691,2.4089520864247
10.687,-2.98738857587531,-3,0.0587840824865974,-0.0126114241246915,2.38134157017539,-2.98765138719483,0,-0.0123486128051691,2.41031531728735
10.688,-2.98733007427215,-3,0.0582236893766012,-0.0126699257278453,2.38128403450985,-2.98765138719483,0,-0.0123486128051691,2.41075700038638
10.691,-2.98715790677559,-3,0.0565638430756969,-0.0128420932244127,2.38111469265249,-2.98765138719483,0,-0.0123486128051691,2.41206020142333
10.692,-2.98710161825407,-3,0.0560176029263768,-0.0128983817459316,2.38105932212995,-2.98765138719483,0,-0.0123486128051691,2.41248941027798
10.695,-2.98693600566479,-3,0.0543997215232473,-0.0130639943352127,2.38089639264302,-2.98765138719483,0,-0.0123486128051691,2.41376636065597
10.696,-2.98688187427297,-3,0.053867306546646,-0.013118125727031,2.3808431321662,-2.98765138719483,0,-0.0123486128051691,2.4141890792138
10.699,-2.986722650689,-3,0.0522904176627983,-0.0132773493110023,2.38068645172566,-2.98765138719483,0,-0.0123486128051691,2.41544990915769
10.7,-2.98667062177142,-3,0.0517715073634871,-0.0133293782285793,2.38063524750277,-2.98765138719483,0,-0.0123486128051691,2.41586793197848
10.703,-2.98651762513671,-3,0.0502346602754945,-0.013482374863286,2.3804846566542,-2.98765138719483,0,-0.0123486128051691,2.41711567949854
10.704,-2.98646764530552,-3,0.0497289413025007,-0.0135323546944801,2.38043545616763,-2.98765138719483,0,-0.0123486128051691,2.41752954476297
10.707,-2.98632071732422,-3,0.0482312064993292,-0.0136792826757759,2.38029079923368,-2.98765138719483,0,-0.0123486128051691,2.41876512094523
10.708,-2.98627273443087,-3,0.0477383724992822,-0.0137272655691278,2.38024355121006,-2.98765138719483,0,-0.0123486128051691,2.41917499005131
10.711,-2.98613172048336,-3,0.0462788412453869,-0.0138682795166392,2.38010467620213,-2.98765138719483,0,-0.0123486128051691,2.42039866812651
10.712,-2.98608568359093,-3,0.0457985927180453,-0.0139143164090716,2.38005933058288,-2.98765138719483,0,-0.0123486128051691,2.42080458947682
10.715,-2.98595043265156,-3,0.0443763766224886,-0.0140495673484375,2.3799260891136,-2.98765138719483,0,-0.0123486128051691,2.42201645138565
10.716,-2.98590629200762,-3,0.043908420778043,-0.0140937079923775,2.37988259702661,-2.98765138719483,0,-0.0123486128051691,2.42241843949591
10.719,-2.98577665656423,-3,0.0425226513703265,-0.0142233434357695,2.37975484422505,-2.98765138719483,0,-0.0123486128051691,2.42361850981204
10.72,-2.98573436357429,-3,0.0420667019890205,-0.014265636425713,2.37971315795605,-2.98765138719483,0,-0.0123486128051691,2.42401656903544
10.723,-2.98561019954932,-3,0.040716530299728,-0.0143898004506786,2.37959075238457,-2.98765138719483,0,-0.0123486128051691,2.42520485512841
10.724,-2.98556970675081,-3,0.0402723075932351,-0.0144302932491875,2.37955082535037,-2.98765138719483,0,-0.0123486128051691,2.42559898677047
10.727,-2.98545087342418,-3,0.0389569037426252,-0.0145491265758224,2.37943362892389,-2.98765138719483,0,-0.0123486128051691,2.42677549085035
10.728,-2.98541213446102,-3,0.0385241342178957,-0.014587865538978,2.37939541564548,-2.98765138719483,0,-0.0123486128051691,2.42716569530258
10.731,-2.98529849439453,-3,0.0372426870099469,-0.014701505605474,2.37928329355192,-2.98765138719483,0,-0.0123486128051691,2.42833041803218
10.732,-2.98526146399221,-3,0.0368211033349292,-0.0147385360077887,2.37924674962843,-2.98765138719483,0,-0.0123486128051691,2.42871669541199
10.735,-2.98515288295564,-3,0.0355728198582913,-0.0148471170443587,2.37913957025259,-2.98765138719483,0,-0.0123486128051691,2.42986963699008
10.736,-2.98511751689685,-3,0.0351621607302603,-0.0148824831031549,2.37910465233594,-2.98765138719483,0,-0.0123486128051691,2.43025198733268
10.739,-2.98501386379561,-3,0.033946265966024,-0.0149861362043908,2.37900228718335,-2.98765138719483,0,-0.0123486128051691,2.43139314781887
10.74,-2.98498011889635,-3,0.0335462759817839,-0.0150198811036542,2.37896895295382,-2.98765138719483,0,-0.0123486128051691,2.43177157113483
10.743,-2.98488126570069,-3,0.032362012418855,-0.0151187342993109,2.37887127657814,-2.98765138719483,0,-0.0123486128051691,2.432900950547
10.744,-2.98484909978696,-3,0.0319724419476873,-0.015150900213039,2.37883948471931,-2.98765138719483,0,-0.0123486128051691,2.43327544683948
10.747,-2.98475492146268,-3,0.0308190692028589,-0.015245078537315,2.37874637464981,-2.98765138719483,0,-0.0123486128051691,2.43439304518298
10.748,-2.98472429334765,-3,0.0304396742610263,-0.0152757066523472,2.37871608482613,-2.98765138719483,0,-0.0123486128051691,2.43476361445293
10.751,-2.98463466778836,-3,0.0293164687079782,-0.0153653322116396,2.37862742149851,-2.98765138719483,0,-0.0123486128051691,2.43586943172938
10.752,-2.98460553725,-3,0.0289470108362754,-0.0153944627500038,2.3785985943314,-2.98765138719483,0,-0.0123486128051691,2.43623607397708
10.755,-2.98452034521079,-3,0.0278532652404174,-0.0154796547892064,2.3785142610189,-2.98765138719483,0,-0.0123486128051691,2.43733011018696
10.756,-2.98449267297003,-3,0.0274935113833822,-0.0155073270299737,2.37848685806449,-2.98765138719483,0,-0.0123486128051691,2.43769282541251
10.759,-2.98441179800268,-3,0.026428534543247,-0.0155882019973177,2.37840674081214,-2.98765138719483,0,-0.0123486128051691,2.43877508055595
10.76,-2.98438554570202,-3,0.026078256931084,-0.0156144542979773,2.37838072453952,-2.98765138719483,0,-0.0123486128051691,2.43913386875936
10.763,-2.98430887409154,-3,0.0250413733275098,-0.0156911259084627,2.37830471209812,-2.98765138719483,0,-0.0123486128051691,2.44020434283642
10.764,-2.98428400427417,-3,0.0247003493599245,-0.0157159957258308,2.37828004586798,-2.98765138719483,0,-0.0123486128051691,2.44055920401772
10.767,-2.98421142497674,-3,0.0236908988112377,-0.0157885750232558,2.37820802963138,-2.98765138719483,0,-0.0123486128051691,2.4416178970284
10.768,-2.98418790106607,-3,0.0233589109438435,-0.015812098933929,2.37818467767458,-2.98765138719483,0,-0.0123486128051691,2.44196883118757
10.771,-2.98411930564843,-3,0.0223762482674131,-0.0158806943515657,2.37811655161725,-2.98765138719483,0,-0.0123486128051691,2.44301574313189
10.772,-2.98409709192808,-3,0.0220530838999442,-0.0159029080719155,2.37809447901496,-2.98765138719483,0,-0.0123486128051691,2.44336275026893
10.775,-2.98403237450816,-3,0.021096578581271,-0.0159676254918351,2.37803013963191,-2.98765138719483,0,-0.0123486128051691,2.44439788114688
10.776,-2.98401143610243,-3,0.0207820299483937,-0.0159885638975661,2.37800931229559,-2.98765138719483,0,-0.0123486128051691,2.44474096126181
10.779,-2.98395049329134,-3,0.0198510658162656,-0.0160495067086601,2.37794865854314,-2.98765138719483,0,-0.0123486128051691,2.44576431107339
10.78,-2.98393079614606,-3,0.0195449298804297,-0.0160692038539358,2.37792904319481,-2.98765138719483,0,-0.0123486128051691,2.44610346416619
10.783,-2.98387352699135,-3,0.0186389047887843,-0.0161264730086468,2.37787197643332,-2.98765138719483,0,-0.0123486128051691,2.44711503291141
10.784,-2.98385503785522,-3,0.0183409831352597,-0.016144962144784,2.37785354058728,-2.98765138719483,0,-0.0123486128051691,2.44745025898209
10.787,-2.98380134378542,-3,0.0174593086520471,-0.0161986562145797,2.37779996452444,-2.98765138719483,0,-0.0123486128051691,2.44845004666094
10.788,-2.98378403019166,-3,0.017169407386179,-0.0162159698083393,2.37778267646788,-2.98765138719483,0,-0.0123486128051691,2.44878134570949
10.791,-2.98373381496205,-3,0.0163115084873084,-0.0162661850379542,2.37773249710409,-2.98765138719483,0,-0.0123486128051691,2.44976935232198
10.792,-2.98371764521058,-3,0.0160294381336647,-0.016282354789416,2.37771632587941,-2.98765138719483,0,-0.0123486128051691,2.45009672434841
10.795,-2.98367081485012,-3,0.0151947529040232,-0.0163291851498841,2.37766945145392,-2.98765138719483,0,-0.0123486128051691,2.45107294989453
10.796,-2.98365575799008,-3,0.0149203283076604,-0.0163442420099233,2.3776543668414,-2.98765138719483,0,-0.0123486128051691,2.45139639489884
10.799,-2.98361222074958,-3,0.0141083076485409,-0.0163877792504206,2.37761070778047,-2.98765138719483,0,-0.0123486128051691,2.45236083937859
10.8,-2.9835982465622,-3,0.0138413478786542,-0.016401753437798,2.37759668028063,-2.98765138719483,0,-0.0123486128051691,2.45268035736078
10.803,-2.98355791286367,-3,0.0130514552212862,-0.0164420871363307,2.3775561491464,-2.98765138719483,0,-0.0123486128051691,2.45363302077416
10.804,-2.9835449918456,-3,0.0127917834766907,-0.0164550081543995,2.37754314996311,-2.98765138719483,0,-0.0123486128051691,2.45394861173423
10.807,-2.98350777423264,-3,0.0120234945014223,-0.0164922257673634,2.37750566140331,-2.98765138719483,0,-0.0123486128051691,2.45488949408125
10.808,-2.9834958775796,-3,0.011770938017835,-0.0165041224203972,2.37749366242792,-2.98765138719483,0,-0.0123486128051691,2.4552011580192
10.811,-2.98346169066898,-3,0.0110237403797061,-0.0165383093310165,2.37745913312766,-2.98765138719483,0,-0.0123486128051691,2.45613025929985
10.812,-2.98345079025982,-3,0.0107781303393879,-0.0165492097401798,2.37744810692228,-2.98765138719483,0,-0.0123486128051691,2.45643799621567
10.815,-2.98341955069413,-3,0.0100515233991928,-0.0165804493058674,2.37741645555623,-2.98765138719483,0,-0.0123486128051691,2.45735531642995
10.816,-2.98340961907518,-3,0.00981269484212831,-0.01659038092482,2.37740637533854,-2.98765138719483,0,-0.0123486128051691,2.45765912632366
10.819,-2.98338124547653,-3,0.00910618940303924,-0.0166187545234728,2.37737752252454,-2.98765138719483,0,-0.0123486128051691,2.45856466547157
10.82,-2.98337225584637,-3,0.0088739811402158,-0.0166277441536273,2.37736836215236,-2.98765138719483,0,-0.0123486128051691,2.45886454834315
10.823,-2.98334666877113,-3,0.00818709919095409,-0.0166533312288704,2.37734223040679,-2.98765138719483,0,-0.0123486128051691,2.4597583064247
10.824,-2.9833385949657,-3,0.00796135371971978,-0.0166614050343039,2.37733396436332,-2.98765138719483,0,-0.0123486128051691,2.46005426227416
10.827,-2.98331571686026,-3,0.0072936281827254,-0.0166842831397362,2.37731047805557,-2.98765138719483,0,-0.0123486128051691,2.46093623928935
10.828,-2.98330853333823,-3,0.00707419160348916,-0.0166914666617721,2.37730308143446,-2.98765138719483,0,-0.0123486128051691,2.46122826811668
10.831,-2.9832882884958,-3,0.00642516608804582,-0.0167117115041955,2.37728216674521,-2.98765138719483,0,-0.0123486128051691,2.4620984640655
10.832,-2.98328197032435,-3,0.00621188802327069,-0.0167180296756477,2.37727561523679,-2.98765138719483,0,-0.0123486128051691,2.46238656587071
10.835,-2.98326428484266,-3,0.00558111658514487,-0.0167357151573366,2.37725720011474,-2.98765138719483,0,-0.0123486128051691,2.46324498075316
10.836,-2.98325880768356,-3,0.00537385009981015,-0.016741192316442,2.37725146999175,-2.98765138719483,0,-0.0123486128051691,2.46352915553625
10.839,-2.98324360942355,-3,0.00476089700515674,-0.0167563905764503,2.37723548411314,-2.98765138719483,0,-0.0123486128051691,2.46437578935234
10.84,-2.98323894951952,-3,0.0045594985290926,-0.0167610504804792,2.37723055221745,-2.98765138719483,0,-0.0123486128051691,2.4646560371133
10.843,-2.98322616806498,-3,0.00396393802424996,-0.0167738319350188,2.37721692694561,-2.98765138719483,0,-0.0123486128051691,2.46549088986302
10.844,-2.98322230222642,-3,0.00376826727619378,-0.0167776977735823,2.37721277067489,-2.98765138719483,0,-0.0123486128051691,2.46576721060187
10.847,-2.98321186884451,-3,0.00318968336216037,-0.0167881311554927,2.37720143902068,-2.98765138719483,0,-0.0123486128051691,2.46659028228522
10.848,-2.98320877443645,-3,0.00299960327530669,-0.0167912255635505,2.37719803631529,-2.98765138719483,0,-0.0123486128051691,2.46686267600194
10.851,-2.98320062203913,-3,0.00243758948686012,-0.0167993779608691,2.37718893289939,-2.98765138719483,0,-0.0123486128051691,2.46767396661893
10.852,-2.98319827696856,-3,0.00225296613625943,-0.0168017230314383,2.3771862622301,-2.98765138719483,0,-0.0123486128051691,2.46794243331353
10.855,-2.9831923400749,-3,0.0017071253267606,-0.0168076599251021,2.37717932324546,-2.98765138719483,0,-0.0123486128051691,2.46874194286415
10.856,-2.98319072277832,-3,0.00152782785837217,-0.0168092772216841,2.37717736360071,-2.98765138719483,0,-0.0123486128051691,2.46900648253662
10.859,-2.98318693747761,-3,0.000997771988924141,-0.016813062522385,2.37717252677533,-2.98765138719483,0,-0.0123486128051691,2.46979421102088
10.86,-2.9831860269089,-3,0.000823672549846457,-0.016813973091105,2.37717125764982,-2.98765138719483,0,-0.0123486128051691,2.47005482367123
10.863,-2.9831843308247,-3,0.000309022483149615,-0.0168156691752976,2.37716846221192,-2.98765138719483,0,-0.0123486128051691,2.47083077108912
10.864,-2.98318410644322,-3,0.00013999615397062,-0.016815893556779,2.37716786359396,-2.98765138719483,0,-0.0123486128051691,2.47108745671735
10.865,-2.98318405045721,-3,-2.77810789977401e-05,-0.0168159495427922,2.37716742953291,-2.98765138719483,0,-0.0123486128051691,2.47134316059006
10.867,-2.98318443869811,-3,-0.000359618547676161,-0.0168155613018888,2.37716705023652,-2.98765138719483,0,-0.0123486128051691,2.47185162306887
10.868,-2.98318488045715,-3,-0.000523693819612475,-0.0168151195428479,2.37716710259731,-2.98765138719483,0,-0.0123486128051691,2.47210438167498
10.871,-2.98318718163833,-3,-0.00100863509113125,-0.0168128183616667,2.37716821344465,-2.98765138719483,0,-0.0123486128051691,2.47285676696014
10.872,-2.98318826997375,-3,-0.0011678785564124,-0.0168117300262498,2.37716889772688,-2.98765138719483,0,-0.0123486128051691,2.47310559854412
10.875,-2.98319248209944,-3,-0.0016385000220511,-0.0168075179005629,2.3771718763008,-2.98765138719483,0,-0.0123486128051691,2.47384620276291
10.876,-2.98319419791857,-3,-0.00179302819277546,-0.0168058020814295,2.37717317390739,-2.98765138719483,0,-0.0123486128051691,2.47409110732478
10.879,-2.98320026440512,-3,-0.00224967535530843,-0.0167997355948777,2.37717796509505,-2.98765138719483,0,-0.0123486128051691,2.4748199304772
10.88,-2.98320258907597,-3,-0.00239960206720946,-0.0167974109240254,2.37717985787895,-2.98765138719483,0,-0.0123486128051691,2.47506090801694
10.883,-2.98321045470578,-3,-0.00284261249125074,-0.0167895452942211,2.37718640790081,-2.98765138719483,0,-0.0123486128051691,2.475777950103
10.884,-2.98321337004643,-3,-0.00298804896440155,-0.0167866299535726,2.37718887815413,-2.98765138719483,0,-0.0123486128051691,2.47601500062062
10.887,-2.98322298093651,-3,-0.00341775245749279,-0.0167770190634879,2.37719713453358,-2.98765138719483,0,-0.0123486128051691,2.4767202616403
10.888,-2.98322646920477,-3,-0.00355880735554317,-0.0167735307952319,2.37720016497765,-2.98765138719483,0,-0.0123486128051691,2.4769533851358
10.891,-2.98323777277613,-3,-0.00397552614295101,-0.0167622272238739,2.37721007651032,-2.98765138719483,0,-0.0123486128051691,2.47764686508912
10.892,-2.98324181665942,-3,-0.00411230563114352,-0.0167581833405768,2.37721365028535,-2.98765138719483,0,-0.0123486128051691,2.4778760615625
10.895,-2.98325476160703,-3,-0.00451635452881511,-0.0167452383929705,2.37722516700977,-2.98765138719483,0,-0.0123486128051691,2.47855776044946
10.896,-2.98325934421255,-3,-0.00464896233074789,-0.0167406557874501,2.37722926766586,-2.98765138719483,0,-0.0123486128051691,2.47878302990071
10.899,-2.98327388047606,-3,-0.0050406489127398,-0.0167261195239408,2.377242340834,-2.98765138719483,0,-0.0123486128051691,2.4794529477213
10.9,-2.98327898532107,-3,-0.00516918636580648,-0.0167210146789296,2.37724695232072,-2.98765138719483,0,-0.0123486128051691,2.47967429015043
10.903,-2.98329506405619,-3,-0.00554881112943697,-0.0167049359438081,2.37726153437142,-2.98765138719483,0,-0.0123486128051691,2.48033242690465
10.904,-2.98330067505862,-3,-0.00567337723872674,-0.0166993249413805,2.3772666410294,-2.98765138719483,0,-0.0123486128051691,2.48054984231166
10.907,-2.98331824860912,-3,-0.00604123376395358,-0.0166817513908808,2.37728268555873,-2.98765138719483,0,-0.0123486128051691,2.48119619799952
10.908,-2.98332435007832,-3,-0.00616192525546932,-0.0166756499216825,2.37728827210987,-2.98765138719483,0,-0.0123486128051691,2.48140968638441
10.911,-2.98334337194867,-3,-0.00651830036344355,-0.0166566280513267,2.37730573384573,-2.98765138719483,0,-0.0123486128051691,2.48204426100589
10.912,-2.98334994857642,-3,-0.0066352117357717,-0.0166500514235826,2.37731178538483,-2.98765138719483,0,-0.0123486128051691,2.48225382236866
10.915,-2.98337037340509,-3,-0.00698038564115051,-0.016629626594908,2.37733062016026,-2.98765138719483,0,-0.0123486128051691,2.48287661592378
10.916,-2.98337741025677,-3,-0.00709360921597001,-0.0166225897432328,2.37733712214601,-2.98765138719483,0,-0.0123486128051691,2.48308225026443
10.919,-2.98339919379008,-3,-0.00742785567757451,-0.0166008062099174,2.37735728687351,-2.98765138719483,0,-0.0123486128051691,2.48369326275318
10.92,-2.98340667629608,-3,-0.00753748164917076,-0.0165933237039209,2.37736422512047,-2.98765138719483,0,-0.0123486128051691,2.4838949700717
10.923,-2.98342977536269,-3,-0.00786106811604949,-0.0165702246373103,2.37738567776685,-2.98765138719483,0,-0.0123486128051691,2.48449420149409
10.924,-2.98343768930999,-3,-0.00796718459957254,-0.0165623106900128,2.37739303843667,-2.98765138719483,0,-0.0123486128051691,2.48469198179049
10.927,-2.98346206179592,-3,-0.00828037235513456,-0.0165379382040762,2.37741573799833,-2.98765138719483,0,-0.0123486128051691,2.48527943214651
10.928,-2.98347039331987,-3,-0.00838306543409049,-0.0165296066801277,2.3774235075922,-2.98765138719483,0,-0.0123486128051691,2.48547328542079
10.931,-2.98349599814418,-3,-0.00868610973560261,-0.0165040018558242,2.3774474140727,-2.98765138719483,0,-0.0123486128051691,2.48604895471044
10.932,-2.98350473372046,-3,-0.00878546350745031,-0.0164952662795383,2.37745557942316,-2.98765138719483,0,-0.0123486128051691,2.4862388809626
10.935,-2.98353153081134,-3,-0.00907861372261604,-0.0164684691886632,2.37748065380766,-2.98765138719483,0,-0.0123486128051691,2.48680276918588
10.936,-2.98354065724813,-3,-0.00917471034435608,-0.0164593427518711,2.37748920207101,-2.98765138719483,0,-0.0123486128051691,2.48698876841592
10.939,-2.98356860751967,-3,-0.00945821008572913,-0.016431392480333,2.37751540630498,-2.98765138719483,0,-0.0123486128051691,2.48754087557284
10.94,-2.98357811194994,-3,-0.00955112981781886,-0.0164218880500577,2.37752432495353,-2.98765138719483,0,-0.0123486128051691,2.48772294778075
10.943,-2.98360717727936,-3,-0.00982521707357238,-0.0163928227206425,2.37755162191981,-2.98765138719483,0,-0.0123486128051691,2.4882632738713
10.944,-2.9836170471534,-3,-0.00991503832317633,-0.0163829528465955,2.37756089873499,-2.98765138719483,0,-0.0123486128051691,2.48844141905709
10.947,-2.9836471903588,-3,-0.0101799455846357,-0.0163528096411998,2.3775892522327,-2.98765138719483,0,-0.0123486128051691,2.48896996408128
10.948,-2.98365741343689,-3,-0.0102667449474631,-0.0163425865631108,2.3775988752976,-2.98765138719483,0,-0.0123486128051691,2.48914418224495
10.951,-2.98368859825551,-3,-0.0105226993337848,-0.0163114017444852,2.37762825001989,-2.98765138719483,0,-0.0123486128051691,2.48966094620277
10.952,-2.98369916260073,-3,-0.0106065516354804,-0.0163008373992661,2.37763820771219,-2.98765138719483,0,-0.0123486128051691,2.48983123734431
10.955,-2.98373135366775,-3,-0.0108537750163923,-0.0162686463322519,2.37766856922643,-2.98765138719483,0,-0.0123486128051691,2.49033622023577
10.956,-2.98374224763901,-3,-0.0109347533526286,-0.0162577523609944,2.37767885021175,-2.98765138719483,0,-0.0123486128051691,2.49050258435519
10.959,-2.98377541046671,-3,-0.0111734624670638,-0.0162245895332851,2.37771016493851,-2.98765138719483,0,-0.0123486128051691,2.49099578618028
10.96,-2.9837866227119,-3,-0.0112516382429405,-0.0162133772881012,2.3777207581637,-2.98765138719483,0,-0.0123486128051691,2.49115822327758
10.963,-2.98382072366947,-3,-0.0114820448161168,-0.0161792763305311,2.37775299335712,-2.98765138719483,0,-0.0123486128051691,2.4916396440363
10.964,-2.98383224311876,-3,-0.0115574877845977,-0.0161677568812397,2.37776388804361,-2.98765138719483,0,-0.0123486128051691,2.49179815411148
10.967,-2.9838672494124,-3,-0.011779798641632,-0.0161327505876034,2.37779701177245,-2.98765138719483,0,-0.0123486128051691,2.49226779380383
10.968,-2.98387906527174,-3,-0.0118525769409722,-0.0161209347282631,2.37780819740982,-2.98765138719483,0,-0.0123486128051691,2.49242237685689
10.971,-2.9839149449253,-3,-0.0120669941187251,-0.0160850550747003,2.37784217853788,-2.98765138719483,0,-0.0123486128051691,2.49288023548288
10.972,-2.98392704667001,-3,-0.0121371743093574,-0.016072953329993,2.3778536448778,-2.98765138719483,0,-0.0123486128051691,2.49303089151381
10.975,-2.98396376850609,-3,-0.0123438951648986,-0.0160362314939144,2.37788845304611,-2.98765138719483,0,-0.0123486128051691,2.49347696907343
10.976,-2.98397614587462,-3,-0.0124115422651132,-0.0160238541253843,2.37790019009627,-2.98765138719483,0,-0.0123486128051691,2.49362369808224
10.979,-2.98401367949601,-3,-0.0126107595819813,-0.0159863205039854,2.37793579570401,-2.98765138719483,0,-0.0123486128051691,2.4940579945755
10.98,-2.98402632248386,-3,-0.0126759371032281,-0.0159736775161394,2.3779477937219,-2.98765138719483,0,-0.0123486128051691,2.49420079656219
10.983,-2.98406463825553,-3,-0.0128678391960966,-0.0159353617444737,2.37798416791033,-2.98765138719483,0,-0.0123486128051691,2.49462331198907
10.984,-2.98407753710926,-3,-0.0129306091769307,-0.0159224628907371,2.3779964173977,-2.98765138719483,0,-0.0123486128051691,2.49476218695364
10.987,-2.9841166061406,-3,-0.0131153799922145,-0.0158833938593972,2.37803353203139,-2.98765138719483,0,-0.0123486128051691,2.49517292131416
10.988,-2.98412975135206,-3,-0.0131758030319967,-0.0158702486479378,2.37804602372854,-2.98765138719483,0,-0.0123486128051691,2.49530786925661
10.991,-2.98416954547968,-3,-0.0133536222477785,-0.0158304545203238,2.37808385137921,-2.98765138719483,0,-0.0123486128051691,2.49570682255076
10.992,-2.98418292778025,-3,-0.0134117575393378,-0.0158170722197468,2.37809657625909,-2.98765138719483,0,-0.0123486128051691,2.49583784347109
10.995,-2.98422341955105,-3,-0.0135828006627407,-0.0157765804489451,2.37813509018921,-2.98765138719483,0,-0.0123486128051691,2.49622501569888
10.996,-2.98423702990615,-3,-0.013638706024415,-0.015762970093848,2.37814803945273,-2.98765138719483,0,-0.0123486128051691,2.49635210959708
10.999,-2.98427819256088,-3,-0.0138031444854974,-0.0157218074391232,2.37818721359925,-2.98765138719483,0,-0.0123486128051691,2.4967275007585
11,-2.98429202216446,-3,-0.0138568763922444,-0.0157079778355373,2.37820037866914,-2.98765138719483,0,-0.0123486128051691,2.49685066763458
11.003,-2.98433382962154,-3,-0.0140148776376214,-0.0156661703784589,2.37824018762749,-2.98765138719483,0,-0.0123486128051691,2.49721427772963
11.004,-2.98434786989084,-3,-0.0140664912518541,-0.0156521301091579,2.37825356014376,-2.98765138719483,0,-0.0123486128051691,2.49733351758359
11.007,-2.98439029673066,-3,-0.0142182188350063,-0.0156097032693414,2.37829397915358,-2.98765138719483,0,-0.0123486128051691,2.49768534661228
11.008,-2.98440453930097,-3,-0.0142677680360606,-0.0155954606990329,2.37830755096806,-2.98765138719483,0,-0.0123486128051691,2.49780065944411
11.011,-2.98444756075046,-3,-0.0144133817055241,-0.0155524392495443,2.378348555897,-2.98765138719483,0,-0.0123486128051691,2.49814070740643
11.012,-2.98446199747006,-3,-0.0144609191190904,-0.0155380025299419,2.37836231906869,-2.98765138719483,0,-0.0123486128051691,2.49825209321614
11.015,-2.98450558938766,-3,-0.0146005749052263,-0.0154944106123365,2.37840388639844,-2.98765138719483,0,-0.0123486128051691,2.4985803601121
11.016,-2.98452021231288,-3,-0.0146461519317403,-0.0154797876871182,2.37841783318844,-2.98765138719483,0,-0.0123486128051691,2.49868781889969
11.019,-2.98456435117385,-3,-0.0147800022313105,-0.0154356488261467,2.37845994000005,-2.98765138719483,0,-0.0123486128051691,2.49900430472928
11.02,-2.9845791525642,-3,-0.0148236690739245,-0.0154208474357991,2.37847406286701,-2.98765138719483,0,-0.0123486128051691,2.49910783649474
11.023,-2.98462381544622,-3,-0.0149518627329345,-0.0153761845537761,2.3785166868269,-2.98765138719483,0,-0.0123486128051691,2.49941254125797
11.024,-2.98463878775967,-3,-0.0149936684248028,-0.0153612122403306,2.37853097842221,-2.98765138719483,0,-0.0123486128051691,2.49951214600131
11.027,-2.98468395232883,-3,-0.0151163508193261,-0.0153160476711705,2.37857409776914,-2.98765138719483,0,-0.0123486128051691,2.49980506969816
11.028,-2.98469908821717,-3,-0.0151563432500911,-0.0153009117828256,2.37858855093283,-2.98765138719483,0,-0.0123486128051691,2.49990074741939
11.031,-2.98474473271423,-3,-0.0152736563646464,-0.0152552672857666,2.37863214446389,-2.98765138719483,0,-0.0123486128051691,2.50018189004988
11.032,-2.98476002501859,-3,-0.0153118823064147,-0.0152399749814145,2.37864675221972,-2.98765138719483,0,-0.0123486128051691,2.50027364074898
11.035,-2.98480612824557,-3,-0.0154239648116323,-0.0151938717544309,2.37869079927733,-2.98765138719483,0,-0.0123486128051691,2.5005430023131
11.036,-2.98482156999193,-3,-0.0154604699445808,-0.0151784300080715,2.37870555482898,-2.98765138719483,0,-0.0123486128051691,2.50063082599008
11.039,-2.98486811129902,-3,-0.0155674572725023,-0.0151318887009761,2.3787500352882,-2.98765138719483,0,-0.0123486128051691,2.50088840648783
11.04,-2.98488369569396,-3,-0.0156022862096483,-0.0151163043060385,2.37876493201478,-2.98765138719483,0,-0.0123486128051691,2.50097230314269
11.043,-2.98493065496672,-3,-0.0157043106272302,-0.0150693450332828,2.3788098262715,-2.98765138719483,0,-0.0123486128051691,2.50121810257408
11.044,-2.98494637539316,-3,-0.0157375069385207,-0.0150536246068436,2.37882485772339,-2.98765138719483,0,-0.0123486128051691,2.50129807220681
11.047,-2.98499373303995,-3,-0.0158346976198982,-0.015006266960047,2.37887014668056,-2.98765138719483,0,-0.0123486128051691,2.50153209057183
11.048,-2.98500958305304,-3,-0.0158663038564066,-0.0149904169469561,2.37888530657547,-2.98765138719483,0,-0.0123486128051691,2.50160813318245
11.051,-2.98505731999288,-3,-0.0159587869536033,-0.0149426800071182,2.37893097163348,-2.98765138719483,0,-0.0123486128051691,2.5018303704811
11.052,-2.98507329331598,-3,-0.015988844670245,-0.0149267066840246,2.37894625385274,-2.98765138719483,0,-0.0123486128051691,2.50190248606959
11.055,-2.98512139096651,-3,-0.0160767433809296,-0.0148786090334876,2.37899227689582,-2.98765138719483,0,-0.0123486128051691,2.50211294230188
11.056,-2.98513748148722,-3,-0.0161052931593636,-0.014862518512782,2.37900767548018,-2.98765138719483,0,-0.0123486128051691,2.50218113086825
11.059,-2.98518592175309,-3,-0.0161887277952141,-0.0148140782469088,2.37905403886595,-2.98765138719483,0,-0.0123486128051691,2.50237980603417
11.06,-2.98520212351943,-3,-0.0162158092660274,-0.0147978764805683,2.37906954801226,-2.98765138719483,0,-0.0123486128051691,2.50244406757842
11.063,-2.98525088878084,-3,-0.0162948973179189,-0.0147491112191571,2.37911623456016,-2.98765138719483,0,-0.0123486128051691,2.50263096167797
11.064,-2.98526719599749,-3,-0.0163205491823174,-0.0147328040025085,2.37913184861746,-2.98765138719483,0,-0.0123486128051691,2.5026912962001
11.067,-2.98531626909906,-3,-0.0163954053845521,-0.0146837309009364,2.37917884159907,-2.98765138719483,0,-0.0123486128051691,2.50286640923328
11.068,-2.98533267612367,-3,-0.0164196654352066,-0.0146673238763304,2.37919455506499,-2.98765138719483,0,-0.0123486128051691,2.50292281673329
11.071,-2.98538204036353,-3,-0.0164904018282639,-0.0146179596364688,2.37924183819158,-2.98765138719483,0,-0.0123486128051691,2.50308614870011
11.072,-2.98539854170313,-3,-0.0165133069704326,-0.0146014582968732,2.37925764570888,-2.98765138719483,0,-0.0123486128051691,2.50313862917799
11.075,-2.98544818082227,-3,-0.0165800329626768,-0.0145518191777261,2.37930520312282,-2.98765138719483,0,-0.0123486128051691,2.50329018007844
11.076,-2.98546477112977,-3,-0.0166016192341396,-0.014535228870233,2.37932109947613,-2.98765138719483,0,-0.0123486128051691,2.5033387335342
11.079,-2.98551466930165,-3,-0.016664441661259,-0.0144853306983519,2.37936891573971,-2.98765138719483,0,-0.0123486128051691,2.50347850336829
11.08,-2.98553134337239,-3,-0.0166847442521646,-0.0144686566276095,2.379384895852,-2.98765138719483,0,-0.0123486128051691,2.50352312980192
11.083,-2.98558148519274,-3,-0.0167437674361766,-0.0144185148072626,2.37943295593812,-2.98765138719483,0,-0.0123486128051691,2.50365111856965
11.084,-2.98559823796117,-3,-0.0167628207082889,-0.0144017620388257,2.37944901486757,-2.98765138719483,0,-0.0123486128051691,2.50369181798116
11.087,-2.98564860843806,-3,-0.0168181465145634,-0.0143513915619424,2.37949730414938,-2.98765138719483,0,-0.0123486128051691,2.50380802568251
11.088,-2.98566543497445,-3,-0.0168359840203171,-0.0143345650255493,2.37951343708607,-2.98765138719483,0,-0.0123486128051691,2.5038447980719
11.091,-2.98571601951857,-3,-0.0168877119139117,-0.014283980481427,2.3795619413285,-2.98765138719483,0,-0.0123486128051691,2.50394922470689
11.092,-2.9857329150258,-3,-0.0169043664146771,-0.0142670849741977,2.37957814359152,-2.98765138719483,0,-0.0123486128051691,2.50398207007416
11.095,-2.985783699441,-3,-0.016952593514625,-0.014216300558997,2.37962684894143,-2.98765138719483,0,-0.0123486128051691,2.50407471564278
11.096,-2.98580065925144,-3,-0.0169680969987486,-0.0141993407485637,2.37964311597554,-2.98765138719483,0,-0.0123486128051691,2.50410363398793
11.099,-2.98585162972541,-3,-0.017012918131795,-0.0141483702745857,2.3796920089527,-2.98765138719483,0,-0.0123486128051691,2.50418449849018
11.1,-2.98586864929785,-3,-0.017027301832351,-0.0141313507021459,2.37970833632574,-2.98765138719483,0,-0.0123486128051691,2.50420948981321
11.103,-2.9859197923931,-3,-0.0170688095852364,-0.0140802076068978,2.37975740381389,-2.98765138719483,0,-0.0123486128051691,2.5042785732491
11.104,-2.9859368673098,-3,-0.01708210399727,-0.0140631326902043,2.3797737872136,-2.98765138719483,0,-0.0123486128051691,2.50429963755
11.107,-2.98598816995476,-3,-0.0171203887676479,-0.0140118300452441,2.3798230164532,-2.98765138719483,0,-0.0123486128051691,2.50435693991952
11.108,-2.98600529591848,-3,-0.0171326236646207,-0.0139947040815214,2.37983945168438,-2.98765138719483,0,-0.0123486128051691,2.5043740771983
11.111,-2.98605674539887,-3,-0.0171677737108758,-0.0139432546011347,2.3798888302617,-2.98765138719483,0,-0.0123486128051691,2.50441959850146
11.112,-2.98607391823007,-3,-0.017178978161726,-0.0139260817699318,2.3799053132437,-2.98765138719483,0,-0.0123486128051691,2.50443280875812
11.115,-2.98612550218043,-3,-0.0172110796522678,-0.01387449781957,2.37995482908519,-2.98765138719483,0,-0.0123486128051691,2.5044665489949
11.116,-2.98614271781445,-3,-0.0172212820369518,-0.013857282185548,2.37997135584884,-2.98765138719483,0,-0.0123486128051691,2.50447583222944
11.119,-2.9861944242099,-3,-0.0172504190974118,-0.0138055757901046,2.38002099721156,-2.98765138719483,0,-0.0123486128051691,2.50449779139986
11.12,-2.98621167869424,-3,-0.0172596471228742,-0.0137883213057601,2.38003756389667,-2.98765138719483,0,-0.0123486128051691,2.50450314761227
11.123,-2.98626349584235,-3,-0.0172859018828537,-0.0137365041576456,2.38008731936067,-2.98765138719483,0,-0.0123486128051691,2.50451332571633
11.124,-2.98628078533403,-3,-0.0172941825984728,-0.0137192146659695,2.38010392221377,-2.98765138719483,0,-0.0123486128051691,2.50451475490662
11.127,-2.986332701867,-3,-0.017317635237336,-0.0136672981330008,2.38015378067493,-2.98765138719483,0,-0.0123486128051691,2.50451315194431
11.128,-2.98635002262992,-3,-0.0173249950496902,-0.0136499773700813,2.38017041604631,-2.98765138719483,0,-0.0123486128051691,2.50451065411248
11.131,-2.9864020274968,-3,-0.0173457238406761,-0.0135979725031969,2.38022036670825,-2.98765138719483,0,-0.0123486128051691,2.5044972700838
11.132,-2.98641937589924,-3,-0.0173521885284086,-0.0135806241007619,2.38023703104949,-2.98765138719483,0,-0.0123486128051691,2.50449084522985
11.135,-2.98647145835845,-3,-0.0173702698825003,-0.0135285416415529,2.38028706341698,-2.98765138719483,0,-0.0123486128051691,2.5044656801348
11.136,-2.98648883087055,-3,-0.017375864610545,-0.0135111691294494,2.38030375327886,-2.98765138719483,0,-0.0123486128051691,2.50445532825873
11.139,-2.98654098048247,-3,-0.0173913731190446,-0.0134590195175348,2.38035385714947,-2.98765138719483,0,-0.0123486128051691,2.50441838209732
11.14,-2.98655837367384,-3,-0.0173961224528912,-0.0134416263261574,2.38037056917955,-2.98765138719483,0,-0.0123486128051691,2.50440410319912
11.143,-2.98661058029364,-3,-0.0174091309287249,-0.0133894197063618,2.38042073463849,-2.98765138719483,0,-0.0123486128051691,2.50435537597134
11.144,-2.98662799083098,-3,-0.0174130588476479,-0.0133720091690228,2.38043746557862,-2.98765138719483,0,-0.0123486128051691,2.50433717005102
11.147,-2.98668024460158,-3,-0.0174236383657494,-0.0133197553984221,2.38048768299018,-2.98765138719483,0,-0.0123486128051691,2.50427666175688
11.148,-2.98669766924633,-3,-0.0174267682765271,-0.0133023307536702,2.38050442967426,-2.98765138719483,0,-0.0123486128051691,2.50425452881444
11.151,-2.98674996059154,-3,-0.0174349882140952,-0.0132500394084594,2.38055468967575,-2.98765138719483,0,-0.0123486128051691,2.50418223945393
11.152,-2.98676739619766,-3,-0.0174373429641562,-0.0132326038023414,2.38057144902774,-2.98765138719483,0,-0.0123486128051691,2.50415617948936
11.155,-2.98681971581545,-3,-0.0174432710395961,-0.0131802841845476,2.38062174252312,-2.98765138719483,0,-0.0123486128051691,2.50407210906248
11.156,-2.98683715932718,-3,-0.0174448729297279,-0.0131628406728228,2.38063851155467,-2.98765138719483,0,-0.0123486128051691,2.5040421220758
11.159,-2.98688949818314,-3,-0.0174485752401209,-0.0131105018168589,2.38068882970866,-2.98765138719483,0,-0.0123486128051691,2.50394627058255
11.16,-2.98690694663284,-3,-0.0174494460368022,-0.0130930533671574,2.38070560551721,-2.98765138719483,0,-0.0123486128051691,2.50391235657374
11.163,-2.98695929595376,-3,-0.0174509870949651,-0.0130407040462415,2.38075593974793,-2.98765138719483,0,-0.0123486128051691,2.50380472401413
11.164,-2.98697674645982,-3,-0.0174511480427792,-0.0130232535401791,2.38077271951449,-2.98765138719483,0,-0.0123486128051691,2.5037668829832
11.167,-2.98702909772741,-3,-0.0174505908138158,-0.0129709022725937,2.38082306148811,-2.98765138719483,0,-0.0123486128051691,2.50364746935723
11.168,-2.98704654749217,-3,-0.0174500626473833,-0.0129534525078334,2.38083984247551,-2.98765138719483,0,-0.0123486128051691,2.50360570130417
11.171,-2.98709889243696,-3,-0.0174474685837492,-0.0129011075630423,2.38089018410045,-2.98765138719483,0,-0.0123486128051691,2.50347450661183
11.172,-2.98711633874469,-3,-0.0174462715392156,-0.0128836612553145,2.38090696365085,-2.98765138719483,0,-0.0123486128051691,2.50342881153665
11.175,-2.98716866934005,-3,-0.0174417006158615,-0.0128313306599503,2.38095729707138,-2.98765138719483,0,-0.0123486128051691,2.50328583577794
11.176,-2.98718610955498,-3,-0.0174398544425773,-0.0128138904450172,2.38097407260518,-2.98765138719483,0,-0.0123486128051691,2.50323621368064
11.179,-2.98723841801128,-3,-0.0174333651901715,-0.0127615819887201,2.38102439019601,-2.98765138719483,0,-0.0123486128051691,2.50308145685557
11.18,-2.98725584957569,-3,-0.0174308891616975,-0.0127441504243091,2.381041159209,-2.98765138719483,0,-0.0123486128051691,2.50302790773615
11.183,-2.98730812833457,-3,-0.0174225387004064,-0.0126918716654338,2.38109145357026,-2.98765138719483,0,-0.0123486128051691,2.50286136984471
11.184,-2.98732554876689,-3,-0.0174194516254204,-0.0126744512331101,2.38110821363276,-2.98765138719483,0,-0.0123486128051691,2.50280389370316
11.187,-2.98737779049569,-3,-0.0174092956964998,-0.0126222095043085,2.38115847758384,-2.98765138719483,0,-0.0123486128051691,2.50262557474535
11.188,-2.98739519738868,-3,-0.0174056159294051,-0.0126048026113179,2.38117522633833,-2.98765138719483,0,-0.0123486128051691,2.50256417158169
11.191,-2.98744739497501,-3,-0.0173937089271577,-0.0125526050249887,2.38122545291284,-2.98765138719483,0,-0.0123486128051691,2.50237407155751
11.192,-2.98746478599395,-3,-0.0173894543785631,-0.0125352140060548,2.38124218807215,-2.98765138719483,0,-0.0123486128051691,2.50230874137172
11.195,-2.98751693254033,-3,-0.017375849381243,-0.0124830674596672,2.38129237051302,-2.98765138719483,0,-0.0123486128051691,2.50210686028118
11.196,-2.98753430542126,-3,-0.0173710375281292,-0.0124656945787418,2.38130908985915,-2.98765138719483,0,-0.0123486128051691,2.50203760307327
11.199,-2.98758639423996,-3,-0.0173557863280592,-0.0124136057600435,2.38135922161306,-2.98765138719483,0,-0.0123486128051691,2.50182394091636
11.2,-2.98760374678798,-3,-0.0173504342237321,-0.0123962532120245,2.38137592299502,-2.98765138719483,0,-0.0123486128051691,2.50175075668633
11.203,-2.98765577139588,-3,-0.0173335873566698,-0.0123442286041184,2.38142599770828,-2.98765138719483,0,-0.0123486128051691,2.50152531346305
11.204,-2.98767310148348,-3,-0.0173277116403361,-0.0123268985165241,2.3814426790406,-2.98765138719483,0,-0.0123486128051691,2.5014482022109
11.207,-2.98772505559715,-3,-0.0173093184146837,-0.0122749444028494,2.381492690553,-2.98765138719483,0,-0.0123486128051691,2.50121097792126
11.208,-2.98774236116254,-3,-0.0173029353213094,-0.0122576388374553,2.38150934981428,-2.98765138719483,0,-0.0123486128051691,2.50112993964698
11.211,-2.98779423869337,-3,-0.017283043846149,-0.0122057613066269,2.38155929215587,-2.98765138719483,0,-0.0123486128051691,2.50088093429097
11.212,-2.98781151773894,-3,-0.0172761692154206,-0.0121884822610641,2.38157592738719,-2.98765138719483,0,-0.0123486128051691,2.50079596899458
11.215,-2.98786331278838,-3,-0.0172548264276659,-0.0121366872116186,2.38162579477309,-2.98765138719483,0,-0.0123486128051691,2.5005351825722
11.216,-2.98788056337906,-3,-0.0172474757130311,-0.0121194366209374,2.38164240407627,-2.98765138719483,0,-0.0123486128051691,2.50044629025368
11.219,-2.98793227023403,-3,-0.0172247274045676,-0.0120677297659726,2.38169219090161,-2.98765138719483,0,-0.0123486128051691,2.50017372276494
11.22,-2.98794949049583,-3,-0.0172169156823629,-0.0120505095041668,2.38170877243817,-2.98765138719483,0,-0.0123486128051691,2.50008090342429
11.223,-2.98800110362413,-3,-0.0171928065266811,-0.0119988963758653,2.3817584732742,-2.98765138719483,0,-0.0123486128051691,2.49979655486919
11.224,-2.98801829174263,-3,-0.0171845485046832,-0.0119817082573679,2.38177502526337,-2.98765138719483,0,-0.0123486128051691,2.49969980850642
11.227,-2.98806980578859,-3,-0.0171591220822273,-0.0119301942114145,2.38182463485358,-2.98765138719483,0,-0.0123486128051691,2.49940367888494
11.228,-2.98808696000745,-3,-0.0171504321080554,-0.0119130399925527,2.38184115557112,-2.98765138719483,0,-0.0123486128051691,2.49930300550006
11.231,-2.98813836978754,-3,-0.0171237309315963,-0.0118616302124628,2.38189066882639,-2.98765138719483,0,-0.0123486128051691,2.49899509481222
11.232,-2.98815548840712,-3,-0.0171146230011086,-0.0118445115928782,2.38190715660362,-2.98765138719483,0,-0.0123486128051691,2.49889049440521
11.235,-2.98820678890578,-3,-0.0170866885398878,-0.0117932110942158,2.3819565685983,-2.98765138719483,0,-0.0123486128051691,2.498570802651
11.236,-2.98822387028174,-3,-0.017077176305149,-0.0117761297182617,2.38197302182,-2.98765138719483,0,-0.0123486128051691,2.49846227522187
11.239,-2.98827505664724,-3,-0.017048049009308,-0.0117249433527644,2.38202232778807,-2.98765138719483,0,-0.0123486128051691,2.49813080240129
11.24,-2.98829209918914,-3,-0.0170381457865941,-0.0117079008108614,2.38203874489157,-2.98765138719483,0,-0.0123486128051691,2.49801834795004
11.243,-2.98834316672952,-3,-0.0170078651107756,-0.0116568332704756,2.3820879402222,-2.98765138719483,0,-0.0123486128051691,2.49767509406309
11.244,-2.98836016889956,-3,-0.0169975838884722,-0.0116398311004375,2.38210431969636,-2.98765138719483,0,-0.0123486128051691,2.49755871258972
11.247,-2.98841111307876,-3,-0.0169661883141942,-0.0115888869212419,2.38215339993132,-2.98765138719483,0,-0.0123486128051691,2.49720367763641
11.248,-2.98842807339042,-3,-0.0169555417598963,-0.011571926609578,2.38216974031449,-2.98765138719483,0,-0.0123486128051691,2.49708336914091
11.251,-2.98847888982436,-3,-0.0169230688184461,-0.0115211101756438,2.38221870114301,-2.98765138719483,0,-0.0123486128051691,2.49671655312124
11.252,-2.98849580684118,-3,-0.0169120692867833,-0.0115041931588182,2.38223500102286,-2.98765138719483,0,-0.0123486128051691,2.49659231760362
11.255,-2.98854649129404,-3,-0.0168785555805537,-0.01145350870596,2.38228383827849,-2.98765138719483,0,-0.0123486128051691,2.49621372051758
11.256,-2.98856336362836,-3,-0.016867215120206,-0.0114366363716396,2.3823000962896,-2.98765138719483,0,-0.0123486128051691,2.49608555797783
11.259,-2.98861391200891,-3,-0.0168326963452686,-0.011386087991089,2.38234880594693,-2.98765138719483,0,-0.0123486128051691,2.49569517982542
11.26,-2.98863073832066,-3,-0.0168210267061956,-0.0113692616793437,2.38236502077078,-2.98765138719483,0,-0.0123486128051691,2.49556309026356
11.263,-2.98868114667867,-3,-0.0167855376719858,-0.0113188533213298,2.38241359894193,-2.98765138719483,0,-0.0123486128051691,2.49516093104479
11.264,-2.98869792567418,-3,-0.0167735503120389,-0.0113020743258194,2.38242976930492,-2.98765138719483,0,-0.0123486128051691,2.4950249144608
11.267,-2.98874819019692,-3,-0.0167371249623556,-0.0112518098030781,2.3824782122358,-2.98765138719483,0,-0.0123486128051691,2.49461097417566
11.268,-2.9887649206278,-3,-0.0167248310542161,-0.0112350793722045,2.38249433690851,-2.98765138719483,0,-0.0123486128051691,2.49447103056955
11.271,-2.9888150376366,-3,-0.0166875024870037,-0.0111849623633971,2.38254264097578,-2.98765138719483,0,-0.0123486128051691,2.49404530921804
11.272,-2.98883171829857,-3,-0.0166749129246858,-0.0111682817014316,2.38255871877186,-2.98765138719483,0,-0.0123486128051691,2.49390143858981
11.275,-2.98888168424551,-3,-0.0166367134118522,-0.0111183157544943,2.38260688047919,-2.98765138719483,0,-0.0123486128051691,2.49346393617193
11.276,-2.98889831397732,-3,-0.0166238388172712,-0.0111016860226827,2.38262291025394,-2.98765138719483,0,-0.0123486128051691,2.49331613852158
11.279,-2.98894812544192,-3,-0.0165847998238601,-0.0110518745580848,2.3826709262298,-2.98765138719483,0,-0.0123486128051691,2.49286685503734
11.28,-2.98896470312428,-3,-0.0165716505530052,-0.011035296875717,2.3826869068798,-2.98765138719483,0,-0.0123486128051691,2.49271513036486
11.283,-2.98901435681034,-3,-0.0165318027553086,-0.0109856431896573,2.38273477387334,-2.98765138719483,0,-0.0123486128051691,2.49225406581425
11.284,-2.98903088136488,-3,-0.0165183889044176,-0.0109691186351242,2.38275070433482,-2.98765138719483,0,-0.0123486128051691,2.49209841411966
11.287,-2.98908037409736,-3,-0.0164777622087048,-0.0109196259026447,2.38279841921353,-2.98765138719483,0,-0.0123486128051691,2.49162556850268
11.288,-2.98909684448554,-3,-0.0164640936202632,-0.0109031555144625,2.38281429846159,-2.98765138719483,0,-0.0123486128051691,2.49146598978596
11.291,-2.9891461732075,-3,-0.0164227171804604,-0.0108538267924967,2.38286185820786,-2.98765138719483,0,-0.0123486128051691,2.49098136310262
11.292,-2.98916258842969,-3,-0.0164088034491803,-0.0108374115703107,2.38287768525554,-2.98765138719483,0,-0.0123486128051691,2.49081785736378
11.295,-2.98921175019934,-3,-0.016366705684594,-0.010788249800656,2.3829250869641,-2.98765138719483,0,-0.0123486128051691,2.49032144961407
11.296,-2.98922810929378,-3,-0.0163525561631057,-0.01077189070622,2.3829408608614,-2.98765138719483,0,-0.0123486128051691,2.49015401685311
11.299,-2.98927710128156,-3,-0.0163097647750208,-0.01072289871844,2.3829881017366,-2.98765138719483,0,-0.0123486128051691,2.48964582803703
11.3,-2.98929340332343,-3,-0.0162953885793883,-0.0107065966765747,2.38300382156939,-2.98765138719483,0,-0.0123486128051691,2.48947446825395
11.303,-2.98934222280916,-3,-0.0162519305679212,-0.0106577771908398,2.38305089892231,-2.98765138719483,0,-0.0123486128051691,2.4889544983715
11.304,-2.98935846690964,-3,-0.0162373365831884,-0.0106415330903631,2.38306656381195,-2.98765138719483,0,-0.0123486128051691,2.4887792115663
11.307,-2.98940711127978,-3,-0.0161932382629452,-0.0105928887202222,2.38311347505735,-2.98765138719483,0,-0.0123486128051691,2.48824746061749
11.308,-2.98942329658513,-3,-0.0161784351484519,-0.0105767034148707,2.38312908415886,-2.98765138719483,0,-0.0123486128051691,2.48806824679016
11.311,-2.98947176333004,-3,-0.0161337221657229,-0.0105282366699626,2.38317582681292,-2.98765138719483,0,-0.0123486128051691,2.48752471477498
11.312,-2.98948788902073,-3,-0.016118718360556,-0.010512110979275,2.38319137931522,-2.98765138719483,0,-0.0123486128051691,2.48734157392553
11.315,-2.98953617573203,-3,-0.0160734157077287,-0.010463824267966,2.3832379509931,-2.98765138719483,0,-0.0123486128051691,2.48678626084399
11.316,-2.98955224102184,-3,-0.0160582194355301,-0.0104477589781609,2.38325344611723,-2.98765138719483,0,-0.0123486128051691,2.48659919297241
11.319,-2.98960034538987,-3,-0.0160123514666811,-0.0103996546101341,2.3832998445302,-2.98765138719483,0,-0.0123486128051691,2.4860320988245
11.32,-2.98961634952504,-3,-0.0159969707408949,-0.0103836504749584,2.38331528152894,-2.98765138719483,0,-0.0123486128051691,2.48584110393081
11.323,-2.98966426933626,-3,-0.0159505611868857,-0.0103357306637357,2.3833615044822,-2.98765138719483,0,-0.0123486128051691,2.48526222871653
11.324,-2.98968021159471,-3,-0.0159350038155742,-0.0103197884052939,2.38337688263946,-2.98765138719483,0,-0.0123486128051691,2.48506730680071
11.327,-2.9897279447293,-3,-0.015888075798142,-0.0102720552707032,2.3834229280292,-2.98765138719483,0,-0.0123486128051691,2.48447665052007
11.328,-2.98974382441973,-3,-0.0158723493888488,-0.0102561755802744,2.38343824665869,-2.98765138719483,0,-0.0123486128051691,2.48427780158213
11.331,-2.98979136884915,-3,-0.0158249254351528,-0.0102086311508458,2.38348411247121,-2.98765138719483,0,-0.0123486128051691,2.48367536423512
11.332,-2.98980718531033,-3,-0.0158090373992639,-0.0101928146896713,2.38349937091611,-2.98765138719483,0,-0.0123486128051691,2.48347258827506
11.335,-2.989854539095,-3,-0.0157611394550977,-0.0101454609050036,2.38354505522351,-2.98765138719483,0,-0.0123486128051691,2.48285836986168
11.336,-2.98987029169494,-3,-0.0157450970127769,-0.0101297083050644,2.38356025285559,-2.98765138719483,0,-0.0123486128051691,2.4826516668795
11.339,-2.98991745298189,-3,-0.0156967464568049,-0.0100825470181114,2.38360575381501,-2.98765138719483,0,-0.0123486128051691,2.48202566739976
11.34,-2.98993314111711,-3,-0.0156805566412441,-0.0100668588828863,2.38362089003362,-2.98765138719483,0,-0.0123486128051691,2.48181503739545
11.343,-2.9899801081378,-3,-0.0156317742980696,-0.010019891862203,2.38366620588464,-2.98765138719483,0,-0.0123486128051691,2.48117725684934
11.344,-2.9899957312326,-3,-0.0156154439599428,-0.010004268767402,2.3836812801166,-2.98765138719483,0,-0.0123486128051691,2.48096269982291
11.347,-2.99004250230066,-3,-0.0155662501125812,-0.00995749769933552,2.38372640917879,-2.98765138719483,0,-0.0123486128051691,2.48031313821044
11.348,-2.99005805980637,-3,-0.0155497859242703,-0.00994194019362782,2.38374142087703,-2.98765138719483,0,-0.0123486128051691,2.48009465416188
11.351,-2.99010463331554,-3,-0.0155002003276122,-0.00989536668445679,2.38378636154832,-2.98765138719483,0,-0.0123486128051691,2.47943331148304
11.352,-2.99012012470983,-3,-0.0154836087874295,-0.00987987529017076,2.38380131019168,-2.98765138719483,0,-0.0123486128051691,2.47921090041237
11.355,-2.99016649913181,-3,-0.015433650679995,-0.00983350086819268,2.38384606094625,-2.98765138719483,0,-0.0123486128051691,2.47853777666716
11.356,-2.99018192391799,-3,-0.0154169381161385,-0.00981807608200702,2.38386094603848,-2.98765138719483,0,-0.0123486128051691,2.47831143857436
11.359,-2.99022809780042,-3,-0.0153666262322206,-0.00977190219958102,2.38390550542455,-2.98765138719483,0,-0.0123486128051691,2.47762653376279
11.36,-2.9902434555068,-3,-0.0153497988068749,-0.0097565444931953,2.38392032649388,-2.98765138719483,0,-0.0123486128051691,2.47739626864787
11.363,-2.99028942747127,-3,-0.0152991513885783,-0.00971057252873342,2.38396469313208,-2.98765138719483,0,-0.0123486128051691,2.47669958276993
11.364,-2.99030471765048,-3,-0.015282215101702,-0.00969528234952399,2.38397944973059,-2.98765138719483,0,-0.0123486128051691,2.47646539063289
11.367,-2.99035048639056,-3,-0.0152312499100994,-0.00964951360944033,2.38402362231149,-2.98765138719483,0,-0.0123486128051691,2.47575692368858
11.368,-2.9903657086189,-3,-0.0152142106033472,-0.00963429138110383,2.3840383140143,-2.98765138719483,0,-0.0123486128051691,2.47551880452941
11.371,-2.99041127289829,-3,-0.0151629449300768,-0.00958872710170633,2.3840822912978,-2.98765138719483,0,-0.0123486128051691,2.47479855651874
11.372,-2.99042642677512,-3,-0.0151458082902367,-0.00957357322488406,2.38409691770244,-2.98765138719483,0,-0.0123486128051691,2.47455651033745
11.375,-2.99047178542575,-3,-0.0150942589684245,-0.00952821457424724,2.38414069851395,-2.98765138719483,0,-0.0123486128051691,2.47382448126042
11.376,-2.99048687057286,-3,-0.0150770305315665,-0.00951312942713622,2.38415525924017,-2.98765138719483,0,-0.0123486128051691,2.47357850805701
11.379,-2.9905320224931,-3,-0.0150252139468454,-0.0094679775068971,2.38419884247088,-2.98765138719483,0,-0.0123486128051691,2.4728346979136
11.38,-2.99054703855415,-3,-0.0150078991014165,-0.00945296144584917,2.38421333715948,-2.98765138719483,0,-0.0123486128051691,2.47258479768807
11.383,-2.99059198270702,-3,-0.014955831201987,-0.00940801729297913,2.38425672176415,-2.98765138719483,0,-0.0123486128051691,2.47182920647829
11.384,-2.99060692934692,-3,-0.0149384351922504,-0.00939307065308004,2.38427115007692,-2.98765138719483,0,-0.0123486128051691,2.47157537923064
11.387,-2.99065166475837,-3,-0.0148861314990461,-0.0093483352416257,2.3843143350707,-2.98765138719483,0,-0.0123486128051691,2.4708080069545
11.388,-2.99066654166273,-3,-0.0148686594288725,-0.0093334583372684,2.38432869668958,-2.98765138719483,0,-0.0123486128051691,2.47055025268473
11.391,-2.99071106741997,-3,-0.0148161350465901,-0.00928893258002716,2.38437168114827,-2.98765138719483,0,-0.0123486128051691,2.46977109934222
11.392,-2.99072587429454,-3,-0.0147985918824733,-0.00927412570546382,2.38438597577512,-2.98765138719483,0,-0.0123486128051691,2.46950941805032
11.395,-2.99077018954437,-3,-0.0147458615080761,-0.00922981045563187,2.38442875883283,-2.98765138719483,0,-0.0123486128051691,2.46871848364145
11.396,-2.99078492611448,-3,-0.0147282520822892,-0.00921507388552056,2.38444298618838,-2.98765138719483,0,-0.0123486128051691,2.46845287532743
11.399,-2.99082903006169,-3,-0.0146753300156058,-0.00917096993831112,2.38448556703546,-2.98765138719483,0,-0.0123486128051691,2.46765015985219
11.4,-2.99084369607176,-3,-0.0146576590296753,-0.00915630392824385,2.38449972685919,-2.98765138719483,0,-0.0123486128051691,2.46738062451605
11.403,-2.99088758797755,-3,-0.0146045591823786,-0.00911241202244595,2.3845421047419,-2.98765138719483,0,-0.0123486128051691,2.46656612797444
11.404,-2.99090218319053,-3,-0.0145868312098423,-0.00909781680946686,2.3845561967913,-2.98765138719483,0,-0.0123486128051691,2.46629266561618
11.407,-2.99094586237101,-3,-0.01453356711464,-0.00905413762899121,2.38459837100894,-2.98765138719483,0,-0.0123486128051691,2.46546638800821
11.408,-2.9909603865679,-3,-0.0145157866044045,-0.00903961343209936,2.38461239505946,-2.98765138719483,0,-0.0123486128051691,2.46518899862782
11.411,-2.99100385239253,-3,-0.01446237142418,-0.00899614760746736,2.38465436496402,-2.98765138719483,0,-0.0123486128051691,2.46435093995348
11.412,-2.99101830537189,-3,-0.0144445427031556,-0.00898169462811094,2.38466832080831,-2.98765138719483,0,-0.0123486128051691,2.46406962355097
11.415,-2.99106155726208,-3,-0.0143909892391397,-0.00893844273792199,2.38471008580219,-2.98765138719483,0,-0.0123486128051691,2.46321978381026
11.416,-2.99107593883952,-3,-0.0143731165153041,-0.00892406116048372,2.3847239732493,-2.98765138719483,0,-0.0123486128051691,2.46293454038563
11.419,-2.99111897626716,-3,-0.0143194372164106,-0.00888102373283894,2.38476553278478,-2.98765138719483,0,-0.0123486128051691,2.46207291957856
11.42,-2.9911332862749,-3,-0.0143015245815591,-0.00886671372510328,2.38477935166002,-2.98765138719483,0,-0.0123486128051691,2.46178374913181
11.423,-2.991176108761,-3,-0.0142477315523514,-0.00882389123900351,2.3848207052372,-2.98765138719483,0,-0.0123486128051691,2.46091034725837
11.424,-2.99119034704739,-3,-0.0142297829849542,-0.00880965295261404,2.38483445538194,-2.98765138719483,0,-0.0123486128051691,2.46061724978949
11.427,-2.99123295416068,-3,-0.0141758879938346,-0.00876704583931787,2.38487560254779,-2.98765138719483,0,-0.0123486128051691,2.45973206684969
11.428,-2.99124712058977,-3,-0.0141579073615843,-0.00875287941022806,2.38488928381866,-2.98765138719483,0,-0.0123486128051691,2.45943504235869
11.431,-2.99128951194542,-3,-0.0141039218487081,-0.00871048805458008,2.38493022416568,-2.98765138719483,0,-0.0123486128051691,2.45853807835252
11.432,-2.99130360639651,-3,-0.0140859129111677,-0.00869639360348984,2.38494383643424,-2.98765138719483,0,-0.0123486128051691,2.4582371268394
11.435,-2.99134578165478,-3,-0.0140318479961813,-0.00865421834522229,2.38498456959865,-2.98765138719483,0,-0.0123486128051691,2.45732838176686
11.436,-2.99135980402199,-3,-0.0140138144075503,-0.00864019597800691,2.38499811275091,-2.98765138719483,0,-0.0123486128051691,2.45702350323162
11.439,-2.991401762887,-3,-0.0139596808978081,-0.00859823711299779,2.38503863841269,-2.98765138719483,0,-0.0123486128051691,2.45610297709271
11.44,-2.99141571307888,-3,-0.0139416262091496,-0.0085842869211219,2.38505211234888,-2.98765138719483,0,-0.0123486128051691,2.45579417153535
11.443,-2.99145745529736,-3,-0.0138874346062421,-0.00854254470263793,2.38509243022918,-2.98765138719483,0,-0.0123486128051691,2.45486186433008
11.444,-2.99147133323644,-3,-0.0138693622681359,-0.00852866676356445,2.38510583486323,-2.98765138719483,0,-0.0123486128051691,2.45454913175059
11.447,-2.99151285859653,-3,-0.0138151227758406,-0.00848714140346596,2.38514594472386,-2.98765138719483,0,-0.0123486128051691,2.45360504347895
11.448,-2.99152666421895,-3,-0.0137970361407697,-0.00847333578105225,2.38515927998317,-2.98765138719483,0,-0.0123486128051691,2.45328838387734
11.451,-2.99156797254903,-3,-0.0137427586719236,-0.00843202745096683,2.38519918162572,-2.98765138719483,0,-0.0123486128051691,2.45233251453934
11.452,-2.99158170580414,-3,-0.0137246609964215,-0.00841829419585594,2.38521244745027,-2.98765138719483,0,-0.0123486128051691,2.45201192791561
11.455,-2.99162279697167,-3,-0.0136703551799532,-0.00837720302833445,2.38525214071431,-2.98765138719483,0,-0.0123486128051691,2.45104427751123
11.456,-2.99163645782167,-3,-0.01365224962719,-0.00836354217832724,2.38526533705721,-2.98765138719483,0,-0.0123486128051691,2.45071976386538
11.459,-2.99167733173204,-3,-0.0135979248147172,-0.00832266826796113,2.38530482181967,-2.98765138719483,0,-0.0123486128051691,2.44974033239464
11.46,-2.99169092015161,-3,-0.0135798144564683,-0.00830907984839424,2.38531794864568,-2.98765138719483,0,-0.0123486128051691,2.44941189172667
11.463,-2.99173157674709,-3,-0.0135254797293839,-0.00826842325291421,2.38535722481963,-2.98765138719483,0,-0.0123486128051691,2.44842067918956
11.464,-2.99174509272299,-3,-0.0135073675484675,-0.00825490727701261,2.38537028210588,-2.98765138719483,0,-0.0123486128051691,2.44808831149946
11.467,-2.99178553198165,-3,-0.0134530317238104,-0.00821446801835268,2.38540934963972,-2.98765138719483,0,-0.0123486128051691,2.44708531789599
11.468,-2.99179897551241,-3,-0.0134349206159343,-0.00820102448758675,2.38542233737462,-2.98765138719483,0,-0.0123486128051691,2.44674902318377
11.471,-2.99183919744707,-3,-0.0133805922530133,-0.0081608025529345,2.38546119625044,-2.98765138719483,0,-0.0123486128051691,2.44573424851393
11.472,-2.99185256854264,-3,-0.0133624850291461,-0.00814743145736196,2.38547411443371,-2.98765138719483,0,-0.0123486128051691,2.44539402677959
11.475,-2.99189257319983,-3,-0.0133081724359546,-0.0081074268001724,2.38551276466697,-2.98765138719483,0,-0.0123486128051691,2.44436747104339
11.476,-2.99190587188123,-3,-0.0132900718242187,-0.00809412811877452,2.38552561330913,-2.98765138719483,0,-0.0123486128051691,2.44402332228692
11.479,-2.99194565934023,-3,-0.0132357830633804,-0.00805434065976574,2.38556405494736,-2.98765138719483,0,-0.0123486128051691,2.44298498548435
11.48,-2.99195888563923,-3,-0.0132176917111013,-0.00804111436077326,2.38557683406957,-2.98765138719483,0,-0.0123486128051691,2.44263690970577
11.483,-2.99199845601111,-3,-0.0131634346054602,-0.00800154398889275,2.38561506719172,-2.98765138719483,0,-0.0123486128051691,2.44158679183683
11.484,-2.99201160996989,-3,-0.013145355080994,-0.00798839003010743,2.3856277768252,-2.98765138719483,0,-0.0123486128051691,2.44123478903612
11.487,-2.99205096339652,-3,-0.0130911372198022,-0.00794903660348423,2.38566580154028,-2.98765138719483,0,-0.0123486128051691,2.44017289010081
11.488,-2.99206404506741,-3,-0.0130730720146088,-0.00793595493258614,2.38567844172659,-2.98765138719483,0,-0.0123486128051691,2.43981696027798
11.491,-2.99210318172055,-3,-0.0130189007587059,-0.0078968182794501,2.38571625817302,-2.98765138719483,0,-0.0123486128051691,2.43874328027631
11.492,-2.99211619116569,-3,-0.013000852289036,-0.00788380883430895,2.38572882896281,-2.98765138719483,0,-0.0123486128051691,2.43838342343136
11.495,-2.99215511124611,-3,-0.0129467347768525,-0.00784488875389266,2.38576643730778,-2.98765138719483,0,-0.0123486128051691,2.43729796236332
11.496,-2.99216804853714,-3,-0.0129287053856757,-0.00783195146285687,2.3857789387615,-2.98765138719483,0,-0.0123486128051691,2.43693417849625
11.499,-2.99220675227372,-3,-0.0128746485382777,-0.00779324772628076,2.38581633919928,-2.98765138719483,0,-0.0123486128051691,2.43583693636184
11.5,-2.99221961749153,-3,-0.0128566404971183,-0.00778038250847368,2.38582877138615,-2.98765138719483,0,-0.0123486128051691,2.43546922547264
11.503,-2.9922581051404,-3,-0.0128026510239928,-0.00774189485959864,2.38586596413817,-2.98765138719483,0,-0.0123486128051691,2.43436020227187
11.504,-2.9922708983748,-3,-0.0127846665346328,-0.00772910162519524,2.38587832713656,-2.98765138719483,0,-0.0123486128051691,2.43398856436055
11.507,-2.99230917021854,-3,-0.0127307509381709,-0.00769082978145752,2.38591531245055,-2.98765138719483,0,-0.0123486128051691,2.43286776009341
11.508,-2.99232189156804,-3,-0.0127127921340783,-0.00767810843196459,2.38592760634707,-2.98765138719483,0,-0.0123486128051691,2.43249219515997
11.511,-2.9923599479148,-3,-0.0126589567148012,-0.00764005208520313,2.38596438449519,-2.98765138719483,0,-0.0123486128051691,2.43135960982647
11.512,-2.99237259748627,-3,-0.0126410256632274,-0.00762740251372751,2.38597660938475,-2.98765138719483,0,-0.0123486128051691,2.4309801178709
11.515,-2.99241043866903,-3,-0.0125872765250801,-0.00758956133097,2.38601318066431,-2.98765138719483,0,-0.0123486128051691,2.42983575147103
11.516,-2.99242301657752,-3,-0.0125693752283516,-0.00757698342247792,2.38602533665005,-2.98765138719483,0,-0.0123486128051691,2.42945233249335
11.519,-2.99246064295328,-3,-0.0125157182827433,-0.00753935704672415,2.38606170138169,-2.98765138719483,0,-0.0123486128051691,2.42829618502711
11.52,-2.9924731493217,-3,-0.0124978486798976,-0.0075268506783015,2.38607378857429,-2.98765138719483,0,-0.0123486128051691,2.4279088390273
11.523,-2.99251056127072,-3,-0.0124442896511414,-0.00748943872928454,2.38610994710141,-2.98765138719483,0,-0.0123486128051691,2.42674091049469
11.524,-2.99252299622962,-3,-0.0124264536196222,-0.00747700377038463,2.38612196561917,-2.98765138719483,0,-0.0123486128051691,2.42634963747277
11.527,-2.9925601941547,-3,-0.012372998049154,-0.00743980584530446,2.38615791830778,-2.98765138719483,0,-0.0123486128051691,2.42516992787379
11.528,-2.99257255784201,-3,-0.0123551974061202,-0.00742744215799407,2.38616986827597,-2.98765138719483,0,-0.0123486128051691,2.42477472782974
11.531,-2.99260954216775,-3,-0.0123018506572336,-0.00739045783224679,2.38620561551329,-2.98765138719483,0,-0.0123486128051691,2.4235832371644
11.532,-2.99262183472856,-3,-0.0122840871612569,-0.00737816527143798,2.38621749706477,-2.98765138719483,0,-0.0123486128051691,2.42318411009823
11.535,-2.99265860590068,-3,-0.0122308544230039,-0.00734139409931744,2.38625303925864,-2.98765138719483,0,-0.0123486128051691,2.42198083836652
11.536,-2.99267082748699,-3,-0.0122131297753768,-0.00732917251300602,2.3862648525328,-2.98765138719483,0,-0.0123486128051691,2.42157778427823
11.539,-2.99270738597161,-3,-0.0121600160675173,-0.0072926140283891,2.38630019011161,-2.98765138719483,0,-0.0123486128051691,2.42036273148016
11.54,-2.99271953674212,-3,-0.012142331913608,-0.00728046325787801,2.38631193525442,-2.98765138719483,0,-0.0123486128051691,2.41995575036974
11.543,-2.9927558830251,-3,-0.0120893420900261,-0.00724411697489558,2.38634706866595,-2.98765138719483,0,-0.0123486128051691,2.4187289165053
11.544,-2.99276796314498,-3,-0.0120717000206993,-0.00723203685501517,2.38635874582985,-2.98765138719483,0,-0.0123486128051691,2.41831800837276
11.547,-2.99280409773129,-3,-0.0120188387738845,-0.00719590226870936,2.38639367554045,-2.98765138719483,0,-0.0123486128051691,2.41707939344195
11.548,-2.99281610737197,-3,-0.0120012403269212,-0.00718389262803321,2.38640528488409,-2.98765138719483,0,-0.0123486128051691,2.41666455828729
11.551,-2.99285203078501,-3,-0.0119485121919806,-0.00714796921499117,2.38644001137857,-2.98765138719483,0,-0.0123486128051691,2.41541416229012
11.552,-2.99286397012395,-3,-0.0119309588532791,-0.00713602987604833,2.3864515530663,-2.98765138719483,0,-0.0123486128051691,2.41499540011334
11.555,-2.99289968290497,-3,-0.0118783682118782,-0.00710031709502568,2.38648607684712,-2.98765138719483,0,-0.0123486128051691,2.4137332230498
11.556,-2.9929115521255,-3,-0.011860861416827,-0.00708844787450102,2.38649755104932,-2.98765138719483,0,-0.0123486128051691,2.41331053385089
11.559,-2.99294705483297,-3,-0.0118084125007453,-0.00705294516703026,2.38653187263569,-2.98765138719483,0,-0.0123486128051691,2.41203657572099
11.56,-2.99295885412403,-3,-0.0117909536354814,-0.00704114587596649,2.38654327952834,-2.98765138719483,0,-0.0123486128051691,2.41160995949996
11.563,-2.99299414733306,-3,-0.0117386505305932,-0.00700585266694453,2.38657739945624,-2.98765138719483,0,-0.0123486128051691,2.41032422030368
11.564,-2.99300587688906,-3,-0.0117212409330903,-0.00699412311093717,2.38658873922059,-2.98765138719483,0,-0.0123486128051691,2.40989367706053
11.567,-2.9930409611908,-3,-0.0116690875826286,-0.0069590388092049,2.38662265804168,-2.98765138719483,0,-0.0123486128051691,2.40859615679789
11.568,-2.99305262121141,-3,-0.0116517285440172,-0.00694737878859097,2.38663393086427,-2.98765138719483,0,-0.0123486128051691,2.40816168653262
11.571,-2.9930874972125,-3,-0.0115997287524642,-0.00691250278749722,2.38666764914538,-2.98765138719483,0,-0.0123486128051691,2.40685238520362
11.572,-2.99309908790246,-3,-0.0115824215182214,-0.00690091209754407,2.38667885521749,-2.98765138719483,0,-0.0123486128051691,2.40641398791622
11.575,-2.99313375622451,-3,-0.0115305789548721,-0.00686624377548695,2.38671237354093,-2.98765138719483,0,-0.0123486128051691,2.40509290552085
11.576,-2.99314527779343,-3,-0.0115133247258003,-0.00685472220656536,2.38672351305913,-2.98765138719483,0,-0.0123486128051691,2.40465058121133
11.579,-2.99317973907246,-3,-0.0114616429275088,-0.00682026092753896,2.38675683202048,-2.98765138719483,0,-0.0123486128051691,2.40331771774959
11.58,-2.99319119173469,-3,-0.0114444428610885,-0.0068088082653075,2.38676790518563,-2.98765138719483,0,-0.0123486128051691,2.40287146641795
11.583,-2.99322544662059,-3,-0.0113929252364128,-0.00677455337941169,2.38680102539501,-2.98765138719483,0,-0.0123486128051691,2.40152682188985
11.584,-2.99323683059502,-3,-0.0113757804477114,-0.00676316940498189,2.38681203241276,-2.98765138719483,0,-0.0123486128051691,2.40107664353608
11.587,-2.99327087975106,-3,-0.011324430279547,-0.00672912024893657,2.38684495449332,-2.98765138719483,0,-0.0123486128051691,2.39972021794161
11.588,-2.99328219526096,-3,-0.0113073418422753,-0.00671780473904393,2.38685589557347,-2.98765138719483,0,-0.0123486128051691,2.39926611256573
11.591,-2.99331603936332,-3,-0.0112561622910757,-0.00668396063668375,2.38688862016105,-2.98765138719483,0,-0.0123486128051691,2.39789790590489
11.592,-2.99332728663615,-3,-0.0112391312387318,-0.00667271336384978,2.38689949551763,-2.98765138719483,0,-0.0123486128051691,2.39743987350688
11.595,-2.99336092637339,-3,-0.011188125345938,-0.00663907362660909,2.38693202326027,-2.98765138719483,0,-0.0123486128051691,2.39605988577968
11.596,-2.9933721056407,-3,-0.0111711526728585,-0.00662789435929989,2.3869428331114,-2.98765138719483,0,-0.0123486128051691,2.39559792635955
11.599,-2.99340554171332,-3,-0.0111203233634614,-0.00659445828667549,2.38697516466955,-2.98765138719483,0,-0.0123486128051691,2.39420615756598
11.6,-2.99341665321054,-3,-0.0111034100255462,-0.0065833467894576,2.38698590923706,-2.98765138719483,0,-0.0123486128051691,2.39374027112373
11.603,-2.99344988633052,-3,-0.0110527601114698,-0.00655011366948344,2.38701804528159,-2.98765138719483,0,-0.0123486128051691,2.39233672126379
11.604,-2.99346093029683,-3,-0.0110359070276189,-0.00653906970317486,2.38702872479116,-2.98765138719483,0,-0.0123486128051691,2.39186690779942
11.607,-2.99349396118715,-3,-0.0109854392106435,-0.00650603881285239,2.38706066600491,-2.98765138719483,0,-0.0123486128051691,2.39045157687311
11.608,-2.99350493786533,-3,-0.0109686472632456,-0.00649506213466644,2.38707128068599,-2.98765138719483,0,-0.0123486128051691,2.38997783638662
11.611,-2.99353776725959,-3,-0.0109183641367804,-0.00646223274040691,2.38710302776204,-2.98765138719483,0,-0.0123486128051691,2.38855072439394
11.612,-2.9935486768959,-3,-0.0109016341726795,-0.00645132310410101,2.3871135778472,-2.98765138719483,0,-0.0123486128051691,2.38807305688532
11.615,-2.99358130553784,-3,-0.0108515382253692,-0.00641869446215537,2.38714513148837,-2.98765138719483,0,-0.0123486128051691,2.38663416382629
11.616,-2.99359214838183,-3,-0.0108348710570567,-0.00640785161816826,2.38715561721359,-2.98765138719483,0,-0.0123486128051691,2.38615256929554
11.619,-2.99362457702496,-3,-0.0107849646758591,-0.0063754229750379,2.38718697813267,-2.98765138719483,0,-0.0123486128051691,2.38470189517014
11.62,-2.99363535332937,-3,-0.0107683610822049,-0.00636464667062731,2.38719739973697,-2.98765138719483,0,-0.0123486128051691,2.38421637361728
11.623,-2.99366758273653,-3,-0.0107186465543716,-0.00633241726346556,2.38722856865616,-2.98765138719483,0,-0.0123486128051691,2.38275391842551
11.624,-2.99367829275716,-3,-0.0107021072815004,-0.00632170724283565,2.38723892638207,-2.98765138719483,0,-0.0123486128051691,2.38226446985052
11.627,-2.99371032370016,-3,-0.0106525867968463,-0.00628967629984167,2.38726990403241,-2.98765138719483,0,-0.0123486128051691,2.38079023359239
11.628,-2.99372096769572,-3,-0.0106361125588365,-0.00627903230428117,2.38728019812478,-2.98765138719483,0,-0.0123486128051691,2.38029685799528
11.631,-2.99375280095491,-3,-0.0105867882131435,-0.00624719904508675,2.3873109852458,-2.98765138719483,0,-0.0123486128051691,2.37881084067078
11.632,-2.99376337918691,-3,-0.0105703796931046,-0.00623662081308796,2.38732121595263,-2.98765138719483,0,-0.0123486128051691,2.37831353805154
11.635,-2.99379501555088,-3,-0.0105212534897517,-0.00620498444912432,2.38735181329233,-2.98765138719483,0,-0.0123486128051691,2.37681573966067
11.636,-2.99380552828349,-3,-0.0105049113403886,-0.00619447171650789,2.38736198086425,-2.98765138719483,0,-0.0123486128051691,2.37631451001932
11.639,-2.99383696854862,-3,-0.0104559851930257,-0.00616303145137653,2.38739238917804,-2.98765138719483,0,-0.0123486128051691,2.37480493056209
11.64,-2.99384741604859,-3,-0.0104397100375951,-0.00615258395141227,2.38740249386823,-2.98765138719483,0,-0.0123486128051691,2.37429977389861
11.643,-2.99387866101877,-3,-0.0103909857725974,-0.00612133898123446,2.38743271391921,-2.98765138719483,0,-0.0123486128051691,2.37277841337501
11.644,-2.99388904355524,-3,-0.0103747782056109,-0.00611095644475723,2.38744275598325,-2.98765138719483,0,-0.0123486128051691,2.37226932968941
11.647,-2.99392009404148,-3,-0.0103262575641751,-0.00607990595851726,2.38747278854198,-2.98765138719483,0,-0.0123486128051691,2.37073618809944
11.648,-2.99393041188596,-3,-0.0103101181520295,-0.00606958811404112,2.38748276823762,-2.98765138719483,0,-0.0123486128051691,2.37022317739172
11.651,-2.99396126870607,-3,-0.010261802792592,-0.0060387312939314,2.38751261408086,-2.98765138719483,0,-0.0123486128051691,2.36867825473539
11.652,-2.99397152213224,-3,-0.0102457320746156,-0.00602847786775706,2.38752253166848,-2.98765138719483,0,-0.0123486128051691,2.36816131700555
11.655,-2.99400218611051,-3,-0.0101976235745676,-0.00599781388949117,2.38755219158026,-2.98765138719483,0,-0.0123486128051691,2.36660461328284
11.656,-2.99401237539418,-3,-0.0101816220632722,-0.00598762460581792,2.38756204732196,-2.98765138719483,0,-0.0123486128051691,2.36608374853088
11.659,-2.99404284736103,-3,-0.0101337219215399,-0.00595715263896501,2.38759152209171,-2.98765138719483,0,-0.0123486128051691,2.36451526374181
11.66,-2.99405297278001,-3,-0.0101177901037825,-0.00594702721999285,2.38760131625182,-2.98765138719483,0,-0.0123486128051691,2.36399047196773
11.663,-2.99408325357172,-3,-0.0100700997428132,-0.00591674642827744,2.38763060667528,-2.98765138719483,0,-0.0123486128051691,2.36241020611229
11.664,-2.99409331540569,-3,-0.0100542380802291,-0.00590668459431054,2.38764033951995,-2.98765138719483,0,-0.0123486128051691,2.36188148731608
11.667,-2.99412340586409,-3,-0.010006758847833,-0.00587659413591357,2.38766944639885,-2.98765138719483,0,-0.0123486128051691,2.36028944039428
11.668,-2.99413340439454,-3,-0.0099909677773688,-0.0058665956054571,2.38767911819616,-2.98765138719483,0,-0.0123486128051691,2.35975679457595
11.671,-2.99416330536668,-3,-0.00994370094855318,-0.00583669463332237,2.38770804233651,-2.98765138719483,0,-0.0123486128051691,2.35815296658778
11.672,-2.99417324087682,-3,-0.00992798088349236,-0.00582675912318464,2.38771765335599,-2.98765138719483,0,-0.0123486128051691,2.35761639374733
11.675,-2.99420295321471,-3,-0.00988092766304543,-0.00579704678529103,2.38774639556976,-2.98765138719483,0,-0.0123486128051691,2.35600078469279
11.676,-2.99421282598933,-3,-0.00986527899335726,-0.00578717401067186,2.38775594608283,-2.98765138719483,0,-0.0123486128051691,2.35546028483022
11.679,-2.99424235054968,-3,-0.00981844051698831,-0.00575764945031887,2.38778450718653,-2.98765138719483,0,-0.0123486128051691,2.35383289470931
11.68,-2.9942521608751,-3,-0.00980286360994827,-0.0057478391249024,2.38779399746622,-2.98765138719483,0,-0.0123486128051691,2.35328846782462
11.683,-2.99428149851901,-3,-0.00975624094626407,-0.00571850148098507,2.38782237828029,-2.98765138719483,0,-0.0123486128051691,2.35164929663735
11.684,-2.99429124668297,-3,-0.00974073614723411,-0.00570875331703435,2.3878318086007,-2.98765138719483,0,-0.0123486128051691,2.35110094273053
11.687,-2.9943203982757,-3,-0.0096943303001283,-0.00567960172429993,2.38786000995047,-2.98765138719483,0,-0.0123486128051691,2.34944999047689
11.688,-2.99433008456726,-3,-0.00967889793303782,-0.00566991543273643,2.38786938058744,-2.98765138719483,0,-0.0123486128051691,2.34889770954795
11.691,-2.99435905097795,-3,-0.00963270984266356,-0.00564094902204504,2.38789740330203,-2.98765138719483,0,-0.0123486128051691,2.34723497622795
11.692,-2.99436867568746,-3,-0.00961735021051226,-0.00563132431253743,2.38790671453254,-2.98765138719483,0,-0.0123486128051691,2.34667876827689
11.695,-2.99439745778888,-3,-0.00957138075545032,-0.005602542211117,2.38793455944429,-2.98765138719483,0,-0.0123486128051691,2.34500425389052
11.696,-2.99440702120784,-3,-0.00955609414112418,-0.00559297879216381,2.38794381154648,-2.98765138719483,0,-0.0123486128051691,2.34444411891733
11.699,-2.99443561987616,-3,-0.00951034414021932,-0.00556438012384275,2.3879714794921,-2.98765138719483,0,-0.0123486128051691,2.3427578234646
11.7,-2.99444512229715,-3,-0.00949513080670277,-0.00555487770284913,2.38798067274535,-2.98765138719483,0,-0.0123486128051691,2.34219376146929
11.703,-2.9944735384117,-3,-0.0094496010196745,-0.00552646158829795,2.38800816456456,-2.98765138719483,0,-0.0123486128051691,2.34049568495019
11.704,-2.99448298012834,-3,-0.00943446121064985,-0.00551701987165609,2.38801729924919,-2.98765138719483,0,-0.0123486128051691,2.33992769593276
11.707,-2.99451121457137,-3,-0.00938915234071579,-0.00548878542862763,2.38804461578391,-2.98765138719483,0,-0.0123486128051691,2.33821783834729
11.708,-2.99452059587821,-3,-0.00937408628145388,-0.00547940412179448,2.38805369218109,-2.98765138719483,0,-0.0123486128051691,2.33764592230774
11.711,-2.99454864953467,-3,-0.00932899897701455,-0.00545135046533352,2.38808083427701,-2.98765138719483,0,-0.0123486128051691,2.3359242836559
11.712,-2.9945579707271,-3,-0.00931400687454939,-0.00544202927289783,2.38808985266923,-2.98765138719483,0,-0.0123486128051691,2.33534844059423
11.715,-2.99458584448443,-3,-0.00926914172982128,-0.00541415551556623,2.38811682117425,-2.98765138719483,0,-0.0123486128051691,2.33361502087602
11.716,-2.99459510585867,-3,-0.00925422377343384,-0.00540489414132672,2.38812578184452,-2.98765138719483,0,-0.0123486128051691,2.33303525079223
11.719,-2.99462280060659,-3,-0.00920958133027906,-0.0053771993934113,2.38815257760922,-2.98765138719483,0,-0.0123486128051691,2.33129005000766
11.72,-2.99463200245956,-3,-0.009194737691994,-0.00536799754044459,2.3881614808412,-2.98765138719483,0,-0.0123486128051691,2.33070635290174
11.723,-2.99465951908983,-3,-0.00915031844154391,-0.00534048091017203,2.38818810471778,-2.98765138719483,0,-0.0123486128051691,2.3289493710508
11.724,-2.9946686617191,-3,-0.00913554927688897,-0.00533133828089838,2.3881969507961,-2.98765138719483,0,-0.0123486128051691,2.32836174692276
11.727,-2.99469600112537,-3,-0.00909135366117654,-0.00530399887462663,2.38822340363928,-2.98765138719483,0,-0.0123486128051691,2.32659298400546
11.728,-2.99470508482912,-3,-0.00907665910929759,-0.00529491517087743,2.38823219284912,-2.98765138719483,0,-0.0123486128051691,2.3260014328553
11.731,-2.99473224790671,-3,-0.00903268752171038,-0.00526775209329333,2.38825847551515,-2.98765138719483,0,-0.0123486128051691,2.32422088887163
11.732,-2.99474127298362,-3,-0.00901806770598569,-0.00525872701637553,2.38826720814219,-2.98765138719483,0,-0.0123486128051691,2.32362541069935
11.735,-2.99476826062931,-3,-0.00897432049374853,-0.00523173937068799,2.38829332148891,-2.98765138719483,0,-0.0123486128051691,2.32183308564931
11.736,-2.99477722737855,-3,-0.00895977552225708,-0.00522277262144621,2.38830199781932,-2.98765138719483,0,-0.0123486128051691,2.3212336804549
11.739,-2.99480404049043,-3,-0.00891625298714536,-0.00519595950956608,2.38832794270608,-2.98765138719483,0,-0.0123486128051691,2.3194295743385
11.74,-2.99481294921156,-3,-0.00890178295307357,-0.00518705078844039,2.38833656302675,-2.98765138719483,0,-0.0123486128051691,2.31882624212197
11.743,-2.99483958868884,-3,-0.00885848535231254,-0.00516041131115674,2.38836234031435,-2.98765138719483,0,-0.0123486128051691,2.3170103549392
11.744,-2.99484843968175,-3,-0.00884409033418298,-0.00515156031824704,2.38837090491212,-2.98765138719483,0,-0.0123486128051691,2.31640309570055
11.747,-2.99487490642459,-3,-0.00880101788255594,-0.00512509357541013,2.38839651546207,-2.98765138719483,0,-0.0123486128051691,2.31457542745142
11.748,-2.99488369998947,-3,-0.00878669794497192,-0.00511630001052854,2.38840502462436,-2.98765138719483,0,-0.0123486128051691,2.31396424119064
11.751,-2.99490999489879,-3,-0.00874385081548703,-0.00509000510121149,2.38843046929928,-2.98765138719483,0,-0.0123486128051691,2.31212479187514
11.752,-2.99491873133606,-3,-0.00872960600935799,-0.00508126866393965,2.38843892331374,-2.98765138719483,0,-0.0123486128051691,2.31150967859224
11.755,-2.9949448553134,-3,-0.00868698433475353,-0.00505514468660406,2.38846420297718,-2.98765138719483,0,-0.0123486128051691,2.30965844821038
11.756,-2.99495353492365,-3,-0.00867281469763073,-0.00504646507634643,2.38847260213169,-2.98765138719483,0,-0.0123486128051691,2.30903940790536
11.759,-2.99497948887099,-3,-0.00863041857118285,-0.00502051112900581,2.38849771764728,-2.98765138719483,0,-0.0123486128051691,2.30717639645712
11.76,-2.99498811195496,-3,-0.00861632412784463,-0.00501188804504249,2.38850606222998,-2.98765138719483,0,-0.0123486128051691,2.30655342912998
11.763,-2.99501389677459,-3,-0.00857415360473807,-0.00498610322540793,2.38853101446252,-2.98765138719483,0,-0.0123486128051691,2.30467863661538
11.764,-2.99502246363305,-3,-0.00856013436724748,-0.00497753636694664,2.38853930476139,-2.98765138719483,0,-0.0123486128051691,2.30405174226612
11.767,-2.99504808022741,-3,-0.00851818946561372,-0.00495191977258891,2.38856409457529,-2.98765138719483,0,-0.0123486128051691,2.30216516868515
11.768,-2.99505659116119,-3,-0.00850424543406374,-0.00494340883881028,2.38857233087886,-2.98765138719483,0,-0.0123486128051691,2.30153434731377
11.771,-2.9950820404327,-3,-0.00846252613604542,-0.00491795956729613,2.38859695913909,-2.98765138719483,0,-0.0123486128051691,2.29963599266643
11.772,-2.99509049574259,-3,-0.00844865729856395,-0.00490950425740611,2.38860514173565,-2.98765138719483,0,-0.0123486128051691,2.29900124427292
11.775,-2.99511577859356,-3,-0.00840716355128694,-0.00488422140644351,2.38862960930717,-2.98765138719483,0,-0.0123486128051691,2.29709110855922
11.776,-2.99512417858028,-3,-0.00839336988450407,-0.0048758214197191,2.38863773848486,-2.98765138719483,0,-0.0123486128051691,2.29645243314359
11.779,-2.9951492959127,-3,-0.00835210160135485,-0.00485070408730115,2.3886620462319,-2.98765138719483,0,-0.0123486128051691,2.29453051636352
11.78,-2.99515764087687,-3,-0.00833838307104018,-0.00484235912313435,2.38867012227902,-2.98765138719483,0,-0.0123486128051691,2.29388791392577
11.783,-2.99518259359234,-3,-0.00829734013268847,-0.00481740640765915,2.38869427106648,-2.98765138719483,0,-0.0123486128051691,2.29195421607934
11.784,-2.9951908838344,-3,-0.00828369669360962,-0.00480911616560142,2.38870229427107,-2.98765138719483,0,-0.0123486128051691,2.29130768661946
11.787,-2.99521567283399,-3,-0.008242878948755,-0.00478432716601285,2.38872628496301,-2.98765138719483,0,-0.0123486128051691,2.28936220770666
11.788,-2.99522390865418,-3,-0.00822931054525766,-0.0047760913458168,2.38873425561306,-2.98765138719483,0,-0.0123486128051691,2.28871175122467
11.791,-2.99524853483828,-3,-0.00818871781151248,-0.00475146516172442,2.38875808907317,-2.98765138719483,0,-0.0123486128051691,2.2867544912455
11.792,-2.99525671653661,-3,-0.00817522437773831,-0.00474328346338604,2.38876600745643,-2.98765138719483,0,-0.0123486128051691,2.28610010774138
11.795,-2.99528118080481,-3,-0.00813485644266203,-0.00471881919518991,2.38878968454761,-2.98765138719483,0,-0.0123486128051691,2.28413106669585
11.796,-2.99528930868101,-3,-0.00812143790294148,-0.00471069131898805,2.38879755095163,-2.98765138719483,0,-0.0123486128051691,2.28347275616961
11.799,-2.995313611932,-3,-0.00808129452524911,-0.00468638806799815,2.38882107253593,-2.98765138719483,0,-0.0123486128051691,2.28149193405771
11.8,-2.99532168628547,-3,-0.00806795079443137,-0.00467831371453364,2.38882888724803,-2.98765138719483,0,-0.0123486128051691,2.28082969650935
11.803,-2.99534582941692,-3,-0.00802803170450176,-0.00465417058307827,2.38885225418703,-2.98765138719483,0,-0.0123486128051691,2.27883709333108
11.804,-2.99535385054669,-3,-0.00801476268808778,-0.00464614945331165,2.38886001749412,-2.98765138719483,0,-0.0123486128051691,2.27817092876059
11.807,-2.99537783445515,-3,-0.00797506758900716,-0.00462216554485462,2.38888323064819,-2.98765138719483,0,-0.0123486128051691,2.27616654451596
11.808,-2.99538580265986,-3,-0.00796187318356826,-0.00461419734014168,2.38889094283694,-2.98765138719483,0,-0.0123486128051691,2.27549645292335
11.811,-2.99540962824061,-3,-0.00792240175183839,-0.0045903717593867,2.38891400306543,-2.98765138719483,0,-0.0123486128051691,2.27348028761235
11.812,-2.99541754381849,-3,-0.00790928184523298,-0.00458245618151487,2.38892166442207,-2.98765138719483,0,-0.0123486128051691,2.27280626899762
11.815,-2.99544121196549,-3,-0.00787003373182906,-0.00455878803451215,2.3889445725831,-2.98765138719483,0,-0.0123486128051691,2.27077832262025
11.816,-2.99544907521427,-3,-0.00785698820352923,-0.00455092478573471,2.38895218339341,-2.98765138719483,0,-0.0123486128051691,2.2701003769834
11.819,-2.99547258682002,-3,-0.00781796303453339,-0.00452741317997996,2.38897494034387,-2.98765138719483,0,-0.0123486128051691,2.26806064953967
11.82,-2.99548039803695,-3,-0.00780499175588204,-0.00451960196304846,2.38898250089325,-2.98765138719483,0,-0.0123486128051691,2.2673787768807
11.823,-2.99550375399242,-3,-0.00776618913350107,-0.00449624600758192,2.38900510748871,-2.98765138719483,0,-0.0123486128051691,2.26532726837059
11.824,-2.99551151347422,-3,-0.00775329196793123,-0.00448848652577771,2.38901261806215,-2.98765138719483,0,-0.0123486128051691,2.2646414686895
11.827,-2.99553471466872,-3,-0.00771471147077247,-0.00446528533127744,2.38903507515665,-2.98765138719483,0,-0.0123486128051691,2.26257817911303
11.828,-2.99554242271156,-3,-0.007701888274055,-0.0044575772884432,2.38904253603868,-2.98765138719483,0,-0.0123486128051691,2.26188845240981
11.831,-2.99556547003268,-3,-0.0076635294583557,-0.00443452996732097,2.38906484448445,-2.98765138719483,0,-0.0123486128051691,2.25981338176698
11.832,-2.99557312693211,-3,-0.00765078007894214,-0.00442687306789313,2.38907225595886,-2.98765138719483,0,-0.0123486128051691,2.25911972804164
11.835,-2.99559602126563,-3,-0.00761264247905947,-0.00440397873437215,2.38909441660733,-2.98765138719483,0,-0.0123486128051691,2.25703287633244
11.836,-2.99560362731659,-3,-0.00759996675804781,-0.0043963726834062,2.38910177895747,-2.98765138719483,0,-0.0123486128051691,2.25633529558498
11.839,-2.99562636954638,-3,-0.00756204988695157,-0.0043736304536206,2.38912379265751,-2.98765138719483,0,-0.0123486128051691,2.25423666280941
11.84,-2.99563392504318,-3,-0.00754944765862316,-0.0043660749568204,2.38913110616625,-2.98765138719483,0,-0.0123486128051691,2.25353515503982
11.843,-2.99565651605111,-3,-0.0075117510088303,-0.00434348394889161,2.38915297376503,-2.98765138719483,0,-0.0123486128051691,2.25142474119789
11.844,-2.99566402128736,-3,-0.00749922210078922,-0.00433597871264046,2.38916023871428,-2.98765138719483,0,-0.0123486128051691,2.25071930640618
11.847,-2.99568646195324,-3,-0.00746174514580498,-0.00431353804676027,2.38918196105724,-2.98765138719483,0,-0.0123486128051691,2.24859711149788
11.848,-2.99569391722186,-3,-0.00744928937926158,-0.00430608277814271,2.38918917772844,-2.98765138719483,0,-0.0123486128051691,2.24788774968406
11.851,-2.99571620842335,-3,-0.00741203157310579,-0.00428379157664605,2.38921075565917,-2.98765138719483,0,-0.0123486128051691,2.24575377370939
11.852,-2.99572361401653,-3,-0.00739964876298195,-0.00427638598347224,2.38921792433336,-2.98765138719483,0,-0.0123486128051691,2.24504048487344
11.855,-2.99574575662908,-3,-0.00736260954109388,-0.0042542433709154,2.38923935869329,-2.98765138719483,0,-0.0123486128051691,2.2428947278324
11.856,-2.99575311283825,-3,-0.00735029949618304,-0.00424688716174959,2.38924647965058,-2.98765138719483,0,-0.0123486128051691,2.24217751197433
11.859,-2.99577510773501,-3,-0.00731347827632095,-0.00422489226498568,2.38926777127871,-2.98765138719483,0,-0.0123486128051691,2.24001997386693
11.86,-2.99578241485083,-3,-0.00730124079970554,-0.0042175851491697,2.38927484479842,-2.98765138719483,0,-0.0123486128051691,2.23929883098674
11.863,-2.99580426290259,-3,-0.00726463698241963,-0.0041957370974095,2.38929599453225,-2.98765138719483,0,-0.0123486128051691,2.23712951181297
11.864,-2.99581152121492,-3,-0.00725247187143366,-0.00418847878508366,2.38930302089298,-2.98765138719483,0,-0.0123486128051691,2.23640444191065
11.867,-2.99583322329003,-3,-0.00721608484077654,-0.00416677670997379,2.38932402956729,-2.98765138719483,0,-0.0123486128051691,2.23422334167052
11.868,-2.9958404330879,-3,-0.00720399188738942,-0.00415956691209773,2.38933100904714,-2.98765138719483,0,-0.0123486128051691,2.23349434474608
11.871,-2.99586199005222,-3,-0.00716782101110635,-0.00413800994777924,2.38935187749443,-2.98765138719483,0,-0.0123486128051691,2.23130146343957
11.872,-2.99586915162384,-3,-0.00715580000198245,-0.00413084837615818,2.38935881037038,-2.98765138719483,0,-0.0123486128051691,2.23056853949301
11.875,-2.99589056434067,-3,-0.00711984463256284,-0.00410943565933231,2.38937953942078,-2.98765138719483,0,-0.0123486128051691,2.22836387712015
11.876,-2.99589767797337,-3,-0.00710789534939365,-0.00410232202663341,2.38938642596919,-2.98765138719483,0,-0.0123486128051691,2.22762702615146
11.879,-2.99591894730338,-3,-0.00707215482450309,-0.00408105269662062,2.38940701645052,-2.98765138719483,0,-0.0123486128051691,2.22541058271223
11.88,-2.99592601328361,-3,-0.00706027704405533,-0.00407398671639481,2.38941385694685,-2.98765138719483,0,-0.0123486128051691,2.22466980472142
11.883,-2.99594714008481,-3,-0.00702475068688346,-0.00405285991519433,2.38943430968432,-2.98765138719483,0,-0.0123486128051691,2.22244158021582
11.884,-2.99595415869811,-3,-0.00701294418126057,-0.004045841301894,2.38944110440328,-2.98765138719483,0,-0.0123486128051691,2.22169687520289
11.887,-2.99597514382576,-3,-0.00697763130137431,-0.00402485617424109,2.38946142021954,-2.98765138719483,0,-0.0123486128051691,2.21945686963093
11.888,-2.99598211535676,-3,-0.0069658958381506,-0.00401788464323971,2.38946816943496,-2.98765138719483,0,-0.0123486128051691,2.21870823759588
11.891,-2.99600295966335,-3,-0.00693079573146052,-0.00399704033665493,2.38948834915025,-2.98765138719483,0,-0.0123486128051691,2.21645645095754
11.892,-2.99600988439574,-3,-0.00691913107377945,-0.00399011560426432,2.38949505313505,-2.98765138719483,0,-0.0123486128051691,2.21570389190037
11.895,-2.99603058873089,-3,-0.00688424302353105,-0.0039694112691131,2.38951509756667,-2.98765138719483,0,-0.0123486128051691,2.21344032419567
11.896,-2.9960374669474,-3,-0.00687264893040455,-0.00396253305260119,2.38952175659283,-2.98765138719483,0,-0.0123486128051691,2.21268383811637
11.899,-2.99605803215786,-3,-0.00683797220757747,-0.00394196784214085,2.38954166655537,-2.98765138719483,0,-0.0123486128051691,2.21040848934531
11.9,-2.99606486414025,-3,-0.00682644843405685,-0.00393513585974725,2.38954828089406,-2.98765138719483,0,-0.0123486128051691,2.20964807624389
11.903,-2.99608529106983,-3,-0.00679198229783906,-0.00391470893017187,2.38956805719973,-2.98765138719483,0,-0.0123486128051691,2.20736094640646
11.904,-2.99609207709887,-3,-0.00678052859497688,-0.00390792290112518,2.38957462712097,-2.98765138719483,0,-0.0123486128051691,2.20659660628292
11.907,-2.99611236658838,-3,-0.00674627229309042,-0.00388763341161846,2.38959427057878,-2.98765138719483,0,-0.0123486128051691,2.20429769537912
11.908,-2.99611910694385,-3,-0.0067348884083496,-0.0038808930561478,2.38960079635202,-2.98765138719483,0,-0.0123486128051691,2.20352942823346
11.911,-2.99613925983108,-3,-0.00670084117758325,-0.00386074016892346,2.38962030776824,-2.98765138719483,0,-0.0123486128051691,2.20121873626329
11.912,-2.99614595479172,-3,-0.00668952685478603,-0.00385404520827759,2.38962678966169,-2.98765138719483,0,-0.0123486128051691,2.20044654209551
11.915,-2.99616597191138,-3,-0.00665568792152971,-0.00383402808862154,2.38964616983995,-2.98765138719483,0,-0.0123486128051691,2.19812406905897
11.916,-2.99617262175492,-3,-0.00664444290101574,-0.00382737824507995,2.38965260812091,-2.98765138719483,0,-0.0123486128051691,2.19734794786907
11.919,-2.99619250393861,-3,-0.00661081148119547,-0.00380749606139341,2.38967185786168,-2.98765138719483,0,-0.0123486128051691,2.19501369376617
11.92,-2.99619910894172,-3,-0.00659963550004015,-0.00380089105828096,2.38967825279645,-2.98765138719483,0,-0.0123486128051691,2.19423364555414
11.923,-2.99621885701788,-3,-0.00656621080034123,-0.00378114298212351,2.38969737289698,-2.98765138719483,0,-0.0123486128051691,2.19188761038487
11.924,-2.99622541745618,-3,-0.00655510359258898,-0.00377458254382201,2.38970372475102,-2.98765138719483,0,-0.0123486128051691,2.19110363515072
11.927,-2.99624503225006,-3,-0.00652188481039713,-0.00375496774994311,2.38972271600582,-2.98765138719483,0,-0.0123486128051691,2.18874581891509
11.928,-2.99625154839809,-3,-0.00651084610702575,-0.00374845160190596,2.38972902504339,-2.98765138719483,0,-0.0123486128051691,2.18795791665881
11.931,-2.99627103073172,-3,-0.0064778324308375,-0.00372896926827959,2.38974788824432,-2.98765138719483,0,-0.0123486128051691,2.18558831935681
11.932,-2.99627750286296,-3,-0.00646686195979987,-0.00372249713704198,2.38975415472863,-2.98765138719483,0,-0.0123486128051691,2.18479649007842
11.935,-2.99629685355509,-3,-0.00643405256955999,-0.00370314644491065,2.3897728906638,-2.98765138719483,0,-0.0123486128051691,2.18241511171005
11.936,-2.9963032819419,-3,-0.00642315005621015,-0.0036967180580989,2.38977911485733,-2.98765138719483,0,-0.0123486128051691,2.18161935540954
11.939,-2.996322501808,-3,-0.00639054412373287,-0.00367749819199981,2.38979772431188,-2.98765138719483,0,-0.0123486128051691,2.1792261959748
11.94,-2.99632888672165,-3,-0.00637970929075682,-0.0036711132783469,2.38980390647574,-2.98765138719483,0,-0.0123486128051691,2.17842651265216
11.943,-2.99634797657386,-3,-0.00634730598043926,-0.00365202342614346,2.38982239023201,-2.98765138719483,0,-0.0123486128051691,2.17602157215106
11.944,-2.9963543182845,-3,-0.00633653854796551,-0.00364568171549529,2.38982853062642,-2.98765138719483,0,-0.0123486128051691,2.1752179618063
11.947,-2.99637327893159,-3,-0.0063043370165776,-0.00362672106841178,2.38984688946305,-2.98765138719483,0,-0.0123486128051691,2.17280124023884
11.948,-2.99637957770826,-3,-0.00629363670244347,-0.00362042229174042,2.38985298834698,-2.98765138719483,0,-0.0123486128051691,2.17199370287195
11.951,-2.99639840995562,-3,-0.00626163610003535,-0.00360159004438199,2.38987122304024,-2.98765138719483,0,-0.0123486128051691,2.16956520023812
11.952,-2.99640466606621,-3,-0.00625100261963631,-0.00359533393378975,2.38987728067188,-2.98765138719483,0,-0.0123486128051691,2.16875373584911
11.955,-2.99642337071582,-3,-0.00621920208908488,-0.00357662928418234,2.38989539199374,-2.98765138719483,0,-0.0123486128051691,2.16631345214892
11.956,-2.99642958442708,-3,-0.00620863515581032,-0.00357041557291637,2.38990140862998,-2.98765138719483,0,-0.0123486128051691,2.16549806073779
11.959,-2.99644816227748,-3,-0.00617703383413336,-0.00355183772252188,2.3899193973499,-2.98765138719483,0,-0.0123486128051691,2.16304599597122
11.96,-2.99645433385502,-3,-0.0061665331592452,-0.00354566614497864,2.38992537324671,-2.98765138719483,0,-0.0123486128051691,2.16222667753797
11.963,-2.99647278570127,-3,-0.00613513017721318,-0.00352721429872505,2.38994324013055,-2.98765138719483,0,-0.0123486128051691,2.15976283170504
11.964,-2.99647891540954,-3,-0.0061246954700147,-0.00352108459046052,2.38994917554271,-2.98765138719483,0,-0.0123486128051691,2.15893958624966
11.967,-2.99649724204324,-3,-0.0060934899526933,-0.00350275795676147,2.38996692135334,-2.98765138719483,0,-0.0123486128051691,2.15646395935037
11.968,-2.9965033301455,-3,-0.00608312092054352,-0.00349666985449959,2.38997281653429,-2.98765138719483,0,-0.0123486128051691,2.15563678687287
11.971,-2.99652153235472,-3,-0.00605211198761975,-0.00347846764528326,2.38999044203079,-2.98765138719483,0,-0.0123486128051691,2.15314937890721
11.972,-2.99652757911308,-3,-0.00604180833631337,-0.00347242088691857,2.38999629723334,-2.98765138719483,0,-0.0123486128051691,2.15231827940759
11.975,-2.99654565768236,-3,-0.00601099510225131,-0.00345434231763919,2.39001380317197,-2.98765138719483,0,-0.0123486128051691,2.14981909037556
11.976,-2.99655166335775,-3,-0.00600075653570148,-0.00344833664225019,2.39001961864727,-2.98765138719483,0,-0.0123486128051691,2.14898406385382
11.979,-2.99656961906808,-3,-0.00597013811045581,-0.00343038093192183,2.39003700578012,-2.98765138719483,0,-0.0123486128051691,2.14647309375542
11.98,-2.99657558392023,-3,-0.00595996433132941,-0.00342441607977184,2.39004278177861,-2.98765138719483,0,-0.0123486128051691,2.14563414021156
11.983,-2.99659341754903,-3,-0.00592953982024275,-0.00340658245097103,2.3900600508552,-2.98765138719483,0,-0.0123486128051691,2.14311138904679
11.984,-2.99659934183648,-3,-0.00591943052955066,-0.00340065816351531,2.39006578762621,-2.98765138719483,0,-0.0123486128051691,2.14226850848081
11.987,-2.99661705415759,-3,-0.00588919903348088,-0.00338294584240773,2.39008293939232,-2.98765138719483,0,-0.0123486128051691,2.13973397624967
11.988,-2.9966229381377,-3,-0.00587915393078996,-0.0033770618623028,2.3900886371837,-2.98765138719483,0,-0.0123486128051691,2.13888716866157
11.991,-2.99664052992134,-3,-0.00584911454668788,-0.00335947007865833,2.39010567238175,-2.98765138719483,0,-0.0123486128051691,2.13634085536407
11.992,-2.99664637385024,-3,-0.00583913333032874,-0.00335362614976331,2.39011133144039,-2.98765138719483,0,-0.0123486128051691,2.13549012075384
11.995,-2.99666384586303,-3,-0.00580928515128873,-0.00333615413697208,2.39012825080921,-2.98765138719483,0,-0.0123486128051691,2.13293202638998
11.996,-2.99666964999564,-3,-0.00579936751841678,-0.00333035000435533,2.39013387138084,-2.98765138719483,0,-0.0123486128051691,2.13207736475763
11.999,-2.99668700300056,-3,-0.00576970963428765,-0.00331299699944276,2.3901506756558,-2.98765138719483,0,-0.0123486128051691,2.12950748932739
12,-2.99669276759061,-3,-0.0057598552809726,-0.00330723240938635,2.390156257985,-2.98765138719483,0,-0.0123486128051691,2.12864890067292
