t,x_pi,u_pi,x_piip,u_piip,x_pii,u_pii
0,1,0.996987038390535,1,0.996987038390537,1,0.996987038390537
0.011,1,0.996987038390532,1,0.996987038390537,1,0.996987038390537
0.013,1,0.996987038390532,1,0.996987038390537,1,0.996987038390537
0.1,1,0.996987038390532,1,0.996987038390537,1,0.996987038390537
0.2,1,0.996987038390532,1,0.996987038390537,1,0.996987038390537
0.3,1,0.996987038390532,1,0.996987038390537,1,0.996987038390537
0.4,1,0.996987038390532,1,0.996987038390537,1,0.996987038390537
0.5,1,0.996987038390532,1,0.996987038390537,1,0.996987038390537
0.6,1,0.996987038390532,1,0.996987038390537,1,0.996987038390537
0.7,1,0.996987038390532,1,0.996987038390537,1,0.996987038390537
0.8,1,0.996987038390532,1,0.996987038390537,1,0.996987038390537
0.9,1,0.996987038390532,1,0.996987038390537,1,0.996987038390537
1,1,0.996987038390532,1,0.996987038390537,1,0.996987038390537
1.1,1,0.996987038390532,1,0.996987038390537,1,0.996987038390537
1.2,1,0.996987038390532,1,0.996987038390537,1,0.996987038390537
1.3,1,0.996987038390532,1,0.996987038390537,1,0.996987038390537
1.4,1,0.996987038390532,1,0.996987038390537,1,0.996987038390537
1.5,1,0.996987038390532,1,0.996987038390537,1,0.996987038390537
1.6,1,0.996987038390532,1,0.996987038390537,1,0.996987038390537
1.7,1,0.996987038390532,1,0.996987038390537,1,0.996987038390537
1.8,1,0.996987038390532,1,0.996987038390537,1,0.996987038390537
1.9,1,0.996987038390532,1,0.996987038390537,1,0.996987038390537
2,1,0.996987038390532,1,0.996987038390537,1,0.996987038390537
2.1,1,0.996987038390532,1,0.996987038390537,1,0.996987038390537
2.2,1,0.996987038390532,1,0.996987038390537,1,0.996987038390537
2.3,1,0.996987038390532,1,0.996987038390537,1,0.996987038390537
2.4,1,0.996987038390532,1,0.996987038390537,1,0.996987038390537
2.5,1,0.996987038390532,1,0.996987038390537,1,0.996987038390537
2.6,1,0.996987038390532,1,0.996987038390537,1,0.996987038390537
2.7,1,0.996987038390532,1,0.996987038390537,1,0.996987038390537
2.8,1,0.996987038390532,1,0.996987038390537,1,0.996987038390537
2.9,1,0.996987038390532,1,0.996987038390537,1,0.996987038390537
3,1,0.996987038390532,1,0.996987038390537,1,0.996987038390537
3.1,1,0.996987038390532,1,0.996987038390537,1,0.996987038390537
3.2,1,0.996987038390532,1,0.996987038390537,1,0.996987038390537
3.3,1,0.996987038390532,1,0.996987038390537,1,0.996987038390537
3.4,1,0.996987038390532,1,0.996987038390537,1,0.996987038390537
3.5,1,0.996987038390532,1,0.996987038390537,1,0.996987038390537
3.6,1,0.996987038390532,1,0.996987038390537,1,0.996987038390537
3.7,1,0.996987038390532,1,0.996987038390537,1,0.996987038390537
3.8,1,0.996987038390532,1,0.996987038390537,1,0.996987038390537
3.9,1,0.996987038390532,1,0.996987038390537,1,0.996987038390537
4,1,0.996987038390532,1,0.996987038390537,1,0.996987038390537
4.1,1,0.996987038390532,1,0.996987038390537,1,0.996987038390537
4.2,1,0.996987038390532,1,0.996987038390537,1,0.996987038390537
4.3,1,0.996987038390532,1,0.996987038390537,1,0.996987038390537
4.4,1,0.996987038390532,1,0.996987038390537,1,0.996987038390537
4.5,1,0.996987038390532,1,0.996987038390537,1,0.996987038390537
4.6,1,0.996987038390532,1,0.996987038390537,1,0.996987038390537
4.7,1,0.996987038390532,1,0.996987038390537,1,0.996987038390537
4.8,1,0.996987038390532,1,0.996987038390537,1,0.996987038390537
4.9,1,0.996987038390532,1,0.996987038390537,1,0.996987038390537
5,1,0.996987038390532,1,0.996987038390537,1,0.996987038390537
5.1,1,0.996987038390532,1,0.996987038390537,1,0.996987038390537
5.2,1,0.996987038390532,1,0.996987038390537,1,0.996987038390537
5.3,1,0.996987038390532,1,0.996987038390537,1,0.996987038390537
5.4,1,0.996987038390532,1,0.996987038390537,1,0.996987038390537
5.5,1,0.996987038390532,1,0.996987038390537,1,0.996987038390537
5.6,1,0.996987038390532,1,0.996987038390537,1,0.996987038390537
5.7,1,0.996987038390532,1,0.996987038390537,1,0.996987038390537
5.8,1,0.996987038390532,1,0.996987038390537,1,0.996987038390537
5.9,1,0.996987038390532,1,0.996987038390537,1,0.996987038390537
6,1,0.996987038390532,1,0.996987038390537,1,0.996987038390537
6.1,1,0.996987038390532,1,0.996987038390537,1,0.996987038390537
6.2,1,0.996987038390532,1,0.996987038390537,1,0.996987038390537
6.3,1,0.996987038390532,1,0.996987038390537,1,0.996987038390537
6.4,1,0.996987038390532,1,0.996987038390537,1,0.996987038390537
6.5,1,0.996987038390532,1,0.996987038390537,1,0.996987038390537
6.6,1,0.996987038390532,1,0.996987038390537,1,0.996987038390537
6.7,1,0.996987038390532,1,0.996987038390537,1,0.996987038390537
6.8,1,0.996987038390532,1,0.996987038390537,1,0.996987038390537
6.9,1,0.996987038390532,1,0.996987038390537,1,0.996987038390537
7,1,0.996987038390532,1,0.996987038390537,1,0.996987038390537
7.1,1,0.996987038390532,1,0.996987038390537,1,0.996987038390537
7.2,1,0.996987038390532,1,0.996987038390537,1,0.996987038390537
7.3,1,0.996987038390532,1,0.996987038390537,1,0.996987038390537
7.4,1,0.996987038390532,1,0.996987038390537,1,0.996987038390537
7.5,1,0.996987038390532,1,0.996987038390537,1,0.996987038390537
7.6,1,0.996987038390532,1,0.996987038390537,1,0.996987038390537
7.7,1,0.996987038390532,1,0.996987038390537,1,0.996987038390537
7.8,1,0.996987038390532,1,0.996987038390537,1,0.996987038390537
7.9,1,0.996987038390532,1,0.996987038390537,1,0.996987038390537
8,1,0.996987038390532,1,0.996987038390537,1,0.996987038390537
8.1,1,0.996987038390532,1,0.996987038390537,1,0.996987038390537
8.2,1,0.996987038390532,1,0.996987038390537,1,0.996987038390537
8.3,1,0.996987038390532,1,0.996987038390537,1,0.996987038390537
8.4,1,0.996987038390532,1,0.996987038390537,1,0.996987038390537
8.5,1,0.996987038390532,1,0.996987038390537,1,0.996987038390537
8.6,1,0.996987038390532,1,0.996987038390537,1,0.996987038390537
8.7,1,0.996987038390532,1,0.996987038390537,1,0.996987038390537
8.8,1,0.996987038390532,1,0.996987038390537,1,0.996987038390537
8.9,1,0.996987038390532,1,0.996987038390537,1,0.996987038390537
9,1,0.996987038390532,1,0.996987038390537,1,0.996987038390537
9.1,1,0.996987038390532,1,0.996987038390537,1,0.996987038390537
9.2,1,0.996987038390532,1,0.996987038390537,1,0.996987038390537
9.3,1,0.996987038390532,1,0.996987038390537,1,0.996987038390537
9.4,1,0.996987038390532,1,0.996987038390537,1,0.996987038390537
9.5,1,0.996987038390532,1,0.996987038390537,1,0.996987038390537
9.6,1,0.996987038390532,1,0.996987038390537,1,0.996987038390537
9.7,1,0.996987038390532,1,0.996987038390537,1,0.996987038390537
9.8,1,0.996987038390532,1,0.996987038390537,1,0.996987038390537
9.9,1,0.996987038390532,1,0.996987038390537,1,0.996987038390537
10,1,3.5,1,3.5,1,3.5
10.017,1.323408260288,0.431311146152481,1.31186716784686,0,1.32136152052042,0
10.018,1.35590297983297,0,1.33855543856676,0,1.35195921125407,0
10.099,2.09548701493694,1.54972471167834,2.05925832019311,1.53770190958221,2.04961634171873,1.54807098188595
10.1,2.09642942601634,1.54972471167834,2.0614587326222,1.53770190958221,2.0515683869656,1.54807098188595
10.121,2.10490529563333,1.61711367737043,2.09366676608957,1.59121710766218,2.08037350792468,1.60256563057563
10.139,2.10490529563333,1.48588844110744,2.10620302362533,1.61693903628807,2.09208612321605,1.63038022036349
10.15,2.10489788455027,1.38719786450318,2.10939229428017,1.64221650730539,2.09550620177396,1.63038022036349
10.164,2.09565873054049,1.68061550946178,2.11068407997477,1.62864321388491,2.09757350312551,1.63038022036349
10.168,2.09221242099025,1.68061550946178,2.11068407997477,1.62134147655537,2.0976948031753,1.61800545309659
10.199,2.07195393342441,1.63513273926455,2.11068407997477,1.47087970060309,2.0976948031753,1.49868251431449
10.2,2.07138392555506,1.61453448621018,2.11068407997477,1.46578832084465,2.0976948031753,1.49410099891853
10.212,2.06426227997803,1.63962085346941,2.11068328585518,1.41956988559435,2.0976948031753,1.43851298060576
10.223,2.05832486300599,1.61801854530148,2.10613325892901,1.64029686498672,2.09768263742224,1.38765327624437
10.235,2.05289267723338,1.61801854530148,2.09717285150572,1.67396736793062,2.09105307415632,1.69891267125895
10.252,2.04603813891763,1.59727241579798,2.08802818012161,1.63126494907826,2.08220135348778,1.6261965624047
10.299,2.03027990784391,1.60086465389166,2.06726087628844,1.64386057450659,2.06407874585362,1.63715968760009
10.3,2.02998929557623,1.60086465389166,2.06689625389777,1.64386057450659,2.06373500349745,1.63715968760009
10.356,2.01826578511117,1.58064205941086,2.04997411219734,1.62016704120033,2.04854406759931,1.6169651011387
10.369,2.0163827002578,1.60576783711394,2.04686442410059,1.59964408681086,2.04569920618165,1.6169651011387
10.381,2.01477320036893,1.58571234084241,2.04361303174087,1.62579571439134,2.0436018005037,1.59625075754584
10.399,2.01285559630354,1.58571234084241,2.03990233161272,1.60239714826728,2.03991470455346,1.62182349637462
10.4,2.01272480099474,1.58571234084241,2.03967190464089,1.60239714826728,2.03972938714629,1.62182349637462
10.411,2.01116557906736,1.61087578200842,2.03700222116995,1.60239714826728,2.03811005336491,1.59935503985617
10.43,2.00995046597453,1.58745234415873,2.03380867316768,1.58657276193077,2.0345931639442,1.62489896922926
10.45,2.00895610885754,1.58745234415873,2.03015756206491,1.61325579591373,2.03202455501643,1.5832190557138
10.482,2.00736785363914,1.56741782398339,2.02524852477696,1.61835386877664,2.02749991917475,1.59166038280103
10.499,2.0056289446931,1.59245196452537,2.02347099009806,1.5944381881524,2.02494859488121,1.61737012982671
10.5,2.00553957951989,1.59245196452537,2.02335137003939,1.5944381881524,2.02481565044448,1.61737012982671
10.505,2.00516428619137,1.59245196452537,2.02273459157996,1.5944381881524,2.02433237335791,1.59492394451728
10.515,2.00477848410139,1.57547072958098,2.02143258175867,1.5944381881524,2.02357748696578,1.59492394451728
10.599,2.00477848410139,1.53264584717147,2.01346157829086,1.573942035393,2.01595541144132,1.59492394451728
10.6,2.00477848410139,1.5322338697337,2.01342231938396,1.573942035393,2.01590186765515,1.59492394451728
10.645,2.00477848410139,1.51369488503371,2.01160399005776,1.55224112067275,2.01214650321682,1.60560469042656
10.656,2.00477848410139,1.50916313321816,2.01160399005776,1.54499610407816,2.01135076567573,1.58438712929478
10.699,2.00477848410139,1.49144810339373,2.01160399005776,1.5156146665327,2.01135076567573,1.53645277437113
10.7,2.00477848410139,1.49103612595596,2.01160399005776,1.51491108188692,2.01135076567573,1.53576171907115
10.799,2.00477848410139,1.45025035961599,2.01160399005776,1.44068955192668,2.01135076567573,1.46288138561552
10.8,2.00477848410139,1.44983838217821,2.01160399005776,1.43989371172479,2.01135076567573,1.46210009980181
10.899,2.00477848410139,1.40905261583825,2.01160335623636,1.36008203918578,2.01135076567573,1.38028580848487
10.9,2.00477848410139,1.40864063840047,2.01160299998328,1.36008203918578,2.01135076567573,1.37941428033258
10.945,2.00477848410139,1.39010165370049,1.99868949174233,1.59854177930264,2.01134303252357,1.33958574145079
10.957,2.00477848410139,1.38515792444716,1.99553039907084,1.57627594254721,2.00561872912802,1.65203785704055
10.999,2.00477848410139,1.3678548720605,1.99037543094353,1.57800777147562,1.99433564960787,1.58049609737517
11,2.00477848410139,1.36744289462273,1.99033871855205,1.57800777147562,1.99416177005842,1.58049609737517
11.002,2.00477848410139,1.36661893974717,1.99027098557498,1.57800777147562,1.99382298714242,1.60551803693225
11.015,2.00477848410139,1.36126323305607,1.99010484195668,1.56694024045554,1.99295160673291,1.56203872549795
11.024,2.00477848410139,1.35755543611607,1.99010484195668,1.57018406235009,1.99295160673291,1.55188548644874
11.094,2.00446790402007,1.33583894652284,1.99010484195668,1.60242270797807,1.99295160673291,1.57073680907506
11.099,2.00318155445557,1.45078475997459,1.99010484195668,1.60487422573539,1.99295160673291,1.57225202373409
11.1,2.00257934821829,1.49072924452878,1.99010484195668,1.60536688938016,1.99295160673291,1.57255674777764
11.105,1.9990428170054,1.62401436529175,1.99010484195668,1.60784200807053,1.99295160673291,1.57408877355388
11.153,1.98756990414352,1.59047192258861,1.99010484195668,1.63260382705926,1.99295160673291,1.58950901235866
11.199,1.98756990414352,1.62391265318798,1.99010484195668,1.65803474416507,1.99295160673291,1.60549826236375
11.2,1.98756990414352,1.62498431496996,1.99010484195668,1.65860607758666,1.99295160673291,1.60585902346332
11.299,1.98756990414352,1.73107883656099,1.99010484195668,1.71906224027716,1.99295160673291,1.64434820659241
11.3,1.98756990414352,1.73215049839633,1.99010484195668,1.71971224347557,1.99295160673291,1.64476500474797
11.395,1.98776970831468,1.82732997394293,1.99010484195668,1.78504988914838,1.99295160673291,1.68691611927934
11.399,1.98880010852576,1.7344551445783,1.99010484195668,1.78795671407166,1.99295160673291,1.68880185641994
11.4,1.98937303959998,1.69378009437856,1.99010484195668,1.78868538704691,1.99295160673291,1.68927469163149
11.406,1.99370770814744,1.53177414015338,1.99010484195668,1.79307394555149,1.99295160673291,1.69212347068254
11.473,2.0069990989023,1.57396351071985,1.99787650631085,1.53621582076189,1.99295160673291,1.72530522295686
11.499,2.0069990989023,1.57004370338021,2.00687321626992,1.57281602421518,1.99295160673291,1.73885921184634
11.5,2.0069990989023,1.56944039352203,2.00713049817593,1.57281602421518,1.99295160673291,1.73938808411388
11.599,2.0069990989023,1.50970126724916,2.01157972555498,1.56559140258894,1.99295160673291,1.79452027287161
11.6,2.0069990989023,1.50909783930605,2.01157972555498,1.56498098146759,1.99295160673291,1.79510518219514
11.674,2.0069990989023,1.46444417151554,2.01157972555498,1.51725508005822,1.99331407418195,1.83077776143819
11.686,2.0069990989023,1.45720303619816,2.01157972555498,1.50904070144471,1.99975448083995,1.50546859166451
11.699,2.0069990989023,1.44935847293767,2.01157972555498,1.49999218948146,2.00437858228649,1.59347301768142
11.7,2.0069990989023,1.44875504499455,2.01157972555498,1.4992897057145,2.00460963145313,1.59347301768142
11.731,2.0069990989023,1.43004877875799,2.01157972555498,1.4770560782181,2.01011642319757,1.60084346192161
11.754,2.0069990989023,1.41616993606634,2.01157972555498,1.45998845201607,2.01163005540719,1.58328337696071
11.799,2.0069990989023,1.38901567862617,2.01157972555498,1.42518671184339,2.01163005540719,1.57033590249917
11.8,2.0069990989023,1.38841225068305,2.01157972555498,1.42439216543113,2.01163005540719,1.56969697944666
11.898,2.00672306091082,1.33665832892855,2.01150475539885,1.35958109517362,2.01163005540719,1.50259667098002
11.899,2.00669827788177,1.33665832892855,2.01149717433436,1.35958109517362,2.01163005540719,1.50186620473023
11.9,2.00655244485633,1.33665832892855,2.01148924399142,1.35958109517362,2.01163005540719,1.5011348138526
11.909,2.00105731214499,1.62819328891686,2.01126656054491,1.3392006183372,2.01163005540719,1.494510687701
11.958,1.98993596696219,1.57372912419277,1.99237557103599,1.58020159655113,2.01163005540719,1.45713210471135
11.999,1.98993596696219,1.59893890401465,1.99032427129672,1.56001077354478,2.01163005540719,1.4241502091464
12,1.98993596696219,1.59980657527292,1.99032427129672,1.56039226883979,2.01163005540719,1.42332635548452
12.074,1.98993596696219,1.66401426693567,1.99032427129672,1.59373429066594,2.01163005540719,1.35979534224175
12.099,1.98993596696219,1.68570605483663,1.99032427129672,1.60597884898872,2.01154860379536,1.35979534224175
12.1,1.98993596696219,1.68657372635267,1.99032427129672,1.60647863160297,2.0115420945931,1.33970358117158
12.112,1.98993596696219,1.69698578454513,1.99032427129672,1.61253602466195,2.00552939995995,1.65504660835969
12.186,1.98993596696219,1.76119347673198,1.99032427129672,1.65233770969588,1.99212102577401,1.57732007087439
12.199,1.98993596696219,1.77247320644048,1.99032427129672,1.65976490984537,1.99212102577401,1.56867752618919
12.2,1.98993596696219,1.77334087795652,1.99032427129672,1.66034161770067,1.99212102577401,1.56894926490612
12.277,1.990333450552,1.82913280197086,1.99032427129672,1.70705818754717,1.99212102577401,1.59686390025455
12.288,1.9964826490742,1.52978006416304,1.99032427129672,1.7141043014062,1.99212102577401,1.60118290468153
12.299,2.00208594823621,1.55559999600557,1.99032427129672,1.72124349480691,1.99212102577401,1.60557770405196
12.3,2.00239993743342,1.55559999600557,1.99032427129672,1.72189712790325,1.99212102577401,1.6059809896944
12.335,2.00857184614565,1.58059603735492,1.99032427129672,1.74525891529394,1.99212102577401,1.6204906220093
12.341,2.00857184614565,1.59367586740499,1.99032427129672,1.74935841117883,1.99212102577401,1.62305503530142
12.399,2.00857184614565,1.55255990984982,1.99032427129672,1.79041460387332,1.99212102577401,1.64900697052757
12.4,2.00857184614565,1.55182088736132,1.99032427129672,1.79114516221072,1.99212102577401,1.64947289661914
12.499,2.00857184614565,1.47865766099491,2.00756189463302,1.56930343333052,1.99212102577401,1.69870028191534
12.5,2.00857184614565,1.47791863850636,2.00780302159129,1.56930343333052,1.99212102577401,1.69922884845602
12.599,2.00857184614565,1.40475541213984,2.01177243660973,1.56612312200326,1.99212102577401,1.75465763821526
12.6,2.00857184614565,1.40401638965129,2.01177243660973,1.56551016704104,1.99212102577401,1.75524884520506
12.681,2.00854780591928,1.35819699536115,2.01177243660973,1.51275253305601,1.99212102577401,1.80521690069464
12.692,2.00851289190652,1.33799020153258,2.01177243660973,1.50511432659999,1.99214219088103,1.80521690069464
12.699,2.00619548522131,1.51614224634322,2.01177243660973,1.50019468506436,1.99217723035002,1.80521690069464
12.7,2.00549925457896,1.55029035561999,2.01177243660973,1.49948813534022,1.99218355391663,1.80521690069464
12.706,2.00127286347798,1.64584678500227,2.01177243660973,1.49522918209541,1.99222811485956,1.80521690069464
12.738,1.99225233126896,1.60106703068403,2.01177243660973,1.47194570863756,1.99262025847064,1.83033381003909
12.75,1.9914413722766,1.57717006186746,2.01177243660973,1.46296731591952,1.99919872232488,1.50523201197992
12.754,1.9913756556905,1.56871992281268,2.01177243660973,1.45994456802304,2.00127413034792,1.50523201197992
12.799,1.9913756556905,1.59645307469333,2.01177243660973,1.42490677193799,2.00985078999026,1.60061106918721
12.8,1.9913756556905,1.59719662328706,2.01177243660973,1.42410662745198,2.0099183712962,1.60061106918721
12.818,1.9913756556905,1.61058049843329,2.01177243660973,1.409543979661,2.01120566492291,1.5826157013841
12.899,1.9913756556905,1.67080793685409,2.01168042974941,1.35968485133018,2.01120566492291,1.54962118501523
12.9,1.9913756556905,1.67155148547657,2.01167201349623,1.35968485133018,2.01120566492291,1.54898029337691
12.999,1.9913756556905,1.74516279910205,1.99044258382188,1.56069064776173,2.01120566492291,1.48112212856055
13,1.9913756556905,1.74590634772453,1.99044258382188,1.56107489722741,2.01120566492291,1.48039214818248
13.079,1.9913756556905,1.80464668890041,1.99044258382188,1.59663507684184,2.01120566492291,1.41990849414216
13.099,1.99144691501409,1.80464668890041,1.99044258382188,1.60640865023249,2.01120566492291,1.40371419814113
13.1,1.9914540871417,1.80464668890041,1.99044258382188,1.60690530728684,2.01120566492291,1.40289512902342
13.126,1.99174085509365,1.83001585611672,1.99044258382188,1.62008509670708,2.01120566492291,1.3812866304867
13.137,1.9977001960976,1.53242199128519,1.99044258382188,1.62581579015815,2.01120566492291,1.3719632778283
13.175,2.00886834859773,1.56308134780764,1.99044258382188,1.64632014795865,2.01119985744349,1.33916339608966
13.183,2.00946454042014,1.5847298318863,1.99044258382188,1.65077666655998,2.00829430156138,1.55543851452529
13.187,2.00946454042014,1.59428775313619,1.99044258382188,1.65302316216882,2.00545492868392,1.65248806788962
13.199,2.00946454042014,1.58771277701435,1.99044258382188,1.659835594228,2.00049752975429,1.57984495323972
13.2,2.00946454042014,1.58690559115725,1.99044258382188,1.66040823589973,2.00026545374379,1.57984495323972
13.228,2.00946454042014,1.56407587040967,1.99044258382188,1.67675070025463,1.99427522261029,1.6059566291469
13.242,2.00946454042014,1.55265206377032,1.99044258382188,1.68514532720715,1.99315416677515,1.56255326101842
13.263,2.00946454042014,1.53551635344654,1.99044258382188,1.69801651110477,1.99180705207869,1.58414911670397
13.299,2.00946454042014,1.50614085003283,1.99044258382188,1.72086099996063,1.99180705207869,1.58112653194799
13.3,2.00946454042014,1.5053248638269,1.99044258382188,1.72150962624973,1.99180705207869,1.58150883404613
13.399,2.00946454042014,1.4245422294392,1.99044258382188,1.78948486743037,1.99180705207869,1.62258902774942
13.4,2.00946454042014,1.42372624323327,1.99044258382188,1.79020947833684,1.99180705207869,1.62303654992162
13.48,2.00946454042014,1.35844734675836,2.00340696059417,1.59128810406413,1.99180705207869,1.66094875095592
13.499,2.00940985293011,1.35844734675836,2.00841247491974,1.56787107490167,1.99180705207869,1.67056550883622
13.5,2.00940401696072,1.35844734675836,2.00857542772236,1.56787107490167,1.99180705207869,1.67107816765219
13.51,2.00933042875254,1.33843529756498,2.00966353430997,1.59500031499614,1.99180705207869,1.67624058096597
13.521,2.00382133626132,1.62591929176554,2.01093826525316,1.57367519024239,1.99180705207869,1.68199446843468
13.57,1.99131243674783,1.58830624539091,2.01144546234818,1.58144144260374,1.99180705207869,1.70858293036781
13.599,1.99131243674783,1.5909136053924,2.01144546234818,1.56449411342437,1.99180705207869,1.72505565429987
13.6,1.99131243674783,1.59166254668224,2.01144546234818,1.56389607343662,1.99180705207869,1.72563344975961
13.699,1.99131243674783,1.66581333512624,2.01144546234818,1.50018585183152,1.99180705207869,1.78605946414037
13.7,1.99131243674783,1.66656233417556,2.01144546234818,1.49949681663534,1.99180705207869,1.78670239624388
13.783,1.99131243674783,1.72872925526956,2.01144546234818,1.4391348023862,1.99227578249116,1.8303726273759
13.795,1.99131243674783,1.73771724386146,2.01144546234818,1.42988909149346,1.9988587648225,1.50501528905656
13.799,1.99131243674783,1.74071324005876,2.01144546234818,1.42677806939586,2.00093886703902,1.50501528905656
13.8,1.99131243674783,1.74146223910809,2.01144546234818,1.42599803899124,2.00132889746041,1.53280303653773
13.84,1.99131243674783,1.7714222010811,2.01144546234818,1.39405066209762,2.0093691659659,1.60009711457561
13.864,1.99131243674783,1.78939817826491,2.01144546234818,1.37418339276072,2.0109572152364,1.585606858628
13.884,1.99131243674783,1.80437815925141,2.01144456587976,1.35979362534571,2.0109572152364,1.58714046482503
13.899,1.99133763315257,1.80437815925141,2.01141349789459,1.35979362534571,2.0109572152364,1.57853273743766
13.9,1.99134106830128,1.80437815925141,2.01140988782284,1.35979362534571,2.0109572152364,1.57794996416796
13.924,1.99148175190303,1.82952643085125,2.00237062667414,1.62193332833992,2.0109572152364,1.56370020185122
13.935,1.99717262986645,1.5352570418994,1.99797751936295,1.60082719927985,2.0109572152364,1.55700125268418
13.979,2.0088101770306,1.58947767079292,1.99055645876255,1.56305140809376,2.0109572152364,1.52915138218119
13.999,2.0088101770306,1.59146854584897,1.98954220273348,1.57289789918773,2.0109572152364,1.51593482384321
14,2.0088101770306,1.59071087655875,1.98954220273348,1.57273707133627,2.0109572152364,1.51526484901064
14.099,2.0088101770306,1.51551729106665,1.98954220273348,1.62291038906471,2.0109572152364,1.44462522320198
14.1,2.0088101770306,1.51475772085936,1.98954220273348,1.62347188919736,2.0109572152364,1.44386813488689
14.199,2.0088101770306,1.43956027033752,1.98954220273348,1.68317597808763,2.0109572152364,1.36460427430853
14.2,2.0088101770306,1.43880070013023,1.98954220273348,1.68382062116488,2.0109572152364,1.36376007251092
14.232,2.0088101770306,1.41449445349691,1.98954220273348,1.7048881943845,2.01089091649803,1.33881600892176
14.244,2.0088101770306,1.40537961100941,1.98954220273348,1.71300803171561,2.00495637514222,1.65386820646108
14.299,2.0088101770306,1.36360324960839,1.98954220273348,1.75175586157081,1.99312079157333,1.58071394631024
14.3,2.0088101770306,1.3628436794011,1.98954220273348,1.75248364759267,1.99306931898118,1.58071394631024
14.313,2.00880610028737,1.35828625815735,1.98954220273348,1.76202052595638,1.99264725535053,1.55962378325441
14.32,2.00879394297067,1.35828625815735,1.98954220273348,1.76721396821345,1.99264725535053,1.55425190391564
14.336,2.00873721975611,1.33792950301418,1.98954220273348,1.77923767639054,1.99264725535053,1.5581765594841
14.351,2.00080925038456,1.64782550078281,1.98954220273348,1.79070321015276,1.99264725535053,1.56294735919414
14.394,1.9915386097419,1.56926416829549,1.9896563460575,1.80313930733507,1.99264725535053,1.57737628601232
14.4,1.9915386097419,1.5651429847358,1.98971020450084,1.80313930733507,1.99264725535053,1.57947556884698
14.499,1.9915386097419,1.63651558458171,2.01126621111558,1.59565312342025,1.99264725535053,1.61715202520665
14.5,1.9915386097419,1.63724508410596,2.01126621111558,1.59514952542483,1.99264725535053,1.61756182384794
14.599,1.9915386097419,1.709465537006,2.01126621111558,1.53757632667583,1.99264725535053,1.66102549846435
14.6,1.9915386097419,1.71019503653024,2.01126621111558,1.53694929875562,1.99264725535053,1.66149375385571
14.699,1.9915386097419,1.78241548943028,2.01126621111558,1.4704398146117,1.99264725535053,1.71074464672883
14.7,1.9915386097419,1.78314498895452,2.01126621111558,1.4697232165896,1.99264725535053,1.71127135887026
14.765,1.9915796622895,1.82932971865806,2.01126621111558,1.42122306646806,1.99264725535053,1.74676154535209
14.777,1.99765055866497,1.53009903826905,2.01126621111558,1.41185537872876,1.99264725535053,1.75358364996482
14.799,2.00571288367756,1.58378437124583,2.01126621111558,1.39434629235898,1.99264725535053,1.76630947000007
14.8,2.0059239055429,1.58378437124583,2.01126621111558,1.393540124235,1.99264725535053,1.76689463889157
14.821,2.00886668394372,1.59121210836833,2.01126621111558,1.37640368669607,1.99264725535053,1.77931822070566
14.826,2.00886668394372,1.59940134684464,2.01126621111558,1.37226536195391,1.99264725535053,1.78231421326322
14.864,2.00886668394372,1.57223255561666,2.01121893643563,1.3597160325746,1.99264725535053,1.80556134834877
14.899,2.00886668394372,1.54547708763094,1.99676055801612,1.57499428686068,1.9928265816694,1.80556134834877
14.9,2.00886668394372,1.54471264567504,1.99650689051669,1.57499428686068,1.99283642008564,1.80556134834877
14.92,2.00886668394372,1.529423806557,1.99196224492645,1.60271232999025,1.99307125086634,1.83063729801397
14.932,2.00886668394372,1.52025050308618,1.99097711666319,1.58014928929231,1.99955208136498,1.50611203169012
14.999,2.00886668394372,1.46903289204074,1.99042082191229,1.57740109587465,2.01148344699112,1.58533756199349
15,2.00886668394372,1.46826845008484,1.99042082191229,1.57785651473488,2.01148344699112,1.58850884579631
15.006,2.00886668394372,1.46368179834943,1.99042082191229,1.58060502100608,2.01148344699112,1.59394628304411
15.099,2.00886668394372,1.39258869645054,1.99042082191229,1.62671278483594,2.01148344699112,1.53757863427088
15.1,2.00886668394372,1.39182425449464,1.99042082191229,1.62724436132964,2.01148344699112,1.53691078204
15.176,2.00874387071673,1.33767593041794,1.99042082191229,1.6698725471554,2.01148344699112,1.48348265645318
15.187,2.00329846470079,1.62469664847221,1.99042082191229,1.6764068304244,2.01148344699112,1.47531278117943
15.199,1.99689360253141,1.62469664847221,1.99042082191229,1.68364023697692,2.01148344699112,1.46627419983723
15.2,1.99656143813866,1.62469664847221,1.99042082191229,1.68424797110237,2.01148344699112,1.46551505040746
15.234,1.99110517108516,1.58016364303448,1.99042082191229,1.70536406927624,2.01148344699112,1.4391607514616
15.239,1.99110517108516,1.57119621470592,1.99042082191229,1.70854363152217,2.01148344699112,1.43519610449476
15.299,1.99110517108516,1.61520462035815,1.99042082191229,1.74818345229238,2.01148344699112,1.38584004551423
15.3,1.99110517108516,1.61597148883525,1.99042082191229,1.74886734404956,2.01148344699112,1.38498959888556
15.354,1.99110517108516,1.65738238659989,1.99042082191229,1.78692843976899,2.0114437984168,1.33929263911621
15.366,1.99110517108516,1.66658480832537,1.99042082191229,1.79568804526169,2.00561067351954,1.65265645260973
15.399,1.99110517108516,1.69189146807045,1.99049484448151,1.80381402303415,1.99584318385592,1.57869006404183
15.4,1.99110517108516,1.69265833654758,1.99050157750028,1.80381402303415,1.99562255868243,1.57869006404183
15.401,1.99110517108516,1.6934252050247,1.99050858291126,1.80381402303415,1.99540356774307,1.60501641942824
15.418,1.99110517108516,1.7064619691358,1.99066553361266,1.80381402303415,1.99369963933483,1.56234627532366
15.44,1.99110517108516,1.72333307563252,2.00183049932977,1.56321061321517,1.99206380065193,1.5825595073674
15.499,1.99110517108516,1.76857831578281,2.0119081579848,1.59681249046092,1.99206380065193,1.58679268832181
15.5,1.99110517108516,1.76934518425993,2.0119081579848,1.59788143916985,1.99206380065193,1.58717379138583
15.578,1.99110597758581,1.82913554420751,2.0119081579848,1.55459973223326,1.99206380065193,1.61884380635056
15.59,1.99708609598261,1.53105863001085,2.0119081579848,1.54692023616953,1.99206380065193,1.62405683158464
15.599,2.00191138754968,1.53105863001085,2.0119081579848,1.54107114738861,1.99206380065193,1.62802622567052
15.6,2.00226770536996,1.53105863001085,2.0119081579848,1.5404165149456,1.99206380065193,1.62847042422823
15.633,2.00822867937548,1.59366559176499,2.0119081579848,1.51828252435477,1.99206380065193,1.64348294187013
15.638,2.00822867937548,1.60378606835352,2.0119081579848,1.51483894931469,1.99206380065193,1.64581750639263
15.699,2.00822867937548,1.56264968160153,2.0119081579848,1.47092155039954,1.99206380065193,1.67556930412527
15.7,2.00822867937548,1.56194024526704,2.0119081579848,1.47017224416486,1.99206380065193,1.67607659809074
15.799,2.00822867937548,1.49170604815073,2.0119081579848,1.3913045742443,1.99206380065193,1.72942192335554
15.8,2.00822867937548,1.49099661181622,2.0119081579848,1.39046059421796,1.99206380065193,1.72999231272875
15.899,2.00822867937548,1.42076241469988,1.99519296463439,1.57613432947609,1.99206380065193,1.78958408336131
15.9,2.00822867937548,1.42005297836537,1.99495099893942,1.57613432947609,1.99206380065193,1.79021756814229
15.971,2.00822867937548,1.36968299861527,1.99083077188141,1.56987131037863,1.99229525123028,1.83045940684058
15.983,2.00822867937548,1.36116976260116,1.99083077188141,1.57492045163213,1.99864065131039,1.50591652236845
15.988,2.00822867937548,1.35762258092862,1.99083077188141,1.57705526017766,2.00118665626293,1.50591652236845
15.999,2.00820673277476,1.35762258092862,1.99083077188141,1.58181599020507,2.00400264977233,1.60243885871586
16,2.00820257941145,1.35762258092862,1.99083077188141,1.58225315775177,2.00424957264685,1.60243885871586
16.012,2.00812564715766,1.35762258092862,1.99083077188141,1.58755602906146,2.00737292606383,1.55849877121357
16.027,2.00796437835323,1.33761620737576,1.99083077188141,1.59433223744691,2.00905683775286,1.58697730321281
16.04,2.00080857544274,1.64675698819792,1.99083077188141,1.60033762645806,2.00976620841207,1.58697730321281
16.056,1.99484621628203,1.57694104175281,1.99083077188141,1.60789799874585,2.01027999826924,1.59386952055728
16.084,1.99083948880433,1.56838072630569,1.99083077188141,1.62157770435654,2.01027999826924,1.58890757905567
16.1,1.99083948880433,1.57279741639453,1.99083077188141,1.6296512813381,2.01027999826924,1.5802372682999
16.199,1.99083948880433,1.6509713917579,1.99083077188141,1.68375627998998,2.01027999826924,1.52192428620503
16.2,1.99083948880433,1.65176116605683,1.99083077188141,1.68433924432488,2.01027999826924,1.52129440131882
16.299,1.99083948880433,1.72994882165089,1.99083077188141,1.7456611839828,2.01027999826924,1.45489019308531
16.3,1.99083948880433,1.73073859594982,1.99083077188141,1.7463170467117,2.01027999826924,1.45417857881528
16.393,1.99083948880433,1.8041876057503,1.99084022765823,1.804011988605,2.01027999826924,1.38442606033686
16.399,1.9908455873252,1.8041876057503,1.99085688365605,1.804011988605,2.01027999826924,1.37968316158447
16.4,1.9908477851592,1.8041876057503,1.99086044359936,1.804011988605,2.01027999826924,1.37888981793063
16.435,1.99111779859135,1.82964295414795,1.99595594688601,1.56732336900817,2.01026043831586,1.35879060608742
16.446,1.99699652006644,1.53332450642081,2.00210065472864,1.56131685311517,2.01019463136085,1.35879060608742
16.458,2.00309527576221,1.56211800759954,2.00573180246115,1.58974505016315,2.01007333215588,1.33850323201275
16.469,2.00562271770517,1.58829290406898,2.00860622937623,1.56974185274589,2.0043763303198,1.65012894486063
16.49,2.00856019797458,1.59341788243192,2.01112031431836,1.5953941802114,1.99716322962805,1.57480089351659
16.499,2.00856019797458,1.6008820793226,2.01198774263311,1.57392046882741,1.99495069498339,1.60291218104739
16.5,2.00856019797458,1.60027470195625,2.01203687835401,1.57392046882741,1.99471085295739,1.60291218104739
16.546,2.00856019797458,1.56659148776927,2.01210958048281,1.57657801627467,1.99149425266135,1.56717902368333
16.552,2.00856019797458,1.56216337832915,2.01210958048281,1.57286941929636,1.99149425266135,1.56283940046384
16.599,2.00856019797458,1.52747652102919,2.01210958048281,1.54261963280759,1.99149425266135,1.58004663113488
16.6,2.00856019797458,1.52673850278876,2.01210958048281,1.54195291428819,1.99149425266135,1.58045654153136
16.699,2.00856019797458,1.45367469698621,2.01210958048281,1.47118216009688,1.99149425266135,1.6243850573221
16.7,2.00856019797458,1.45293667874578,2.01210958048281,1.47041916641039,1.99149425266135,1.62486259146201
16.799,2.00856019797458,1.37987287294323,2.01210958048281,1.39011717067702,1.99149425266135,1.67548583468775
16.8,2.00856019797458,1.3791348547028,2.01210958048281,1.38925790182344,1.99149425266135,1.67603099233018
16.869,2.00824219537484,1.33731329503527,2.00629294909943,1.61958843445436,1.99149425266135,1.71527997724351
16.882,2.00093341491025,1.64717463084086,1.99952456150185,1.61958843445436,1.99149425266135,1.72303514679994
16.899,1.99481906551032,1.57432642421293,1.99503621737407,1.57617745808372,1.99149425266135,1.73334896230516
16.9,1.99461676107843,1.57432642421293,1.99479196860206,1.57617745808372,1.99149425266135,1.73396174345011
16.927,1.9909727562117,1.57019283092659,1.99133172950431,1.57947020088403,1.99149425266135,1.75076245120315
16.931,1.9909727562117,1.56573890868095,1.99113405310726,1.57947020088403,1.99149425266135,1.75329337151591
16.999,1.9909727562117,1.61674802199736,1.99082281947516,1.58231769659328,1.99149425266135,1.79797444017433
17,1.9909727562117,1.61752630663474,1.99082281947516,1.582752462703,1.99149425266135,1.79865484482179
17.064,1.9909727562117,1.6673365234273,1.99082281947516,1.61209509539935,1.99203474445694,1.82981193794097
17.075,1.9909727562117,1.67589765443852,1.99082281947516,1.61743932706943,1.99807158490728,1.51035191302223
17.099,1.9909727562117,1.69457648573573,1.99082281947516,1.62940590769176,2.00589471811604,1.57923782738095
17.1,1.9909727562117,1.69535477037311,1.99082281947516,1.62991363541997,2.00615789896464,1.57923782738095
17.106,1.9909727562117,1.70002447819741,1.99082281947516,1.63297532372908,2.00759604834548,1.55880545041797
17.157,1.9909727562117,1.73971699470398,1.99082281947516,1.66006017147789,2.0106140543446,1.58754844045373
17.162,1.9909727562117,1.7436084178909,1.99082281947516,1.66281769497373,2.0106140543446,1.5909913670713
17.199,1.9909727562117,1.7724049494741,1.99082281947516,1.68379028061679,2.0106140543446,1.57231651395975
17.2,1.9909727562117,1.77318323411149,1.99082281947516,1.68437096996326,2.0106140543446,1.57174863331537
17.283,1.99127520817304,1.82949488233824,1.99082281947516,1.73511162773284,2.0106140543446,1.52167234273564
17.294,1.997178025014,1.53302018817312,1.99082281947516,1.74221350478678,2.0106140543446,1.51459945173768
17.299,2.00031704466097,1.53302018817312,1.99082281947516,1.74547081536768,2.0106140543446,1.51135074718805
17.3,2.00083904560057,1.53302018817312,1.99082281947516,1.74612446633241,2.0106140543446,1.51069847472093
17.338,2.00866039639207,1.59349511715314,1.99082281947516,1.77150384858343,2.0106140543446,1.48528682634164
17.343,2.00866039639207,1.6023236415753,1.99082281947516,1.77492167472451,2.0106140543446,1.48185247426398
17.399,2.00866039639207,1.5624770023241,1.99082326558716,1.80363587714152,2.0106140543446,1.44194643109469
17.4,2.00866039639207,1.56173034546819,1.99082332640787,1.80363587714152,2.0106140543446,1.44120977338755
17.499,2.00866039639207,1.48781131672124,2.01172198546065,1.59516698397517,2.0106140543446,1.36410359099966
17.5,2.00866039639207,1.48706465986521,2.01172198546065,1.59689811576771,2.0106140543446,1.3632825480525
17.534,2.00866039639207,1.46167832676011,2.01172198546065,1.5820754908932,2.01049783689772,1.33912005178376
17.545,2.00866039639207,1.45346510134376,2.01172198546065,1.57554448397208,2.00508011413482,1.64504263831256
17.599,2.00866039639207,1.41314563111801,2.01172198546065,1.54184760065464,1.99281922974874,1.58114076370185
17.6,2.00866039639207,1.41239897426198,2.01172198546065,1.5411979560395,1.99277682078437,1.58114076370185
17.604,2.00866039639207,1.40941234683785,2.01172198546065,1.53859005821305,1.99263556526589,1.5607417939256
17.624,2.00866039639207,1.39447920971721,2.01172198546065,1.52532690430027,1.99129781293316,1.58331506498446
17.673,2.00866039639207,1.35789302377162,2.01172198546065,1.49125673841594,1.99129781293316,1.58830147982883
17.699,2.00854292210921,1.35789302377162,2.01172198546065,1.47227005304102,1.99129781293316,1.59972286285857
17.7,2.00853391705638,1.35789302377162,2.01172198546065,1.4715272147673,1.99129781293316,1.60017148706106
17.709,2.00843941766253,1.33768796928707,2.01172198546065,1.46479973315755,1.99129781293316,1.60424023825582
17.72,2.00272917045716,1.62910384995622,2.01172198546065,1.4564747426101,1.99129781293316,1.60928926017426
17.772,1.99101298151926,1.57736902023535,2.01172198546065,1.41559372971305,1.99129781293316,1.63429061840178
17.799,1.99101298151926,1.58745113294795,2.01172198546065,1.39337313957099,1.99129781293316,1.64800995369896
17.8,1.99101298151926,1.58822587666688,2.01172198546065,1.39253710763872,1.99129781293316,1.64852776316534
17.899,1.99101298151926,1.66493257274143,1.99609804788991,1.57969170406584,1.99129781293316,1.70321557086978
17.9,1.99101298151926,1.6657073893503,1.99584665194709,1.57969170406584,1.99129781293316,1.70380256559945
17.999,1.99101298151926,1.74241423362799,1.99079432077397,1.57727545054602,1.99129781293316,1.76533971436867
18,1.99101298151926,1.74318905023685,1.99079432077397,1.57770648949501,1.99129781293316,1.76599589436162
18.057,1.99101298151926,1.78735359694219,1.99079432077397,1.60348551040823,1.99129781293316,1.80454178636155
18.079,1.99101298151926,1.80439956233723,1.99079432077397,1.61407131334523,1.99137730472556,1.80454178636155
18.099,1.99108896392889,1.80439956233723,1.99079432077397,1.62400216096856,1.99157263496452,1.80454178636155
18.1,1.99109661141849,1.80439956233723,1.99079432077397,1.62450638810992,1.99158486384426,1.80454178636155
18.106,1.99114960180086,1.80439956233723,1.99079432077397,1.6275471204785,1.99166210138867,1.82959263768981
18.118,1.99128886878197,1.80439956233723,1.99079432077397,1.63370762846339,1.9981692653296,1.50529895139785
18.124,1.99137269089603,1.82963109799171,1.99079432077397,1.6368274040797,2.00101864777165,1.53107000811205
18.135,1.99735776357596,1.53199845885215,1.99079432077397,1.64261542366947,2.00379527490705,1.59286523388538
18.179,2.00877615995352,1.59475923629257,1.99079432077397,1.66665307915597,2.01013264751684,1.57620546295536
18.185,2.00877615995352,1.60211824292324,1.99079432077397,1.67004072355629,2.01035602186271,1.58607106997011
18.2,2.00877615995352,1.59195287076347,1.99079432077397,1.67862510596005,2.01035602186271,1.59338155095624
18.299,2.00877615995352,1.5170487085987,1.99079432077397,1.7394120395193,2.01035602186271,1.53803223969354
18.3,2.00877615995352,1.51629207117678,1.99079432077397,1.74006264304537,2.01035602186271,1.53743031241013
18.399,2.00877615995352,1.44138496640657,1.99079612024414,1.80376782685734,2.01035602186271,1.47376398842567
18.4,2.00877615995352,1.44062832898465,1.99079676875194,1.80376782685734,2.01035602186271,1.47307972734576
18.499,2.00877615995352,1.36572122421444,2.01127631580313,1.59159569201408,2.01035602186271,1.40126235750728
18.5,2.00877615995352,1.36496458679252,2.01137899641689,1.59159569201408,2.01035602186271,1.40049576263086
18.541,2.00865935730087,1.33769843581673,2.01208545423683,1.58083439019722,2.01035602186271,1.36835647870977
18.552,2.00324108119005,1.62422529354501,2.01208545423683,1.574117091181,2.01035602186271,1.35949826934123
18.59,1.99185254972193,1.57908751748085,2.01208545423683,1.55001713491467,2.01003864456886,1.33824793806833
18.599,1.99090141901595,1.60423028058638,2.01208545423683,1.5441060340633,2.00553622611946,1.6183180618248
18.6,1.99087391115221,1.58910877788645,2.01208545423683,1.54344444091204,2.00482398191796,1.6183180618248
18.601,1.99087391115221,1.5830716067523,2.01208545423683,1.54278188692722,2.00413806745046,1.6522604939699
18.606,1.99087391115221,1.57500857485082,2.01208545423683,1.53945470449983,2.00136437769688,1.6522604939699
18.653,1.99087391115221,1.6101107315021,2.01208545423683,1.50700505107862,1.99225367696089,1.56240708265802
18.673,1.99087391115221,1.6258468629513,2.01208545423683,1.49255292943907,1.99077630522838,1.58366231959078
18.699,1.99087391115221,1.64630383385197,2.01208545423683,1.47319059284198,1.99077630522838,1.57664142045199
18.7,1.99087391115221,1.64709064042507,2.01208545423683,1.47243291633526,1.99077630522838,1.57708138138443
18.799,1.99087391115221,1.72498449116225,2.01208545423683,1.39266681607445,1.99077630522838,1.62444925906774
18.8,1.99087391115221,1.72577129773535,2.01208545423683,1.39181305621226,1.99077630522838,1.62496444256331
18.899,1.99087391115221,1.80366514847253,1.99558638453719,1.57555864525314,1.99077630522838,1.6795975140087
18.9,1.99087391115221,1.80445195504564,1.99533796067169,1.57555864525314,1.99077630522838,1.68018602892616
18.95,1.99142295123578,1.82981065908404,1.99111871049439,1.55857780915507,1.99077630522838,1.71054675042859
18.961,1.99766983788838,1.52893813218904,1.99111871049439,1.56272208959897,1.99077630522838,1.71747213607958
18.999,2.00867909787434,1.56428658712129,1.99111871049439,1.57799704524404,1.99077630522838,1.742078911139
19,2.00875328462676,1.56428658712129,1.99111871049439,1.57841281515435,1.99077630522838,1.74274075747836
19.003,2.00888439592086,1.58959253974499,1.99111871049439,1.57966436143664,1.99077630522838,1.74473069638175
19.031,2.00963485775066,1.57110417389175,1.99111871049439,1.59165190394349,1.99077630522838,1.76362171785109
19.088,2.00963485775066,1.53071798765397,1.99111871049439,1.61776562302714,1.99077630522838,1.80385489382333
19.099,2.00963485775066,1.5215806162254,1.99111871049439,1.62306919103373,1.99078612733748,1.80385489382333
19.1,2.00963485775066,1.52074994609545,1.99111871049439,1.62355557013099,1.99078798335947,1.80385489382333
19.127,2.00963485775066,1.49832185258681,1.99111871049439,1.6369547084835,1.99089286271187,1.82917132728586
19.139,2.00963485775066,1.48835381102742,1.99111871049439,1.64307510658187,1.9970827500461,1.50700053654025
19.194,2.00963485775066,1.44266695388019,1.99111871049439,1.67242790546735,2.00902402001472,1.59828600356783
19.199,2.00963485775066,1.43851360323044,1.99111871049439,1.67520225550996,2.00902402001472,1.60789624266594
19.2,2.00963485775066,1.43768293310049,1.99111871049439,1.67575924379409,2.00902402001472,1.60834339939286
19.202,2.00963485775066,1.43602159284059,1.99111871049439,1.67687533863795,2.00902402001472,1.60861737534829
19.295,2.00963485775066,1.35876927075528,1.99111871049439,1.73189290970719,2.00902402001472,1.56758035903812
19.299,2.00963350003769,1.35876927075528,1.99111871049439,1.73439623867247,2.00902402001472,1.56561796136709
19.3,2.0096327369057,1.35876927075528,1.99111871049439,1.73502383614346,2.00902402001472,1.5651255683508
19.322,2.00957432893955,1.33847994107412,1.99111871049439,1.74900962174802,2.00902402001472,1.55411140982008
19.336,2.00227910404785,1.6462248971239,1.99111871049439,1.75808760228363,2.00902402001472,1.54692160511319
19.392,1.99199031397683,1.57425299987125,1.99111871049439,1.7957834644886,2.00902402001472,1.51675620503063
19.399,1.99199031397683,1.57440360878446,1.99111871049439,1.80065114052125,2.00902402001472,1.51282733462912
19.4,1.99199031397683,1.5749941957036,1.99111871049439,1.80134934717911,2.00902402001472,1.51226319767124
19.499,1.99199031397683,1.64315595897828,2.01027097900639,1.56997906489441,2.00902402001472,1.45286231373285
19.5,1.99199031397683,1.64384651478117,2.01034669997606,1.59779274021496,2.00902402001472,1.45222643283339
19.599,1.99199031397683,1.71221153926709,2.01227257565162,1.55481501840976,2.00902402001472,1.38572289867828
19.6,1.99199031397683,1.71290209506998,2.01227257565162,1.554156002333,2.00902402001472,1.38501527383724
19.669,1.99199031397683,1.76055044546925,2.01227257565162,1.50632755260061,2.00891557449253,1.33820840362569
19.68,1.99199031397683,1.76814655930102,2.01227257565162,1.49827341473771,2.00358278776565,1.64288768139631
19.699,1.99199031397683,1.78126711955589,2.01227257565162,1.48408364462266,1.99666554514593,1.5671724768776
19.7,1.99199031397683,1.78195767535878,2.01227257565162,1.48332705751335,1.9964397582756,1.5671724768776
19.745,1.99199909359981,1.80474601685409,2.01227257565162,1.44827077740744,1.9903774687026,1.59815910208264
19.751,1.99200992314081,1.80474601685409,2.01227257565162,1.44344732304685,1.99007116559756,1.58639306473352
19.773,1.99208219332603,1.82975716047073,2.01227257565162,1.4254608049444,1.99007116559756,1.57847469859057
19.785,1.99826128893518,1.52901057261402,2.01227257565162,1.41545093198211,1.99007116559756,1.58436282208588
19.799,2.00439079085994,1.5618449697798,2.01227257565162,1.40359516758018,1.99007116559756,1.59140319111046
19.8,2.00462968089833,1.5618449697798,2.01227257565162,1.40274100943832,1.99007116559756,1.59191203899541
19.827,2.0090282519546,1.59339118567136,2.01227257565162,1.37930992110492,1.99007116559756,1.6059493771333
19.832,2.0090282519546,1.60354204653066,2.01227257565162,1.37489277384677,1.99007116559756,1.60861203554655
19.899,2.0090282519546,1.55358908546285,1.99877598602599,1.59822560844301,1.99007116559756,1.64619563116801
19.9,2.0090282519546,1.55281071390632,1.99848625060164,1.59822560844301,1.99007116559756,1.6467834191115
19.999,2.0090282519546,1.47575192980968,1.99102033205113,1.5752178839256,1.99007116559756,1.70888183250999
20,2.0090282519546,1.47497355825315,1.99102033205113,1.57562896787371,1.99007116559756,1.70954855796849
20.099,2.0090282519546,1.39791477415651,1.99102033205113,1.61986015480856,1.99007116559756,1.7794617853529
20.1,2.0090282519546,1.39713640259998,1.99102033205113,1.6203426301397,1.99007116559756,1.78020744832641
20.178,2.00891778723529,1.35821782477339,1.99102033205113,1.66017527278429,1.99049618337382,1.82901077197933
20.182,2.00888502814704,1.33791553980365,1.99102033205113,1.66233505418501,1.99165018089595,1.72725505886519
20.189,2.00626958840496,1.530936502979,1.99102033205113,1.66614215729755,1.99652372940809,1.50982942716136
20.193,2.00336514711697,1.62602341191605,1.99102033205113,1.66833335088259,1.99883383510377,1.50982942716136
20.199,1.99962900037508,1.62602341191605,1.99102033205113,1.67164155865855,2.00093363866256,1.57439197534662
20.2,1.99911809472236,1.62602341191605,1.99102033205113,1.67219542531769,2.00117871615197,1.57439197534662
20.219,1.99394064301292,1.57944724496197,1.99102033205113,1.68285453536456,2.00594566165607,1.55868903210465
20.241,1.99106665959572,1.58354285976764,1.99102033205113,1.69551863767654,2.00817453935363,1.58524587771512
20.246,1.99106665959572,1.57362196261586,1.99102033205113,1.69844503189384,2.00842696912645,1.58524587771512
20.259,1.99106665959572,1.58149077142868,1.99102033205113,1.70613718471259,2.00883478247522,1.60136923662033
20.265,1.99106665959572,1.58610109150815,1.99102033205113,1.70972810214744,2.00883478247522,1.6066758414192
20.3,1.99106665959572,1.61305661897104,1.99102033205113,1.73118735329578,2.00883478247522,1.59340496937801
20.399,1.99106665959572,1.68930530508753,1.99102033205113,1.79662176475883,2.00883478247522,1.54689729680872
20.4,1.99106665959572,1.69007549383619,1.99102033205113,1.79731841407397,2.00883478247522,1.5463924022098
20.499,1.99106665959572,1.76632417995357,2.00884241145514,1.56851252306259,2.00883478247522,1.49293098460786
20.5,1.99106665959572,1.76709436870223,2.009053278971,1.56851252306259,2.00883478247522,1.49235585056834
20.585,1.99116412429476,1.82967589356373,2.01240650470072,1.57076880905216,2.00883478247522,1.44090220565589
20.597,1.99741731587637,1.52802001944663,2.01240650470072,1.56297289008013,2.00883478247522,1.43322936812396
20.599,1.9987232115455,1.52802001944663,2.01240650470072,1.56165976123557,2.00883478247522,1.43194072834695
20.6,1.9993187192586,1.52802001944663,2.01240650470072,1.56100171727609,2.00883478247522,1.43129535486684
20.643,2.00888123411789,1.58544171823332,2.01240650470072,1.53177273222886,2.00883478247522,1.40287983011394
20.648,2.00888123411789,1.59497788699626,2.01240650470072,1.52825565006201,2.00883478247522,1.39949141199999
20.699,2.00888123411789,1.55801917420298,2.01240650470072,1.49097289255395,2.00883478247522,1.36392652802601
20.7,2.00888123411789,1.55725347780345,2.01240650470072,1.49021621278169,2.00883478247522,1.3632109151053
20.741,2.00888123411789,1.52585992538568,2.01240650470072,1.4583430877712,2.00870084273544,1.33774296514324
20.752,2.00888123411789,1.51743726498039,2.01240650470072,1.44950966312439,2.00328699960772,1.64445133244832
20.799,2.00888123411789,1.4814495341578,2.01240650470072,1.41042244259647,1.99169840545913,1.57694642126671
20.8,2.00888123411789,1.48068383775732,2.01240650470072,1.40956712701145,1.99163713648078,1.57694642126671
20.837,2.00888123411789,1.45235307093953,2.01240650470072,1.3772270406021,1.99011427597301,1.58035749313735
20.843,2.00888123411789,1.44775889253664,2.01240650470072,1.37185546206699,1.99011427597301,1.57555052401192
20.899,2.00888123411789,1.40487989410972,2.00357782973949,1.62693317986639,1.99011427597301,1.60242054867329
20.9,2.00888123411789,1.40411419770924,2.00303867444038,1.62693317986639,1.99011427597301,1.60294979573867
20.992,2.00875075674435,1.33786584793767,1.99011433488522,1.57583465732735,1.99011427597301,1.6550028118241
20.999,2.00618296706226,1.52861069250588,1.99011433488522,1.57899137331406,1.99011427597301,1.65923569828928
21,2.00547041128759,1.56118964700805,1.99011433488522,1.57944660775726,1.99011427597301,1.65984354014666
21.003,2.00328287623011,1.62512157283894,1.99011433488522,1.58081734056456,1.99011427597301,1.66167178140521
21.069,1.99003286654223,1.60137166853144,1.99011433488522,1.61276914483213,1.99011427597301,1.70368269208083
21.099,1.99003286654223,1.6199197953912,1.99011433488522,1.62842450553533,1.99011427597301,1.72391032530492
21.1,1.99003286654223,1.62077909805303,1.99011433488522,1.62895853300936,1.99011427597301,1.72459676193559
21.199,1.99003286654223,1.7058514819604,1.99011433488522,1.68571767103145,1.99011427597301,1.79644442964821
21.2,1.99003286654223,1.70671079927041,1.99011433488522,1.68633029281039,1.99011427597301,1.79720946105215
21.245,1.99003286654223,1.74538007822074,1.99011433488522,1.71471172391837,1.99022967575709,1.82879339993593
21.257,1.99003286654223,1.75569188594082,1.99011433488522,1.72254889806994,1.99644884995015,1.50643416439246
21.299,1.99003286654223,1.79178321296113,1.99011433488522,1.75087026701806,2.00758824875552,1.57504448868217
21.3,1.99003286654223,1.79264253027114,1.99011433488522,1.7515614831019,2.00769956480783,1.57504448868217
21.311,1.99003286654223,1.80209502068122,1.99011433488522,1.75921673226541,2.00835630633143,1.60040321383238
21.32,1.9900451414541,1.80381365530123,1.99011433488522,1.76555085281907,2.00835630633143,1.61202556517399
21.356,1.99046295700559,1.82898161663212,1.99011433488522,1.7915239489034,2.00835630633143,1.59923586993951
21.367,1.99664806076655,1.52938702372689,1.99011433488522,1.79966333898512,2.00835630633143,1.59483045438004
21.399,2.00696463238965,1.5827717473819,1.99018545772484,1.8033944994715,2.00835630633143,1.58155756662126
21.4,2.00714349473106,1.5827717473819,1.99019065088265,1.8033944994715,2.00835630633143,1.58113182701446
21.412,2.00833278237787,1.59160128448386,1.99039181837421,1.82857121012358,2.00835630633143,1.57597113212302
21.417,2.00833278237787,1.59993047009566,1.99293144271123,1.62630693626545,2.00835630633143,1.57379260754112
21.499,2.00833278237787,1.54288660512378,2.01149284105115,1.59600937914553,2.00835630633143,1.53569505378285
21.5,2.00833278237787,1.54216819353953,2.01149284105115,1.59554969477949,2.00835630633143,1.53520287877892
21.599,2.00833278237787,1.47104544669883,2.01149284105115,1.53629305453692,2.00835630633143,1.48318900123245
21.6,2.00833278237787,1.47032703511458,2.01149284105115,1.53564686279676,2.00835630633143,1.4826303908314
21.699,2.00833278237787,1.39920428827387,2.01149284105115,1.46715097222415,2.00835630633143,1.4240394089701
21.7,2.00833278237787,1.39848587668962,2.01149284105115,1.46641340859921,2.00835630633143,1.42341436317194
21.785,2.00832805641162,1.33758131006831,2.01149284105115,1.40038085809082,2.00835630633143,1.36785725656287
21.799,2.00120530237709,1.64658482811151,2.01149284105115,1.38887170143382,2.00835630633143,1.35824627699581
21.8,2.0005800124317,1.64658482811151,2.01149284105115,1.38804276592411,2.00835629362416,1.35824627699581
21.829,1.99242375728413,1.60307918462432,2.01149284105115,1.3636061684436,2.0083451796409,1.33761232120298
21.841,1.9913640187726,1.57926459952771,2.01148032324532,1.35931529587939,2.00261772003114,1.65145243609682
21.843,1.99132088940933,1.56985054980854,2.01147216850684,1.35931529587939,2.0013818021655,1.65145243609682
21.847,1.99132088940933,1.56474290663162,2.0114498249209,1.35931529587939,1.99947573650414,1.65145243609682
21.899,1.99132088940933,1.60160371926409,1.99609682894963,1.57505118961211,1.99095265069207,1.55973497661461
21.9,1.99132088940933,1.60235198956582,1.9958401539594,1.57505118961211,1.99090676985896,1.55973497661461
21.916,1.99132088940933,1.61432431440216,1.99204638864835,1.60172672434117,1.9898210593647,1.58672352211528
21.999,1.99132088940933,1.67643074949728,1.99023287153709,1.57767972194403,1.9898210593647,1.61337008896595
22,1.99132088940933,1.67717901979963,1.99023287153709,1.57814140088123,1.9898210593647,1.61393336201786
22.099,1.99132088940933,1.75125777973236,1.99023287153709,1.62769138473196,1.9898210593647,1.67370322830334
22.1,1.99132088940933,1.75200605003471,1.99023287153709,1.62823071556903,1.9898210593647,1.67434742729754
22.17,1.99132088940933,1.80438497119927,1.99023287153709,1.66791352386231,1.9898210593647,1.72145236655561
22.199,1.99141275626074,1.80438497119927,1.99023287153709,1.68546823745606,1.9898210593647,1.74212896186311
22.2,1.99141896276023,1.80438497119927,1.99023287153709,1.68608522019247,1.9898210593647,1.74285408679953
22.21,1.99149027639824,1.82950205139506,1.99023287153709,1.69229775610121,1.9898210593647,1.75014984543195
22.221,1.997178840516,1.53529419493459,1.99023287153709,1.69922123354458,1.9898210593647,1.75826864939088
22.265,2.00881565049007,1.58928845283011,1.99023287153709,1.72785473130012,1.9898210593647,1.79172306912746
22.28,2.00881565049007,1.59520679995812,1.99023287153709,1.73795976064412,1.9898210593647,1.80348608224108
22.299,2.00881565049007,1.58080901461283,1.99023287153709,1.75101028011473,1.98989253625966,1.80348608224108
22.3,2.00881565049007,1.58004897961122,1.99023287153709,1.75170491475049,1.98990013161926,1.80348608224108
22.324,2.00881565049007,1.56180798359704,1.99023287153709,1.76860910170668,1.99018026623233,1.82871195420947
22.336,2.00881565049007,1.5526874783729,1.99023287153709,1.77722892328736,1.99677786064608,1.50410301864027
22.399,2.00881565049007,1.50480482594111,1.99036379774827,1.80375930043975,2.00914670847529,1.57575536552775
22.4,2.00881565049007,1.50404478383902,1.99037335751362,1.80375930043975,2.00920003573173,1.57575536552775
22.404,2.00881565049007,1.50100461543065,1.99041455937913,1.80375930043975,2.00932353759732,1.58567442668646
22.412,2.00881565049007,1.49492427861392,1.99051008392824,1.80375930043975,2.00932353759732,1.5970603504816
22.499,2.00881565049007,1.42880061573191,2.0119985277006,1.59358390554073,2.00932353759732,1.55758187397861
22.5,2.00881565049007,1.42804057362982,2.0119985277006,1.59483940574126,2.00932353759732,1.55707859256532
22.592,2.00881565049007,1.35811670023736,2.0119985277006,1.54210005377461,2.00932353759732,1.50760562625685
22.599,2.00880896267622,1.35811670023736,2.0119985277006,1.53747445180444,2.00932353759732,1.50358453498377
22.6,2.00880691937759,1.35811670023736,2.0119985277006,1.53680983583255,2.00932353759732,1.50300712836512
22.625,2.00867166764484,1.3375891284207,2.0119985277006,1.51988441168796,2.00932353759732,1.48833105598138
22.636,2.0031623785918,1.62578181668258,2.0119985277006,1.51224834838802,2.00932353759732,1.48172681622593
22.685,1.99076566797043,1.58780887415538,2.0119985277006,1.47683089109131,2.00932353759732,1.45121828952382
22.699,1.99076566797043,1.58144419006986,2.0119985277006,1.46629093770798,2.00932353759732,1.44217467545331
22.7,1.99076566797043,1.58221890219859,2.0119985277006,1.46553092947532,2.00932353759732,1.4415231436293
22.799,1.99076566797043,1.6609930747039,2.0119985277006,1.38556819753455,2.00932353759732,1.37335229538723
22.8,1.99076566797043,1.66178921347269,2.0119985277006,1.38471279704113,2.00932353759732,1.37262663835786
22.848,1.99076566797043,1.70000387437423,2.01198999720165,1.36037429064656,2.00928263059804,1.33842110620201
22.86,1.99076566797043,1.70955753959961,2.00838918795896,1.58027031488776,2.00344226214303,1.65364961399984
22.899,1.99076566797043,1.74060695158212,1.99357348663082,1.60147670883487,1.99294938922323,1.6014793745253
22.9,1.99076566797043,1.7414030903509,1.99336886102523,1.60147670883487,1.99286485119503,1.57841904511202
22.935,1.99076566797043,1.76926794725828,1.99107133970873,1.55734159592953,1.99115215518376,1.5706687380585
22.942,1.99076566797043,1.77484091863975,1.99107133970873,1.55874030158427,1.99115215518376,1.56473441301118
22.979,1.99076566797043,1.80429805308469,1.99107133970873,1.57339974435135,1.99115215518376,1.57956262692522
22.999,1.99085307769789,1.80429805308469,1.99107133970873,1.58177322233933,1.99115215518376,1.58864162987097
23,1.99086187531363,1.80429805308469,1.99107133970873,1.5821993497493,1.99115215518376,1.58910296694062
23.025,1.9911964366639,1.8295050615086,1.99107133970873,1.59308323884955,1.99115215518376,1.60086500962503
23.036,1.99730761189028,1.53041792602096,1.99107133970873,1.59801270193819,1.99115215518376,1.60617958813546
23.08,2.00863606196154,1.59426616828698,1.99107133970873,1.61858948247594,1.99115215518376,1.62828905599262
23.099,2.00863606196154,1.59447067368965,1.99107133970873,1.62789976045001,1.99115215518376,1.63825733079748
23.1,2.00863606196154,1.59372848378906,1.99107133970873,1.62839687366025,1.99115215518376,1.6387890111689
23.199,2.00863606196154,1.52002197323537,1.99107133970873,1.6811248785872,1.99115215518376,1.69490736082005
23.2,2.00863606196154,1.51927741437446,1.99107133970873,1.6816929775977,1.99115215518376,1.69550938448199
23.299,2.00863606196154,1.44556608714459,1.99107133970873,1.74144857675087,1.99115215518376,1.75859171989548
23.3,2.00863606196154,1.44482152828368,1.99107133970873,1.74208766156164,1.99115215518376,1.75926408684796
23.365,2.00863606196154,1.39642520232468,1.99107133970873,1.7851508196774,1.99115215518376,1.80447680234043
23.399,2.00863606196154,1.37111020105381,1.99107278714996,1.80392023668786,1.99135390981451,1.80447680234043
23.4,2.00863606196154,1.3703656421929,1.99107322908563,1.80392023668786,1.99136534443668,1.80447680234043
23.414,2.00863606196154,1.35994181814019,1.99108538452761,1.80392023668786,1.99155011395443,1.82972975258296
23.426,2.00863605299829,1.35845270041838,1.99110397039533,1.80392023668786,1.99811712734804,1.50490731180239
23.443,2.00863599786292,1.33835187606884,1.99842548566515,1.53230821719456,2.00374211371898,1.59356612839257
23.457,2.00156929911612,1.64647107621171,2.0041294390641,1.58526257489588,2.00714840035603,1.5732947897565
23.495,1.99176902340825,1.58256345650714,2.01112357182836,1.59011854858736,2.01046797219942,1.5822796587555
23.499,1.99162423541576,1.58256345650714,2.01145919908528,1.59011854858736,2.01046797219942,1.59226481869223
23.5,1.99159837819779,1.58256345650714,2.0115415498808,1.59011854858736,2.01046797219942,1.5930951797028
23.501,1.99157752191053,1.57072254338585,2.01162321852515,1.59011854858736,2.01046797219942,1.59357722487636
23.503,1.99157752191053,1.56607969216175,2.01178439419149,1.59011854858736,2.01046797219942,1.59383423847259
23.506,1.99157752191053,1.56478266540204,2.01202033636058,1.59011854858736,2.01046797219942,1.59322008810217
23.599,1.99157752191053,1.63081615526627,2.01257825297748,1.53724529481782,2.01046797219942,1.54266534447013
23.6,1.99157752191053,1.63154229997439,2.01257825297748,1.53654991090422,2.01046797219942,1.54207591150051
23.699,1.99157752191053,1.70343062607779,2.01257825297748,1.46275684067565,2.01046797219942,1.47960246749365
23.7,1.99157752191053,1.7041567707859,2.01257825297748,1.46196145549373,2.01046797219942,1.47892981068536
23.799,1.99157752191053,1.7760450968893,2.01257825297748,1.37826825970131,2.01046797219942,1.40821720664898
23.8,1.99157752191053,1.77677124159742,2.01257825297748,1.37737287325107,2.01046797219942,1.407461326002
23.875,1.99163429390305,1.82955189362756,1.99879939362975,1.57877154906396,2.01043859093503,1.35897136431971
23.887,1.99775598897296,1.52953469711359,1.99525658019685,1.57877154906396,2.01036081563467,1.35897136431971
23.894,2.00169198206814,1.52953469711359,1.99363527902844,1.60598280354847,2.01029453774889,1.33869288912443
23.899,2.00342940605052,1.55978798426209,1.99298148944574,1.58417314803811,2.00887917491695,1.46066350066868
23.9,2.00370659671522,1.55978798426209,1.99287192354455,1.58417314803811,2.00825240980325,1.50329366451464
23.905,2.00489704906112,1.58479482411699,1.99240289633027,1.58417314803811,2.00469999775105,1.64842055313795
23.929,2.0087440841699,1.59004456871015,1.99041227973383,1.5910896608291,1.99676618505458,1.57806451760414
23.935,2.0087440841699,1.60269077610904,1.99039917997314,1.56748999034229,1.99543576315742,1.57806451760414
23.98,2.0087440841699,1.57047950973221,1.99039917997314,1.58540907529244,1.99110794017809,1.58019455696893
23.999,2.0087440841699,1.55615594165674,1.99039917997314,1.59421613675426,1.99110794017809,1.57530478257043
24,2.0087440841699,1.5554020696514,1.99039917997314,1.59468729927558,1.99110794017809,1.5757218409198
24.099,2.0087440841699,1.4807687411222,1.99039917997314,1.64511070865659,1.99110794017809,1.62156965405114
24.1,2.0087440841699,1.48001486911686,1.99039917997314,1.64565820087023,1.99110794017809,1.62206842753578
24.199,2.0087440841699,1.40538154058766,1.99039917997314,1.7036382497903,1.99110794017809,1.67494639583027
24.2,2.0087440841699,1.40462766858231,1.99039917997314,1.70426207169626,1.99110794017809,1.67551586412935
24.299,2.00848890622332,1.33759317508753,1.99039917997314,1.76979876015539,1.99110794017809,1.73539261905309
24.3,2.00845223984812,1.33759317508753,1.99039917997314,1.77049891175366,1.99110794017809,1.73603278216661
24.312,2.00128239712071,1.64706194068186,1.99039917997314,1.77896026809289,1.99110794017809,1.7437698814841
24.357,1.99122601250497,1.56841731699787,1.99040799288334,1.80353100924796,1.99110794017809,1.77369066491983
24.399,1.99122601250497,1.5919564784177,1.99913446588929,1.53859698467422,1.99110794017809,1.80290832371961
24.4,1.99122601250497,1.59271292840369,1.99967450051789,1.53859698467422,1.99110794017809,1.80361918164756
24.447,1.99122601250497,1.62826608391588,2.01037162045577,1.59894258082215,1.99139571543882,1.82975008203357
24.459,1.99122601250497,1.63734348539448,2.01144730518761,1.57821042444056,1.99787566427302,1.50433480209593
24.499,1.99122601250497,1.66760149032316,2.01172238639959,1.57958853550011,2.00813661182461,1.57122719113572
24.5,1.99122601250497,1.66835794044637,2.01172238639959,1.57899671726752,2.00821815695422,1.57122719113572
24.502,1.99122601250497,1.66987084069281,2.01172238639959,1.57781027928359,2.00834866529119,1.5970576161749
24.525,1.99122601250497,1.68726919352679,2.01172238639959,1.5638982252595,2.01013308131366,1.58318695582349
24.599,1.99122601250497,1.74324650264484,2.01172238639959,1.5157928500681,2.01013308131366,1.56384096320823
24.6,1.99122601250497,1.74400295276806,2.01172238639959,1.51510782861306,2.01013308131366,1.56329254085308
24.68,1.99122601250497,1.80451896262541,2.01172238639959,1.45728653439424,2.01013308131366,1.51680856476756
24.699,1.99128933722267,1.80451896262541,2.01172238639959,1.44267746067913,2.01013308131366,1.50501094099252
24.7,1.99129606632788,1.80451896262541,2.01172238639959,1.44189924237793,2.01013308131366,1.50438195729086
24.725,1.99155765631659,1.82967575977134,2.01172238639959,1.42214089509788,2.01013308131366,1.48839554037679
24.736,1.99748613755769,1.53274463806768,2.01172238639959,1.41326269253926,2.01013308131366,1.48120200547059
24.782,2.00900400188597,1.59251060760868,2.01172238639959,1.37491385300459,2.01013308131366,1.45006379116936
24.799,2.00900400188597,1.59167958532234,2.01172238639959,1.36024238667407,2.01013308131366,1.43812478422702
24.8,2.00900400188597,1.59090785012276,2.01172237459124,1.36024238667407,2.01013308131366,1.43741523917991
24.899,2.00900400188597,1.51406528987846,1.99053397080537,1.5753878983317,2.01013308131366,1.36318249291575
24.9,2.00900400188597,1.51328900904378,1.99045932903032,1.5753878983317,2.01013308131366,1.36239238652318
24.931,2.00900400188597,1.48922430316876,1.98919256470664,1.58635432677883,2.01010769244834,1.33846849180464
24.943,2.00900400188597,1.47990893315262,1.98919256470664,1.59239606152447,2.00428540456298,1.65354234628379
24.999,2.00900400188597,1.43643720641063,1.98919256470664,1.62302025793152,1.99254010964628,1.58075095504272
25,2.00900400188597,1.43566092557595,1.98919256470664,1.62359163178573,1.99250389754496,1.58075095504272
25.003,2.00900400188597,1.43333208307191,1.98919256470664,1.62531090870929,1.99241123651181,1.56037337309728
25.022,2.00900400188597,1.41858274721303,1.98919256470664,1.63637924096493,1.99112293616514,1.58698586346905
25.099,2.00900400188597,1.35880912294279,1.98919256470664,1.68441081613459,1.99112293616514,1.6023266064384
25.1,2.00900400188597,1.35803284210811,1.98919256470664,1.68506811267127,1.99112293616514,1.60279440593038
25.135,2.00877153947679,1.33798884244383,1.98919256470664,1.70861480435463,1.99112293616514,1.61961201438845
25.148,2.00161050185232,1.64701987314407,1.98919256470664,1.71762879717776,1.99112293616514,1.62607875051843
25.193,1.99145177828169,1.56836047942379,1.98919256470664,1.74995237103332,1.99112293616514,1.64938461782053
25.199,1.99145177828169,1.56524903601379,1.98919256470664,1.75439364258491,1.99112293616514,1.65260004744896
25.2,1.99145177828169,1.56573823629685,1.98919256470664,1.75513686180406,1.99112293616514,1.65313842253273
25.299,1.99145177828169,1.63819601281293,1.98941361450145,1.80289452338015,1.99112293616514,1.70993104759946
25.3,1.99145177828169,1.63893299851935,1.98942500274769,1.80289452338015,1.99112293616514,1.71053999827462
25.399,1.99145177828169,1.71189458345453,2.01090621500778,1.59343118751437,1.99112293616514,1.77431960688833
25.4,1.99145177828169,1.71263156916095,2.01090621500778,1.59290685712008,1.99112293616514,1.77499913315487
25.483,1.99145177828169,1.77380138279347,2.01090621500778,1.5462044373573,1.99127466058438,1.82932322727505
25.495,1.99145177828169,1.78264521127046,2.01090621500778,1.53895746240662,1.99751959467272,1.50658588016753
25.499,1.99145177828169,1.78559315409613,2.01090621500778,1.53651405752529,1.99968997288698,1.50658588016753
25.5,1.99145177828169,1.78633013980254,2.01090621500778,1.53590103860462,2.00010579184564,1.50658588016753
25.508,1.99145177828169,1.79222602545387,2.01090621500778,1.53096567235421,2.00228302076002,1.60079658714881
25.574,1.99187812322399,1.82990613419502,2.01090621500778,1.48813149109015,2.01038340472376,1.58827519940642
25.578,1.99299368247662,1.72973440419163,2.01090621500778,1.48541408888506,2.01051217556085,1.57290724543545
25.585,1.99790671023776,1.53157361227309,2.01090621500778,1.48062525244082,2.01051217556085,1.58144218562778
25.599,2.0043929642322,1.5607364765247,2.01090621500778,1.47092011877199,2.01051217556085,1.57554407291539
25.6,2.00464554912474,1.5607364765247,2.01090621500778,1.47022039183746,2.01051217556085,1.57500367912407
25.628,2.0091610327757,1.59227075344141,2.01090621500778,1.45027600313449,2.01051217556085,1.55936952747678
25.633,2.0091610327757,1.60230347183008,2.01090621500778,1.44664297104039,2.01051217556085,1.55650545884936
25.699,2.0091610327757,1.55236380089026,2.01090621500778,1.39665537863379,2.01051217556085,1.51674154375347
25.7,2.0091610327757,1.55157398162327,2.01090621500778,1.39586894368541,2.01051217556085,1.51611106246236
25.799,2.0091610327757,1.47338187419049,1.99746073719897,1.59900042673912,2.01051217556085,1.44955643877651
25.8,2.0091610327757,1.4725920549235,1.99717749530342,1.59900042673912,2.01051217556085,1.44884238221538
25.899,2.0091610327757,1.39439994749072,1.98920976083638,1.58999561859968,2.01051217556085,1.37401380679809
25.9,2.0091610327757,1.39361012822372,1.98920976083638,1.59052481477054,2.01051217556085,1.37321617496694
25.942,2.0091610327757,1.36043771900982,1.98920976083638,1.61352571454759,2.01050551114529,1.33922702165972
25.954,2.00914368006049,1.35806826120883,1.98920976083638,1.62037534692659,2.00480347977259,1.65162783137725
25.981,2.0088935161796,1.33771503992212,1.98920976083638,1.63623868289851,1.99654651563324,1.58021952901499
25.994,2.00162738468151,1.6473043516175,1.98920976083638,1.64409962891916,1.99404951525224,1.58021952901499
25.999,1.99891529776113,1.6473043516175,1.98920976083638,1.64716167338173,1.9932116443116,1.58021952901499
26,1.99850732419317,1.61970177800611,1.98920976083638,1.64777665585328,1.99305320996023,1.60530543217296
26.01,1.99565486739103,1.57583237835061,1.98920976083638,1.65397366285085,1.99234504697603,1.56832034523185
26.019,1.99372297985776,1.57583237835061,1.98920976083638,1.65962431615092,1.99234504697603,1.55430872263078
26.04,1.99150044980904,1.56808183045821,1.98920976083638,1.67307939964891,1.99234504697603,1.56017461905378
26.044,1.99150044980904,1.56507337006742,1.98920976083638,1.67568516567992,1.99234504697603,1.56155077489407
26.1,1.99150044980904,1.60460703396477,1.98920976083638,1.71360709436909,1.99234504697603,1.58186002131333
26.199,1.99150044980904,1.67715319310781,1.98920976083638,1.787229575234,1.99234504697603,1.62243445656106
26.2,1.99150044980904,1.67788598259411,1.98920976083638,1.78801612964066,1.99234504697603,1.62287472904461
26.299,1.99150044980904,1.75043214173743,2.00558124290119,1.57081829324849,1.99234504697603,1.66947424553842
26.3,1.99150044980904,1.75116493122373,2.00587829695746,1.57081829324849,1.99234504697603,1.66997537742849
26.373,1.99150044980904,1.80465856372335,2.01129444854602,1.58623687399824,1.99234504697603,1.70820181797379
26.399,1.99160183572378,1.80465856372335,2.01129444854602,1.57158926283475,1.99234504697603,1.72259997516835
26.4,1.99160954675947,1.80465856372335,2.01129444854602,1.57101376835008,1.99234504697603,1.72316196646495
26.418,1.99178769436937,1.82993989991053,2.01129444854602,1.56050131885142,1.99234504697603,1.73338187938881
26.429,1.99763294045721,1.53389118686542,2.01129444854602,1.55393382177189,1.99234504697603,1.73972445248459
26.473,2.00908272826845,1.59210655898512,2.01129444854602,1.52657731880844,1.99234504697603,1.76583114368663
26.499,2.00908272826845,1.58665244740134,2.01129444854602,1.50959498166286,1.99234504697603,1.78181164545086
26.5,2.00908272826845,1.58586952871726,2.01129444854602,1.50892969257873,1.99234504697603,1.78243449615398
26.587,2.00908272826845,1.51774289618929,2.01129444854602,1.44761220501789,1.99266051977365,1.8305748512274
26.599,2.00908272826845,1.50834607734718,2.01129444854602,1.43862124060992,1.99910983086861,1.50516266313697
26.6,2.00908272826845,1.50756300911034,2.01129444854602,1.437866156927,1.99971582806186,1.50516266313697
26.644,2.00908272826845,1.47310800668927,2.01129444854602,1.40375350835056,2.00959368232564,1.60047791295714
26.667,2.00908272826845,1.45509743724189,2.01129444854602,1.38523002921101,2.01119219673431,1.58201710284741
26.699,2.00908272826845,1.43003925366292,2.01129428963217,1.35951202001365,2.01119219673431,1.58094916886322
26.7,2.00908272826845,1.42925618542608,2.01129381294865,1.35951202001365,2.01119219673431,1.58036617518338
26.791,2.00908272826845,1.35799697587341,1.99075792717752,1.5639875546684,2.01119219673431,1.52356329390214
26.799,2.00906851815614,1.35799697587341,1.99020420647427,1.5639875546684,2.01119219673431,1.51821719371609
26.8,2.00906475290693,1.35799697587341,1.99010584827604,1.5639875546684,2.01119219673431,1.51754492701799
26.828,2.00879065883126,1.33772087714356,1.98933428325656,1.57521060286711,2.01119219673431,1.49836019391916
26.841,2.00147979496516,1.64732419716233,1.98933428325656,1.58176259394849,2.01119219673431,1.48921586027685
26.887,1.9913903291185,1.56964295853722,1.98933428325656,1.60614832098768,2.01119219673431,1.45565150622049
26.899,1.9913903291185,1.56993400520234,1.98933428325656,1.61280492590582,2.01119219673431,1.44658593158344
26.9,1.9913903291185,1.57065271701718,1.98933428325656,1.61336515472058,2.01119219673431,1.44582468322225
26.999,1.9913903291185,1.64409086151116,1.98933428325656,1.67302520805403,2.01119219673431,1.36605650314152
27,1.9913903291185,1.64483314506272,1.98933428325656,1.67367023284196,2.01119219673431,1.36520627311723
27.039,1.9913903291185,1.67378220357367,1.98933428325656,1.69948760816186,2.01096658359161,1.33915877302402
27.05,1.9913903291185,1.68194732264087,1.98933428325656,1.70700262089623,2.00517655630796,1.65210111329213
27.099,1.9913903291185,1.71831921666745,1.98933428325656,1.74172508751846,1.99279900531435,1.58070875908832
27.1,1.9913903291185,1.71906150021902,1.98933428325656,1.74245490827956,1.99265566875094,1.58070875908832
27.101,1.9913903291185,1.71980378377058,1.98933428325656,1.74318557700038,1.99251582291709,1.60621484244677
27.108,1.9913903291185,1.72499976863152,1.98933428325656,1.74832400091862,1.99201671860373,1.57958833563912
27.118,1.9913903291185,1.73242260414715,1.98933428325656,1.7557366830933,1.99201671860373,1.55934088977564
27.199,1.9913903291185,1.79254757182375,1.98937505080705,1.80279030115768,1.99201671860373,1.58806523437922
27.2,1.9913903291185,1.79328985537532,1.98937915398351,1.80279030115768,1.99201671860373,1.58846100782477
27.255,1.9915524627054,1.82950784803574,2.00614534333794,1.5697990149473,1.99201671860373,1.61120598110443
27.267,1.99791181938165,1.52702178731067,2.00852672719289,1.5697990149473,1.99201671860373,1.616423669026
27.299,2.00785505340008,1.56265091274989,2.01094872298362,1.59776928782514,1.99201671860373,1.63078433035173
27.3,2.00802138333346,1.56265091274989,2.01094872298362,1.59804335291528,1.99201671860373,1.63124357352288
27.309,2.00876526636336,1.59254140462586,2.01094872298362,1.59496313320403,1.99201671860373,1.63540532343977
27.314,2.00876526636336,1.60288441556644,2.01094872298362,1.59239738102154,1.99201671860373,1.6377396211309
27.399,2.00876526636336,1.54086033023053,2.01094872298362,1.54481549423514,1.99201671860373,1.67985039888416
27.4,2.00876526636336,1.54010463200046,2.01094872298362,1.54421820819067,1.99201671860373,1.68037311178092
27.499,2.00876526636336,1.46529050722413,2.01094872298362,1.48077811445543,1.99201671860373,1.73526343997652
27.5,2.00876526636336,1.46453480899407,2.01094872298362,1.48009378244465,1.99201671860373,1.73584962259887
27.599,2.00876526636336,1.38972068421773,2.01094872298362,1.40803613804513,1.99201671860373,1.79702345362877
27.6,2.00876526636336,1.38896498598767,2.01094872298362,1.40726476006804,1.99201671860373,1.79767310597672
27.656,2.00872743821736,1.35798135855505,2.01094872298362,1.36267833972889,1.99218565758809,1.83026793411101
27.668,2.0086445755768,1.35798135855505,2.01094018496922,1.35938914025939,1.99843531988961,1.50688432102895
27.676,2.0085655183355,1.33765492521592,2.01091477021443,1.35938914025939,2.00199505576289,1.53791242047132
27.687,2.00289988107829,1.62838937913583,2.0108534239621,1.35938914025939,2.00460778746956,1.60134445882436
27.699,1.99674220722851,1.60738351312051,2.00614643778216,1.59025556505438,2.00758893197264,1.56011356961665
27.7,1.99643831460618,1.60738351312051,2.00543145753392,1.6245698306062,2.00776283941669,1.56011356961665
27.705,1.99518833812601,1.58667670832089,2.00225454953566,1.6245698306062,2.00835956588955,1.58882883811449
27.735,1.99167618034178,1.5653627181147,1.99268086542715,1.60430155981969,2.01043823201729,1.58882883811449
27.739,1.99167618034178,1.56084637909521,1.99190007411065,1.60430155981969,2.01067278608478,1.58882883811449
27.75,1.99167618034178,1.56689468353524,1.99083410680816,1.58195732078045,2.01117239841372,1.57301338588162
27.799,1.99167618034178,1.60203604556212,1.98918675231623,1.57916564940309,2.01117239841372,1.55735429766377
27.8,1.99167618034178,1.60275368442466,1.98918675231623,1.57968209324502,2.01117239841372,1.55673786576529
27.899,1.99167618034178,1.67379993181861,1.98918675231623,1.63514727315992,2.01117239841372,1.49131417519338
27.9,1.99167618034178,1.67451757068118,1.98918675231623,1.63575052927003,2.01117239841372,1.49060891766472
27.999,1.99167618034178,1.74556381807518,1.98918675231623,1.69972834437017,2.01117239841372,1.41639162146225
28,1.99167618034178,1.74628145693775,1.98918675231623,1.70041756937318,2.01117239841372,1.41559753967369
28.081,1.99167618034178,1.80441020480557,1.98918675231623,1.75909982155056,2.01114964292523,1.35951616091425
28.096,1.99168372364909,1.80441020480557,1.98918675231623,1.77058588131597,2.01106879868857,1.33910114602183
28.099,1.99168699876866,1.80441020480557,1.98918675231623,1.77290630487014,2.01070736108603,1.37360535853481
28.1,1.99168821595145,1.80441020480557,1.98918675231623,1.77368149876605,2.01031576445644,1.40897970957277
28.107,1.99169842858802,1.80441020480557,1.98918675231623,1.77913192732745,2.00566725209474,1.64484391629278
28.118,1.99171996833339,1.8296669100922,1.98918675231623,1.78778199569934,2.00050362085215,1.60157958756598
28.13,1.99781768862003,1.52980997070422,1.98918675231623,1.79733707099541,1.99774476469733,1.57785581843741
28.173,2.00886190448325,1.59265460264179,1.98942653529368,1.80296803423189,1.99206893324563,1.59210700104157
28.18,2.00886190448325,1.60110585089708,1.9900583613284,1.76996189328948,1.99176344961383,1.58063555567577
28.2,2.00886190448325,1.58671843163296,2.00140355477024,1.56614607172241,1.99176344961383,1.5727724333472
28.299,2.00886190448325,1.51107977182722,2.01115848741732,1.57931329337034,1.99176344961383,1.61344597030695
28.3,2.00886190448325,1.51031574193293,2.01115848741732,1.57876039819475,1.99176344961383,1.61388993177091
28.399,2.00886190448325,1.43467678239861,2.01115848741732,1.5196324207043,1.99176344961383,1.6610835399427
28.4,2.00886190448325,1.43391275250432,2.01115848741732,1.51899081156888,1.99176344961383,1.66159298470443
28.499,2.00886190448325,1.35827379296999,2.01115848741732,1.45108018084939,1.99176344961383,1.71526943935595
28.5,2.00886180785911,1.35827379296999,2.01115848741732,1.45034985805108,1.99176344961383,1.71584436741546
28.529,2.00877729826409,1.33817129778888,2.01115848741732,1.42878459246672,1.99176344961383,1.73280213348654
28.544,2.00082021761259,1.64752790470109,2.01115848741732,1.41733738966316,1.99176344961383,1.74178948668182
28.587,1.9915701231698,1.56912751549764,2.01115848741732,1.3834158155835,1.99176344961383,1.76836980923156
28.599,1.9915701231698,1.56871439643127,2.01115848741732,1.37365657470631,1.99176344961383,1.7760036685467
28.6,1.9915701231698,1.56941618977299,2.01115848741732,1.37283753824513,1.99176344961383,1.77664407990398
28.691,1.9915701231698,1.63550259631231,1.99260093268008,1.60446448810108,1.99204444315236,1.82995548550142
28.699,1.9915701231698,1.64131685704203,1.99135669983716,1.58004458233685,1.99566121065038,1.57921167690293
28.7,1.9915701231698,1.64204363963324,1.99127713986695,1.58004458233685,1.99639928832728,1.55028638190083
28.703,1.9915701231698,1.64422398740688,1.99105723040582,1.58004458233685,1.99846615689522,1.50513288619067
28.717,1.9915701231698,1.65439894368388,1.99040345287893,1.58004458233685,2.00330720890015,1.60569014290219
28.795,1.9915701231698,1.71108798579857,1.9903662343051,1.58699324936998,2.01109689618646,1.57400743267655
28.799,1.9915701231698,1.71399511616342,1.9903662343051,1.58890930074712,2.01109689618646,1.5770745397599
28.8,1.9915701231698,1.71472189875464,1.9903662343051,1.58939022838194,2.01109689618646,1.57709295925866
28.899,1.9915701231698,1.78667337528482,1.9903662343051,1.64079334948131,2.01109689618646,1.51691649143383
28.9,1.9915701231698,1.78740015787603,1.9903662343051,1.64135086873739,2.01109689618646,1.51624730297029
28.974,1.99200865604109,1.83001450977021,1.9903662343051,1.68473271117735,2.01109689618646,1.46427914088376
28.985,1.99804042180197,1.5315652233117,1.9903662343051,1.69153942926135,2.01109689618646,1.45614169665312
28.999,2.00451728646551,1.56093248632375,1.9903662343051,1.70033656034183,2.01109689618646,1.44563055746407
29,2.00476921292307,1.56093248632375,1.9903662343051,1.70097067121917,2.01109689618646,1.44487314500829
29.028,2.0092665326164,1.59284343276246,1.9903662343051,1.7190367377671,2.01109689618646,1.42330740683799
29.033,2.0092665326164,1.60221592548474,1.9903662343051,1.72232600916678,2.01109689618646,1.41938359737112
29.099,2.0092665326164,1.55157972098398,1.9903662343051,1.76753893332866,2.01109689618646,1.36552222427029
29.1,2.0092665326164,1.5507808060387,1.9903662343051,1.76824963582727,2.01109689618646,1.36467658782227
29.133,2.0092665326164,1.52441661284445,1.9903662343051,1.79213249727656,2.01102521334191,1.33901149181311
29.145,2.0092665326164,1.51482963350109,1.9903662343051,1.80102397154463,2.00507523860212,1.65414335945838
29.199,2.0092665326164,1.47168822645595,1.99095334290342,1.829479640384,1.99330232347173,1.57979469261292
29.2,2.0092665326164,1.47088931151067,1.99119375425574,1.79611153649231,1.99324447782078,1.57979469261292
29.219,2.0092665326164,1.45570992755034,2.00218718459853,1.56501723508699,1.99252355676689,1.56563550590681
29.226,2.0092665326164,1.45011752293338,2.00439839523378,1.59196518341654,1.99252355676689,1.55913836003019
29.299,2.0092665326164,1.39179673192792,2.01226125062272,1.58943437670885,1.99252355676689,1.58296074852592
29.3,2.0092665326164,1.39099781698264,2.01226125062272,1.58883801532398,1.99252355676689,1.5833256220523
29.374,2.00907661769813,1.33788465778709,2.01226125062272,1.54197375754231,1.99252355676689,1.61197572841312
29.385,2.0033961638181,1.62867558274578,2.01226125062272,1.53455160595639,1.99252355676689,1.61651241091751
29.399,1.9966335364001,1.60737850948542,2.01226125062272,1.52493463946973,1.99252355676689,1.62239039080926
29.4,1.99636726289115,1.60737850948542,2.01226125062272,1.52424040221749,1.99252355676689,1.62281470453042
29.434,1.99200820321101,1.5653996657369,2.01226125062272,1.50005632372238,1.99252355676689,1.63759504020811
29.438,1.99200820321101,1.56136232070524,2.01226125062272,1.497137052461,1.99252355676689,1.63937907777698
29.499,1.99200820321101,1.60167361452473,2.01226125062272,1.45068560500244,1.99252355676689,1.66776405256198
29.5,1.99200820321101,1.60236262800567,2.01226125062272,1.44989388675538,1.99252355676689,1.66824780647783
29.599,1.99200820321101,1.67057496261979,2.01226125062272,1.36668847105203,1.99252355676689,1.71908173378374
29.6,1.99200820321101,1.67126397610074,2.01226125062272,1.36579927181013,1.99252355676689,1.71962492789428
29.699,1.99200820321101,1.73947631071489,1.99151935510019,1.57924265711052,1.99252355676689,1.77634343447454
29.7,1.99200820321101,1.74016532419584,1.99146297219357,1.57924265711052,1.99252355676689,1.77694606877977
29.794,1.99200820321101,1.80493259140523,1.99089808307165,1.59245021465014,1.99274567939958,1.8053097953248
29.795,1.99200831819708,1.80493259140523,1.99089808307165,1.59289997537233,1.99275409755086,1.83065300275186
29.799,1.99201107504553,1.80493259140523,1.99089808307165,1.59470625458588,1.99365958932212,1.74668693514452
29.8,1.99201233679434,1.80493259140523,1.99089808307165,1.59515963347046,1.99421216932481,1.70369164248908
29.807,1.9920275028547,1.80493259140523,1.99089808307165,1.59835354737192,1.99908680242912,1.50626607316171
29.839,1.99222242326869,1.83020003435743,1.99089808307165,1.61340584330194,2.00838403701102,1.55879831555916
29.85,1.99795970753757,1.53469129425217,1.99089808307165,1.61875120910891,2.00939681661077,1.587081195043
29.878,2.00744618580989,1.59266750858348,1.99089808307165,1.63275269813232,2.01056775591124,1.59604235243537
29.896,2.00948133289734,1.59061121235545,1.99089808307165,1.64205323920752,2.01056775591124,1.59572282264517
29.9,2.00948133289734,1.59771821811936,1.99089808307165,1.64415186594215,2.01056775591124,1.59359632489167
29.901,2.00948133289734,1.59776619665754,1.99089808307165,1.644678331707,2.01056775591124,1.5930586216512
29.999,2.00948133289734,1.51941726297998,1.99089808307165,1.69978231781282,2.01056775591124,1.53598393748078
30,2.00948133289734,1.5185998290091,1.99089808307165,1.70038042319299,2.01056775591124,1.53535986143063
30.099,2.00948133289734,1.43767386589249,1.99089808307165,1.76317483659503,2.01056775591124,1.46941748343328
30.1,2.00948133289734,1.43685643192161,1.99089808307165,1.76384530522298,2.01056775591124,1.46870939023096
30.196,2.00948133289734,1.35838277071762,1.99101749086334,1.80397062081419,2.01056775591124,1.39682060420314
30.199,2.00947974778534,1.35838277071762,1.99104475445432,1.82949763470048,2.01056775591124,1.3944493141688
30.2,2.00947851552114,1.35838277071762,1.99116287981466,1.82949763470048,2.01056775591124,1.39365720381431
30.228,2.00930648895684,1.33784729672013,2.00489999544992,1.59048016669773,2.01056775591124,1.37113700425077
30.239,2.0036388219403,1.62849434098319,2.00790442652354,1.56769844300062,2.01056775591124,1.36210956620226
30.279,1.9926557876437,1.58749923833162,2.01210111498678,1.59635368371473,2.01026212767474,1.33831821661654
30.29,1.99218046981512,1.56635858422486,2.01210111498678,1.59380254732283,2.00429324659654,1.65478989068806
30.299,1.99152202329078,1.59300139789012,2.01210111498678,1.58851728168066,2.00017209309959,1.60085877507624
30.3,1.99147047831798,1.59300139789012,2.01210111498678,1.58792046654786,1.99990320098227,1.60085877507624
30.303,1.99138973846522,1.58883992287472,2.01210111498678,1.58612356618753,1.99917211223835,1.57550677000634
30.308,1.99138973846522,1.58214690598746,2.01210111498678,1.58310869608462,1.99797346300201,1.57550677000634
30.32,1.99138973846522,1.58943980453467,2.01210111498678,1.57577436209607,1.99500615342805,1.60333582525085
30.339,1.99138973846522,1.60353076397626,2.01210111498678,1.56387827850321,1.99273280756448,1.56276818107363
30.361,1.99138973846522,1.61986211571541,2.01210111498678,1.54966996811614,1.99100736397944,1.58115557842396
30.399,1.99138973846522,1.64807082575634,2.01210111498678,1.52403157143865,1.99100736397944,1.57946530632617
30.4,1.99138973846522,1.64881316023113,2.01210111498678,1.52333811625584,1.99100736397944,1.57989426409688
30.499,1.99138973846522,1.72230427323514,2.01210111498678,1.44992376390947,1.99100736397944,1.62590474834879
30.5,1.99138973846522,1.72304660770993,2.01210111498678,1.44913410086306,1.99100736397944,1.62640524933183
30.599,1.99138973846522,1.79653772071395,2.01210111498678,1.36619517002027,1.99100736397944,1.67949382086068
30.6,1.99138973846522,1.79728005518874,2.01210111498678,1.36530929911026,1.99100736397944,1.68006581627217
30.658,1.99179888123873,1.82971319114973,1.99948487459135,1.6041490486694,1.99100736397944,1.71446481980947
30.669,1.99781262383999,1.53172324223367,1.99632841882006,1.58063586898263,1.99100736397944,1.72126009011219
30.699,2.00769124697898,1.56691743263683,1.99116739061359,1.58300714112284,1.99100736397944,1.74023233621826
30.7,2.00788352142665,1.56691743263683,1.99113024502842,1.58300714112284,1.99100736397944,1.74087582605821
30.712,2.00908731698545,1.59117789839946,1.99030755286349,1.58984444368909,1.99100736397944,1.74865346979177
30.717,2.00908731698545,1.60223504687036,1.98994779216324,1.58984444368909,1.99100736397944,1.75192453981284
30.793,2.00908731698545,1.54503556239686,1.98984775097374,1.60326564163122,1.99100736397944,1.8038454026411
30.799,2.00908731698545,1.54033477927591,1.98984775097374,1.60634495593712,1.99100815436256,1.8038454026411
30.8,2.00908731698545,1.53955131542242,1.98984775097374,1.60686099996883,1.99100843920734,1.8038454026411
30.829,2.00908731698545,1.51683086367113,1.98984775097374,1.62217738163622,1.99103438266177,1.82901138903403
30.841,2.00908731698545,1.50742929742922,1.98984775097374,1.62871375052833,1.99701070155965,1.50954515464575
30.899,2.00908731698545,1.46198839392664,1.98984775097374,1.66194468899622,2.0086379702915,1.58684894498019
30.9,2.00908731698545,1.46120493007315,1.98984775097374,1.66254144676304,2.00869689808495,1.58684894498019
30.928,2.00908731698545,1.43926794217536,1.98984775097374,1.67957836199855,2.00978361543655,1.58177939464037
30.999,2.00908731698545,1.38364200857738,1.98984775097374,1.72561579556611,2.00978361543655,1.55362433065899
31,2.00908731698545,1.38285854472389,1.98984775097374,1.72629326706804,2.00978361543655,1.55307689401533
31.059,2.00905211172161,1.33785287534674,1.98984775097374,1.76769271879322,2.00978361543655,1.51940137329417
31.073,2.00184921404676,1.64614073974809,1.98984775097374,1.77792876469407,2.00978361543655,1.51101310075775
31.099,1.99381576458602,1.57613203646957,1.98984775097374,1.79735827564679,2.00978361543655,1.49503040885656
31.1,1.99360590825757,1.57613203646957,1.98984775097374,1.79811646088382,2.00978361543655,1.49440518923549
31.12,1.99179459552233,1.56763521105829,1.98987830193447,1.80344635738891,2.00978361543655,1.48173745256403
31.123,1.99179459552233,1.56544570286217,1.98989386482422,1.80344635738891,2.00978361543655,1.47981045693651
31.199,1.99179459552233,1.61735191944182,2.00886979235565,1.57016851691889,2.00978361543655,1.42865818942608
31.2,1.99179459552233,1.61805934912892,2.00900870597942,1.57016851691889,2.00978361543655,1.42795518682878
31.294,1.99179459552233,1.6845577397158,2.01155579669035,1.56518213225308,2.00978361543655,1.35839993279334
31.299,1.99179459552233,1.68809488815127,2.01155579669035,1.56214544574822,2.00977796718488,1.35839993279334
31.3,1.99179459552233,1.68880231783836,2.01155579669035,1.56153535227516,2.00977548467838,1.35839993279334
31.332,1.99179459552233,1.71144006782538,2.01155579669035,1.54152727484966,2.0094712294693,1.33814314931069
31.343,1.99179459552233,1.71922179438342,2.01155579669035,1.53443222000175,2.00355586645315,1.65373322321294
31.399,1.99179459552233,1.75883785686071,2.01155579669035,1.49658841449738,1.99163304806465,1.57716629214744
31.4,1.99179459552233,1.75954528654781,2.01155579669035,1.4958864486214,1.99157373007004,1.57716629214744
31.433,1.99179459552233,1.78289046622192,2.01155579669035,1.47220617053371,1.99028243716883,1.58287249243852
31.464,1.99179459552233,1.80482078652185,2.01155579669035,1.44904968657806,1.99028243716883,1.58986208596228
31.499,1.99194902050802,1.80482078652185,2.01155579669035,1.42184414295512,1.99028243716883,1.60758168636678
31.5,1.99195749272813,1.80482078652185,2.01155579669035,1.42105030467622,1.99028243716883,1.60810188706553
31.509,1.99204155226708,1.83004007492218,2.01155579669035,1.41386441758486,1.99028243716883,1.61281845941112
31.52,1.99785819275008,1.53341114010756,2.01155579669035,1.40498060705221,1.99028243716883,1.61866814257922
31.564,2.00924467394177,1.59392446341303,2.01155579669035,1.36833370884637,1.99028243716883,1.64300169507303
31.599,2.00924467394177,1.57884535345582,2.01147537636306,1.35975681285717,1.99028243716883,1.66342601959666
31.6,2.00924467394177,1.57804832657177,2.01146894957747,1.35975681285717,1.99028243716883,1.66402347813642
31.699,2.00924467394177,1.49914232434601,1.98958198653691,1.57317421208185,1.99028243716883,1.72699613646428
31.7,2.00924467394177,1.49834529394834,1.98958198653691,1.57361775647672,1.99028243716883,1.72767085284023
31.799,2.00924467394177,1.41943928457852,1.98958198653691,1.62499172444861,1.99028243716883,1.79829203695108
31.8,2.00924467394177,1.41864225418085,1.98958198653691,1.62555277906835,1.99028243716883,1.79904401116322
31.845,2.00924467394177,1.38277588628548,1.98958198653691,1.65165749278663,1.99044617867334,1.82864722064587
31.857,2.00924467394177,1.37321152151338,1.98958198653691,1.65890201692192,1.99673707182024,1.50578211144967
31.876,2.00924467394177,1.35806794395756,1.98958198653691,1.67061643795433,2.002959575984,1.60081421800497
31.899,2.00912487844883,1.35806794395756,1.98958198653691,1.68519710560886,2.00719384449573,1.58890539144314
31.9,2.00911442217332,1.35806794395756,1.98958198653691,1.68584098687882,2.00727407287212,1.58890539144314
31.912,2.00895799918788,1.33803379556209,1.98958198653691,1.69363216690554,2.00825788440401,1.58890539144314
31.925,2.0016426522355,1.6473351607561,1.98958198653691,1.70220720524108,2.00931713168249,1.58890539144314
31.931,1.99854677626473,1.61868867654779,1.98958198653691,1.70621212643272,2.00962143179123,1.57704875638338
31.939,1.99616097116868,1.59576708045817,1.98958198653691,1.71159840427903,2.00962143179123,1.59013674349866
31.971,1.99152648576175,1.57030516151157,1.98958198653691,1.73367360622567,2.00962143179123,1.57633536908209
31.999,1.99152648576175,1.58126329066173,1.98958198653691,1.75368515179079,2.00962143179123,1.56216134281938
32,1.99152648576175,1.58199379264136,1.98958198653691,1.75441185971097,2.00962143179123,1.56164403214926
32.099,1.99152648576175,1.65431764022273,1.98984699650994,1.80342450616974,2.00962143179123,1.50664384386263
32.1,1.99152648576175,1.65504818501701,1.98986201597584,1.80342450616974,2.00962143179123,1.50605003962369
32.199,1.99152648576175,1.727372119651,2.01156667896281,1.59770326539677,2.00962143179123,1.44347698861687
32.2,1.99152648576175,1.72810266444529,2.01156667896281,1.5972313847492,2.00962143179123,1.44280669081528
32.299,1.99152648576175,1.80042659907928,2.01156667896281,1.53828424193452,2.00962143179123,1.37266077710584
32.3,1.99152648576175,1.80115714387356,2.01156667896281,1.53764121035753,2.00962143179123,1.37191398574159
32.355,1.99196593557215,1.83014619966014,2.01156667896281,1.50085830624622,2.00933957758358,1.35834093719296
32.356,1.99202788310506,1.83014619966014,2.01156667896281,1.50016377767371,2.00932482042962,1.33818943667903
32.366,1.99800603006135,1.53146411221374,2.01156667896281,1.49316791454226,2.00415211744482,1.61837087112221
32.367,1.99869887408863,1.53146411221374,2.01156667896281,1.49246327048849,2.00346511888082,1.65281355253775
32.399,2.0084128141187,1.56602068552844,2.01156667896281,1.46942911766701,1.99397394055464,1.57743225215398
32.4,2.00856223872314,1.56602068552844,2.01156667896281,1.46869412716944,1.99375653151468,1.57743225215398
32.402,2.0088167343167,1.56602068552844,2.01156667896281,1.46722138740669,1.9933266624346,1.60409578676841
32.409,2.00924153554326,1.59314898047246,2.01156667896281,1.46203783117708,1.99227961575444,1.60409578676841
32.414,2.00924153554326,1.60232801940925,2.01156667896281,1.45830770333691,1.99195737280145,1.582149822683
32.419,2.00924153554326,1.60012561672169,2.01156667896281,1.45455458576658,1.99174015576392,1.56100611595696
32.44,2.00924153554326,1.58367241776413,2.01156667896281,1.43854044411806,1.9902960346897,1.58371848802795
32.499,2.00924153554326,1.53666365106018,2.01156667896281,1.39137810134181,1.9902960346897,1.59576566252933
32.5,2.00924153554326,1.53586689123982,2.01156667896281,1.39055115192367,1.9902960346897,1.59627356895704
32.599,2.00924153554326,1.45698766902388,1.99534125989228,1.57572016107293,1.9902960346897,1.65037522498718
32.6,2.00924153554326,1.45619090920352,1.99509775968354,1.57572016107293,1.9902960346897,1.65096028122931
32.699,2.00924153554326,1.37731168698758,1.99051128926217,1.5825387013603,1.9902960346897,1.71269976090503
32.7,2.00924153554326,1.37651492716722,1.99051128926217,1.58299348117523,1.9902960346897,1.71336196687856
32.757,2.00902723550169,1.33777019975191,1.99051128926217,1.61016292718284,1.9902960346897,1.75238299243044
32.77,2.00188082890534,1.64713249979129,1.99051128926217,1.6167027121588,1.9902960346897,1.76163355585175
32.799,1.99300671836489,1.6033288423919,1.99051128926217,1.63175088303227,1.9902960346897,1.78273926996356
32.8,1.99280858279838,1.6033288423919,1.99051128926217,1.63228110123414,1.9902960346897,1.7834786256685
32.815,1.99163404558592,1.56947305438169,1.99051128926217,1.64032490032596,1.9902960346897,1.79466154092038
32.819,1.99163404558592,1.56462120452146,1.99051128926217,1.64249858000395,1.9902960346897,1.79767296855215
32.87,1.99163404558592,1.59944883636059,1.99051128926217,1.67127101926775,1.99057245676377,1.82910063918551
32.882,1.99163404558592,1.60810409453001,1.99051128926217,1.67832616207752,1.99702428192379,1.50521797705828
32.899,1.99163404558592,1.6203657102738,1.99051128926217,1.6885069033472,2.00262913252546,1.60455792990172
32.9,1.99163404558592,1.62108698178815,1.99051128926217,1.68911255993549,2.00288498545221,1.60455792990172
32.909,1.99163404558592,1.62757842541722,1.99051128926217,1.69459741650397,2.00535979676911,1.55814143967537
32.974,1.99163404558592,1.67446107384946,1.99051128926217,1.73602456269179,2.01006681692226,1.57506872795356
32.999,1.99163404558592,1.69249286170801,1.99051128926217,1.75280676230349,2.01006681692226,1.57203327898079
33,1.99163404558592,1.69321413322235,1.99051128926217,1.75348785727819,2.01006681692226,1.57151328423894
33.099,1.99163404558592,1.76462001314221,1.99060338125482,1.80377380563874,2.01006681692226,1.51594096872917
33.1,1.99163404558592,1.76534128465655,1.99060984538163,1.80377380563874,2.01006681692226,1.51533957573846
33.189,1.99164189981424,1.82929502191489,2.0118689969643,1.58978072527572,2.01006681692226,1.4586102169731
33.199,1.99618719856985,1.56000923529032,2.0118689969643,1.59653330596621,2.01006681692226,1.45183996083642
33.2,1.99691264594025,1.56000923529032,2.0118689969643,1.59604068649129,2.01006681692226,1.45115853332406
33.201,1.99761956252668,1.53120355904435,2.0118689969643,1.59552200056644,2.01006681692226,1.45047630546648
33.245,2.00867908916185,1.59430557968219,2.0118689969643,1.56962193394421,2.01006681692226,1.41966593796889
33.25,2.00867908916185,1.60218180172693,2.0118689969643,1.56655134829907,2.01006681692226,1.41606671755515
33.299,2.00867908916185,1.56733500121485,2.0118689969643,1.53521119376201,2.01006681692226,1.37973550077911
33.3,2.00867908916185,1.56658673276183,2.0118689969643,1.5345480081593,2.01006681692226,1.3789740387451
33.357,2.00867908916185,1.52393543083835,2.0118689969643,1.49518661752936,2.00995017521564,1.33835719774373
33.368,2.00867908916185,1.51570447783484,2.0118689969643,1.48723764413071,2.0045438070976,1.64468090530068
33.399,2.00867908916185,1.49250815573407,2.0118689969643,1.464221692285,1.99490160864537,1.57666227405381
33.4,2.00867908916185,1.4917598872792,2.0118689969643,1.46346414423369,1.99467994854116,1.57666227405381
33.402,2.00867908916185,1.49026335036947,2.0118689969643,1.4619462172576,1.99423908548434,1.60304377993491
33.434,2.00867908916185,1.46631875981383,2.0118689969643,1.43714605391974,1.99196502792238,1.5619482991641
33.441,2.00867908916185,1.46108088062979,2.0118689969643,1.43159221344724,1.99196502792238,1.55503513312658
33.499,2.00867908916185,1.41768131024769,2.0118689969643,1.38379594594742,1.99196502792238,1.57574052605414
33.5,2.00867908916185,1.41693304179282,2.0118689969643,1.3829440354475,1.99196502792238,1.57613883982728
33.579,2.00867908916185,1.35781983385858,2.00012770615423,1.62061511367104,1.99196502792238,1.60962425817986
33.599,2.00859870669374,1.35781983385858,1.9944228189155,1.57497263453839,1.99196502792238,1.61873399805578
33.6,2.00859057836192,1.35781983385858,1.99417052320075,1.57497263453839,1.99196502792238,1.61919619252135
33.617,2.00839804030709,1.33764105799398,1.99142137074795,1.58009674355129,1.99196502792238,1.62715123588202
33.63,2.0011564368871,1.64707729821654,1.99064493530455,1.58009674355129,1.99196502792238,1.63335907166731
33.675,1.99115189881209,1.56740341983231,1.99045642867838,1.57077365089767,1.99196502792238,1.655681376922
33.699,1.99115189881209,1.57855672490574,1.99045642867838,1.58149792632454,1.99196502792238,1.66811553845137
33.7,1.99115189881209,1.57931940497757,1.99045642867838,1.58195425553313,1.99196502792238,1.66864161360055
33.799,1.99115189881209,1.65484022447725,1.99045642867838,1.630886637224,1.99196502792238,1.72388514720695
33.8,1.99115189881209,1.65560306431919,1.99045642867838,1.63141884097882,1.99196502792238,1.72447510303972
33.899,1.99115189881209,1.7311242086706,1.99045642867838,1.68786280274222,1.99196502792238,1.7860428243225
33.9,1.99115189881209,1.73188704851254,1.99045642867838,1.68847088104322,1.99196502792238,1.78669666083887
33.965,1.99115189881209,1.78147163823821,1.99045642867838,1.72962347962431,1.99199159233717,1.82973732044316
33.977,1.99115189881209,1.79062571634142,1.99045642867838,1.73757142284267,1.99795428794554,1.51019143051207
33.995,1.99115189881209,1.80435683349622,1.99045642867838,1.74969819894489,2.00396361958248,1.60461303897926
33.999,1.99115422906249,1.80435683349622,1.99045642867838,1.75242642287905,2.00499361737716,1.58114846338249
34,1.9911555384895,1.80435683349622,1.99045642867838,1.75311037572624,2.00526792405413,1.58114846338249
34.005,1.99116641295475,1.80435683349622,1.99045642867838,1.75654152114413,2.00656054051326,1.5599142412545
34.037,1.99139097502101,1.82976853534799,1.99045642867838,1.77895002913204,2.00955213672383,1.5870600727641
34.048,1.99723408607584,1.53292799307373,1.99045642867838,1.78683239705462,2.01002388523789,1.5870600727641
34.058,2.00265620993074,1.53292799307373,1.99045642867838,1.79407785434863,2.01028765025331,1.58691786923304
34.064,2.00438195143476,1.56254919676138,1.99045642867838,1.79846154850722,2.01028765025331,1.59149325919608
34.092,2.00873013207919,1.59173745099182,1.99049275460876,1.80361038127741,2.01028765025331,1.57838705256765
34.1,2.00873013207919,1.60108322974427,1.99052457451218,1.80361038127741,2.01028765025331,1.57409714799972
34.199,2.00873013207919,1.52722200296321,2.01172912347717,1.59568992777875,2.01028765025331,1.51667390974154
34.2,2.00873013207919,1.52646933383862,2.01172912347717,1.59516601858177,2.01028765025331,1.51605298162524
34.299,2.00873013207919,1.45195509050466,2.01172912347717,1.53494095023534,2.01028765025331,1.45053248224015
34.3,2.00873013207919,1.45120242138007,2.01172912347717,1.5342851984072,2.01028765025331,1.44982976390423
34.399,2.00873013207919,1.37668817804611,2.01172912347717,1.46474987221741,2.01028765025331,1.3762120327774
34.4,2.00873013207919,1.37593550892152,2.01172912347717,1.46400086998112,2.01028765025331,1.37542752422187
34.455,2.0085464714479,1.35787144993147,2.01172912347717,1.42136969069919,2.01005796458226,1.33869727753431
34.461,2.00847175087105,1.33771691641887,2.01172912347717,1.41654836834879,2.00787607419087,1.51183335358971
34.466,2.00691944016348,1.46920786527256,2.01172912347717,1.41250495586121,2.0043125226181,1.65107726469902
34.474,2.00127359881245,1.64701960473537,2.01172912347717,1.40598700566884,2.00035334628111,1.61922324833632
34.499,1.99332979968213,1.57723917023705,2.01172912347717,1.38523375338405,1.99425180200414,1.60175800115159
34.5,1.99311869963822,1.57723917023705,2.01172912347717,1.38439150073959,1.99408069027336,1.60175800115159
34.518,1.99120920331223,1.56964621842976,2.01172912347717,1.36907149494152,1.9924665661269,1.577856116089
34.522,1.99120920331223,1.56469511290619,2.01172912347717,1.36562601902903,1.99219703591744,1.577856116089
34.554,1.99120920331223,1.58692850987856,2.01159216181128,1.35956053477502,1.99083027683158,1.58235265950381
34.56,1.99120920331223,1.59147590078497,2.01150140275597,1.33938454448162,1.99083027683158,1.57711432288363
34.599,1.99120920331223,1.62103397412135,1.99461283344605,1.57784778626544,1.99083027683158,1.59329392426597
34.6,1.99120920331223,1.62179187345064,1.99433309231357,1.60287206567307,1.99083027683158,1.59376300051745
34.699,1.99120920331223,1.69682390704987,1.9905067633159,1.57956255632992,1.99083027683158,1.64381052202403
34.7,1.99120920331223,1.69758180637916,1.9905067633159,1.58001508516323,1.99083027683158,1.64435250380109
34.799,1.99120920331223,1.7726138399784,1.9905067633159,1.62855142094288,1.99083027683158,1.70161736505541
34.8,1.99120920331223,1.77337173930768,1.9905067633159,1.62907942414545,1.99083027683158,1.70223224916228
34.884,1.99148218975097,1.82955653189659,1.9905067633159,1.67612612814103,1.99083027683158,1.75648512731341
34.895,1.99732625244906,1.53381915250474,1.9905067633159,1.68268135962419,1.99083027683158,1.76397058555408
34.899,1.99991483257209,1.53381915250474,1.9905067633159,1.68508772247428,1.99083027683158,1.76671444106781
34.9,2.00047474378978,1.53381915250474,1.9905067633159,1.68569120004603,1.99083027683158,1.76740222750449
34.939,2.0088287713763,1.59165328636985,1.9905067633159,1.70981552542394,1.99083027683158,1.79479453670746
34.944,2.0088287713763,1.60143671431638,1.9905067633159,1.71299140945798,1.99083027683158,1.79838656378345
34.998,2.0088287713763,1.56246031935903,1.9905067633159,1.74849326372666,1.99115406691919,1.82925413782001
34.999,2.0088287713763,1.56169914603884,1.9905067633159,1.7491714609239,1.99119648206984,1.82925413782001
35,2.0088287713763,1.56093797271855,1.9905067633159,1.74985041286484,1.99138146344397,1.80770852123156
35.01,2.0088287713763,1.55332623951412,1.9905067633159,1.75668144317722,1.99763926370528,1.5052420985771
35.078,2.0088287713763,1.50156645372131,1.9905071101105,1.80365914041803,2.00998122712224,1.58710142937925
35.099,2.0088287713763,1.48558181399118,1.99055165152463,1.80365914041803,2.00998122712224,1.5908177816377
35.1,2.0088287713763,1.48482064067069,1.99055554551276,1.80365914041803,2.00998122712224,1.59032575830289
35.199,2.0088287713763,1.40946448194292,2.01176683024412,1.5977209093899,2.00998122712224,1.53705791148596
35.2,2.0088287713763,1.40870330862243,2.01176683024412,1.59744932245884,2.00998122712224,1.53647998716399
35.294,2.00880485042431,1.33798108576688,2.01176683024412,1.54130601557846,2.00998122712224,1.47861194236755
35.299,2.00776905058654,1.43428246436475,2.01176683024412,1.53805704315249,2.00998122712224,1.47533745359361
35.3,2.00719863953326,1.47512444415143,2.01176683024412,1.53740444216161,2.00998122712224,1.4746801752172
35.308,2.00160312944822,1.64683615930619,2.01176683024412,1.53214995616641,2.00998122712224,1.46939338074624
35.354,1.9916298540999,1.56982812973157,2.01176683024412,1.50077476834147,2.00998122712224,1.438008735182
35.399,1.9916298540999,1.5935568460483,2.01176683024412,1.46816620968882,2.00998122712224,1.40568159025651
35.4,1.9916298540999,1.59427847888808,2.01176683024412,1.46742005850853,2.00998122712224,1.40494495782564
35.498,1.9916298540999,1.6649985014003,2.01176683024412,1.38975912315157,2.00968151074697,1.33845979487722
35.499,1.9916298540999,1.66572013428399,2.01176683024412,1.38892035728376,2.00962941159684,1.33845979487722
35.5,1.9916298540999,1.66644176716768,2.01176683024412,1.38808065591406,2.00943229445613,1.33845979487722
35.509,1.9916298540999,1.67293646312088,2.01176683024412,1.38048124600148,2.00378061960385,1.65360007231397
35.588,1.9916298540999,1.7299454609323,1.99828192230093,1.5787116447806,1.99054683845045,1.58629533048386
35.599,1.9916298540999,1.73788342265287,1.99525475436102,1.5787116447806,1.99054683845045,1.57431823522955
35.6,1.9916298540999,1.73860505553656,1.99499072963573,1.5787116447806,1.99054683845045,1.57460631579729
35.691,1.9916298540999,1.80427364795225,1.98975429447733,1.58790718353981,1.99054683845045,1.61864233493101
35.699,1.99163002632171,1.80427364795225,1.98975429447733,1.59189914854302,1.99054683845045,1.62285290605893
35.7,1.99163007191674,1.80427364795225,1.98975429447733,1.59240180997271,1.99054683845045,1.62338260945906
35.726,1.99163299706841,1.82943498892837,1.98975429447733,1.60575692107879,1.99054683845045,1.63741869457514
35.738,1.99760727320292,1.53124483112007,1.98975429447733,1.61210653992098,1.99054683845045,1.64406824283529
35.781,2.00864745764509,1.59431989624538,1.98975429447733,1.63582256678349,1.99054683845045,1.66878450761313
35.799,2.00864745764509,1.5953969977361,1.98975429447733,1.64619740346607,1.99054683845045,1.67954345612332
35.8,2.00864745764509,1.59465502723328,1.98975429447733,1.64678152167256,1.99054683845045,1.68014831528207
35.899,2.00864745764509,1.52085369488246,1.98975429447733,1.70864133299933,1.99054683845045,1.74374958204947
35.9,2.00864745764509,1.52010815354167,1.98975429447733,1.70930690795095,1.99054683845045,1.74442959696683
35.983,2.00864745764509,1.45822822225585,1.98975429447733,1.76738921107184,1.99054683845045,1.80349076485338
35.999,2.00864745764509,1.44629956080317,1.98975429447733,1.77923093704679,1.99055303800032,1.80349076485338
36,2.00864745764509,1.44555401946238,1.98975429447733,1.77997796874356,1.9905538277114,1.80349076485338
36.018,2.00864745764509,1.4321342753281,1.98975429447733,1.79356383031964,1.99057534598687,1.829015793039
36.03,2.00864745764509,1.42318777923859,1.98975429447733,1.80276769351161,1.99657842943352,1.5090514785342
36.099,2.00864745764509,1.37174542672388,2.00186644592177,1.56441107920305,2.00898779229523,1.58708522004394
36.1,2.00864745764509,1.37099988538309,2.00220794787823,1.56441107920305,2.00904038494341,1.58708522004394
36.125,2.008644812933,1.35832568258961,2.00885833570901,1.57062792888508,2.00992390687328,1.57381044472836
36.146,2.00861351971885,1.33785697300938,2.01116259766527,1.57638844523889,2.00992390687328,1.57137288420013
36.16,2.00144310707645,1.64593301082155,2.01167550724447,1.59866049758637,2.00992390687328,1.56407087894492
36.199,1.99165028990137,1.57943163372545,2.01167550724447,1.57827964268516,2.00992390687328,1.54287367666619
36.2,1.99161856306836,1.57943163372545,2.01167550724447,1.57769105769268,2.00992390687328,1.5423143733744
36.205,1.9914947262289,1.56976029071443,2.01167550724447,1.57473420877715,2.00992390687328,1.53950602216328
36.209,1.9914947262289,1.56517627660114,2.01167550724447,1.57235202117776,2.00992390687328,1.53724513949266
36.299,1.9914947262289,1.62927012664002,2.01167550724447,1.5148263385106,2.00992390687328,1.48303787963754
36.3,1.9914947262289,1.63000340958529,2.01167550724447,1.51414492927435,2.00992390687328,1.48239967800578
36.399,1.9914947262289,1.7025984211673,2.01167550724447,1.44209061988705,2.00992390687328,1.41531224865476
36.4,1.9914947262289,1.70333170411257,2.01167550724447,1.44131638650941,2.00992390687328,1.41459514868347
36.475,1.9914947262289,1.75832792500803,2.01167550724447,1.38060339515738,2.00992390687328,1.35856404816049
36.499,1.9914947262289,1.77592671569458,2.01167550724447,1.36007248712509,2.0098101075602,1.35856404816049
36.5,1.9914947262289,1.77665999863985,2.01167545159806,1.36007248712509,2.0098006114981,1.35856404816049
36.511,1.9914947262289,1.78472611103785,2.01166752899794,1.36007248712509,2.00967344272974,1.33819981202002
36.522,1.9914947262289,1.79279222343585,2.01164654061225,1.36007248712509,2.00390232774371,1.65139941796152
36.579,1.99167348370827,1.82957303725695,1.99216616710085,1.5993501794636,1.99081145717328,1.60546196745659
36.584,1.99309971522582,1.70525598291816,1.99173427958874,1.57580011506858,1.99052158169381,1.58825918118981
36.59,1.99736698480775,1.5352501764061,1.99123638716706,1.57580011506858,1.99052158169381,1.57010239039264
36.599,2.00247881006991,1.5352501764061,1.99052726341952,1.57580011506858,1.99052158169381,1.57033153932
36.6,2.00287745014724,1.5352501764061,1.99045203150493,1.57580011506858,1.99052158169381,1.57071433040817
36.635,2.00894586021824,1.59293969937897,1.98892426241274,1.58903250875502,1.99052158169381,1.58686313515109
36.64,2.00894586021824,1.60028388556435,1.98892426241274,1.59146987481654,1.99052158169381,1.58927424710028
36.699,2.00894586021824,1.55653214504691,1.98892426241274,1.6245908559748,1.99052158169381,1.61914814779059
36.7,2.00894586021824,1.55576087690139,1.98892426241274,1.62517925988092,1.99052158169381,1.61967709207798
36.799,2.00894586021824,1.47940533049207,1.98892426241274,1.68779000741916,1.99052158169381,1.67577272615933
36.8,2.00894586021824,1.47863406234652,1.98892426241274,1.68846646709967,1.99052158169381,1.67637702700489
36.899,2.00894586021824,1.40227851593713,1.98892426241274,1.75979473630189,1.99052158169381,1.7399329603461
36.9,2.00894586021824,1.40150724779158,1.98892426241274,1.76055925175678,1.99052158169381,1.74061261774985
36.986,2.0088592944536,1.33806186577331,1.98899032432256,1.82759234879091,1.99052158169381,1.80188224331375
36.989,2.00854015098072,1.37040010988935,1.98935194475541,1.78914264474889,1.99052158169381,1.80412015683859
36.997,2.00354356605505,1.62244711292084,1.99442986947876,1.53839387000567,1.99053604628922,1.80412015683859
36.999,2.00215615450855,1.62244711292084,1.99579870171658,1.53839387000567,1.99054414937621,1.80412015683859
37,2.00150705548076,1.62244711292084,1.9964367001076,1.53839387000567,1.99054886514392,1.80412015683859
37.001,2.00088773815839,1.64753183485739,1.99704374773705,1.53839387000567,1.99055402071674,1.80412015683859
37.04,1.99171532819679,1.58242183918361,2.00825140957209,1.56980872845103,1.99105093084697,1.82914572968035
37.044,1.99162078525156,1.56932315581169,2.00858724541999,1.59652763102688,1.9922696176734,1.72264581113561
37.048,1.99162078525156,1.56464006750781,2.00892181464847,1.59652763102688,1.99502102028193,1.56637724423663
37.051,1.99162078525156,1.56546862311779,2.00921822133975,1.59652763102688,1.99715971367619,1.50906985480882
37.099,1.99162078525156,1.59956753947987,2.01048042722333,1.58570481611706,2.0083953121898,1.58707602335118
37.1,1.99162078525156,1.60028995423427,2.01048042722333,1.58519054543405,2.00846838819561,1.58707602335118
37.138,1.99162078525156,1.62774171493254,2.01048042722333,1.56503042094033,2.01024046651935,1.58188202572532
37.199,1.99162078525156,1.67180901500365,2.01048042722333,1.530152144303,2.01024046651935,1.55827859003085
37.2,1.99162078525156,1.67253142975891,2.01048042722333,1.52955453918948,2.01024046651935,1.55772230837066
37.299,1.99162078525156,1.74405049053005,2.01048042722333,1.46626715136965,2.01024046651935,1.49862037457121
37.3,1.99162078525156,1.74477290528532,2.01048042722333,1.46558622339589,2.01024046651935,1.49798267779355
37.383,1.99162078525156,1.80473332997224,2.01048042722333,1.40616456666641,2.01024046651935,1.44221571509427
37.399,1.99165826786918,1.80473332997224,2.01048042722333,1.39404987241245,2.01024046651935,1.43082064968532
37.4,1.99166304247465,1.80473332997224,2.01048042722333,1.39328562157846,2.01024046651935,1.43010153781433
37.428,1.99189641793566,1.8298588356992,2.01048042722333,1.37154830741411,2.01024046651935,1.4096358601476
37.439,1.99770189183839,1.5344596823165,2.01048042722333,1.3628299207429,2.01024046651935,1.40142113711761
37.483,2.00918631818251,1.59028384976387,2.00865477396807,1.47531533511847,2.01024046651935,1.36757712236831
37.494,2.00918631818251,1.59753185926427,2.00124625407533,1.61960122421471,2.01024046651935,1.35886983802365
37.499,2.00918631818251,1.59374339689507,1.99876899745605,1.61960122421471,2.01023635667357,1.35886983802365
37.5,2.00918631818251,1.59296024891795,1.99835600145976,1.61960122421471,2.01023455032386,1.35886983802365
37.526,2.00918631818251,1.57238626465963,1.99153768592531,1.60030199635235,2.01007718725446,1.33862836762402
37.537,2.00918631818251,1.5636742734437,1.99025719736151,1.57986709803101,2.00452417898439,1.6475765818862
37.599,2.00918631818251,1.51457031991151,1.98945813895329,1.5761600978372,1.99176023240522,1.5627463291812
37.6,2.00918631818251,1.51377832066088,1.98945813895329,1.57666636907266,1.99167840157419,1.5627463291812
37.613,2.00918631818251,1.50348233040272,1.98945813895329,1.5833241638898,1.99087800472407,1.5828205042879
37.699,2.00918631818251,1.43537039484874,1.98945813895329,1.63093588405994,1.99087800472407,1.60852204429138
37.7,2.00918631818251,1.43457839559812,1.98945813895329,1.63152596661964,1.99087800472407,1.60901370581307
37.796,2.00918631818251,1.35854646753786,1.98945813895329,1.69207614552176,1.99087800472407,1.65958987706352
37.799,2.00918567292889,1.35854646753786,1.98945813895329,1.69409279836242,1.99087800472407,1.66127807888787
37.8,2.00918517130957,1.35854646753786,1.98945813895329,1.69476669220156,1.99087800472407,1.66184226328687
37.824,2.00913142400691,1.33827075744449,1.98945813895329,1.71119157817926,1.99087800472407,1.67560025749468
37.838,2.0018778600364,1.64607791068217,1.98945813895329,1.72099569966956,1.99087800472407,1.6838186649695
37.889,1.99176028328368,1.57279222973953,1.98945813895329,1.75809988562664,1.99087800472407,1.71495921603314
37.899,1.99176028328368,1.57253707646228,1.98945813895329,1.76563084060874,1.99087800472407,1.72128640121351
37.9,1.99176028328368,1.57320219928461,1.98945813895329,1.76638854572732,1.99087800472407,1.7219231084898
37.999,1.99176028328368,1.64343856832586,1.99786390572939,1.5355663067471,1.99087800472407,1.78854701126822
38,1.99176028328368,1.64414895624571,1.99842656223665,1.5355663067471,1.99087800472407,1.7892562414218
38.071,1.99176028328368,1.69458649855459,2.0111763991671,1.5970735577765,1.99133048974687,1.82932267561897
38.082,1.99176028328368,1.70240076567287,2.0111763991671,1.5924018616649,1.99732634823205,1.51060235529971
38.099,1.99176028328368,1.71447736031021,2.0111763991671,1.58329362985935,2.00335195502339,1.60045005488583
38.1,1.99176028328368,1.71518774823005,2.0111763991671,1.58274906058657,2.00359642516091,1.60045005488583
38.112,1.99176028328368,1.72371240326817,2.0111763991671,1.5761448717399,2.00668573309405,1.55924827607595
38.147,1.99176028328368,1.74857598046269,2.0111763991671,1.55615178383882,2.00927403008006,1.60504704599504
38.153,1.99176028328368,1.75283830798175,2.0111763991671,1.5526151043645,2.00927403008006,1.61015369333319
38.199,1.99176028328368,1.78551615229455,2.0111763991671,1.52443784316419,2.00927403008006,1.5908804685617
38.2,1.99176028328368,1.7862265402144,2.0111763991671,1.52380441283187,2.00927403008006,1.59041125338583
38.268,1.99192817580032,1.82987865352457,2.0111763991671,1.47864658689708,2.00927403008006,1.5567748532136
38.28,1.99828085461306,1.52717720203721,2.0111763991671,1.47025104966832,2.00927403008006,1.55048510599775
38.299,2.0054844342379,1.58444382325949,2.0111763991671,1.45669643460485,2.00927403008006,1.54030919999819
38.3,2.00571098712231,1.58444382325949,2.0111763991671,1.45597414820531,2.00927403008006,1.53976625283779
38.322,2.00906932950643,1.59268351107902,2.0111763991671,1.43985904156548,2.00927403008006,1.52763487435028
38.327,2.00906932950643,1.60241238942081,2.0111763991671,1.43613653948379,2.00927403008006,1.52482797404299
38.399,2.00906932950643,1.54824930605315,2.0111763991671,1.38006941932428,2.00927403008006,1.48236476954873
38.4,2.00906932950643,1.54746739299178,2.0111763991671,1.37925827685753,2.00927403008006,1.4817480907841
38.499,2.00906932950643,1.47005799991629,1.99273351410102,1.60537867771369,2.00927403008006,1.41704717867612
38.5,2.00906932950643,1.46927608685492,1.99250393913202,1.60537867771369,2.00927403008006,1.41635676830725
38.58,2.00906932950643,1.40672304194543,1.99038706919145,1.57508546188925,2.00927403008006,1.35873503482111
38.599,2.00906932950643,1.39186669377942,1.99038706919145,1.58394334409248,2.00926349013715,1.35873503482111
38.6,2.00906932950643,1.39108478071806,1.99038706919145,1.58441719101702,2.00926236537257,1.35873503482111
38.608,2.00906932950643,1.38482947622711,1.99038706919145,1.58823547976506,2.00925143411332,1.33829692516133
38.62,2.00906932950643,1.37544651949068,1.99038706919145,1.59405462405955,2.00347408624395,1.65252168212953
38.674,2.00892681032342,1.33780616079932,1.99038706919145,1.62160268429546,1.99182382186171,1.56292039207121
38.685,2.00340523918031,1.62603086497907,1.99038706919145,1.62748754906326,1.99079186393168,1.59028033345627
38.691,1.99966603034373,1.62603086497907,1.99038706919145,1.63073645254852,1.99056699101472,1.58054832987898
38.699,1.99646188949542,1.60138714729736,1.99038706919145,1.63511112240934,1.99056699101472,1.57040373860632
38.7,1.99619514878462,1.60138714729736,1.99038706919145,1.63566139531091,1.99056699101472,1.57049769815588
38.733,1.99109862906531,1.58354874192513,1.99038706919145,1.65424915079384,1.99056699101472,1.58461850647078
38.738,1.99109862906531,1.57347829014701,1.99038706919145,1.65713808206034,1.99056699101472,1.58698082294815
38.799,1.99109862906531,1.61811488552079,1.99038706919145,1.69392149842929,1.99056699101472,1.61731119328105
38.8,1.99109862906531,1.61888231801873,1.99038706919145,1.69454819730789,1.99056699101472,1.6178316612602
38.899,1.99109862906531,1.6948581353164,1.99038706919145,1.76037447215232,1.99056699101472,1.67307027037975
38.9,1.99109862906531,1.69562556781435,1.99038706919145,1.76107759700795,1.99056699101472,1.67366573389797
38.999,1.99109862906531,1.77160138511205,1.99068012564977,1.80391470328362,1.99056699101472,1.73632890138555
39,1.99109862906531,1.77236881761001,1.99069393036515,1.80391470328362,1.99056699101472,1.73699936044284
39.093,1.99164709368239,1.82990148833219,2.01223713910886,1.59444351710126,1.99056699101472,1.80263010778351
39.095,1.99198599438581,1.79628008680908,2.01223713910886,1.59340917088177,1.99056699101472,1.80411276746693
39.099,1.99418283097143,1.64139870316378,2.01223713910886,1.59114682294695,1.99057039945454,1.80411276746693
39.1,1.9949091250501,1.60742508890059,2.01223713910886,1.59056416530081,1.99057231474325,1.80411276746693
39.104,1.99786195903619,1.5293480578752,2.01223713910886,1.58820638545335,1.99058420045012,1.80411276746693
39.145,2.0091282570081,1.56286773751617,2.01223713910886,1.56302277074614,1.99104764330994,1.82925576054783
39.147,2.00917991821695,1.58959201501858,2.01223713910886,1.56175232059843,1.99134848893416,1.8008235643682
39.156,2.00917991821695,1.59935268459138,2.01223713910886,1.55598713672962,1.99709747082702,1.50978990667116
39.199,2.00917991821695,1.56579472773328,2.01223713910886,1.52735467497831,2.00813467302399,1.58741978793497
39.2,2.00917991821695,1.56500328026156,2.01223713910886,1.52666740012872,2.00820074259809,1.58741978793497
39.243,2.00917991821695,1.53097103876054,2.01223713910886,1.49619422481522,2.01009019982602,1.58317269430688
39.248,2.00917991821695,1.52701380137545,2.01223713910886,1.49253408517651,2.01009019982602,1.58744105914959
39.299,2.00917991821695,1.48664998004753,2.01223713910886,1.45381136965303,2.01009019982602,1.56265097128209
39.3,2.00917991821695,1.48585853257051,2.01223713910886,1.45302680550311,2.01009019982602,1.5621061380339
39.399,2.00917991821695,1.40750523234572,2.01223713910886,1.37053913429504,2.01009019982602,1.50419672513973
39.4,2.00917991821695,1.4067137848687,2.01223713910886,1.36965728084479,2.01009019982602,1.50357167136031
39.49,2.00909400464951,1.33839976945598,1.99307940402361,1.57874491433735,2.01009019982602,1.44403180487231
39.499,2.00523648112248,1.58327478734284,1.99208888874636,1.57874491433735,2.01009019982602,1.437720436237
39.5,2.00450540395107,1.58327478734284,1.99198927828966,1.57874491433735,2.01009019982602,1.43701516203412
39.505,2.00112271457019,1.64757869435288,1.99152445829432,1.57874491433735,2.01009019982602,1.43347675795623
39.548,1.99180735696751,1.57023141037106,1.99001163863619,1.57532737115607,2.01009019982602,1.4022186081163
39.553,1.99180735696751,1.56458057179998,1.99001163863619,1.57763115368137,2.01009019982602,1.39848767502212
39.599,1.99180735696751,1.59563450583861,1.99001163863619,1.59994704179987,2.01009019982602,1.36322210498841
39.6,1.99180735696751,1.59634083529172,1.99001163863619,1.60045090267042,2.01009019982602,1.36243661036208
39.63,1.99180735696751,1.61753071902031,1.99001163863619,1.61593598888628,2.01008462532919,1.33871624561699
39.642,1.99180735696751,1.62600667251567,1.99001163863619,1.62233013852318,2.00437488016389,1.6516272069874
39.698,1.99180735696751,1.66556112216072,1.99001163863619,1.65368148463283,1.99210876296371,1.56314271952428
39.699,1.99180735696751,1.66626745161866,1.99001163863619,1.65426396216967,1.99210876296371,1.55981394792462
39.7,1.99180735696751,1.66697378107661,1.99001163863619,1.65484723381425,1.99210876296371,1.55743931911229
39.706,1.99180735696751,1.67121175782429,1.99001163863619,1.65836353994429,1.99210876296371,1.55303264142804
39.799,1.99180735696751,1.73690039741338,1.99001163863619,1.7165219599421,1.99210876296371,1.58642812185454
39.8,1.99180735696751,1.73760672687133,1.99001163863619,1.71718464236071,1.99210876296371,1.58683034256333
39.895,1.99180735696751,1.80470802537631,1.99001163863619,1.78376060342402,1.99210876296371,1.6279021600769
39.899,1.99180886560374,1.80470802537631,1.99001163863619,1.78672103511715,1.99210876296371,1.62975572088787
39.9,1.99180971334498,1.80470802537631,1.99001163863619,1.78746312830978,1.99210876296371,1.63022067953917
39.937,1.99196213992139,1.83008301447083,1.99003054713474,1.80323052424309,1.99210876296371,1.64786519737331
39.949,1.99829235820694,1.52741385216404,1.99006830485013,1.80323052424309,1.99210876296371,1.65377219324889
39.991,2.00915750190669,1.5887947913215,2.00496096576907,1.59514722628526,1.99210876296371,1.67515812708156
39.999,2.00915750190669,1.60060389943492,2.00708150697391,1.57220375374128,1.99210876296371,1.67935711417282
