t,x,v,u,e
20,-2.98482962760709,0,2.30928761153529,-0.0151703723929115
20.001,-2.98482962760709,0,2.3079796965157,-0.0151703723929115
20.002,-2.98482962760709,0,2.30667178149464,-0.0151703723929115
20.003,-2.98482962760709,0,2.30536386647258,-0.0151703723929115
20.004,-2.98482962760709,0,2.30405595144985,-0.0151703723929115
20.005,-2.98482962760709,0,2.30274803642667,-0.0151703723929115
20.006,-2.98482962760709,0,2.3014401214032,-0.0151703723929115
20.007,-2.98482962760709,0,2.30013220637952,-0.0151703723929115
20.008,-2.98482962760709,0,2.29882429135571,-0.0151703723929115
20.009,-2.98482962760709,0,2.29751637633181,-0.0151703723929115
20.01,-2.98482962760709,0,2.29620846130785,-0.0151703723929115
20.011,-2.98482962760709,0,2.29490054628385,-0.0151703723929115
20.012,-2.98482962760709,0,2.29359263125982,-0.0151703723929115
20.013,-2.98482962760709,0,2.29228471623577,-0.0151703723929115
20.014,-2.98482962760709,0,2.29097680121172,-0.0151703723929115
20.015,-2.98482962760709,0,2.28966888618765,-0.0151703723929115
20.016,-2.98482962760709,0,2.28836097116358,-0.0151703723929115
20.017,-2.98482962760709,0,2.2870530561395,-0.0151703723929115
20.018,-2.98482962760709,0,2.28574514111542,-0.0151703723929115
20.019,-2.98482962760709,0,2.28443722609134,-0.0151703723929115
20.02,-2.98482962760709,0,2.28312931106726,-0.0151703723929115
20.021,-2.98482962760709,0,2.28182139604318,-0.0151703723929115
20.022,-2.98482962760709,0,2.2805134810191,-0.0151703723929115
20.023,-2.98482962760709,0,2.27920556599501,-0.0151703723929115
20.024,-2.98482962760709,0,2.27789765097093,-0.0151703723929115
20.025,-2.98482962760709,0,2.27658973594685,-0.0151703723929115
20.026,-2.98482962760709,0,2.27528182092276,-0.0151703723929115
20.027,-2.98482962760709,0,2.27397390589868,-0.0151703723929115
20.028,-2.98482962760709,0,2.2726659908746,-0.0151703723929115
20.029,-2.98482962760709,0,2.27135807585051,-0.0151703723929115
20.03,-2.98482962760709,0,2.27005016082643,-0.0151703723929115
20.031,-2.98482962760709,0,2.26874224580235,-0.0151703723929115
20.032,-2.98482962760709,0,2.26743433077826,-0.0151703723929115
20.033,-2.98482962760709,0,2.26612641575418,-0.0151703723929115
20.034,-2.98482962760709,0,2.2648185007301,-0.0151703723929115
20.035,-2.98482962760709,0,2.26351058570601,-0.0151703723929115
20.036,-2.98482962760709,0,2.26220267068193,-0.0151703723929115
20.037,-2.98482962760709,0,2.26089475565785,-0.0151703723929115
20.038,-2.98482962760709,0,2.25958684063377,-0.0151703723929115
20.039,-2.98482962760709,0,2.25827892560968,-0.0151703723929115
20.04,-2.98482962760709,0,2.2569710105856,-0.0151703723929115
20.041,-2.98482962760709,0,2.25566309556151,-0.0151703723929115
20.042,-2.98482962760709,0,2.25435518053743,-0.0151703723929115
20.043,-2.98482962760709,0,2.25304726551335,-0.0151703723929115
20.044,-2.98482962760709,0,2.25173935048926,-0.0151703723929115
20.045,-2.98482962760709,0,2.25043143546518,-0.0151703723929115
20.046,-2.98482962760709,0,2.2491235204411,-0.0151703723929115
20.047,-2.98482962760709,0,2.24781560541701,-0.0151703723929115
20.048,-2.98482962760709,0,2.24650769039293,-0.0151703723929115
20.049,-2.98482962760709,0,2.24519977536885,-0.0151703723929115
20.05,-2.98482962760709,0,2.24389186034477,-0.0151703723929115
20.051,-2.98482962760709,0,2.24258394532068,-0.0151703723929115
20.052,-2.98482962760709,0,2.2412760302966,-0.0151703723929115
20.053,-2.98482962760709,0,2.23996811527252,-0.0151703723929115
20.054,-2.98482962760709,0,2.23866020024843,-0.0151703723929115
20.055,-2.98482962760709,0,2.23735228522435,-0.0151703723929115
20.056,-2.98482962760709,0,2.23604437020027,-0.0151703723929115
20.057,-2.98482962760709,0,2.23473645517618,-0.0151703723929115
20.058,-2.98482962760709,0,2.2334285401521,-0.0151703723929115
20.059,-2.98482962760709,0,2.23212062512802,-0.0151703723929115
20.06,-2.98482962760709,0,2.23081271010393,-0.0151703723929115
20.061,-2.98482962760709,0,2.22950479507985,-0.0151703723929115
20.062,-2.98482962760709,0,2.22819688005577,-0.0151703723929115
20.063,-2.98482962760709,0,2.22688896503168,-0.0151703723929115
20.064,-2.98482962760709,0,2.2255810500076,-0.0151703723929115
20.065,-2.98482962760709,0,2.22427313498352,-0.0151703723929115
20.066,-2.98482962760709,0,2.22296521995943,-0.0151703723929115
20.067,-2.98482962760709,0,2.22165730493535,-0.0151703723929115
20.068,-2.98482962760709,0,2.22034938991127,-0.0151703723929115
20.069,-2.98482962760709,0,2.21904147488718,-0.0151703723929115
20.07,-2.98482962760709,0,2.2177335598631,-0.0151703723929115
20.071,-2.98482962760709,0,2.21642564483902,-0.0151703723929115
20.072,-2.98482962760709,0,2.21511772981493,-0.0151703723929115
20.073,-2.98482962760709,0,2.21380981479085,-0.0151703723929115
20.074,-2.98482962760709,0,2.21250189976677,-0.0151703723929115
20.075,-2.98482962760709,0,2.21119398474268,-0.0151703723929115
20.076,-2.98482962760709,0,2.2098860697186,-0.0151703723929115
20.077,-2.98482962760709,0,2.20857815469452,-0.0151703723929115
20.078,-2.98482962760709,0,2.20727023967043,-0.0151703723929115
20.079,-2.98482962760709,0,2.20596232464635,-0.0151703723929115
20.08,-2.98482962760709,0,2.20465440962227,-0.0151703723929115
20.081,-2.98482962760709,0,2.20334649459818,-0.0151703723929115
20.082,-2.98482962760709,0,2.2020385795741,-0.0151703723929115
20.083,-2.98482962760709,0,2.20073066455002,-0.0151703723929115
20.084,-2.98482962760709,0,2.19942274952593,-0.0151703723929115
20.085,-2.98482962760709,0,2.19811483450185,-0.0151703723929115
20.086,-2.98482962760709,0,2.19680691947777,-0.0151703723929115
20.087,-2.98482962760709,0,2.19549900445368,-0.0151703723929115
20.088,-2.98482962760709,0,2.1941910894296,-0.0151703723929115
20.089,-2.98482962760709,0,2.19288317440552,-0.0151703723929115
20.09,-2.98482962760709,0,2.19157525938143,-0.0151703723929115
20.091,-2.98482962760709,0,2.19026734435735,-0.0151703723929115
20.092,-2.98482962760709,0,2.18895942933327,-0.0151703723929115
20.093,-2.98482962760709,0,2.18765151430918,-0.0151703723929115
20.094,-2.98482962760709,0,2.1863435992851,-0.0151703723929115
20.095,-2.98482962760709,0,2.18503568426102,-0.0151703723929115
20.096,-2.98482962760709,0,2.18372776923693,-0.0151703723929115
20.097,-2.98482962760709,0,2.18241985421285,-0.0151703723929115
20.098,-2.98482962760709,0,2.18111193918877,-0.0151703723929115
20.099,-2.98482962760709,0,2.17980402416468,-0.0151703723929115
20.1,-2.98482962760709,0,2.1784961091406,-0.0151703723929115
20.101,-2.98482962760709,0,2.17718819411652,-0.0151703723929115
20.102,-2.98482962760709,0,2.17588027909243,-0.0151703723929115
20.103,-2.98482962760709,0,2.17457236406835,-0.0151703723929115
20.104,-2.98482962760709,0,2.17326444904427,-0.0151703723929115
20.105,-2.98482962760709,0,2.17195653402018,-0.0151703723929115
20.106,-2.98482962760709,0,2.1706486189961,-0.0151703723929115
20.107,-2.98482962760709,0,2.16934070397202,-0.0151703723929115
20.108,-2.98482962760709,0,2.16803278894793,-0.0151703723929115
20.109,-2.98482962760709,0,2.16672487392385,-0.0151703723929115
20.11,-2.98482962760709,0,2.16541695889977,-0.0151703723929115
20.111,-2.98482962760709,0,2.16410904387568,-0.0151703723929115
20.112,-2.98482962760709,0,2.1628011288516,-0.0151703723929115
20.113,-2.98482962760709,0,2.16149321382752,-0.0151703723929115
20.114,-2.98482962760709,0,2.16018529880343,-0.0151703723929115
20.115,-2.98482962760709,0,2.15887738377935,-0.0151703723929115
20.116,-2.98482962760709,0,2.15756946875527,-0.0151703723929115
20.117,-2.98482962760709,0,2.15626155373118,-0.0151703723929115
20.118,-2.98482962760709,0,2.1549536387071,-0.0151703723929115
20.119,-2.98482962760709,0,2.15364572368302,-0.0151703723929115
20.12,-2.98482962760709,0,2.15233780865893,-0.0151703723929115
20.121,-2.98482962760709,0,2.15102989363485,-0.0151703723929115
20.122,-2.98482962760709,0,2.14972197861077,-0.0151703723929115
20.123,-2.98482962760709,0,2.14841406358668,-0.0151703723929115
20.124,-2.98482962760709,0,2.1471061485626,-0.0151703723929115
20.125,-2.98482962760709,0,2.14579823353852,-0.0151703723929115
20.126,-2.98482962760709,0,2.14449031851444,-0.0151703723929115
20.127,-2.98482962760709,0,2.14318240349035,-0.0151703723929115
20.128,-2.98482962760709,0,2.14187448846627,-0.0151703723929115
20.129,-2.98482962760709,0,2.14056657344218,-0.0151703723929115
20.13,-2.98482962760709,0,2.1392586584181,-0.0151703723929115
20.131,-2.98482962760709,0,2.13795074339402,-0.0151703723929115
20.132,-2.98482962760709,0,2.13664282836993,-0.0151703723929115
20.133,-2.98482962760709,0,2.13533491334585,-0.0151703723929115
20.134,-2.98482962760709,0,2.13402699832177,-0.0151703723929115
20.135,-2.98482962760709,0,2.13271908329768,-0.0151703723929115
20.136,-2.98482962760709,0,2.1314111682736,-0.0151703723929115
20.137,-2.98482962760709,0,2.13010325324952,-0.0151703723929115
20.138,-2.98482962760709,0,2.12879533822543,-0.0151703723929115
20.139,-2.98482962760709,0,2.12748742320135,-0.0151703723929115
20.14,-2.98482962760709,0,2.12617950817727,-0.0151703723929115
20.141,-2.98482962760709,0,2.12487159315319,-0.0151703723929115
20.142,-2.98482962760709,0,2.1235636781291,-0.0151703723929115
20.143,-2.98482962760709,0,2.12225576310502,-0.0151703723929115
20.144,-2.98482962760709,0,2.12094784808093,-0.0151703723929115
20.145,-2.98482962760709,0,2.11963993305685,-0.0151703723929115
20.146,-2.98482962760709,0,2.11833201803277,-0.0151703723929115
20.147,-2.98482962760709,0,2.11702410300869,-0.0151703723929115
20.148,-2.98482962760709,0,2.1157161879846,-0.0151703723929115
20.149,-2.98482962760709,0,2.11440827296052,-0.0151703723929115
20.15,-2.98482962760709,0,2.11310035793643,-0.0151703723929115
20.151,-2.98482962760709,0,2.11179244291235,-0.0151703723929115
20.152,-2.98482962760709,0,2.11048452788827,-0.0151703723929115
20.153,-2.98482962760709,0,2.10917661286419,-0.0151703723929115
20.154,-2.98482962760709,0,2.1078686978401,-0.0151703723929115
20.155,-2.98482962760709,0,2.10656078281602,-0.0151703723929115
20.156,-2.98482962760709,0,2.10525286779194,-0.0151703723929115
20.157,-2.98482962760709,0,2.10394495276785,-0.0151703723929115
20.158,-2.98482962760709,0,2.10263703774377,-0.0151703723929115
20.159,-2.98482962760709,0,2.10132912271969,-0.0151703723929115
20.16,-2.98482962760709,0,2.1000212076956,-0.0151703723929115
20.161,-2.98482962760709,0,2.09871329267152,-0.0151703723929115
20.162,-2.98482962760709,0,2.09740537764744,-0.0151703723929115
20.163,-2.98482962760709,0,2.09609746262335,-0.0151703723929115
20.164,-2.98482962760709,0,2.09478954759927,-0.0151703723929115
20.165,-2.98482962760709,0,2.09348163257519,-0.0151703723929115
20.166,-2.98482962760709,0,2.0921737175511,-0.0151703723929115
20.167,-2.98482962760709,0,2.09086580252702,-0.0151703723929115
20.168,-2.98482962760709,0,2.08955788750294,-0.0151703723929115
20.169,-2.98482962760709,0,2.08824997247885,-0.0151703723929115
20.17,-2.98482962760709,0,2.08694205745477,-0.0151703723929115
20.171,-2.98482962760709,0,2.08563414243069,-0.0151703723929115
20.172,-2.98482962760709,0,2.0843262274066,-0.0151703723929115
20.173,-2.98482962760709,0,2.08301831238252,-0.0151703723929115
20.174,-2.98482962760709,0,2.08171039735844,-0.0151703723929115
20.175,-2.98482962760709,0,2.08040248233435,-0.0151703723929115
20.176,-2.98482962760709,0,2.07909456731027,-0.0151703723929115
20.177,-2.98482962760709,0,2.07778665228619,-0.0151703723929115
20.178,-2.98482962760709,0,2.0764787372621,-0.0151703723929115
20.179,-2.98482962760709,0,2.07517082223802,-0.0151703723929115
20.18,-2.98482962760709,0,2.07386290721394,-0.0151703723929115
20.181,-2.98482962760709,0,2.07255499218985,-0.0151703723929115
20.182,-2.98482962760709,0,2.07124707716577,-0.0151703723929115
20.183,-2.98482962760709,0,2.06993916214169,-0.0151703723929115
20.184,-2.98482962760709,0,2.0686312471176,-0.0151703723929115
20.185,-2.98482962760709,0,2.06732333209352,-0.0151703723929115
20.186,-2.98482962760709,0,2.06601541706944,-0.0151703723929115
20.187,-2.98482962760709,0,2.06470750204535,-0.0151703723929115
20.188,-2.98482962760709,0,2.06339958702127,-0.0151703723929115
20.189,-2.98482962760709,0,2.06209167199719,-0.0151703723929115
20.19,-2.98482962760709,0,2.0607837569731,-0.0151703723929115
20.191,-2.98482962760709,0,2.05947584194902,-0.0151703723929115
20.192,-2.98482962760709,0,2.05816792692494,-0.0151703723929115
20.193,-2.98482962760709,0,2.05686001190085,-0.0151703723929115
20.194,-2.98482962760709,0,2.05555209687677,-0.0151703723929115
20.195,-2.98482962760709,0,2.05424418185269,-0.0151703723929115
20.196,-2.98482962760709,0,2.0529362668286,-0.0151703723929115
20.197,-2.98482962760709,0,2.05162835180452,-0.0151703723929115
20.198,-2.98482962760709,0,2.05032043678044,-0.0151703723929115
20.199,-2.98482962760709,0,2.04901252175635,-0.0151703723929115
20.2,-2.98482962760709,0,2.04770460673227,-0.0151703723929115
20.201,-2.98482962760709,0,2.04639669170819,-0.0151703723929115
20.202,-2.98482962760709,0,2.0450887766841,-0.0151703723929115
20.203,-2.98482962760709,0,2.04378086166002,-0.0151703723929115
20.204,-2.98482962760709,0,2.04247294663594,-0.0151703723929115
20.205,-2.98482962760709,0,2.04116503161185,-0.0151703723929115
20.206,-2.98482962760709,0,2.03985711658777,-0.0151703723929115
20.207,-2.98482962760709,0,2.03854920156369,-0.0151703723929115
20.208,-2.98482962760709,0,2.0372412865396,-0.0151703723929115
20.209,-2.98482962760709,0,2.03593337151552,-0.0151703723929115
20.21,-2.98482962760709,0,2.03462545649144,-0.0151703723929115
20.211,-2.98482972868697,-0.000202165334445155,2.03462545649144,-0.0151702713130275
20.212,-2.98483003196002,-0.000404397467182962,2.03462545649144,-0.0151699680399773
20.213,-2.98483053752645,-0.000606763218557361,2.03462545649144,-0.0151694624735543
20.214,-2.98483124555329,-0.00080932945302196,2.03462545649144,-0.0151687544467132
20.215,-2.98483215627449,-0.00101216310121276,2.03462545649144,-0.0151678437255116
20.216,-2.98483326999097,-0.00121533118204278,2.03462545649144,-0.0151667300090348
20.217,-2.98483458707071,-0.00141890082482595,2.03462545649144,-0.0151654129292949
20.218,-2.98483610794889,-0.00162293929143751,2.03462545649144,-0.0151638920511115
20.219,-2.98483783312803,-0.00182751399851673,2.03462545649144,-0.015162166871967
20.22,-2.98483976317816,-0.00203269253972192,2.03462545649144,-0.0151602368218389
20.221,-2.98484189873699,-0.00223854270804329,2.03462545649144,-0.0151581012630149
20.222,-2.98484424051012,-0.00244513251818136,2.03462545649144,-0.0151557594898795
20.223,-2.98484678927132,-0.00265253022899785,2.03462545649144,-0.0151532107286823
20.224,-2.98484954586272,-0.00286080436604757,2.03462545649144,-0.0151504541372831
20.225,-2.98485251119513,-0.00307002374419741,2.03462545649144,-0.0151474888048737
20.226,-2.98485568624832,-0.00328025749034078,2.03462545649144,-0.0151443137516765
20.227,-2.98485907207138,-0.00349157506621477,2.01376525785781,-0.0151409279286208
20.228,-2.9848669705771,-0.0123058668470374,2.01376525785781,-0.0151330294229046
20.229,-2.98488481145575,-0.0389781727734457,2.01376525785781,-0.0151151885442466
20.23,-2.98499874562914,-0.188682732611176,2.01376525785781,-0.0150012543708629
20.231,-2.98526177192695,-0.337172279785903,2.05161872283886,-0.0147382280730524
20.232,-2.98566492426247,-0.468966679961267,2.08725304297967,-0.0143350757375282
20.233,-2.9861920594688,-0.585167659241714,2.12770433630949,-0.0138079405312035
20.234,-2.98682668395561,-0.68397681461287,2.16987208809768,-0.0131733160443912
20.235,-2.98755114907853,-0.764880466515018,2.21147051599377,-0.0124488509214693
20.236,-2.98834776219341,-0.828302857045707,2.25089195561074,-0.0116522378065933
20.237,-2.98919958063865,-0.875318727358067,2.28708068800433,-0.0108004193613529
20.238,-2.99009094567135,-0.90742056874122,2.31941952907612,-0.00990905432864908
20.239,-2.99100780817949,-0.926334848407117,2.34763032044757,-0.00899219182050803
20.24,-2.99193789205427,-0.933881034957985,2.34763032044757,-0.0080621079457277
20.241,-2.99287566656099,-0.941716159705085,2.39236090625055,-0.00712433343900898
20.242,-2.9938122549203,-0.931535478008835,2.39236090625055,-0.00618774507970254
20.243,-2.99473888604174,-0.921800378678868,2.42381100649355,-0.00526111395825524
20.244,-2.99564956179882,-0.899642195201283,2.42381100649355,-0.00435043820117986
20.245,-2.99653835031603,-0.878023674602224,2.42381100649355,-0.00346164968397078
20.246,-2.99740578463895,-0.856931637733267,2.4498591868768,-0.00259421536104698
20.247,-2.99824705662539,-0.825712314959699,2.4498591868768,-0.00175294337460929
20.248,-2.99905740631269,-0.795084136887428,2.4498591868768,-0.000942593687311977
20.249,-2.99983741620358,-0.765029884935662,2.4498591868768,-0.000162583796421867
20.25,-3.00058765177645,-0.735532727171108,2.4498591868768,0.000587651776447817
20.251,-3.00130866186656,-0.706576207513037,2.4498591868768,0.00130866186656409
20.252,-3.00200097903665,-0.678144235224144,2.4498591868768,0.00200097903665153
20.253,-3.00266511993709,-0.650221074678144,2.4498591868768,0.00266511993709262
20.254,-3.00330158565603,-0.62279133539542,2.4498591868768,0.00330158565603478
20.255,-3.00391086205967,-0.595839962338279,2.4498591868768,0.00391086205966928
20.256,-3.00449342012292,-0.5693522264577,2.4498591868768,0.00449342012291742
20.257,-3.0050497162508,-0.543313715483714,2.4498591868768,0.00504971625080053
20.258,-3.00558019259071,-0.51771032495183,2.4498591868768,0.00558019259071019
20.259,-3.00608527733582,-0.492528249458145,2.4498591868768,0.00608527733582287
20.26,-3.00656538501988,-0.467753974136074,2.4498591868768,0.00656538501988191
20.261,-3.00702091680356,-0.4433742663478,2.4498591868768,0.00702091680356132
20.262,-3.00745226075263,-0.419376167583838,2.4498591868768,0.00745226075262773
20.263,-3.0078597921081,-0.395746985564257,2.4498591868768,0.00785979210810472
20.264,-3.00824387354863,-0.372474286535356,2.4498591868768,0.00824387354863143
20.265,-3.00860485544522,-0.349545887755778,2.4498591868768,0.00860485544521783
20.266,-3.00894307610858,-0.326949850166217,2.42802285126295,0.00894307610857892
20.267,-3.00926330876176,-0.313555366295608,2.42802285126295,0.00926330876175996
20.268,-3.00957026545445,-0.300396727455411,2.42802285126295,0.00957026545444739
20.269,-3.00986417845229,-0.287466800518213,2.42802285126295,0.00986417845228527
20.27,-3.01014527296403,-0.274758604130852,2.42802285126295,0.010145272964027
20.271,-3.01041376729123,-0.262265304565872,2.42802285126295,0.0104137672912259
20.272,-3.01066987297383,-0.249980211673013,2.42802285126295,0.0106698729738319
20.273,-3.01091379493178,-0.23789677492791,2.42802285126295,0.0109137949317799
20.274,-3.01114573160269,-0.22600857957527,2.42802285126295,0.0111457316026855
20.275,-3.01136587507572,-0.21430934286387,2.42802285126295,0.0113658750757191
20.276,-3.01157441122177,-0.202792910370778,2.42802285126295,0.0115744112217673
20.277,-3.01177151981996,-0.19145325241231,2.42802285126295,0.0117715198199595
20.278,-3.01195737468065,-0.180284460539257,2.42802285126295,0.0119573746806454
20.279,-3.01213214376492,-0.169280744114032,2.42802285126295,0.0121321437649153
20.28,-3.01229598930073,-0.158436426967415,2.42802285126295,0.0122959893007311
20.281,-3.01244906789575,-0.147745944132668,2.42802285126295,0.0124490678957545
20.282,-3.01259153064695,-0.137203838654824,2.42802285126295,0.0125915306469504
20.283,-3.01272352324703,-0.126804758473044,2.42802285126295,0.0127235232470317
20.284,-3.01284518608783,-0.116543453373969,2.42802285126295,0.012845186087826
20.285,-3.01295665436063,-0.106414772014067,2.42802285126295,0.012956654360627
20.286,-3.0130580581536,-0.0964136590090142,2.42802285126295,0.0130580581536046
20.287,-3.01314952254634,-0.0865351520882171,2.40797831415202,0.0131495225463358
20.288,-3.01323524294003,-0.0849134588941266,2.40797831415202,0.0132352429400271
20.289,-3.01331936494122,-0.083338197861711,2.40797831415202,0.0133193649412151
20.29,-3.01340193447882,-0.0818083669028006,2.40797831415202,0.0134019344788192
20.291,-3.01348299649275,-0.0803229899901447,2.40797831415202,0.013482996492753
20.292,-3.01356259495968,-0.078881116556326,2.40797831415202,0.0135625949596823
20.293,-3.01364077291819,-0.0774818209077751,2.40797831415202,0.0136407729181904
20.294,-3.01371757249337,-0.0761242016535242,2.40797831415202,0.0137175724933658
20.295,-3.01379303492082,-0.0748073811483438,2.40797831415202,0.0137930349208228
20.296,-3.01386720057018,-0.073530504949917,2.40797831415202,0.0138672005701794
20.297,-3.01394010896799,-0.0722927412897151,2.40797831415202,0.0139401089679891
20.298,-3.01401179882016,-0.0710932805572474,2.40797831415202,0.0140117988201607
20.299,-3.01408230803386,-0.0699313347973611,2.40797831415202,0.0140823080338599
20.3,-3.01415167373892,-0.0688061372202858,2.40797831415202,0.0141516737389202
20.301,-3.01421993230877,-0.0677169417241136,2.40797831415202,0.0142199323087691
20.302,-3.01428711938088,-0.0666630224294215,2.40797831415202,0.0142871193808825
20.303,-3.01435326987678,-0.0656436732257451,2.40797831415202,0.0143532698767768
20.304,-3.01441841802156,-0.0646582073296249,2.40797831415202,0.0144184180215596
20.305,-3.01448259736304,-0.0637059568539502,2.40797831415202,0.0144825973630374
20.306,-3.0145458407904,-0.0627862723883314,2.40797831415202,0.0145458407904036
20.307,-3.01460818055251,-0.061898522590243,2.43369103433958,0.014608180552508
20.308,-3.01466442362019,-0.0506073776039124,2.43369103433958,0.0146644236201858
20.309,-3.01470943393975,-0.0394321317776429,2.43369103433958,0.0147094339397524
20.31,-3.01474332474168,-0.0283674627334544,2.43369103433958,0.0147433247416839
20.311,-3.01476201080454,0,2.43206531888559,0.014762010804541
20.312,-3.01476201080454,0,2.42901270415988,0.014762010804541
20.313,-3.01476201080454,0,2.42738606166187,0.014762010804541
20.314,-3.01476201080454,0,2.42671527693317,0.014762010804541
20.315,-3.01476201080454,0,2.42668522282841,0.014762010804541
20.316,-3.01476201080454,0,2.427084663305,0.014762010804541
20.317,-3.01476201080454,0,2.42777200260913,0.014762010804541
20.318,-3.01476201080454,0,2.42865232626859,0.014762010804541
20.319,-3.01476201080454,0,2.42966201121001,0.014762010804541
20.32,-3.01476201080454,0,2.4307584096119,0.014762010804541
20.321,-3.01476201080454,0,2.4319129337846,0.014762010804541
20.322,-3.01476201080454,0,2.43310642082668,0.014762010804541
20.323,-3.01476201080454,0,2.43432602546115,0.014762010804541
20.324,-3.01476201080454,0,2.43556313724136,0.014762010804541
20.325,-3.01476201080454,0,2.4368119844123,0.014762010804541
20.326,-3.01476201080454,0,2.43806869805089,0.014762010804541
20.327,-3.01476201080454,0,2.43933068474045,0.014762010804541
20.328,-3.01476201080454,0,2.44059620606177,0.014762010804541
20.329,-3.01476201080454,0,2.44186409671762,0.014762010804541
20.33,-3.01476201080454,0,2.4431335755859,0.014762010804541
20.331,-3.01476201080454,0,2.44440411906481,0.014762010804541
20.332,-3.01476201080454,0,2.44567537617356,0.014762010804541
20.333,-3.01476201080454,0,2.4469471116427,0.014762010804541
20.334,-3.01476201080454,0,2.4482191677664,0.014762010804541
20.335,-3.01476201080454,0,2.44949143883129,0.014762010804541
20.336,-3.01476201080454,0,2.45076385397555,0.014762010804541
20.337,-3.01476201080454,0,2.45203636569911,0.014762010804541
20.338,-3.01476201080454,0,2.45330894216171,0.014762010804541
20.339,-3.01476201080454,0,2.45458156202018,0.014762010804541
20.34,-3.01476201080454,0,2.45585421096778,0.014762010804541
20.341,-3.01476201080454,0,2.4571268794144,0.014762010804541
20.342,-3.01476201080454,0,2.45839956093161,0.014762010804541
20.343,-3.01476201080454,0,2.4596722512103,0.014762010804541
20.344,-3.01476201080454,0,2.46094494736198,0.014762010804541
20.345,-3.01476201080454,0,2.46221764745044,0.014762010804541
20.346,-3.01476201080454,0,2.46349035017781,0.014762010804541
20.347,-3.01476201080454,0,2.46476305467409,0.014762010804541
20.348,-3.01476201080454,0,2.46603576035611,0.014762010804541
20.349,-3.01476201080454,0,2.46730846683296,0.014762010804541
20.35,-3.01476201080454,0,2.46858117384258,0.014762010804541
20.351,-3.01476201080454,0,2.46985388120935,0.014762010804541
20.352,-3.01476201080454,0,2.47112658881551,0.014762010804541
20.353,-3.01476201080454,0,2.47239929658214,0.014762010804541
20.354,-3.01476201080454,0,2.47367200445634,0.014762010804541
20.355,-3.01476201080454,0,2.47494471240265,0.014762010804541
20.356,-3.01476201080454,0,2.47621742039729,0.014762010804541
20.357,-3.01476201080454,0,2.47749012842432,0.014762010804541
20.358,-3.01476201080454,0,2.47876283647308,0.014762010804541
20.359,-3.01476201080454,0,2.48003554453639,0.014762010804541
20.36,-3.01476201080454,0,2.48130825260946,0.014762010804541
20.361,-3.01476201080454,0,2.48258096068908,0.014762010804541
20.362,-3.01476201080454,0,2.48385366877307,0.014762010804541
20.363,-3.01476201080454,0,2.48512637686001,0.014762010804541
20.364,-3.01476201080454,0,2.48639908494892,0.014762010804541
20.365,-3.01476201080454,0,2.48767179303914,0.014762010804541
20.366,-3.01476201080454,0,2.48894450113025,0.014762010804541
20.367,-3.01476201080454,0,2.49021720922196,0.014762010804541
20.368,-3.01476201080454,0,2.49148991731406,0.014762010804541
20.369,-3.01476201080454,0,2.49276262540643,0.014762010804541
20.37,-3.01476201080454,0,2.49403533349898,0.014762010804541
20.371,-3.01476201080454,0,2.49530804159165,0.014762010804541
20.372,-3.01476201080454,0,2.4965807496844,0.014762010804541
20.373,-3.01476201080454,0,2.4978534577772,0.014762010804541
20.374,-3.01476201080454,0,2.49912616587004,0.014762010804541
20.375,-3.01476201080454,0,2.5003988739629,0.014762010804541
20.376,-3.01476201080454,0,2.50167158205578,0.014762010804541
20.377,-3.01476201080454,0,2.50294429014867,0.014762010804541
20.378,-3.01476201080454,0,2.50421699824157,0.014762010804541
20.379,-3.01476201080454,0,2.50548970633447,0.014762010804541
20.38,-3.01476201080454,0,2.50676241442738,0.014762010804541
20.381,-3.01476201080454,0,2.50803512252028,0.014762010804541
20.382,-3.01476201080454,0,2.50930783061319,0.014762010804541
20.383,-3.01476201080454,0,2.5105805387061,0.014762010804541
20.384,-3.01476201080454,0,2.51185324679901,0.014762010804541
20.385,-3.01476201080454,0,2.51312595489192,0.014762010804541
20.386,-3.01476201080454,0,2.51439866298483,0.014762010804541
20.387,-3.01476201080454,0,2.51567137107774,0.014762010804541
20.388,-3.01476201080454,0,2.51694407917065,0.014762010804541
20.389,-3.01476201080454,0,2.51821678726356,0.014762010804541
20.39,-3.01476201080454,0,2.51948949535648,0.014762010804541
20.391,-3.01476201080454,0,2.52076220344939,0.014762010804541
20.392,-3.01476201080454,0,2.5220349115423,0.014762010804541
20.393,-3.01476201080454,0,2.52330761963521,0.014762010804541
20.394,-3.01476201080454,0,2.52458032772812,0.014762010804541
20.395,-3.01476201080454,0,2.52585303582103,0.014762010804541
20.396,-3.01476201080454,0,2.52712574391394,0.014762010804541
20.397,-3.01476201080454,0,2.52839845200685,0.014762010804541
20.398,-3.01476201080454,0,2.52967116009976,0.014762010804541
20.399,-3.01476201080454,0,2.53094386819267,0.014762010804541
20.4,-3.01476201080454,0,2.53221657628558,0.014762010804541
20.401,-3.01476201080454,0,2.53348928437849,0.014762010804541
20.402,-3.01476201080454,0,2.5347619924714,0.014762010804541
20.403,-3.01476201080454,0,2.53603470056432,0.014762010804541
20.404,-3.01476201080454,0,2.53730740865723,0.014762010804541
20.405,-3.01476201080454,0,2.53858011675014,0.014762010804541
20.406,-3.01476201080454,0,2.53985282484305,0.014762010804541
20.407,-3.01476201080454,0,2.54112553293596,0.014762010804541
20.408,-3.01476201080454,0,2.54239824102887,0.014762010804541
20.409,-3.01476201080454,0,2.54367094912178,0.014762010804541
20.41,-3.01476201080454,0,2.54494365721469,0.014762010804541
20.411,-3.01476201080454,0,2.5462163653076,0.014762010804541
20.412,-3.01476201080454,0,2.54748907340051,0.014762010804541
20.413,-3.01476201080454,0,2.54876178149342,0.014762010804541
20.414,-3.01476201080454,0,2.55003448958633,0.014762010804541
20.415,-3.01476201080454,0,2.55130719767924,0.014762010804541
20.416,-3.01476201080454,0,2.55257990577215,0.014762010804541
20.417,-3.01476201080454,0,2.55385261386507,0.014762010804541
20.418,-3.01476201080454,0,2.55512532195798,0.014762010804541
20.419,-3.01476201080454,0,2.55639803005089,0.014762010804541
20.42,-3.01476201080454,0,2.5576707381438,0.014762010804541
20.421,-3.01476201080454,0,2.55894344623671,0.014762010804541
20.422,-3.01476201080454,0,2.56021615432962,0.014762010804541
20.423,-3.01476201080454,0,2.56148886242253,0.014762010804541
20.424,-3.01476201080454,0,2.56276157051544,0.014762010804541
20.425,-3.01476201080454,0,2.56403427860835,0.014762010804541
20.426,-3.01476201080454,0,2.56530698670126,0.014762010804541
20.427,-3.01476201080454,0,2.56657969479417,0.014762010804541
20.428,-3.01476201080454,0,2.56785240288708,0.014762010804541
20.429,-3.01476201080454,0,2.56912511097999,0.014762010804541
20.43,-3.01476201080454,0,2.57039781907291,0.014762010804541
20.431,-3.01476201080454,0,2.57167052716582,0.014762010804541
20.432,-3.01476201080454,0,2.57294323525873,0.014762010804541
20.433,-3.01476201080454,0,2.57421594335164,0.014762010804541
20.434,-3.01476201080454,0,2.57548865144455,0.014762010804541
20.435,-3.01476201080454,0,2.57676135953746,0.014762010804541
20.436,-3.01476201080454,0,2.57803406763037,0.014762010804541
20.437,-3.01476201080454,0,2.57930677572328,0.014762010804541
20.438,-3.01476201080454,0,2.58057948381619,0.014762010804541
20.439,-3.01476201080454,0,2.5818521919091,0.014762010804541
20.44,-3.01476201080454,0,2.58312490000201,0.014762010804541
20.441,-3.01476201080454,0,2.58439760809492,0.014762010804541
20.442,-3.01476201080454,0,2.58567031618783,0.014762010804541
20.443,-3.01476201080454,0,2.58694302428074,0.014762010804541
20.444,-3.01476201080454,0,2.58821573237366,0.014762010804541
20.445,-3.01476201080454,0,2.58948844046657,0.014762010804541
20.446,-3.01476201080454,0,2.59076114855948,0.014762010804541
20.447,-3.01476201080454,0,2.59203385665239,0.014762010804541
20.448,-3.01476201080454,0,2.5933065647453,0.014762010804541
20.449,-3.01476201080454,0,2.59457927283821,0.014762010804541
20.45,-3.01476201080454,0,2.59585198093112,0.014762010804541
20.451,-3.01476201080454,0,2.59712468902403,0.014762010804541
20.452,-3.01476201080454,0,2.59839739711694,0.014762010804541
20.453,-3.01476201080454,0,2.59967010520985,0.014762010804541
20.454,-3.01476201080454,0,2.60094281330276,0.014762010804541
20.455,-3.01476201080454,0,2.60221552139567,0.014762010804541
20.456,-3.01476201080454,0,2.60348822948858,0.014762010804541
20.457,-3.01476201080454,0,2.6047609375815,0.014762010804541
20.458,-3.01476201080454,0,2.60603364567441,0.014762010804541
20.459,-3.01476201080454,0,2.60730635376732,0.014762010804541
20.46,-3.01476201080454,0,2.60857906186023,0.014762010804541
20.461,-3.01476201080454,0,2.60985176995314,0.014762010804541
20.462,-3.01476201080454,0,2.61112447804605,0.014762010804541
20.463,-3.01476201080454,0,2.61239718613896,0.014762010804541
20.464,-3.01476201080454,0,2.61366989423187,0.014762010804541
20.465,-3.01476201080454,0,2.61494260232478,0.014762010804541
20.466,-3.01476201080454,0,2.61621531041769,0.014762010804541
20.467,-3.01476201080454,0,2.6174880185106,0.014762010804541
20.468,-3.01476201080454,0,2.61876072660351,0.014762010804541
20.469,-3.01476201080454,0,2.62003343469642,0.014762010804541
20.47,-3.01476201080454,0,2.62130614278934,0.014762010804541
20.471,-3.01476201080454,0,2.62257885088225,0.014762010804541
20.472,-3.01476201080454,0,2.62385155897516,0.014762010804541
20.473,-3.01476201080454,0,2.62512426706807,0.014762010804541
20.474,-3.01476201080454,0,2.62639697516098,0.014762010804541
20.475,-3.01476201080454,0,2.62766968325389,0.014762010804541
20.476,-3.01476201080454,0,2.6289423913468,0.014762010804541
20.477,-3.01476201080454,0,2.63021509943971,0.014762010804541
20.478,-3.01476201080454,0,2.63148780753262,0.014762010804541
20.479,-3.01476201080454,0,2.63276051562553,0.014762010804541
20.48,-3.01476201080454,0,2.63403322371844,0.014762010804541
20.481,-3.01476201080454,0,2.63530593181135,0.014762010804541
20.482,-3.01476201080454,0,2.63657863990426,0.014762010804541
20.483,-3.01476201080454,0,2.63785134799717,0.014762010804541
20.484,-3.01476201080454,0,2.63912405609009,0.014762010804541
20.485,-3.01476201080454,0,2.640396764183,0.014762010804541
20.486,-3.01476201080454,0,2.64166947227591,0.014762010804541
20.487,-3.01476201080454,0,2.64294218036882,0.014762010804541
20.488,-3.01476201080454,0,2.64421488846173,0.014762010804541
20.489,-3.01476201080454,0,2.64548759655464,0.014762010804541
20.49,-3.01476201080454,0,2.64676030464755,0.014762010804541
20.491,-3.01476201080454,0,2.64803301274046,0.014762010804541
20.492,-3.01476201080454,0,2.64930572083337,0.014762010804541
20.493,-3.01476201080454,0,2.65057842892628,0.014762010804541
20.494,-3.01476201080454,0,2.65185113701919,0.014762010804541
20.495,-3.01476201080454,0,2.6531238451121,0.014762010804541
20.496,-3.01476201080454,0,2.65439655320501,0.014762010804541
20.497,-3.01476201080454,0,2.65566926129793,0.014762010804541
20.498,-3.01476201080454,0,2.65694196939084,0.014762010804541
20.499,-3.01476201080454,0,2.65821467748375,0.014762010804541
20.5,-3.01476201080454,0,2.65948738557666,0.014762010804541
20.501,-3.01476201080454,0,2.66076009366957,0.014762010804541
20.502,-3.01476201080454,0,2.66203280176248,0.014762010804541
20.503,-3.01476201080454,0,2.66330550985539,0.014762010804541
20.504,-3.01476201080454,0,2.6645782179483,0.014762010804541
20.505,-3.01476201080454,0,2.66585092604121,0.014762010804541
20.506,-3.01476201080454,0,2.66712363413412,0.014762010804541
20.507,-3.01476201080454,0,2.66839634222703,0.014762010804541
20.508,-3.01476201080454,0,2.66966905031994,0.014762010804541
20.509,-3.01476201080454,0,2.67094175841285,0.014762010804541
20.51,-3.01476201080454,0,2.67221446650576,0.014762010804541
20.511,-3.01476201080454,0,2.67348717459868,0.014762010804541
20.512,-3.01476201080454,0,2.67475988269159,0.014762010804541
20.513,-3.01476201080454,0,2.6760325907845,0.014762010804541
20.514,-3.01476201080454,0,2.67730529887741,0.014762010804541
20.515,-3.01476201080454,0,2.67857800697032,0.014762010804541
20.516,-3.01476201080454,0,2.67985071506323,0.014762010804541
20.517,-3.01476201080454,0,2.68112342315614,0.014762010804541
20.518,-3.01476201080454,0,2.68239613124905,0.014762010804541
20.519,-3.01476201080454,0,2.68366883934196,0.014762010804541
20.52,-3.01476201080454,0,2.68494154743487,0.014762010804541
20.521,-3.01476201080454,0,2.68621425552778,0.014762010804541
20.522,-3.01476201080454,0,2.68748696362069,0.014762010804541
20.523,-3.01476201080454,0,2.6887596717136,0.014762010804541
20.524,-3.01476201080454,0,2.69003237980651,0.014762010804541
20.525,-3.01476201080454,0,2.69130508789943,0.014762010804541
20.526,-3.01476201080454,0,2.69257779599234,0.014762010804541
20.527,-3.01476201080454,0,2.69385050408525,0.014762010804541
20.528,-3.01476201080454,0,2.69512321217816,0.014762010804541
20.529,-3.01476201080454,0,2.69639592027107,0.014762010804541
20.53,-3.01476201080454,0,2.69766862836398,0.014762010804541
20.531,-3.01476201080454,0,2.69894133645689,0.014762010804541
20.532,-3.01476201080454,0,2.7002140445498,0.014762010804541
20.533,-3.01476201080454,0,2.70148675264271,0.014762010804541
20.534,-3.01476201080454,0,2.70275946073562,0.014762010804541
20.535,-3.01476201080454,0,2.70403216882853,0.014762010804541
20.536,-3.01476201080454,0,2.70530487692144,0.014762010804541
20.537,-3.01476201080454,0,2.70657758501435,0.014762010804541
20.538,-3.01476201080454,0,2.70785029310727,0.014762010804541
20.539,-3.01476201080454,0,2.70912300120018,0.014762010804541
20.54,-3.01476201080454,0,2.71039570929309,0.014762010804541
20.541,-3.01476201080454,0,2.711668417386,0.014762010804541
20.542,-3.01476201080454,0,2.71294112547891,0.014762010804541
20.543,-3.01476201080454,0,2.71421383357182,0.014762010804541
20.544,-3.01476201080454,0,2.71548654166473,0.014762010804541
20.545,-3.01476201080454,0,2.71675924975764,0.014762010804541
20.546,-3.01476201080454,0,2.71803195785055,0.014762010804541
20.547,-3.01476201080454,0,2.71930466594346,0.014762010804541
20.548,-3.01476201080454,0,2.72057737403637,0.014762010804541
20.549,-3.01476201080454,0,2.72185008212928,0.014762010804541
20.55,-3.01476201080454,0,2.72312279022219,0.014762010804541
20.551,-3.01476201080454,0,2.7243954983151,0.014762010804541
20.552,-3.01476201080454,0,2.72566820640802,0.014762010804541
20.553,-3.01476201080454,0,2.72694091450093,0.014762010804541
20.554,-3.01476201080454,0,2.72821362259384,0.014762010804541
20.555,-3.01476201080454,0,2.72948633068675,0.014762010804541
20.556,-3.01476201080454,0,2.73075903877966,0.014762010804541
20.557,-3.01476201080454,0,2.73203174687257,0.014762010804541
20.558,-3.01476201080454,0,2.73330445496548,0.014762010804541
20.559,-3.01476201080454,0,2.73457716305839,0.014762010804541
20.56,-3.01476201080454,0,2.7358498711513,0.014762010804541
20.561,-3.01476201080454,0,2.73712257924421,0.014762010804541
20.562,-3.01476201080454,0,2.73839528733712,0.014762010804541
20.563,-3.01476201080454,0,2.73966799543003,0.014762010804541
20.564,-3.01476201080454,0,2.74094070352294,0.014762010804541
20.565,-3.01476201080454,0,2.74221341161586,0.014762010804541
20.566,-3.01476201080454,0,2.74348611970877,0.014762010804541
20.567,-3.01476201080454,0,2.74475882780168,0.014762010804541
20.568,-3.01476201080454,0,2.74603153589459,0.014762010804541
20.569,-3.01476201080454,0,2.7473042439875,0.014762010804541
20.57,-3.01476201080454,0,2.74857695208041,0.014762010804541
20.571,-3.01476201080454,0,2.74984966017332,0.014762010804541
20.572,-3.01476201080454,0,2.75112236826623,0.014762010804541
20.573,-3.01476201080454,0,2.75239507635914,0.014762010804541
20.574,-3.01476201080454,0,2.75366778445205,0.014762010804541
20.575,-3.01476201080454,0,2.75494049254496,0.014762010804541
20.576,-3.01476201080454,0,2.75621320063787,0.014762010804541
20.577,-3.01476183630981,0.00034900229310558,2.75621320063787,0.0147618363098081
20.578,-3.01476131274865,0.000698158518355139,2.75621320063787,0.0147613127486457
20.579,-3.01476043989013,0.00104762267586586,2.75621320063787,0.01476043989013
20.58,-3.01475921734927,0.0013975489017312,2.75621320063787,0.0147592173492748
20.581,-3.01475764458686,0.00174809153608419,2.75621320063787,0.0147576445868607
20.582,-3.0147557209092,0.00209940519125147,2.75621320063787,0.0147557209091995
20.583,-3.01475344546783,0.00245164482002792,2.75621320063787,0.0147534454678251
20.584,-3.01475081725912,0.00280496578410245,2.75621320063787,0.0147508172591189
20.585,-3.01474783512387,0.00315952392266562,2.75621320063787,0.0147478351238699
20.586,-3.01474449774676,0.00351547562122765,2.75621320063787,0.0147444977467597
20.587,-3.01474080365578,0.00387297788068075,2.75621320063787,0.0147408036557812
20.588,-3.01473675122159,0.0042321883866333,2.75621320063787,0.0147367512215908
20.589,-3.01473233865679,0.00459326557904822,2.75621320063787,0.0147323386567884
20.59,-3.01472756401513,0.00495636872221624,2.75621320063787,0.0147275640151259
20.591,-3.01472242519065,0.00532165797509358,2.75621320063787,0.014722425190651
20.592,-3.01471691991678,0.00568929446203921,2.75621320063787,0.0147169199167752
20.593,-3.01471104576527,0.00605944034397765,2.75621320063787,0.0147110457652739
20.594,-3.01470480014521,0.00643225889002351,2.75621320063787,0.0147048001452124
20.595,-3.0146981803018,0.00680791454959821,2.75621320063787,0.0146981803018025
20.596,-3.01469118331519,0.00718657302506886,2.75621320063787,0.0146911833151888
20.597,-3.01468380609915,0.00756840134494375,2.75621320063787,0.0146838060991534
20.598,-3.01467604539976,0.00795356793765821,2.75621320063787,0.0146760453997574
20.599,-3.0146678977939,0.0083422427059793,2.78178266587499,0.014667897793903
20.6,-3.01465414935039,0.0191556643507719,2.78178266587499,0.0146541493503927
20.601,-3.01456971826615,0.159856258228542,2.78178266587499,0.0145697182661548
20.602,-3.01433439808945,0.310586442348461,2.75004902759315,0.0143343980894457
20.603,-3.01395537699923,0.447288451445185,2.71564537312796,0.0139553769992289
20.604,-3.01344713725462,0.569054089130235,2.67546073607323,0.0134471372546177
20.605,-3.01282570246557,0.673710506031743,2.63283439917459,0.0128257024655682
20.606,-3.01210858619929,0.760448648887771,2.5902514683247,0.012108586199286
20.607,-3.01131360724946,0.829465753599625,2.54948476386495,0.0113136072494573
20.608,-3.0104580317862,0.88166895600059,2.511725446335,0.0104580317861958
20.609,-3.00955798399471,0.918434589278047,2.47770019794446,0.00955798399470664
20.61,-3.00862807259724,0.941417025627101,2.44777398158583,0.00862807259723564
20.611,-3.00768118691683,0.952400674707367,2.4220382852278,0.00768118691683028
20.612,-3.00672842248382,0.953188839058519,2.40038538757289,0.00672842248382421
20.613,-3.00577910232664,0.945523442507862,2.40038538757289,0.00577910232663559
20.614,-3.00483723273414,0.938286647159501,2.36780794979265,0.00483723273414194
20.615,-3.00390903410188,0.918198200864787,2.36780794979265,0.00390903410188237
20.616,-3.00300066314901,0.898629314426868,2.34660383157637,0.00300066314900604
20.617,-3.00211593495958,0.870922308380926,2.34660383157637,0.0021159349595794
20.618,-3.00125863056356,0.843779219342367,2.34660383157637,0.00125863056356046
20.619,-3.00042819351435,0.817185160630868,2.34660383157637,0.000428193514353303
20.62,-2.99962408209088,0.791125566629466,2.34660383157637,-0.000375917909120282
20.621,-2.99884576898028,0.765586185277334,2.34660383157637,-0.0011542310197199
20.622,-2.99809274096805,0.740553070708989,2.32590374965647,-0.00190725903194799
20.623,-2.99736873258176,0.707556081831493,2.32590374965647,-0.00263126741823827
20.624,-2.99667744686649,0.675104917863149,2.32590374965647,-0.00332255313350815
20.625,-2.99601834637408,0.64318288071556,2.32590374965647,-0.00398165362592451
20.626,-2.99539091018962,0.611773600569117,2.32590374965647,-0.00460908981038299
20.627,-2.99479463360729,0.580861027758104,2.32590374965647,-0.00520536639270563
20.628,-2.9942290278142,0.550429424806553,2.32590374965647,-0.00577097218580347
20.629,-2.99369361958206,0.520463358612544,2.32590374965647,-0.00630638041794196
20.63,-2.99318795096673,0.49094769277861,2.32590374965647,-0.00681204903327037
20.631,-2.99271157901525,0.461867580085944,2.32590374965647,-0.00728842098474969
20.632,-2.99226407548037,0.433208455110074,2.32590374965647,-0.00773592451963045
20.633,-2.99184502654239,0.404956026975673,2.35332154412266,-0.00815497345761163
20.634,-2.99144841101024,0.388323950621573,2.35332154412266,-0.00855158898976205
20.635,-2.99106828227515,0.371980978295604,2.35332154412266,-0.0089317177248498
20.636,-2.99070435556678,0.355918472459895,2.35332154412266,-0.00929564443321995
20.637,-2.9903563546636,0.340127972254762,2.35332154412266,-0.00964364533640039
20.638,-2.99002401171848,0.324601189000392,2.35332154412266,-0.00997598828151602
20.639,-2.98970706708873,0.309330001791534,2.35332154412266,-0.0102929329112671
20.64,-2.98940526917047,0.294306453183267,2.35332154412266,-0.0105947308295304
20.641,-2.98911837423729,0.279522744965964,2.35332154412266,-0.0108816257627073
20.642,-2.98884614628312,0.264971234027585,2.35332154412266,-0.0111538537168774
20.643,-2.98858835686913,0.250644428301472,2.35332154412266,-0.0114116431308662
20.644,-2.9883447849747,0.236534982797812,2.35332154412266,-0.0116552150252978
20.645,-2.98811521685228,0.222635695717018,2.35332154412266,-0.0118847831477211
20.646,-2.98789944588611,0.208939504643239,2.35332154412266,-0.0121005541138923
20.647,-2.98769727245471,0.195439482816289,2.35332154412266,-0.0123027275452889
20.648,-2.98750850379707,0.182128835480286,2.35332154412266,-0.0124914962029274
20.649,-2.98733295388242,0.169000896307317,2.35332154412266,-0.0126670461175817
20.65,-2.98717044328355,0.156049123894492,2.35332154412266,-0.0128295567164458
20.651,-2.98702079905366,0.143267098332749,2.37901475495107,-0.0129792009463423
20.652,-2.98687857683629,0.14118944935922,2.37901475495107,-0.013121423163708
20.653,-2.98673839616374,0.139183775292147,2.37901475495107,-0.0132616038362565
20.654,-2.98660018575477,0.137248695340282,2.37901475495107,-0.0133998142452336
20.655,-2.98646387568946,0.135382867461854,2.37901475495107,-0.0135361243105403
20.656,-2.98632939737094,0.13358498752778,2.37901475495107,-0.0136706026290603
20.657,-2.98619668348784,0.131853788506167,2.37901475495107,-0.0138033165121634
20.658,-2.98606566797759,0.130188039667626,2.37901475495107,-0.0139343320224055
20.659,-2.98593628599056,0.128586545810946,2.37901475495107,-0.0140637140094402
20.66,-2.98580847385483,0.127048146508658,2.37901475495107,-0.0141915261451673
20.661,-2.98568216904186,0.125571715372066,2.37901475495107,-0.0143178309581424
20.662,-2.98555731013275,0.124156159335304,2.37901475495107,-0.0144426898672489
20.663,-2.98543383678532,0.122800417958005,2.37901475495107,-0.0145661632146781
20.664,-2.98531168970179,0.12150346274616,2.37901475495107,-0.0146883102982063
20.665,-2.98519081059718,0.120264296490787,2.3575941434998,-0.0148091894028153
20.666,-2.98507554544179,0.110287606263126,2.3575941434998,-0.0149244545582072
20.667,-2.98497019301716,0.100438021510167,2.3575941434998,-0.0150298069828354
20.668,-2.98487462864334,0.0907107059624009,2.3575941434998,-0.0151253713566604
20.669,-2.98478873243277,0.0811009106422272,2.3575941434998,-0.0152112675672273
20.67,-2.98471238920429,0.071603971371136,2.3575941434998,-0.0152876107957121
20.671,-2.98464548839951,0.0622153063279508,2.3575941434998,-0.0153545116004907
20.672,-2.9845879240017,0.0529304136569247,2.3575941434998,-0.0154120759982965
20.673,-2.98453959445699,0.0437448691245062,2.3575941434998,-0.0154604055430143
20.674,-2.98450040259786,0.0346543238236067,2.3575941434998,-0.0154995974021443
20.675,-2.98447025556899,0.0256545019242288,2.3575941434998,-0.0155297444310074
20.676,-2.98445538704989,0,2.36323392676481,-0.0155446129501127
20.677,-2.98445538704989,0,2.36605789063222,-0.0155446129501127
20.678,-2.98445538704989,0,2.36750901967276,-0.0155446129501127
20.679,-2.98445538704989,0,2.36803991000893,-0.0155446129501127
20.68,-2.98445538704989,0,2.36795394589442,-0.0155446129501127
20.681,-2.98445538704989,0,2.36745449187613,-0.0155446129501127
20.682,-2.98445538704989,0,2.3666778672865,-0.0155446129501127
20.683,-2.98445538704989,0,2.36571544970673,-0.0155446129501127
20.684,-2.98445538704989,0,2.36462849136125,-0.0155446129501127
20.685,-2.98445538704989,0,2.36345805084397,-0.0155446129501127
20.686,-2.98445538704989,0,2.36223165055344,-0.0155446129501127
20.687,-2.98445538704989,0,2.36096773930513,-0.0155446129501127
20.688,-2.98445538704989,0,2.35967868370987,-0.0155446129501127
20.689,-2.98445538704989,0,2.35837277335481,-0.0155446129501127
20.69,-2.98445538704989,0,2.35705556491639,-0.0155446129501127
20.691,-2.98445538704989,0,2.3557307831462,-0.0155446129501127
20.692,-2.98445538704989,0,2.35440092481991,-0.0155446129501127
20.693,-2.98445538704989,0,2.35306766357631,-0.0155446129501127
20.694,-2.98445538704989,0,2.35173212128902,-0.0155446129501127
20.695,-2.98445538704989,0,2.35039504997241,-0.0155446129501127
20.696,-2.98445538704989,0,2.34905695371681,-0.0155446129501127
20.697,-2.98445538704989,0,2.34771817042405,-0.0155446129501127
20.698,-2.98445538704989,0,2.34637892659651,-0.0155446129501127
20.699,-2.98445538704989,0,2.34503937406328,-0.0155446129501127
20.7,-2.98445538704989,0,2.34369961459843,-0.0155446129501127
20.701,-2.98445538704989,0,2.34235971642317,-0.0155446129501127
20.702,-2.98445538704989,0,2.34101972526754,-0.0155446129501127
20.703,-2.98445538704989,0,2.33967967178531,-0.0155446129501127
20.704,-2.98445538704989,0,2.3383395765243,-0.0155446129501127
20.705,-2.98445538704989,0,2.33699945325815,-0.0155446129501127
20.706,-2.98445538704989,0,2.33565931121958,-0.0155446129501127
20.707,-2.98445538704989,0,2.33431915659749,-0.0155446129501127
20.708,-2.98445538704989,0,2.33297899354041,-0.0155446129501127
20.709,-2.98445538704989,0,2.33163882482919,-0.0155446129501127
20.71,-2.98445538704989,0,2.33029865232789,-0.0155446129501127
20.711,-2.98445538704989,0,2.32895847728601,-0.0155446129501127
20.712,-2.98445538704989,0,2.32761830054114,-0.0155446129501127
20.713,-2.98445538704989,0,2.32627812265472,-0.0155446129501127
20.714,-2.98445538704989,0,2.32493794400309,-0.0155446129501127
20.715,-2.98445538704989,0,2.32359776483853,-0.0155446129501127
20.716,-2.98445538704989,0,2.32225758533014,-0.0155446129501127
20.717,-2.98445538704989,0,2.32091740559128,-0.0155446129501127
20.718,-2.98445538704989,0,2.31957722569792,-0.0155446129501127
20.719,-2.98445538704989,0,2.31823704570101,-0.0155446129501127
20.72,-2.98445538704989,0,2.31689686563468,-0.0155446129501127
20.721,-2.98445538704989,0,2.31555668552181,-0.0155446129501127
20.722,-2.98445538704989,0,2.31421650537775,-0.0155446129501127
20.723,-2.98445538704989,0,2.31287632521279,-0.0155446129501127
20.724,-2.98445538704989,0,2.31153614503381,-0.0155446129501127
20.725,-2.98445538704989,0,2.31019596484544,-0.0155446129501127
20.726,-2.98445538704989,0,2.30885578465077,-0.0155446129501127
20.727,-2.98445538704989,0,2.30751560445187,-0.0155446129501127
20.728,-2.98445538704989,0,2.30617542425015,-0.0155446129501127
20.729,-2.98445538704989,0,2.30483524404653,-0.0155446129501127
20.73,-2.98445538704989,0,2.30349506384164,-0.0155446129501127
20.731,-2.98445538704989,0,2.3021548836359,-0.0155446129501127
20.732,-2.98445538704989,0,2.30081470342958,-0.0155446129501127
20.733,-2.98445538704989,0,2.29947452322288,-0.0155446129501127
20.734,-2.98445538704989,0,2.29813434301593,-0.0155446129501127
20.735,-2.98445538704989,0,2.2967941628088,-0.0155446129501127
20.736,-2.98445538704989,0,2.29545398260156,-0.0155446129501127
20.737,-2.98445538704989,0,2.29411380239424,-0.0155446129501127
20.738,-2.98445538704989,0,2.29277362218687,-0.0155446129501127
20.739,-2.98445538704989,0,2.29143344197947,-0.0155446129501127
20.74,-2.98445538704989,0,2.29009326177204,-0.0155446129501127
20.741,-2.98445538704989,0,2.2887530815646,-0.0155446129501127
20.742,-2.98445538704989,0,2.28741290135714,-0.0155446129501127
20.743,-2.98445538704989,0,2.28607272114968,-0.0155446129501127
20.744,-2.98445538704989,0,2.28473254094221,-0.0155446129501127
20.745,-2.98445538704989,0,2.28339236073474,-0.0155446129501127
20.746,-2.98445538704989,0,2.28205218052727,-0.0155446129501127
20.747,-2.98445538704989,0,2.2807120003198,-0.0155446129501127
20.748,-2.98445538704989,0,2.27937182011232,-0.0155446129501127
20.749,-2.98445538704989,0,2.27803163990484,-0.0155446129501127
20.75,-2.98445538704989,0,2.27669145969737,-0.0155446129501127
20.751,-2.98445538704989,0,2.27535127948989,-0.0155446129501127
20.752,-2.98445538704989,0,2.27401109928241,-0.0155446129501127
20.753,-2.98445538704989,0,2.27267091907493,-0.0155446129501127
20.754,-2.98445538704989,0,2.27133073886746,-0.0155446129501127
20.755,-2.98445538704989,0,2.26999055865998,-0.0155446129501127
20.756,-2.98445538704989,0,2.2686503784525,-0.0155446129501127
20.757,-2.98445538704989,0,2.26731019824503,-0.0155446129501127
20.758,-2.98445538704989,0,2.26597001803755,-0.0155446129501127
20.759,-2.98445538704989,0,2.26462983783007,-0.0155446129501127
20.76,-2.98445538704989,0,2.2632896576226,-0.0155446129501127
20.761,-2.98445538704989,0,2.26194947741512,-0.0155446129501127
20.762,-2.98445538704989,0,2.26060929720764,-0.0155446129501127
20.763,-2.98445538704989,0,2.25926911700016,-0.0155446129501127
20.764,-2.98445538704989,0,2.25792893679269,-0.0155446129501127
20.765,-2.98445538704989,0,2.25658875658521,-0.0155446129501127
20.766,-2.98445538704989,0,2.25524857637773,-0.0155446129501127
20.767,-2.98445538704989,0,2.25390839617026,-0.0155446129501127
20.768,-2.98445538704989,0,2.25256821596278,-0.0155446129501127
20.769,-2.98445538704989,0,2.2512280357553,-0.0155446129501127
20.77,-2.98445538704989,0,2.24988785554783,-0.0155446129501127
20.771,-2.98445538704989,0,2.24854767534035,-0.0155446129501127
20.772,-2.98445538704989,0,2.24720749513287,-0.0155446129501127
20.773,-2.98445538704989,0,2.24586731492539,-0.0155446129501127
20.774,-2.98445538704989,0,2.24452713471792,-0.0155446129501127
20.775,-2.98445538704989,0,2.24318695451044,-0.0155446129501127
20.776,-2.98445538704989,0,2.24184677430296,-0.0155446129501127
20.777,-2.98445538704989,0,2.24050659409549,-0.0155446129501127
20.778,-2.98445538704989,0,2.23916641388801,-0.0155446129501127
20.779,-2.98445538704989,0,2.23782623368053,-0.0155446129501127
20.78,-2.98445538704989,0,2.23648605347306,-0.0155446129501127
20.781,-2.98445538704989,0,2.23514587326558,-0.0155446129501127
20.782,-2.98445538704989,0,2.2338056930581,-0.0155446129501127
20.783,-2.98445538704989,0,2.23246551285062,-0.0155446129501127
20.784,-2.98445538704989,0,2.23112533264315,-0.0155446129501127
20.785,-2.98445538704989,0,2.22978515243567,-0.0155446129501127
20.786,-2.98445538704989,0,2.22844497222819,-0.0155446129501127
20.787,-2.98445538704989,0,2.22710479202072,-0.0155446129501127
20.788,-2.98445538704989,0,2.22576461181324,-0.0155446129501127
20.789,-2.98445538704989,0,2.22442443160576,-0.0155446129501127
20.79,-2.98445538704989,0,2.22308425139829,-0.0155446129501127
20.791,-2.98445538704989,0,2.22174407119081,-0.0155446129501127
20.792,-2.98445538704989,0,2.22040389098333,-0.0155446129501127
20.793,-2.98445538704989,0,2.21906371077586,-0.0155446129501127
20.794,-2.98445538704989,0,2.21772353056838,-0.0155446129501127
20.795,-2.98445538704989,0,2.2163833503609,-0.0155446129501127
20.796,-2.98445538704989,0,2.21504317015342,-0.0155446129501127
20.797,-2.98445538704989,0,2.21370298994595,-0.0155446129501127
20.798,-2.98445538704989,0,2.21236280973847,-0.0155446129501127
20.799,-2.98445538704989,0,2.21102262953099,-0.0155446129501127
20.8,-2.98445538704989,0,2.20968244932352,-0.0155446129501127
20.801,-2.98445538704989,0,2.20834226911604,-0.0155446129501127
20.802,-2.98445538704989,0,2.20700208890856,-0.0155446129501127
20.803,-2.98445538704989,0,2.20566190870109,-0.0155446129501127
20.804,-2.98445538704989,0,2.20432172849361,-0.0155446129501127
20.805,-2.98445538704989,0,2.20298154828613,-0.0155446129501127
20.806,-2.98445538704989,0,2.20164136807865,-0.0155446129501127
20.807,-2.98445538704989,0,2.20030118787118,-0.0155446129501127
20.808,-2.98445538704989,0,2.1989610076637,-0.0155446129501127
20.809,-2.98445538704989,0,2.19762082745622,-0.0155446129501127
20.81,-2.98445538704989,0,2.19628064724875,-0.0155446129501127
20.811,-2.98445538704989,0,2.19494046704127,-0.0155446129501127
20.812,-2.98445538704989,0,2.19360028683379,-0.0155446129501127
20.813,-2.98445538704989,0,2.19226010662631,-0.0155446129501127
20.814,-2.98445538704989,0,2.19091992641884,-0.0155446129501127
20.815,-2.98445538704989,0,2.18957974621136,-0.0155446129501127
20.816,-2.98445538704989,0,2.18823956600388,-0.0155446129501127
20.817,-2.98445538704989,0,2.18689938579641,-0.0155446129501127
20.818,-2.98445538704989,0,2.18555920558893,-0.0155446129501127
20.819,-2.98445538704989,0,2.18421902538145,-0.0155446129501127
20.82,-2.98445538704989,0,2.18287884517398,-0.0155446129501127
20.821,-2.98445538704989,0,2.1815386649665,-0.0155446129501127
20.822,-2.98445538704989,0,2.18019848475902,-0.0155446129501127
20.823,-2.98445538704989,0,2.17885830455155,-0.0155446129501127
20.824,-2.98445538704989,0,2.17751812434407,-0.0155446129501127
20.825,-2.98445538704989,0,2.17617794413659,-0.0155446129501127
20.826,-2.98445538704989,0,2.17483776392911,-0.0155446129501127
20.827,-2.98445538704989,0,2.17349758372164,-0.0155446129501127
20.828,-2.98445538704989,0,2.17215740351416,-0.0155446129501127
20.829,-2.98445538704989,0,2.17081722330668,-0.0155446129501127
20.83,-2.98445538704989,0,2.16947704309921,-0.0155446129501127
20.831,-2.98445538704989,0,2.16813686289173,-0.0155446129501127
20.832,-2.98445538704989,0,2.16679668268425,-0.0155446129501127
20.833,-2.98445538704989,0,2.16545650247678,-0.0155446129501127
20.834,-2.98445538704989,0,2.1641163222693,-0.0155446129501127
20.835,-2.98445538704989,0,2.16277614206182,-0.0155446129501127
20.836,-2.98445538704989,0,2.16143596185434,-0.0155446129501127
20.837,-2.98445538704989,0,2.16009578164687,-0.0155446129501127
20.838,-2.98445538704989,0,2.15875560143939,-0.0155446129501127
20.839,-2.98445538704989,0,2.15741542123191,-0.0155446129501127
20.84,-2.98445538704989,0,2.15607524102444,-0.0155446129501127
20.841,-2.98445538704989,0,2.15473506081696,-0.0155446129501127
20.842,-2.98445538704989,0,2.15339488060948,-0.0155446129501127
20.843,-2.98445538704989,0,2.15205470040201,-0.0155446129501127
20.844,-2.98445538704989,0,2.15071452019453,-0.0155446129501127
20.845,-2.98445538704989,0,2.14937433998705,-0.0155446129501127
20.846,-2.98445538704989,0,2.14803415977957,-0.0155446129501127
20.847,-2.98445538704989,0,2.1466939795721,-0.0155446129501127
20.848,-2.98445538704989,0,2.14535379936462,-0.0155446129501127
20.849,-2.98445538704989,0,2.14401361915714,-0.0155446129501127
20.85,-2.98445538704989,0,2.14267343894967,-0.0155446129501127
20.851,-2.98445538704989,0,2.14133325874219,-0.0155446129501127
20.852,-2.98445538704989,0,2.13999307853471,-0.0155446129501127
20.853,-2.98445538704989,0,2.13865289832724,-0.0155446129501127
20.854,-2.98445538704989,0,2.13731271811976,-0.0155446129501127
20.855,-2.98445538704989,0,2.13597253791228,-0.0155446129501127
20.856,-2.98445538704989,0,2.13463235770481,-0.0155446129501127
20.857,-2.98445538704989,0,2.13329217749733,-0.0155446129501127
20.858,-2.98445538704989,0,2.13195199728985,-0.0155446129501127
20.859,-2.98445538704989,0,2.13061181708237,-0.0155446129501127
20.86,-2.98445538704989,0,2.1292716368749,-0.0155446129501127
20.861,-2.98445538704989,0,2.12793145666742,-0.0155446129501127
20.862,-2.98445538704989,0,2.12659127645994,-0.0155446129501127
20.863,-2.98445538704989,0,2.12525109625247,-0.0155446129501127
20.864,-2.98445538704989,0,2.12391091604499,-0.0155446129501127
20.865,-2.98445538704989,0,2.12257073583751,-0.0155446129501127
20.866,-2.98445538704989,0,2.12123055563004,-0.0155446129501127
20.867,-2.98445538704989,0,2.11989037542256,-0.0155446129501127
20.868,-2.98445538704989,0,2.11855019521508,-0.0155446129501127
20.869,-2.98445538704989,0,2.1172100150076,-0.0155446129501127
20.87,-2.98445538704989,0,2.11586983480013,-0.0155446129501127
20.871,-2.98445538704989,0,2.11452965459265,-0.0155446129501127
20.872,-2.98445538704989,0,2.11318947438517,-0.0155446129501127
20.873,-2.98445538704989,0,2.1118492941777,-0.0155446129501127
20.874,-2.98445538704989,0,2.11050911397022,-0.0155446129501127
20.875,-2.98445538704989,0,2.10916893376274,-0.0155446129501127
20.876,-2.98445538704989,0,2.10782875355526,-0.0155446129501127
20.877,-2.98445538704989,0,2.10648857334779,-0.0155446129501127
20.878,-2.98445538704989,0,2.10514839314031,-0.0155446129501127
20.879,-2.98445538704989,0,2.10380821293283,-0.0155446129501127
20.88,-2.98445538704989,0,2.10246803272536,-0.0155446129501127
20.881,-2.98445538704989,0,2.10112785251788,-0.0155446129501127
20.882,-2.98445538704989,0,2.0997876723104,-0.0155446129501127
20.883,-2.98445538704989,0,2.09844749210293,-0.0155446129501127
20.884,-2.98445538704989,0,2.09710731189545,-0.0155446129501127
20.885,-2.98445538704989,0,2.09576713168797,-0.0155446129501127
20.886,-2.98445538704989,0,2.0944269514805,-0.0155446129501127
20.887,-2.98445538704989,0,2.09308677127302,-0.0155446129501127
20.888,-2.98445538704989,0,2.09174659106554,-0.0155446129501127
20.889,-2.98445538704989,0,2.09040641085806,-0.0155446129501127
20.89,-2.98445538704989,0,2.08906623065059,-0.0155446129501127
20.891,-2.98445538704989,0,2.08772605044311,-0.0155446129501127
20.892,-2.98445538704989,0,2.08638587023563,-0.0155446129501127
20.893,-2.98445538704989,0,2.08504569002816,-0.0155446129501127
20.894,-2.98445538704989,0,2.08370550982068,-0.0155446129501127
20.895,-2.98445538704989,0,2.0823653296132,-0.0155446129501127
20.896,-2.98445538704989,0,2.08102514940573,-0.0155446129501127
20.897,-2.98445538704989,0,2.07968496919825,-0.0155446129501127
20.898,-2.98445538704989,0,2.07834478899077,-0.0155446129501127
20.899,-2.98445538704989,0,2.07700460878329,-0.0155446129501127
20.9,-2.98445538704989,0,2.07566442857582,-0.0155446129501127
20.901,-2.98445538704989,0,2.07432424836834,-0.0155446129501127
20.902,-2.98445538704989,0,2.07298406816086,-0.0155446129501127
20.903,-2.98445538704989,0,2.07164388795339,-0.0155446129501127
20.904,-2.98445538704989,0,2.07030370774591,-0.0155446129501127
20.905,-2.98445538704989,0,2.06896352753843,-0.0155446129501127
20.906,-2.98445538704989,0,2.06762334733096,-0.0155446129501127
20.907,-2.98445538704989,0,2.06628316712348,-0.0155446129501127
20.908,-2.98445538704989,0,2.064942986916,-0.0155446129501127
20.909,-2.98445538704989,0,2.06360280670852,-0.0155446129501127
20.91,-2.98445538704989,0,2.06226262650105,-0.0155446129501127
20.911,-2.98445538704989,0,2.06092244629357,-0.0155446129501127
20.912,-2.98445538704989,0,2.05958226608609,-0.0155446129501127
20.913,-2.98445538704989,0,2.05824208587862,-0.0155446129501127
20.914,-2.98445538704989,0,2.05690190567114,-0.0155446129501127
20.915,-2.98445538704989,0,2.05556172546366,-0.0155446129501127
20.916,-2.98445538704989,0,2.05422154525619,-0.0155446129501127
20.917,-2.98445538704989,0,2.05288136504871,-0.0155446129501127
20.918,-2.98445538704989,0,2.05154118484123,-0.0155446129501127
20.919,-2.98445538704989,0,2.05020100463376,-0.0155446129501127
20.92,-2.98445538704989,0,2.04886082442628,-0.0155446129501127
20.921,-2.98445538704989,0,2.0475206442188,-0.0155446129501127
20.922,-2.98445538704989,0,2.04618046401132,-0.0155446129501127
20.923,-2.98445538704989,0,2.04484028380385,-0.0155446129501127
20.924,-2.98445538704989,0,2.04350010359637,-0.0155446129501127
20.925,-2.98445538704989,0,2.04215992338889,-0.0155446129501127
20.926,-2.98445538704989,0,2.04081974318142,-0.0155446129501127
20.927,-2.98445538704989,0,2.03947956297394,-0.0155446129501127
20.928,-2.98445538704989,0,2.03813938276646,-0.0155446129501127
20.929,-2.98445538704989,0,2.03679920255898,-0.0155446129501127
20.93,-2.98445538704989,0,2.03545902235151,-0.0155446129501127
20.931,-2.98445538704989,0,2.03411884214403,-0.0155446129501127
20.932,-2.98445553076338,-0.000287434905415361,2.03411884214403,-0.0155444692366165
20.933,-2.98445596195135,-0.000574964777242544,2.03411884214403,-0.0155440380486462
20.934,-2.98445668075626,-0.000862684613229205,2.03411884214403,-0.0155433192437409
20.935,-2.98445768741559,-0.00115068947380483,2.03411884214403,-0.0155423125844125
20.936,-2.98445898226193,-0.00143907451344812,2.03411884214403,-0.0155410177380686
20.937,-2.9844605657231,-0.00172793501208363,2.03411884214403,-0.015539434276902
20.938,-2.98446243832225,-0.00201736640652157,2.03411884214403,-0.0155375616777489
20.939,-2.98446460067808,-0.00230746432194765,2.03411884214403,-0.0155353993219181
20.94,-2.98446705350501,-0.00259832460347539,2.03411884214403,-0.0155329464949858
20.941,-2.98446979761344,-0.0028900433477702,2.03411884214403,-0.0155302023865596
20.942,-2.98447283390999,-0.00318271693475627,2.03411884214403,-0.0155271660900125
20.943,-2.98447616339782,-0.0034764420594163,2.03411884214403,-0.0155238366021808
20.944,-2.98447978717696,-0.00377131576369546,2.03411884214403,-0.0155202128230383
20.945,-2.98448370644467,-0.00406743546851752,2.03411884214403,-0.0155162935553257
20.946,-2.98448792249584,-0.00436489900592789,2.03411884214403,-0.0155120775041619
20.947,-2.98449243672338,-0.00466380465136893,2.03411884214403,-0.015507563276616
20.948,-2.98449725061875,-0.00496425115610202,2.01328981203707,-0.0155027493812452
20.949,-2.98450666075154,-0.0138565272484596,2.01328981203707,-0.0154933392484624
20.95,-2.98453167973355,-0.0663301625586227,2.01328981203707,-0.0154683202664496
20.951,-2.98467289078321,-0.215886193406918,2.01328981203707,-0.0153271092167881
20.952,-2.98496305049913,-0.364237330066033,2.05692299533577,-0.015036949500868
20.953,-2.9853920138422,-0.493528714636867,2.09389138117855,-0.0146079861578015
20.954,-2.98594219713493,-0.606707514615215,2.13499403449359,-0.0140578028650662
20.955,-2.98659672984461,-0.702259332661617,2.17729824778604,-0.0134032701553899
20.956,-2.98733783461987,-0.779883063693726,2.21865974609544,-0.0126621653801275
20.957,-2.98814787262654,-0.840155503488831,2.25758764269308,-0.0118521273734649
20.958,-2.98901008286743,-0.884254627670456,2.29312041961369,-0.0109899171325747
20.959,-2.9899090716775,-0.913736584610181,2.32471500170109,-0.010090928322501
20.96,-2.9908311031856,-0.930360561511472,2.35214986782844,-0.00916889681439681
20.961,-2.9917642354976,-0.935955293236143,2.35214986782844,-0.00823576450239738
20.962,-2.99270311612871,-0.941857098843559,2.39536897818055,-0.00729688387128835
20.963,-2.99363919511173,-0.930377687950371,2.39536897818055,-0.00636080488827107
20.964,-2.99456402373216,-0.91935496821143,2.42548355917567,-0.00543597626783709
20.965,-2.99547188771252,-0.896464959171529,2.42548355917567,-0.00452811228747674
20.966,-2.99635713529198,-0.874119885976697,2.42548355917567,-0.00364286470801689
20.967,-2.99722030462172,-0.85230623563289,2.42548355917567,-0.00277969537827927
20.968,-2.99806192050747,-0.831010828796713,2.45494947820444,-0.00193807949252633
20.969,-2.99887646899887,-0.798186757912464,2.45494947820444,-0.00112353100113172
20.97,-2.99965849220223,-0.765957237351874,2.45494947820444,-0.000341507797765761
20.971,-3.00040857568874,-0.734304375435711,2.45494947820444,0.000408575688741752
20.972,-3.00112728733587,-0.703210674567566,2.45494947820444,0.00112728733586698
20.973,-3.00181517771586,-0.672659020054591,2.45494947820444,0.0018151777158617
20.974,-3.00247278047319,-0.642632669222286,2.45494947820444,0.00247278047318744
20.975,-3.00310061269121,-0.613115240813943,2.45494947820444,0.0031006126912132
20.976,-3.00369917524845,-0.584090704665672,2.45494947820444,0.0036991752484461
20.977,-3.00426895316457,-0.555543371648245,2.45494947820444,0.00426895316457498
20.978,-3.00481041593658,-0.527457883867309,2.45494947820444,0.00481041593658116
20.979,-3.00532401786518,-0.499819205113764,2.45494947820444,0.00532401786518166
20.98,-3.00581019837184,-0.47261261155643,2.45494947820444,0.00581019837183794
20.981,-3.00626938230658,-0.445823682669343,2.45494947820444,0.00626938230658025
20.982,-3.00670198024687,-0.419438292386298,2.43449575895152,0.00670198024686863
20.983,-3.00711255758544,-0.401768362974114,2.43449575895152,0.00711255758544294
20.984,-3.00750561933742,-0.384405534226226,2.43449575895152,0.00750561933742055
20.985,-3.00788146788255,-0.367340398092867,2.43449575895152,0.00788146788254585
20.986,-3.00824039629294,-0.350563746437396,2.43449575895152,0.00824039629293916
20.987,-3.00858268853023,-0.334066565494308,2.43449575895152,0.00858268853022537
20.988,-3.00890861963719,-0.317840030462926,2.43449575895152,0.00890861963719036
20.989,-3.0092184559241,-0.301875500232796,2.43449575895152,0.00921845592409998
20.99,-3.0095124551498,-0.286164512236985,2.43449575895152,0.00951245514980492
20.991,-3.00979086669776,-0.27069877742954,2.43449575895152,0.00979086669776263
20.992,-3.0100539317471,-0.255470175383515,2.43449575895152,0.0100539317470973
20.993,-3.01030188343882,-0.240470749506063,2.43449575895152,0.0103018834388169
20.994,-3.0105349470373,-0.225692702367194,2.43449575895152,0.010534947037304
20.995,-3.01075334008719,-0.2111283911389,2.41355013239081,0.0107533400871866
20.996,-3.01096153494532,-0.20528309413388,2.41355013239081,0.0109615349453152
20.997,-3.01116394925272,-0.199566731562074,2.41355013239081,0.011163949252718
20.998,-3.01136071028256,-0.193975993934114,2.41355013239081,0.0113607102825637
20.999,-3.01155194203732,-0.188507649018222,2.41355013239081,0.0115519420373218
21,-3.01173776532505,-0.183158539899932,2.41355013239081,0.0117377653250506
21.001,-3.01191829783376,-0.177925583089264,2.41355013239081,0.0119182978337622
21.002,-3.01209365420392,-0.172805766674091,2.41355013239081,0.0120936542039187
21.003,-3.01226394609911,-0.167796148518544,2.41355013239081,0.012263946099107
21.004,-3.01242928227493,-0.162893854505254,2.41355013239081,0.0124292822749328
21.005,-3.01258976864618,-0.158096076820324,2.41355013239081,0.0125897686461758
21.006,-3.01274550835226,-0.153400072279922,2.41355013239081,0.0127455083522552
21.007,-3.01289660182104,-0.148803160697417,2.41355013239081,0.0128966018210397
21.008,-3.01304314683104,-0.144302723290024,2.41355013239081,0.0130431468310439
21.009,-3.01318523857205,-0.139896201123931,2.41355013239081,0.0131852385720523
21.01,-3.01332296970421,-0.135581093596922,2.41355013239081,0.0133229697042072
21.011,-3.01345643041559,-0.131354956957539,2.41355013239081,0.013456430415594
21.012,-3.01358570847837,-0.127215402859831,2.41355013239081,0.0135857084783697
21.013,-3.01371088930346,-0.123160096952785,2.41355013239081,0.013710889303459
21.014,-3.01383205599386,-0.119186757503544,2.41355013239081,0.0138320559938574
21.015,-3.01394928939658,-0.115293154053552,2.41355013239081,0.0139492893965762
21.016,-3.01406266815326,-0.111477106106766,2.41355013239081,0.0140626681532572
21.017,-3.01417226874949,-0.107736481849132,2.41355013239081,0.0141722687494923
21.018,-3.01427816556288,-0.104069196898504,2.41355013239081,0.0142781655628781
21.019,-3.01438043090983,-0.100473213084238,2.41355013239081,0.0143804309098341
21.02,-3.01447913509122,-0.0969465372556945,2.43865159397899,0.0144791350912201
21.021,-3.01456924574912,-0.0833001152924932,2.43865159397899,0.0145692457491231
21.022,-3.01464578489623,-0.0698024204454675,2.43865159397899,0.0146457848962336
21.023,-3.01470889799297,-0.0564469381725238,2.43865159397899,0.0147088979929682
21.024,-3.01475872404117,-0.0432272652781328,2.43865159397899,0.0147587240411737
21.025,-3.01479539569369,-0.0301371063668486,2.43865159397899,0.0147953956936937
21.026,-3.01481547955668,0,2.43042409289906,0.0148154795566842
21.027,-3.01481547955668,0,2.42645978532452,0.0148154795566842
21.028,-3.01481547955668,0,2.42422353659712,0.0148154795566842
21.029,-3.01481547955668,0,2.42314564035571,0.0148154795566842
21.03,-3.01481547955668,0,2.42284421100604,0.0148154795566842
21.031,-3.01481547955668,0,2.42306326297899,0.0148154795566842
21.032,-3.01481547955668,0,2.4236312040161,0.0148154795566842
21.033,-3.01481547955668,0,2.42443301238674,0.0148154795566842
21.034,-3.01481547955668,0,2.42539158671917,0.0148154795566842
21.035,-3.01481547955668,0,2.42645524441832,0.0148154795566842
21.036,-3.01481547955668,0,2.4275893416047,0.0148154795566842
21.037,-3.01481547955668,0,2.42877065579139,0.0148154795566842
21.038,-3.01481547955668,0,2.42998362047991,0.0148154795566842
21.039,-3.01481547955668,0,2.43121780113428,0.0148154795566842
21.04,-3.01481547955668,0,2.43246620327584,0.0148154795566842
21.041,-3.01481547955668,0,2.43372413836535,0.0148154795566842
21.042,-3.01481547955668,0,2.43498846358098,0.0148154795566842
21.043,-3.01481547955668,0,2.43625707222624,0.0148154795566842
21.044,-3.01481547955668,0,2.43752855214024,0.0148154795566842
21.045,-3.01481547955668,0,2.43880195672325,0.0148154795566842
21.046,-3.01481547955668,0,2.44007665145046,0.0148154795566842
21.047,-3.01481547955668,0,2.4413522109872,0.0148154795566842
21.048,-3.01481547955668,0,2.44262835022311,0.0148154795566842
21.049,-3.01481547955668,0,2.44390487804298,0.0148154795566842
21.05,-3.01481547955668,0,2.44518166633847,0.0148154795566842
21.051,-3.01481547955668,0,2.446458629236,0.0148154795566842
21.052,-3.01481547955668,0,2.44773570917278,0.0148154795566842
21.053,-3.01481547955668,0,2.4490128675633,0.0148154795566842
21.054,-3.01481547955668,0,2.45029007854294,0.0148154795566842
21.055,-3.01481547955668,0,2.45156732477413,0.0148154795566842
21.056,-3.01481547955668,0,2.45284459463513,0.0148154795566842
21.057,-3.01481547955668,0,2.45412188033567,0.0148154795566842
21.058,-3.01481547955668,0,2.45539917665377,0.0148154795566842
21.059,-3.01481547955668,0,2.45667648008903,0.0148154795566842
21.06,-3.01481547955668,0,2.45795378829508,0.0148154795566842
21.061,-3.01481547955668,0,2.45923109969907,0.0148154795566842
21.062,-3.01481547955668,0,2.4605084132467,0.0148154795566842
21.063,-3.01481547955668,0,2.46178572823127,0.0148154795566842
21.064,-3.01481547955668,0,2.46306304417904,0.0148154795566842
21.065,-3.01481547955668,0,2.46434036077247,0.0148154795566842
21.066,-3.01481547955668,0,2.46561767779869,0.0148154795566842
21.067,-3.01481547955668,0,2.46689499511503,0.0148154795566842
21.068,-3.01481547955668,0,2.46817231262583,0.0148154795566842
21.069,-3.01481547955668,0,2.46944963026698,0.0148154795566842
21.07,-3.01481547955668,0,2.47072694799552,0.0148154795566842
21.071,-3.01481547955668,0,2.47200426578263,0.0148154795566842
21.072,-3.01481547955668,0,2.473281583609,0.0148154795566842
21.073,-3.01481547955668,0,2.47455890146169,0.0148154795566842
21.074,-3.01481547955668,0,2.47583621933202,0.0148154795566842
21.075,-3.01481547955668,0,2.47711353721417,0.0148154795566842
21.076,-3.01481547955668,0,2.47839085510426,0.0148154795566842
21.077,-3.01481547955668,0,2.47966817299965,0.0148154795566842
21.078,-3.01481547955668,0,2.48094549089861,0.0148154795566842
21.079,-3.01481547955668,0,2.48222280879996,0.0148154795566842
21.08,-3.01481547955668,0,2.4835001267029,0.0148154795566842
21.081,-3.01481547955668,0,2.48477744460692,0.0148154795566842
21.082,-3.01481547955668,0,2.48605476251166,0.0148154795566842
21.083,-3.01481547955668,0,2.48733208041688,0.0148154795566842
21.084,-3.01481547955668,0,2.48860939832242,0.0148154795566842
21.085,-3.01481547955668,0,2.48988671622818,0.0148154795566842
21.086,-3.01481547955668,0,2.49116403413409,0.0148154795566842
21.087,-3.01481547955668,0,2.49244135204009,0.0148154795566842
21.088,-3.01481547955668,0,2.49371866994616,0.0148154795566842
21.089,-3.01481547955668,0,2.49499598785227,0.0148154795566842
21.09,-3.01481547955668,0,2.49627330575841,0.0148154795566842
21.091,-3.01481547955668,0,2.49755062366457,0.0148154795566842
21.092,-3.01481547955668,0,2.49882794157074,0.0148154795566842
21.093,-3.01481547955668,0,2.50010525947692,0.0148154795566842
21.094,-3.01481547955668,0,2.50138257738311,0.0148154795566842
21.095,-3.01481547955668,0,2.50265989528931,0.0148154795566842
21.096,-3.01481547955668,0,2.5039372131955,0.0148154795566842
21.097,-3.01481547955668,0,2.5052145311017,0.0148154795566842
21.098,-3.01481547955668,0,2.5064918490079,0.0148154795566842
21.099,-3.01481547955668,0,2.5077691669141,0.0148154795566842
21.1,-3.01481547955668,0,2.5090464848203,0.0148154795566842
21.101,-3.01481547955668,0,2.5103238027265,0.0148154795566842
21.102,-3.01481547955668,0,2.5116011206327,0.0148154795566842
21.103,-3.01481547955668,0,2.5128784385389,0.0148154795566842
21.104,-3.01481547955668,0,2.5141557564451,0.0148154795566842
21.105,-3.01481547955668,0,2.5154330743513,0.0148154795566842
21.106,-3.01481547955668,0,2.5167103922575,0.0148154795566842
21.107,-3.01481547955668,0,2.5179877101637,0.0148154795566842
21.108,-3.01481547955668,0,2.5192650280699,0.0148154795566842
21.109,-3.01481547955668,0,2.5205423459761,0.0148154795566842
21.11,-3.01481547955668,0,2.52181966388231,0.0148154795566842
21.111,-3.01481547955668,0,2.52309698178851,0.0148154795566842
21.112,-3.01481547955668,0,2.52437429969471,0.0148154795566842
21.113,-3.01481547955668,0,2.52565161760091,0.0148154795566842
21.114,-3.01481547955668,0,2.52692893550711,0.0148154795566842
21.115,-3.01481547955668,0,2.52820625341331,0.0148154795566842
21.116,-3.01481547955668,0,2.52948357131951,0.0148154795566842
21.117,-3.01481547955668,0,2.53076088922571,0.0148154795566842
21.118,-3.01481547955668,0,2.53203820713191,0.0148154795566842
21.119,-3.01481547955668,0,2.53331552503811,0.0148154795566842
21.12,-3.01481547955668,0,2.53459284294431,0.0148154795566842
21.121,-3.01481547955668,0,2.53587016085051,0.0148154795566842
21.122,-3.01481547955668,0,2.53714747875672,0.0148154795566842
21.123,-3.01481547955668,0,2.53842479666292,0.0148154795566842
21.124,-3.01481547955668,0,2.53970211456912,0.0148154795566842
21.125,-3.01481547955668,0,2.54097943247532,0.0148154795566842
21.126,-3.01481547955668,0,2.54225675038152,0.0148154795566842
21.127,-3.01481547955668,0,2.54353406828772,0.0148154795566842
21.128,-3.01481547955668,0,2.54481138619392,0.0148154795566842
21.129,-3.01481547955668,0,2.54608870410012,0.0148154795566842
21.13,-3.01481547955668,0,2.54736602200632,0.0148154795566842
21.131,-3.01481547955668,0,2.54864333991252,0.0148154795566842
21.132,-3.01481547955668,0,2.54992065781872,0.0148154795566842
21.133,-3.01481547955668,0,2.55119797572492,0.0148154795566842
21.134,-3.01481547955668,0,2.55247529363113,0.0148154795566842
21.135,-3.01481547955668,0,2.55375261153733,0.0148154795566842
21.136,-3.01481547955668,0,2.55502992944353,0.0148154795566842
21.137,-3.01481547955668,0,2.55630724734973,0.0148154795566842
21.138,-3.01481547955668,0,2.55758456525593,0.0148154795566842
21.139,-3.01481547955668,0,2.55886188316213,0.0148154795566842
21.14,-3.01481547955668,0,2.56013920106833,0.0148154795566842
21.141,-3.01481547955668,0,2.56141651897453,0.0148154795566842
21.142,-3.01481547955668,0,2.56269383688073,0.0148154795566842
21.143,-3.01481547955668,0,2.56397115478693,0.0148154795566842
21.144,-3.01481547955668,0,2.56524847269313,0.0148154795566842
21.145,-3.01481547955668,0,2.56652579059933,0.0148154795566842
21.146,-3.01481547955668,0,2.56780310850554,0.0148154795566842
21.147,-3.01481547955668,0,2.56908042641174,0.0148154795566842
21.148,-3.01481547955668,0,2.57035774431794,0.0148154795566842
21.149,-3.01481547955668,0,2.57163506222414,0.0148154795566842
21.15,-3.01481547955668,0,2.57291238013034,0.0148154795566842
21.151,-3.01481547955668,0,2.57418969803654,0.0148154795566842
21.152,-3.01481547955668,0,2.57546701594274,0.0148154795566842
21.153,-3.01481547955668,0,2.57674433384894,0.0148154795566842
21.154,-3.01481547955668,0,2.57802165175514,0.0148154795566842
21.155,-3.01481547955668,0,2.57929896966134,0.0148154795566842
21.156,-3.01481547955668,0,2.58057628756754,0.0148154795566842
21.157,-3.01481547955668,0,2.58185360547374,0.0148154795566842
21.158,-3.01481547955668,0,2.58313092337995,0.0148154795566842
21.159,-3.01481547955668,0,2.58440824128615,0.0148154795566842
21.16,-3.01481547955668,0,2.58568555919235,0.0148154795566842
21.161,-3.01481547955668,0,2.58696287709855,0.0148154795566842
21.162,-3.01481547955668,0,2.58824019500475,0.0148154795566842
21.163,-3.01481547955668,0,2.58951751291095,0.0148154795566842
21.164,-3.01481547955668,0,2.59079483081715,0.0148154795566842
21.165,-3.01481547955668,0,2.59207214872335,0.0148154795566842
21.166,-3.01481547955668,0,2.59334946662955,0.0148154795566842
21.167,-3.01481547955668,0,2.59462678453575,0.0148154795566842
21.168,-3.01481547955668,0,2.59590410244195,0.0148154795566842
21.169,-3.01481547955668,0,2.59718142034815,0.0148154795566842
21.17,-3.01481547955668,0,2.59845873825436,0.0148154795566842
21.171,-3.01481547955668,0,2.59973605616055,0.0148154795566842
21.172,-3.01481547955668,0,2.60101337406675,0.0148154795566842
21.173,-3.01481547955668,0,2.60229069197295,0.0148154795566842
21.174,-3.01481547955668,0,2.60356800987915,0.0148154795566842
21.175,-3.01481547955668,0,2.60484532778535,0.0148154795566842
21.176,-3.01481547955668,0,2.60612264569154,0.0148154795566842
21.177,-3.01481547955668,0,2.60739996359774,0.0148154795566842
21.178,-3.01481547955668,0,2.60867728150394,0.0148154795566842
21.179,-3.01481547955668,0,2.60995459941014,0.0148154795566842
21.18,-3.01481547955668,0,2.61123191731634,0.0148154795566842
21.181,-3.01481547955668,0,2.61250923522253,0.0148154795566842
21.182,-3.01481547955668,0,2.61378655312873,0.0148154795566842
21.183,-3.01481547955668,0,2.61506387103493,0.0148154795566842
21.184,-3.01481547955668,0,2.61634118894113,0.0148154795566842
21.185,-3.01481547955668,0,2.61761850684733,0.0148154795566842
21.186,-3.01481547955668,0,2.61889582475353,0.0148154795566842
21.187,-3.01481547955668,0,2.62017314265972,0.0148154795566842
21.188,-3.01481547955668,0,2.62145046056592,0.0148154795566842
21.189,-3.01481547955668,0,2.62272777847212,0.0148154795566842
21.19,-3.01481547955668,0,2.62400509637832,0.0148154795566842
21.191,-3.01481547955668,0,2.62528241428452,0.0148154795566842
21.192,-3.01481547955668,0,2.62655973219071,0.0148154795566842
21.193,-3.01481547955668,0,2.62783705009691,0.0148154795566842
21.194,-3.01481547955668,0,2.62911436800311,0.0148154795566842
21.195,-3.01481547955668,0,2.63039168590931,0.0148154795566842
21.196,-3.01481547955668,0,2.63166900381551,0.0148154795566842
21.197,-3.01481547955668,0,2.6329463217217,0.0148154795566842
21.198,-3.01481547955668,0,2.6342236396279,0.0148154795566842
21.199,-3.01481547955668,0,2.6355009575341,0.0148154795566842
21.2,-3.01481547955668,0,2.6367782754403,0.0148154795566842
21.201,-3.01481547955668,0,2.6380555933465,0.0148154795566842
21.202,-3.01481547955668,0,2.63933291125269,0.0148154795566842
21.203,-3.01481547955668,0,2.64061022915889,0.0148154795566842
21.204,-3.01481547955668,0,2.64188754706509,0.0148154795566842
21.205,-3.01481547955668,0,2.64316486497129,0.0148154795566842
21.206,-3.01481547955668,0,2.64444218287749,0.0148154795566842
21.207,-3.01481547955668,0,2.64571950078368,0.0148154795566842
21.208,-3.01481547955668,0,2.64699681868988,0.0148154795566842
21.209,-3.01481547955668,0,2.64827413659608,0.0148154795566842
21.21,-3.01481547955668,0,2.64955145450228,0.0148154795566842
21.211,-3.01481547955668,0,2.65082877240848,0.0148154795566842
21.212,-3.01481547955668,0,2.65210609031467,0.0148154795566842
21.213,-3.01481547955668,0,2.65338340822087,0.0148154795566842
21.214,-3.01481547955668,0,2.65466072612707,0.0148154795566842
21.215,-3.01481547955668,0,2.65593804403327,0.0148154795566842
21.216,-3.01481547955668,0,2.65721536193947,0.0148154795566842
21.217,-3.01481547955668,0,2.65849267984566,0.0148154795566842
21.218,-3.01481547955668,0,2.65976999775186,0.0148154795566842
21.219,-3.01481547955668,0,2.66104731565806,0.0148154795566842
21.22,-3.01481547955668,0,2.66232463356426,0.0148154795566842
21.221,-3.01481547955668,0,2.66360195147046,0.0148154795566842
21.222,-3.01481547955668,0,2.66487926937666,0.0148154795566842
21.223,-3.01481547955668,0,2.66615658728285,0.0148154795566842
21.224,-3.01481547955668,0,2.66743390518905,0.0148154795566842
21.225,-3.01481547955668,0,2.66871122309525,0.0148154795566842
21.226,-3.01481547955668,0,2.66998854100145,0.0148154795566842
21.227,-3.01481547955668,0,2.67126585890765,0.0148154795566842
21.228,-3.01481547955668,0,2.67254317681384,0.0148154795566842
21.229,-3.01481547955668,0,2.67382049472004,0.0148154795566842
21.23,-3.01481547955668,0,2.67509781262624,0.0148154795566842
21.231,-3.01481547955668,0,2.67637513053244,0.0148154795566842
21.232,-3.01481547955668,0,2.67765244843864,0.0148154795566842
21.233,-3.01481547955668,0,2.67892976634483,0.0148154795566842
21.234,-3.01481547955668,0,2.68020708425103,0.0148154795566842
21.235,-3.01481547955668,0,2.68148440215723,0.0148154795566842
21.236,-3.01481547955668,0,2.68276172006343,0.0148154795566842
21.237,-3.01481547955668,0,2.68403903796963,0.0148154795566842
21.238,-3.01481547955668,0,2.68531635587582,0.0148154795566842
21.239,-3.01481547955668,0,2.68659367378202,0.0148154795566842
21.24,-3.01481547955668,0,2.68787099168822,0.0148154795566842
21.241,-3.01481547955668,0,2.68914830959442,0.0148154795566842
21.242,-3.01481547955668,0,2.69042562750062,0.0148154795566842
21.243,-3.01481547955668,0,2.69170294540681,0.0148154795566842
21.244,-3.01481547955668,0,2.69298026331301,0.0148154795566842
21.245,-3.01481547955668,0,2.69425758121921,0.0148154795566842
21.246,-3.01481547955668,0,2.69553489912541,0.0148154795566842
21.247,-3.01481547955668,0,2.69681221703161,0.0148154795566842
21.248,-3.01481547955668,0,2.6980895349378,0.0148154795566842
21.249,-3.01481547955668,0,2.699366852844,0.0148154795566842
21.25,-3.01481547955668,0,2.7006441707502,0.0148154795566842
21.251,-3.01481547955668,0,2.7019214886564,0.0148154795566842
21.252,-3.01481547955668,0,2.7031988065626,0.0148154795566842
21.253,-3.01481547955668,0,2.70447612446879,0.0148154795566842
21.254,-3.01481547955668,0,2.70575344237499,0.0148154795566842
21.255,-3.01481547955668,0,2.70703076028119,0.0148154795566842
21.256,-3.01481547955668,0,2.70830807818739,0.0148154795566842
21.257,-3.01481547955668,0,2.70958539609359,0.0148154795566842
21.258,-3.01481547955668,0,2.71086271399979,0.0148154795566842
21.259,-3.01481547955668,0,2.71214003190598,0.0148154795566842
21.26,-3.01481547955668,0,2.71341734981218,0.0148154795566842
21.261,-3.01481547955668,0,2.71469466771838,0.0148154795566842
21.262,-3.01481547955668,0,2.71597198562458,0.0148154795566842
21.263,-3.01481547955668,0,2.71724930353078,0.0148154795566842
21.264,-3.01481547955668,0,2.71852662143697,0.0148154795566842
21.265,-3.01481547955668,0,2.71980393934317,0.0148154795566842
21.266,-3.01481547955668,0,2.72108125724937,0.0148154795566842
21.267,-3.01481547955668,0,2.72235857515557,0.0148154795566842
21.268,-3.01481547955668,0,2.72363589306177,0.0148154795566842
21.269,-3.01481547955668,0,2.72491321096796,0.0148154795566842
21.27,-3.01481547955668,0,2.72619052887416,0.0148154795566842
21.271,-3.01481547955668,0,2.72746784678036,0.0148154795566842
21.272,-3.01481547955668,0,2.72874516468656,0.0148154795566842
21.273,-3.01481547955668,0,2.73002248259276,0.0148154795566842
21.274,-3.01481547955668,0,2.73129980049895,0.0148154795566842
21.275,-3.01481547955668,0,2.73257711840515,0.0148154795566842
21.276,-3.01481547955668,0,2.73385443631135,0.0148154795566842
21.277,-3.01481547955668,0,2.73513175421755,0.0148154795566842
21.278,-3.01481547955668,0,2.73640907212375,0.0148154795566842
21.279,-3.01481547955668,0,2.73768639002994,0.0148154795566842
21.28,-3.01481547955668,0,2.73896370793614,0.0148154795566842
21.281,-3.01481547955668,0,2.74024102584234,0.0148154795566842
21.282,-3.01481547955668,0,2.74151834374854,0.0148154795566842
21.283,-3.01481547955668,0,2.74279566165474,0.0148154795566842
21.284,-3.01481547955668,0,2.74407297956093,0.0148154795566842
21.285,-3.01481547955668,0,2.74535029746713,0.0148154795566842
21.286,-3.01481547955668,0,2.74662761537333,0.0148154795566842
21.287,-3.01481547955668,0,2.74790493327953,0.0148154795566842
21.288,-3.01481547955668,0,2.74918225118573,0.0148154795566842
21.289,-3.01481547955668,0,2.75045956909192,0.0148154795566842
21.29,-3.01481547955668,0,2.75173688699812,0.0148154795566842
21.291,-3.01481547955668,0,2.75301420490432,0.0148154795566842
21.292,-3.01481547955668,0,2.75429152281052,0.0148154795566842
21.293,-3.01481547955668,0,2.75556884071672,0.0148154795566842
21.294,-3.01481544814797,6.28197378247318e-05,2.75556884071672,0.0148154481479699
21.295,-3.01481535390798,0.000125667175929488,2.75556884071672,0.0148153539079763
21.296,-3.01481519679515,0.00018857002681228,2.75556884071672,0.0148151967951482
21.297,-3.01481497674021,0.000251556027409894,2.75556884071672,0.0148149767402068
21.298,-3.01481469364612,0.000314652951331504,2.75556884071672,0.0148146936461195
21.299,-3.01481434738806,0.000377888621108249,2.75556884071672,0.014814347388056
21.3,-3.01481393781333,0.000441290920463953,2.75556884071672,0.0148139378133347
21.301,-3.01481346474135,0.000504887806613007,2.75556884071672,0.0148134647413545
21.302,-3.01481292796351,0.000568707322590962,2.75556884071672,0.0148129279635136
21.303,-3.01481232724312,0.000632777609622699,2.75556884071672,0.0148123272431206
21.304,-3.01481166231529,0.000697126919534106,2.75556884071672,0.0148116623152883
21.305,-3.01481093288682,0.000761783627212235,2.75556884071672,0.0148109328868169
21.306,-3.01481013863607,0.000826776243120349,2.75556884071672,0.0148101386360664
21.307,-3.01480927921281,0.000892133425872432,2.75556884071672,0.0148092792128107
21.308,-3.01480835423809,0.000957883994873216,2.75556884071672,0.0148083542380872
21.309,-3.01480736330403,0.00102405694302909,2.75556884071672,0.0148073633040289
21.31,-3.01480630597368,0.00109068144953536,2.75556884071672,0.0148063059736829
21.311,-3.01480518178082,0.0011577868927467,2.75556884071672,0.0148051817808188
21.312,-3.01480399022972,0.00122540286313409,2.75556884071672,0.0148039902297232
21.313,-3.01480273079498,0.00129355917633703,2.78057267280236,0.0148027307949801
21.314,-3.01479630811853,0.0115522699933932,2.78057267280236,0.0147963081185338
21.315,-3.014777050818,0.0488360389666142,2.78057267280236,0.0147770508180005
21.316,-3.01465257695505,0.199905320135721,2.78057267280236,0.0146525769550463
21.317,-3.01437764000021,0.349775094691535,2.73969963241507,0.0143776400002085
21.318,-3.01396170744411,0.481931810450736,2.70311715571876,0.0139617074441065
21.319,-3.01342151761445,0.598320708394678,2.66193323054509,0.0134215176144465
21.32,-3.01277368383724,0.697251686245668,2.61919060778114,0.0127736838372368
21.321,-3.01203588892591,0.778274102370142,2.57712626826751,0.0120358889259085
21.322,-3.01122581430624,0.841840181801219,2.53730969456663,0.0112258143062407
21.323,-3.01036037599812,0.889027768553627,2.50076905660326,0.0103603759981179
21.324,-3.00945521097078,0.921316718762482,2.46810355905878,0.00945521097078084
21.325,-3.00852436336525,0.940412685075552,2.43958128916198,0.00852436336525031
21.326,-3.00758012638868,0.948111917578966,2.41522269908474,0.00758012638868033
21.327,-3.00663300197361,0.946200876972487,2.39487041230786,0.00663300197360783
21.328,-3.00569174631307,0.936384825858837,2.39487041230786,0.00569174631306701
21.329,-3.00476008478555,0.927011391371539,2.36457908493246,0.00476008478554846
21.33,-3.00384375804803,0.905730538109189,2.36457908493246,0.00384375804802772
21.331,-3.00294844886585,0.884974225107804,2.36457908493246,0.00294844886584888
21.332,-3.00207363881673,0.864730264961252,2.33849933057239,0.00207363881672684
21.333,-3.00122414755708,0.834348935564744,2.33849933057239,0.00122414755707689
21.334,-3.00040475027871,0.80453961814566,2.33849933057239,0.000404750278710342
21.335,-2.99961488296622,0.775286375481483,2.33849933057239,-0.000385117033783633
21.336,-2.99885399737501,0.7465736018124,2.33849933057239,-0.00114600262498898
21.337,-2.99812156070384,0.718386014939463,2.33849933057239,-0.00187843929616394
21.338,-2.99741705527509,0.690708648473027,2.33849933057239,-0.00258294472491194
21.339,-2.99673997822282,0.663526844229149,2.33849933057239,-0.00326002177717655
21.34,-2.99608984118829,0.63682624477164,2.33849933057239,-0.00391015881170587
21.341,-2.99546617002287,0.610592786097445,2.33849933057239,-0.00453382997713359
21.342,-2.99486850449819,0.58481269046302,2.33849933057239,-0.00513149550181113
21.343,-2.99429639802346,0.559472459349383,2.33849933057239,-0.00570360197654018
21.344,-2.99374941736966,0.534558866563511,2.33849933057239,-0.00625058263033562
21.345,-2.99322714240064,0.510058951473779,2.33849933057239,-0.00677285759935664
21.346,-2.99272916581086,0.4859600123771,2.33849933057239,-0.00727083418914365
21.347,-2.99225509286972,0.462249599995484,2.33849933057239,-0.0077449071302822
21.348,-2.99180454117237,0.43891551109972,2.33849933057239,-0.00819545882763251
21.349,-2.99137714039676,0.415945782257882,2.33849933057239,-0.00862285960323783
21.35,-2.99097253206695,0.393328683706401,2.33849933057239,-0.00902746793304976
21.351,-2.99059036932242,0.371052713341454,2.33849933057239,-0.00940963067758149
21.352,-2.99023031669338,0.349106590828414,2.33849933057239,-0.00976968330661565
21.353,-2.98989204988193,0.327479251827157,2.33849933057239,-0.0101079501180723
21.354,-2.98957525554884,0.306159842331008,2.33849933057239,-0.0104247444511634
21.355,-2.98927963110605,0.285137713117157,2.33849933057239,-0.010720368893947
21.356,-2.98900488451462,0.26440241430637,2.33849933057239,-0.0109951154853767
21.357,-2.98875073408803,0.243943690029862,2.36513000781324,-0.0112492659119732
21.358,-2.9885114416158,0.234669778658829,2.36513000781324,-0.0114885583841975
21.359,-2.98828133831188,0.22556452729222,2.36513000781324,-0.0117186616881155
21.36,-2.98806025797713,0.216623031631481,2.36513000781324,-0.0119397420228711
21.361,-2.98784803926487,0.207840490569629,2.36513000781324,-0.0121519607351281
21.362,-2.98764452557906,0.199212203549859,2.36513000781324,-0.0123554744209358
21.363,-2.98744956497502,0.190733567981477,2.36513000781324,-0.0125504350249845
21.364,-2.9872630100627,0.182400076711891,2.36513000781324,-0.0127369899372995
21.365,-2.98708471791256,0.174207315553366,2.36513000781324,-0.0129152820874405
21.366,-2.98691454996375,0.166150960863317,2.36513000781324,-0.0130854500362507
21.367,-2.98675237193478,0.158226777176906,2.36513000781324,-0.0132476280652152
21.368,-2.98659805373652,0.150430614890747,2.36513000781324,-0.0134019462634751
21.369,-2.98645146938744,0.142758407996548,2.36513000781324,-0.0135485306125558
21.37,-2.98631249693116,0.135206171863534,2.36513000781324,-0.0136875030688417
21.371,-2.98618101835613,0.127770001068511,2.36513000781324,-0.0138189816438716
21.372,-2.98605691951752,0.120446067272474,2.36513000781324,-0.0139430804824783
21.373,-2.98594009006117,0.113230617142667,2.36513000781324,-0.0140599099388283
21.374,-2.98583042334959,0.106119970319017,2.36513000781324,-0.0141695766504104
21.375,-2.98572781638999,0.0991105174239209,2.36513000781324,-0.0142721836100086
21.376,-2.98563216976429,0.0921987181143243,2.36513000781324,-0.0143678302357073
21.377,-2.98554338756103,0.0853810991751229,2.36513000781324,-0.0144566124389693
21.378,-2.98546137730917,0.0786542526528754,2.36513000781324,-0.014538622690826
21.379,-2.98538604991378,0.0720148340288733,2.36513000781324,-0.0146139500862232
21.38,-2.98531731959344,0.0654595604306179,2.36513000781324,-0.0146826804065596
21.381,-2.98525510381955,0.058985208880778,2.36513000781324,-0.0147448961804533
21.382,-2.98519932325722,0.052588614582717,2.36513000781324,-0.0148006767427766
21.383,-2.985149901708,0.0462666692416997,2.36513000781324,-0.014850098291995
21.384,-2.98510676605416,0.0400163194209065,2.36513000781324,-0.014893233945843
21.385,-2.98506984620463,0.0338345649313969,2.36513000781324,-0.0149301537953739
21.386,-2.98503907504258,0.0277184572551876,2.36513000781324,-0.0149609249574203
21.387,-2.98501438837451,0.0216650980006219,2.36513000781324,-0.0149856116254856
21.388,-2.98500815766271,0,2.37377130222196,-0.0149918423372872
21.389,-2.98500815766271,0,2.37549177873161,-0.0149918423372872
21.39,-2.98500815766271,0,2.37621892968871,-0.0149918423372872
21.391,-2.98500815766271,0,2.37628023461569,-0.0149918423372872
21.392,-2.98500815766271,0,2.3758952096011,-0.0149918423372872
21.393,-2.98500815766271,0,2.37521100067954,-0.0149918423372872
21.394,-2.98500815766271,0,2.37432624278766,-0.0149918423372872
21.395,-2.98500815766271,0,2.37330705290078,-0.0149918423372872
21.396,-2.98500815766271,0,2.37219775055282,-0.0149918423372872
21.397,-2.98500815766271,0,2.37102804401579,-0.0149918423372872
21.398,-2.98500815766271,0,2.36981784733997,-0.0149918423372872
21.399,-2.98500815766271,0,2.36858050931245,-0.0149918423372872
21.4,-2.98500815766271,0,2.36732497789281,-0.0149918423372872
21.401,-2.98500815766271,0,2.36605725107773,-0.0149918423372872
21.402,-2.98500815766271,0,2.3647813494446,-0.0149918423372872
21.403,-2.98500815766271,0,2.36349996806708,-0.0149918423372872
21.404,-2.98500815766271,0,2.36221491350703,-0.0149918423372872
21.405,-2.98500815766271,0,2.36092739673911,-0.0149918423372872
21.406,-2.98500815766271,0,2.35963822950389,-0.0149918423372872
21.407,-2.98500815766271,0,2.35834795592736,-0.0149918423372872
21.408,-2.98500815766271,0,2.35705694074807,-0.0149918423372872
21.409,-2.98500815766271,0,2.35576542845758,-0.0149918423372872
21.41,-2.98500815766271,0,2.35447358294349,-0.0149918423372872
21.411,-2.98500815766271,0,2.35318151406294,-0.0149918423372872
21.412,-2.98500815766271,0,2.35188929545538,-0.0149918423372872
21.413,-2.98500815766271,0,2.35059697648279,-0.0149918423372872
21.414,-2.98500815766271,0,2.34930459023353,-0.0149918423372872
21.415,-2.98500815766271,0,2.34801215888735,-0.0149918423372872
21.416,-2.98500815766271,0,2.3467196973118,-0.0149918423372872
21.417,-2.98500815766271,0,2.34542721547291,-0.0149918423372872
21.418,-2.98500815766271,0,2.3441347200511,-0.0149918423372872
21.419,-2.98500815766271,0,2.34284221552437,-0.0149918423372872
21.42,-2.98500815766271,0,2.34154970489444,-0.0149918423372872
21.421,-2.98500815766271,0,2.34025719017341,-0.0149918423372872
21.422,-2.98500815766271,0,2.33896467271003,-0.0149918423372872
21.423,-2.98500815766271,0,2.33767215340841,-0.0149918423372872
21.424,-2.98500815766271,0,2.33637963287457,-0.0149918423372872
21.425,-2.98500815766271,0,2.33508711151475,-0.0149918423372872
21.426,-2.98500815766271,0,2.33379458960126,-0.0149918423372872
21.427,-2.98500815766271,0,2.33250206731663,-0.0149918423372872
21.428,-2.98500815766271,0,2.33120954478323,-0.0149918423372872
21.429,-2.98500815766271,0,2.32991702208306,-0.0149918423372872
21.43,-2.98500815766271,0,2.32862449927111,-0.0149918423372872
21.431,-2.98500815766271,0,2.32733197638423,-0.0149918423372872
21.432,-2.98500815766271,0,2.32603945344711,-0.0149918423372872
21.433,-2.98500815766271,0,2.32474693047633,-0.0149918423372872
21.434,-2.98500815766271,0,2.32345440748299,-0.0149918423372872
21.435,-2.98500815766271,0,2.32216188447451,-0.0149918423372872
21.436,-2.98500815766271,0,2.32086936145589,-0.0149918423372872
21.437,-2.98500815766271,0,2.31957683843048,-0.0149918423372872
21.438,-2.98500815766271,0,2.31828431540051,-0.0149918423372872
21.439,-2.98500815766271,0,2.31699179236748,-0.0149918423372872
21.44,-2.98500815766271,0,2.3156992693324,-0.0149918423372872
21.441,-2.98500815766271,0,2.31440674629596,-0.0149918423372872
21.442,-2.98500815766271,0,2.31311422325859,-0.0149918423372872
21.443,-2.98500815766271,0,2.31182170022061,-0.0149918423372872
21.444,-2.98500815766271,0,2.31052917718222,-0.0149918423372872
21.445,-2.98500815766271,0,2.30923665414354,-0.0149918423372872
21.446,-2.98500815766271,0,2.30794413110468,-0.0149918423372872
21.447,-2.98500815766271,0,2.3066516080657,-0.0149918423372872
21.448,-2.98500815766271,0,2.30535908502664,-0.0149918423372872
21.449,-2.98500815766271,0,2.30406656198751,-0.0149918423372872
21.45,-2.98500815766271,0,2.30277403894835,-0.0149918423372872
21.451,-2.98500815766271,0,2.30148151590917,-0.0149918423372872
21.452,-2.98500815766271,0,2.30018899286996,-0.0149918423372872
21.453,-2.98500815766271,0,2.29889646983075,-0.0149918423372872
21.454,-2.98500815766271,0,2.29760394679153,-0.0149918423372872
21.455,-2.98500815766271,0,2.2963114237523,-0.0149918423372872
21.456,-2.98500815766271,0,2.29501890071308,-0.0149918423372872
21.457,-2.98500815766271,0,2.29372637767385,-0.0149918423372872
21.458,-2.98500815766271,0,2.29243385463461,-0.0149918423372872
21.459,-2.98500815766271,0,2.29114133159538,-0.0149918423372872
21.46,-2.98500815766271,0,2.28984880855614,-0.0149918423372872
21.461,-2.98500815766271,0,2.28855628551691,-0.0149918423372872
21.462,-2.98500815766271,0,2.28726376247767,-0.0149918423372872
21.463,-2.98500815766271,0,2.28597123943844,-0.0149918423372872
21.464,-2.98500815766271,0,2.2846787163992,-0.0149918423372872
21.465,-2.98500815766271,0,2.28338619335996,-0.0149918423372872
21.466,-2.98500815766271,0,2.28209367032073,-0.0149918423372872
21.467,-2.98500815766271,0,2.28080114728149,-0.0149918423372872
21.468,-2.98500815766271,0,2.27950862424226,-0.0149918423372872
21.469,-2.98500815766271,0,2.27821610120302,-0.0149918423372872
21.47,-2.98500815766271,0,2.27692357816379,-0.0149918423372872
21.471,-2.98500815766271,0,2.27563105512455,-0.0149918423372872
21.472,-2.98500815766271,0,2.27433853208532,-0.0149918423372872
21.473,-2.98500815766271,0,2.27304600904608,-0.0149918423372872
21.474,-2.98500815766271,0,2.27175348600684,-0.0149918423372872
21.475,-2.98500815766271,0,2.27046096296761,-0.0149918423372872
21.476,-2.98500815766271,0,2.26916843992837,-0.0149918423372872
21.477,-2.98500815766271,0,2.26787591688914,-0.0149918423372872
21.478,-2.98500815766271,0,2.2665833938499,-0.0149918423372872
21.479,-2.98500815766271,0,2.26529087081067,-0.0149918423372872
21.48,-2.98500815766271,0,2.26399834777143,-0.0149918423372872
21.481,-2.98500815766271,0,2.26270582473219,-0.0149918423372872
21.482,-2.98500815766271,0,2.26141330169296,-0.0149918423372872
21.483,-2.98500815766271,0,2.26012077865372,-0.0149918423372872
21.484,-2.98500815766271,0,2.25882825561449,-0.0149918423372872
21.485,-2.98500815766271,0,2.25753573257525,-0.0149918423372872
21.486,-2.98500815766271,0,2.25624320953602,-0.0149918423372872
21.487,-2.98500815766271,0,2.25495068649678,-0.0149918423372872
21.488,-2.98500815766271,0,2.25365816345754,-0.0149918423372872
21.489,-2.98500815766271,0,2.25236564041831,-0.0149918423372872
21.49,-2.98500815766271,0,2.25107311737907,-0.0149918423372872
21.491,-2.98500815766271,0,2.24978059433984,-0.0149918423372872
21.492,-2.98500815766271,0,2.2484880713006,-0.0149918423372872
21.493,-2.98500815766271,0,2.24719554826137,-0.0149918423372872
21.494,-2.98500815766271,0,2.24590302522213,-0.0149918423372872
21.495,-2.98500815766271,0,2.2446105021829,-0.0149918423372872
21.496,-2.98500815766271,0,2.24331797914366,-0.0149918423372872
21.497,-2.98500815766271,0,2.24202545610442,-0.0149918423372872
21.498,-2.98500815766271,0,2.24073293306519,-0.0149918423372872
21.499,-2.98500815766271,0,2.23944041002595,-0.0149918423372872
21.5,-2.98500815766271,0,2.23814788698672,-0.0149918423372872
21.501,-2.98500815766271,0,2.23685536394748,-0.0149918423372872
21.502,-2.98500815766271,0,2.23556284090825,-0.0149918423372872
21.503,-2.98500815766271,0,2.23427031786901,-0.0149918423372872
21.504,-2.98500815766271,0,2.23297779482977,-0.0149918423372872
21.505,-2.98500815766271,0,2.23168527179054,-0.0149918423372872
21.506,-2.98500815766271,0,2.2303927487513,-0.0149918423372872
21.507,-2.98500815766271,0,2.22910022571207,-0.0149918423372872
21.508,-2.98500815766271,0,2.22780770267283,-0.0149918423372872
21.509,-2.98500815766271,0,2.2265151796336,-0.0149918423372872
21.51,-2.98500815766271,0,2.22522265659436,-0.0149918423372872
21.511,-2.98500815766271,0,2.22393013355512,-0.0149918423372872
21.512,-2.98500815766271,0,2.22263761051589,-0.0149918423372872
21.513,-2.98500815766271,0,2.22134508747665,-0.0149918423372872
21.514,-2.98500815766271,0,2.22005256443742,-0.0149918423372872
21.515,-2.98500815766271,0,2.21876004139818,-0.0149918423372872
21.516,-2.98500815766271,0,2.21746751835895,-0.0149918423372872
21.517,-2.98500815766271,0,2.21617499531971,-0.0149918423372872
21.518,-2.98500815766271,0,2.21488247228047,-0.0149918423372872
21.519,-2.98500815766271,0,2.21358994924124,-0.0149918423372872
21.52,-2.98500815766271,0,2.212297426202,-0.0149918423372872
21.521,-2.98500815766271,0,2.21100490316277,-0.0149918423372872
21.522,-2.98500815766271,0,2.20971238012353,-0.0149918423372872
21.523,-2.98500815766271,0,2.2084198570843,-0.0149918423372872
21.524,-2.98500815766271,0,2.20712733404506,-0.0149918423372872
21.525,-2.98500815766271,0,2.20583481100583,-0.0149918423372872
21.526,-2.98500815766271,0,2.20454228796659,-0.0149918423372872
21.527,-2.98500815766271,0,2.20324976492735,-0.0149918423372872
21.528,-2.98500815766271,0,2.20195724188812,-0.0149918423372872
21.529,-2.98500815766271,0,2.20066471884888,-0.0149918423372872
21.53,-2.98500815766271,0,2.19937219580965,-0.0149918423372872
21.531,-2.98500815766271,0,2.19807967277041,-0.0149918423372872
21.532,-2.98500815766271,0,2.19678714973118,-0.0149918423372872
21.533,-2.98500815766271,0,2.19549462669194,-0.0149918423372872
21.534,-2.98500815766271,0,2.1942021036527,-0.0149918423372872
21.535,-2.98500815766271,0,2.19290958061347,-0.0149918423372872
21.536,-2.98500815766271,0,2.19161705757423,-0.0149918423372872
21.537,-2.98500815766271,0,2.190324534535,-0.0149918423372872
21.538,-2.98500815766271,0,2.18903201149576,-0.0149918423372872
21.539,-2.98500815766271,0,2.18773948845653,-0.0149918423372872
21.54,-2.98500815766271,0,2.18644696541729,-0.0149918423372872
21.541,-2.98500815766271,0,2.18515444237805,-0.0149918423372872
21.542,-2.98500815766271,0,2.18386191933882,-0.0149918423372872
21.543,-2.98500815766271,0,2.18256939629958,-0.0149918423372872
21.544,-2.98500815766271,0,2.18127687326035,-0.0149918423372872
21.545,-2.98500815766271,0,2.17998435022111,-0.0149918423372872
21.546,-2.98500815766271,0,2.17869182718188,-0.0149918423372872
21.547,-2.98500815766271,0,2.17739930414264,-0.0149918423372872
21.548,-2.98500815766271,0,2.1761067811034,-0.0149918423372872
21.549,-2.98500815766271,0,2.17481425806417,-0.0149918423372872
21.55,-2.98500815766271,0,2.17352173502493,-0.0149918423372872
21.551,-2.98500815766271,0,2.1722292119857,-0.0149918423372872
21.552,-2.98500815766271,0,2.17093668894646,-0.0149918423372872
21.553,-2.98500815766271,0,2.16964416590723,-0.0149918423372872
21.554,-2.98500815766271,0,2.16835164286799,-0.0149918423372872
21.555,-2.98500815766271,0,2.16705911982875,-0.0149918423372872
21.556,-2.98500815766271,0,2.16576659678952,-0.0149918423372872
21.557,-2.98500815766271,0,2.16447407375028,-0.0149918423372872
21.558,-2.98500815766271,0,2.16318155071105,-0.0149918423372872
21.559,-2.98500815766271,0,2.16188902767181,-0.0149918423372872
21.56,-2.98500815766271,0,2.16059650463258,-0.0149918423372872
21.561,-2.98500815766271,0,2.15930398159334,-0.0149918423372872
21.562,-2.98500815766271,0,2.15801145855411,-0.0149918423372872
21.563,-2.98500815766271,0,2.15671893551487,-0.0149918423372872
21.564,-2.98500815766271,0,2.15542641247563,-0.0149918423372872
21.565,-2.98500815766271,0,2.1541338894364,-0.0149918423372872
21.566,-2.98500815766271,0,2.15284136639716,-0.0149918423372872
21.567,-2.98500815766271,0,2.15154884335793,-0.0149918423372872
21.568,-2.98500815766271,0,2.15025632031869,-0.0149918423372872
21.569,-2.98500815766271,0,2.14896379727946,-0.0149918423372872
21.57,-2.98500815766271,0,2.14767127424022,-0.0149918423372872
21.571,-2.98500815766271,0,2.14637875120098,-0.0149918423372872
21.572,-2.98500815766271,0,2.14508622816175,-0.0149918423372872
21.573,-2.98500815766271,0,2.14379370512251,-0.0149918423372872
21.574,-2.98500815766271,0,2.14250118208328,-0.0149918423372872
21.575,-2.98500815766271,0,2.14120865904404,-0.0149918423372872
21.576,-2.98500815766271,0,2.13991613600481,-0.0149918423372872
21.577,-2.98500815766271,0,2.13862361296557,-0.0149918423372872
21.578,-2.98500815766271,0,2.13733108992633,-0.0149918423372872
21.579,-2.98500815766271,0,2.1360385668871,-0.0149918423372872
21.58,-2.98500815766271,0,2.13474604384786,-0.0149918423372872
21.581,-2.98500815766271,0,2.13345352080863,-0.0149918423372872
21.582,-2.98500815766271,0,2.13216099776939,-0.0149918423372872
21.583,-2.98500815766271,0,2.13086847473016,-0.0149918423372872
21.584,-2.98500815766271,0,2.12957595169092,-0.0149918423372872
21.585,-2.98500815766271,0,2.12828342865168,-0.0149918423372872
21.586,-2.98500815766271,0,2.12699090561245,-0.0149918423372872
21.587,-2.98500815766271,0,2.12569838257321,-0.0149918423372872
21.588,-2.98500815766271,0,2.12440585953398,-0.0149918423372872
21.589,-2.98500815766271,0,2.12311333649474,-0.0149918423372872
21.59,-2.98500815766271,0,2.12182081345551,-0.0149918423372872
21.591,-2.98500815766271,0,2.12052829041627,-0.0149918423372872
21.592,-2.98500815766271,0,2.11923576737703,-0.0149918423372872
21.593,-2.98500815766271,0,2.1179432443378,-0.0149918423372872
21.594,-2.98500815766271,0,2.11665072129856,-0.0149918423372872
21.595,-2.98500815766271,0,2.11535819825933,-0.0149918423372872
21.596,-2.98500815766271,0,2.11406567522009,-0.0149918423372872
21.597,-2.98500815766271,0,2.11277315218086,-0.0149918423372872
21.598,-2.98500815766271,0,2.11148062914162,-0.0149918423372872
21.599,-2.98500815766271,0,2.11018810610238,-0.0149918423372872
21.6,-2.98500815766271,0,2.10889558306315,-0.0149918423372872
21.601,-2.98500815766271,0,2.10760306002391,-0.0149918423372872
21.602,-2.98500815766271,0,2.10631053698468,-0.0149918423372872
21.603,-2.98500815766271,0,2.10501801394544,-0.0149918423372872
21.604,-2.98500815766271,0,2.10372549090621,-0.0149918423372872
21.605,-2.98500815766271,0,2.10243296786697,-0.0149918423372872
21.606,-2.98500815766271,0,2.10114044482774,-0.0149918423372872
21.607,-2.98500815766271,0,2.0998479217885,-0.0149918423372872
21.608,-2.98500815766271,0,2.09855539874926,-0.0149918423372872
21.609,-2.98500815766271,0,2.09726287571003,-0.0149918423372872
21.61,-2.98500815766271,0,2.09597035267079,-0.0149918423372872
21.611,-2.98500815766271,0,2.09467782963156,-0.0149918423372872
21.612,-2.98500815766271,0,2.09338530659232,-0.0149918423372872
21.613,-2.98500815766271,0,2.09209278355309,-0.0149918423372872
21.614,-2.98500815766271,0,2.09080026051385,-0.0149918423372872
21.615,-2.98500815766271,0,2.08950773747461,-0.0149918423372872
21.616,-2.98500815766271,0,2.08821521443538,-0.0149918423372872
21.617,-2.98500815766271,0,2.08692269139614,-0.0149918423372872
21.618,-2.98500815766271,0,2.08563016835691,-0.0149918423372872
21.619,-2.98500815766271,0,2.08433764531767,-0.0149918423372872
21.62,-2.98500815766271,0,2.08304512227844,-0.0149918423372872
21.621,-2.98500815766271,0,2.0817525992392,-0.0149918423372872
21.622,-2.98500815766271,0,2.08046007619996,-0.0149918423372872
21.623,-2.98500815766271,0,2.07916755316073,-0.0149918423372872
21.624,-2.98500815766271,0,2.07787503012149,-0.0149918423372872
21.625,-2.98500815766271,0,2.07658250708226,-0.0149918423372872
21.626,-2.98500815766271,0,2.07528998404302,-0.0149918423372872
21.627,-2.98500815766271,0,2.07399746100379,-0.0149918423372872
21.628,-2.98500815766271,0,2.07270493796455,-0.0149918423372872
21.629,-2.98500815766271,0,2.07141241492532,-0.0149918423372872
21.63,-2.98500815766271,0,2.07011989188608,-0.0149918423372872
21.631,-2.98500815766271,0,2.06882736884684,-0.0149918423372872
21.632,-2.98500815766271,0,2.06753484580761,-0.0149918423372872
21.633,-2.98500815766271,0,2.06624232276837,-0.0149918423372872
21.634,-2.98500815766271,0,2.06494979972914,-0.0149918423372872
21.635,-2.98500815766271,0,2.0636572766899,-0.0149918423372872
21.636,-2.98500815766271,0,2.06236475365067,-0.0149918423372872
21.637,-2.98500815766271,0,2.06107223061143,-0.0149918423372872
21.638,-2.98500815766271,0,2.05977970757219,-0.0149918423372872
21.639,-2.98500815766271,0,2.05848718453296,-0.0149918423372872
21.64,-2.98500815766271,0,2.05719466149372,-0.0149918423372872
21.641,-2.98500815766271,0,2.05590213845449,-0.0149918423372872
21.642,-2.98500815766271,0,2.05460961541525,-0.0149918423372872
21.643,-2.98500815766271,0,2.05331709237602,-0.0149918423372872
21.644,-2.98500815766271,0,2.05202456933678,-0.0149918423372872
21.645,-2.98500815766271,0,2.05073204629754,-0.0149918423372872
21.646,-2.98500815766271,0,2.04943952325831,-0.0149918423372872
21.647,-2.98500815766271,0,2.04814700021907,-0.0149918423372872
21.648,-2.98500815766271,0,2.04685447717984,-0.0149918423372872
21.649,-2.98500815766271,0,2.0455619541406,-0.0149918423372872
21.65,-2.98500815766271,0,2.04426943110137,-0.0149918423372872
21.651,-2.98500815766271,0,2.04297690806213,-0.0149918423372872
21.652,-2.98500815766271,0,2.04168438502289,-0.0149918423372872
21.653,-2.98500815766271,0,2.04039186198366,-0.0149918423372872
21.654,-2.98500815766271,0,2.03909933894442,-0.0149918423372872
21.655,-2.98500815766271,0,2.03780681590519,-0.0149918423372872
21.656,-2.98500815766271,0,2.03651429286595,-0.0149918423372872
21.657,-2.98500815766271,0,2.03522176982672,-0.0149918423372872
21.658,-2.9850081652996,-1.52741910094961e-05,2.03522176982672,-0.0149918347004014
21.659,-2.98500818821278,-3.05534298641831e-05,2.03522176982672,-0.0149918117872221
21.66,-2.98500822640982,-4.58427660771456e-05,2.03522176982672,-0.0149917735901766
21.661,-2.98500827990336,-6.11472524981668e-05,2.03522176982672,-0.0149917200966412
21.662,-2.98500834871106,-7.64719469838167e-05,2.03522176982672,-0.0149916512889368
21.663,-2.98500843285568,-9.1821914068723e-05,2.03522176982672,-0.0149915671443237
21.664,-2.98500853236501,-0.000107202226638825,2.03522176982672,-0.014991467634994
21.665,-2.98500864727194,-0.000122617967608289,2.03522176982672,-0.0149913527280621
21.666,-2.98500877761445,-0.000138074231598344,2.03522176982672,-0.0149912223855519
21.667,-2.98500892343561,-0.000153576126622043,2.03522176982672,-0.0149910765643892
21.668,-2.98500908478362,-0.000169128775771295,2.03522176982672,-0.0149909152163819
21.669,-2.98500926171179,-0.000184737318910428,2.03522176982672,-0.0149907382882071
21.67,-2.98500945427861,-0.000200406914374273,2.03522176982672,-0.0149905457213935
21.671,-2.9850096625477,-0.000216142740672905,2.03522176982672,-0.0149903374523013
21.672,-2.9850098865879,-0.00023194999820317,2.03522176982672,-0.0149901134121011
21.673,-2.98501012647325,-0.000247833910966745,2.01463660433633,-0.0149898735267526
21.674,-2.98501462612232,-0.00875170956030853,2.01463660433633,-0.0149853738776806
21.675,-2.9850276308467,-0.0172584482253189,2.01463660433633,-0.0149723691533032
21.676,-2.9850828809316,-0.123347360199056,2.01463660433633,-0.0149171190684037
21.677,-2.98528068184826,-0.27205303142257,2.03966641235512,-0.0147193181517373
21.678,-2.98562144920177,-0.409304603013179,2.07160964944264,-0.0143785507982295
21.679,-2.98609238124945,-0.532410193346217,2.11009253416956,-0.013907618750546
21.68,-2.98667807203219,-0.638852885657815,2.151604789789,-0.0133219279678123
21.681,-2.98736132963403,-0.727575443262196,2.19351271208667,-0.0126386703659653
21.682,-2.98812444870201,-0.798606560337102,2.23391953031526,-0.0118755512979867
21.683,-2.98895013964419,-0.852747887493492,2.27153461546624,-0.0110498603558131
21.684,-2.98982217327013,-0.891317811171154,2.30555449221536,-0.0101778267298749
21.685,-2.99072579498157,-0.915946697631478,2.33555729466384,-0.00927420501843201
21.686,-2.99164795698274,-0.928417616345579,2.36141128478604,-0.008352043017259
21.687,-2.99257741087067,-0.930546311872479,2.36141128478604,-0.00742258912932803
21.688,-2.99350916154618,-0.933010831344499,2.40169584520828,-0.00649083845381737
21.689,-2.9944352909938,-0.919327521866915,2.40169584520828,-0.0055647090061961
21.69,-2.99534797392636,-0.906116230742643,2.42932942160588,-0.00465202607364468
21.691,-2.99624202069016,-0.882070081257294,2.42932942160588,-0.00375797930983746
21.692,-2.9971122972825,-0.858573524296393,2.42932942160588,-0.00288770271750227
21.693,-2.99795934626312,-0.835612551779409,2.42932942160588,-0.00204065373687534
21.694,-2.99878369635454,-0.813173495753987,2.45546452444737,-0.00121630364545844
21.695,-2.99958051968926,-0.780572282311873,2.45546452444737,-0.000419480310742237
21.696,-3.000345036136,-0.748556732709669,2.45546452444737,0.000345036135999788
21.697,-3.00107782246343,-0.717109122314338,2.45546452444737,0.00107782246342625
21.698,-3.00177943791088,-0.68621211526608,2.45546452444737,0.00177943791088131
21.699,-3.00245042457162,-0.655848753429762,2.45546452444737,0.0024504245716197
21.7,-3.00309130776513,-0.626002445636021,2.45546452444737,0.00309130776512756
21.701,-3.00370259639883,-0.596656957202797,2.45546452444737,0.00370259639883042
21.702,-3.00428478331945,-0.567796399728343,2.45546452444737,0.00428478331944948
21.703,-3.00483834565429,-0.539405221147111,2.45546452444737,0.00483834565428953
21.704,-3.00536374514271,-0.511468196040166,2.45546452444737,0.0053637451427111
21.705,-3.00586142845803,-0.483970416192066,2.45546452444737,0.00586142845803428
21.706,-3.00633182752012,-0.45689728138645,2.45546452444737,0.00633182752012074
21.707,-3.00677535979887,-0.430234490432778,2.45546452444737,0.00677535979886645
21.708,-3.00719242860884,-0.403968032416958,2.43228995905816,0.0071924286088354
21.709,-3.00758814584441,-0.38751568124243,2.43228995905816,0.00758814584440781
21.71,-3.00796755696832,-0.371354327511955,2.43228995905816,0.0079675569683193
21.711,-3.00833094856523,-0.355475177458935,2.43228995905816,0.00833094856523342
21.712,-3.00867859852055,-0.339869625449909,2.43228995905816,0.00867859852055197
21.713,-3.00901077620595,-0.324529248811242,2.43228995905816,0.00901077620594659
21.714,-3.00932774265979,-0.309445802782364,2.43228995905816,0.00932774265978864
21.715,-3.00962975076259,-0.294611215591913,2.43228995905816,0.00962975076258887
21.716,-3.00991704540757,-0.280017583653247,2.43228995905816,0.00991704540757343
21.717,-3.01018986366652,-0.26565716687589,2.43228995905816,0.0101898636665174
21.718,-3.01044843495094,-0.251522384089574,2.43228995905816,0.0104484349509399
21.719,-3.01069298116879,-0.237605808577652,2.43228995905816,0.0106929811687868
21.72,-3.01092371687669,-0.223900163716741,2.43228995905816,0.0109237168766914
21.721,-3.01114084942793,-0.210398318719529,2.43228995905816,0.0111408494279335
21.722,-3.01134457911619,-0.197093284477806,2.43228995905816,0.0113445791161864
21.723,-3.01153509931516,-0.183978209502825,2.41221091725951,0.0115350993151599
21.724,-3.01171668140579,-0.179204484258495,2.41221091725951,0.0117166814057903
21.725,-3.01189354484488,-0.174540444852094,2.41221091725951,0.0118935448448818
21.726,-3.01206579794457,-0.169983354843989,2.41221091725951,0.0120657979445715
21.727,-3.01223354631317,-0.165530542749123,2.41221091725951,0.0122335463131704
21.728,-3.01239689291931,-0.161179400429335,2.41221091725951,0.012396892919309
21.729,-3.0125559381545,-0.156927381525081,2.41221091725951,0.012555938154498
21.73,-3.01271077989414,-0.152771999925569,2.41221091725951,0.012710779894141
21.731,-3.01286151355703,-0.14871082827631,2.41221091725951,0.0128615135570298
21.732,-3.01300823216337,-0.144741496523147,2.41221091725951,0.0130082321633727
21.733,-3.01315102639138,-0.140861690491831,2.41221091725951,0.0131510263913794
21.734,-3.01328998463245,-0.137069150502235,2.41221091725951,0.0132899846324475
21.735,-3.01342519304498,-0.133361670016331,2.41221091725951,0.0134251930449762
21.736,-3.01355673560685,-0.129737094319073,2.41221091725951,0.0135567356068487
21.737,-3.0136846941666,-0.126193319231347,2.41221091725951,0.0136846941666042
21.738,-3.01380914849335,-0.122728289854185,2.41221091725951,0.013809148493348
21.739,-3.01393017632541,-0.119339999343441,2.41221091725951,0.013930176325414
21.74,-3.01404785341782,-0.116026487714162,2.41221091725951,0.0140478534178206
21.741,-3.01416225358854,-0.112785840673906,2.41221091725951,0.0141622535885433
21.742,-3.01427344876364,-0.109616188484267,2.41221091725951,0.0142734487636358
21.743,-3.01438150902123,-0.106515704849907,2.41221091725951,0.0143815090212267
21.744,-3.01448650263442,-0.103482605834387,2.41221091725951,0.014486502634417
21.745,-3.01458849611311,-0.100515148802127,2.43761408165938,0.0145884961131091
21.746,-3.01468239247454,-0.0873025350135888,2.43761408165938,0.0146823924745436
21.747,-3.01476315003767,-0.0742364885823101,2.43761408165938,0.0147631500376728
21.748,-3.0148309121976,-0.0613106834449633,2.43761408165938,0.014830912197596
21.749,-3.01488581607812,-0.0485189025008514,2.43761408165938,0.014885816078122
21.75,-3.014927992639,-0.0358550341653563,2.43761408165938,0.0149279926389991
21.751,-3.01495756677974,-0.0233130689974212,2.43761408165938,0.0149575667797435
21.752,-3.01496358764388,0,2.4273259496843,0.0149635876438778
21.753,-3.01496358764388,0,2.42441928813753,0.0149635876438778
21.754,-3.01496358764388,0,2.42289621047765,0.0149635876438778
21.755,-3.01496358764388,0,2.42230057683253,0.0149635876438778
21.756,-3.01496358764388,0,2.42232662750208,0.0149635876438778
21.757,-3.01496358764388,0,2.42276940563008,0.0149635876438778
21.758,-3.01496358764388,0,2.4234915245272,0.0149635876438778
21.759,-3.01496358764388,0,2.42440089114154,0.0149635876438778
21.76,-3.01496358764388,0,2.42543577365432,0.0149635876438778
21.761,-3.01496358764388,0,2.42655479198992,0.0149635876438778
21.762,-3.01496358764388,0,2.42773020825413,0.0149635876438778
21.763,-3.01496358764388,0,2.42894342918046,0.0149635876438778
21.764,-3.01496358764388,0,2.43018199132964,0.0149635876438778
21.765,-3.01496358764388,0,2.43143754020848,0.0149635876438778
21.766,-3.01496358764388,0,2.43270447563274,0.0149635876438778
21.767,-3.01496358764388,0,2.43397904368664,0.0149635876438778
21.768,-3.01496358764388,0,2.43525872804519,0.0149635876438778
21.769,-3.01496358764388,0,2.43654184196532,0.0149635876438778
21.77,-3.01496358764388,0,2.43782725478931,0.0149635876438778
21.771,-3.01496358764388,0,2.43911420861466,0.0149635876438778
21.772,-3.01496358764388,0,2.4404021954041,0.0149635876438778
21.773,-3.01496358764388,0,2.44169087461008,0.0149635876438778
21.774,-3.01496358764388,0,2.44298001795674,0.0149635876438778
21.775,-3.01496358764388,0,2.44426947242622,0.0149635876438778
21.776,-3.01496358764388,0,2.44555913544755,0.0149635876438778
21.777,-3.01496358764388,0,2.44684893826536,0.0149635876438778
21.778,-3.01496358764388,0,2.44813883479156,0.0149635876438778
21.779,-3.01496358764388,0,2.44942879413238,0.0149635876438778
21.78,-3.01496358764388,0,2.45071879557909,0.0149635876438778
21.781,-3.01496358764388,0,2.45200882525022,0.0149635876438778
21.782,-3.01496358764388,0,2.45329887384075,0.0149635876438778
21.783,-3.01496358764388,0,2.45458893511333,0.0149635876438778
21.784,-3.01496358764388,0,2.45587900488694,0.0149635876438778
21.785,-3.01496358764388,0,2.45716908035897,0.0149635876438778
21.786,-3.01496358764388,0,2.45845915965076,0.0149635876438778
21.787,-3.01496358764388,0,2.45974924150301,0.0149635876438778
21.788,-3.01496358764388,0,2.46103932507159,0.0149635876438778
21.789,-3.01496358764388,0,2.46232940979066,0.0149635876438778
21.79,-3.01496358764388,0,2.46361949528092,0.0149635876438778
21.791,-3.01496358764388,0,2.46490958128813,0.0149635876438778
21.792,-3.01496358764388,0,2.46619966764187,0.0149635876438778
21.793,-3.01496358764388,0,2.46748975422788,0.0149635876438778
21.794,-3.01496358764388,0,2.4687798409696,0.0149635876438778
21.795,-3.01496358764388,0,2.47006992781568,0.0149635876438778
21.796,-3.01496358764388,0,2.47136001473173,0.0149635876438778
21.797,-3.01496358764388,0,2.47265010169468,0.0149635876438778
21.798,-3.01496358764388,0,2.47394018868906,0.0149635876438778
21.799,-3.01496358764388,0,2.47523027570451,0.0149635876438778
21.8,-3.01496358764388,0,2.47652036273408,0.0149635876438778
21.801,-3.01496358764388,0,2.47781044977313,0.0149635876438778
21.802,-3.01496358764388,0,2.47910053681852,0.0149635876438778
21.803,-3.01496358764388,0,2.48039062386816,0.0149635876438778
21.804,-3.01496358764388,0,2.48168071092066,0.0149635876438778
21.805,-3.01496358764388,0,2.48297079797507,0.0149635876438778
21.806,-3.01496358764388,0,2.48426088503076,0.0149635876438778
21.807,-3.01496358764388,0,2.48555097208731,0.0149635876438778
21.808,-3.01496358764388,0,2.48684105914444,0.0149635876438778
21.809,-3.01496358764388,0,2.48813114620195,0.0149635876438778
21.81,-3.01496358764388,0,2.48942123325972,0.0149635876438778
21.811,-3.01496358764388,0,2.49071132031766,0.0149635876438778
21.812,-3.01496358764388,0,2.49200140737572,0.0149635876438778
21.813,-3.01496358764388,0,2.49329149443386,0.0149635876438778
21.814,-3.01496358764388,0,2.49458158149205,0.0149635876438778
21.815,-3.01496358764388,0,2.49587166855027,0.0149635876438778
21.816,-3.01496358764388,0,2.49716175560852,0.0149635876438778
21.817,-3.01496358764388,0,2.49845184266678,0.0149635876438778
21.818,-3.01496358764388,0,2.49974192972506,0.0149635876438778
21.819,-3.01496358764388,0,2.50103201678334,0.0149635876438778
21.82,-3.01496358764388,0,2.50232210384162,0.0149635876438778
21.821,-3.01496358764388,0,2.50361219089991,0.0149635876438778
21.822,-3.01496358764388,0,2.5049022779582,0.0149635876438778
21.823,-3.01496358764388,0,2.5061923650165,0.0149635876438778
21.824,-3.01496358764388,0,2.50748245207479,0.0149635876438778
21.825,-3.01496358764388,0,2.50877253913309,0.0149635876438778
21.826,-3.01496358764388,0,2.51006262619138,0.0149635876438778
21.827,-3.01496358764388,0,2.51135271324968,0.0149635876438778
21.828,-3.01496358764388,0,2.51264280030798,0.0149635876438778
21.829,-3.01496358764388,0,2.51393288736627,0.0149635876438778
21.83,-3.01496358764388,0,2.51522297442457,0.0149635876438778
21.831,-3.01496358764388,0,2.51651306148286,0.0149635876438778
21.832,-3.01496358764388,0,2.51780314854116,0.0149635876438778
21.833,-3.01496358764388,0,2.51909323559946,0.0149635876438778
21.834,-3.01496358764388,0,2.52038332265775,0.0149635876438778
21.835,-3.01496358764388,0,2.52167340971605,0.0149635876438778
21.836,-3.01496358764388,0,2.52296349677434,0.0149635876438778
21.837,-3.01496358764388,0,2.52425358383264,0.0149635876438778
21.838,-3.01496358764388,0,2.52554367089094,0.0149635876438778
21.839,-3.01496358764388,0,2.52683375794923,0.0149635876438778
21.84,-3.01496358764388,0,2.52812384500753,0.0149635876438778
21.841,-3.01496358764388,0,2.52941393206582,0.0149635876438778
21.842,-3.01496358764388,0,2.53070401912412,0.0149635876438778
21.843,-3.01496358764388,0,2.53199410618242,0.0149635876438778
21.844,-3.01496358764388,0,2.53328419324071,0.0149635876438778
21.845,-3.01496358764388,0,2.53457428029901,0.0149635876438778
21.846,-3.01496358764388,0,2.5358643673573,0.0149635876438778
21.847,-3.01496358764388,0,2.5371544544156,0.0149635876438778
21.848,-3.01496358764388,0,2.5384445414739,0.0149635876438778
21.849,-3.01496358764388,0,2.53973462853219,0.0149635876438778
21.85,-3.01496358764388,0,2.54102471559049,0.0149635876438778
21.851,-3.01496358764388,0,2.54231480264878,0.0149635876438778
21.852,-3.01496358764388,0,2.54360488970708,0.0149635876438778
21.853,-3.01496358764388,0,2.54489497676538,0.0149635876438778
21.854,-3.01496358764388,0,2.54618506382367,0.0149635876438778
21.855,-3.01496358764388,0,2.54747515088197,0.0149635876438778
21.856,-3.01496358764388,0,2.54876523794027,0.0149635876438778
21.857,-3.01496358764388,0,2.55005532499856,0.0149635876438778
21.858,-3.01496358764388,0,2.55134541205686,0.0149635876438778
21.859,-3.01496358764388,0,2.55263549911515,0.0149635876438778
21.86,-3.01496358764388,0,2.55392558617345,0.0149635876438778
21.861,-3.01496358764388,0,2.55521567323175,0.0149635876438778
21.862,-3.01496358764388,0,2.55650576029004,0.0149635876438778
21.863,-3.01496358764388,0,2.55779584734834,0.0149635876438778
21.864,-3.01496358764388,0,2.55908593440663,0.0149635876438778
21.865,-3.01496358764388,0,2.56037602146493,0.0149635876438778
21.866,-3.01496358764388,0,2.56166610852323,0.0149635876438778
21.867,-3.01496358764388,0,2.56295619558152,0.0149635876438778
21.868,-3.01496358764388,0,2.56424628263982,0.0149635876438778
21.869,-3.01496358764388,0,2.56553636969811,0.0149635876438778
21.87,-3.01496358764388,0,2.56682645675641,0.0149635876438778
21.871,-3.01496358764388,0,2.56811654381471,0.0149635876438778
21.872,-3.01496358764388,0,2.569406630873,0.0149635876438778
21.873,-3.01496358764388,0,2.5706967179313,0.0149635876438778
21.874,-3.01496358764388,0,2.57198680498959,0.0149635876438778
21.875,-3.01496358764388,0,2.57327689204789,0.0149635876438778
21.876,-3.01496358764388,0,2.57456697910619,0.0149635876438778
21.877,-3.01496358764388,0,2.57585706616448,0.0149635876438778
21.878,-3.01496358764388,0,2.57714715322278,0.0149635876438778
21.879,-3.01496358764388,0,2.57843724028108,0.0149635876438778
21.88,-3.01496358764388,0,2.57972732733937,0.0149635876438778
21.881,-3.01496358764388,0,2.58101741439767,0.0149635876438778
21.882,-3.01496358764388,0,2.58230750145596,0.0149635876438778
21.883,-3.01496358764388,0,2.58359758851426,0.0149635876438778
21.884,-3.01496358764388,0,2.58488767557256,0.0149635876438778
21.885,-3.01496358764388,0,2.58617776263085,0.0149635876438778
21.886,-3.01496358764388,0,2.58746784968915,0.0149635876438778
21.887,-3.01496358764388,0,2.58875793674744,0.0149635876438778
21.888,-3.01496358764388,0,2.59004802380574,0.0149635876438778
21.889,-3.01496358764388,0,2.59133811086404,0.0149635876438778
21.89,-3.01496358764388,0,2.59262819792233,0.0149635876438778
21.891,-3.01496358764388,0,2.59391828498063,0.0149635876438778
21.892,-3.01496358764388,0,2.59520837203892,0.0149635876438778
21.893,-3.01496358764388,0,2.59649845909722,0.0149635876438778
21.894,-3.01496358764388,0,2.59778854615552,0.0149635876438778
21.895,-3.01496358764388,0,2.59907863321381,0.0149635876438778
21.896,-3.01496358764388,0,2.60036872027211,0.0149635876438778
21.897,-3.01496358764388,0,2.6016588073304,0.0149635876438778
21.898,-3.01496358764388,0,2.6029488943887,0.0149635876438778
21.899,-3.01496358764388,0,2.604238981447,0.0149635876438778
21.9,-3.01496358764388,0,2.60552906850529,0.0149635876438778
21.901,-3.01496358764388,0,2.60681915556359,0.0149635876438778
21.902,-3.01496358764388,0,2.60810924262188,0.0149635876438778
21.903,-3.01496358764388,0,2.60939932968018,0.0149635876438778
21.904,-3.01496358764388,0,2.61068941673848,0.0149635876438778
21.905,-3.01496358764388,0,2.61197950379677,0.0149635876438778
21.906,-3.01496358764388,0,2.61326959085507,0.0149635876438778
21.907,-3.01496358764388,0,2.61455967791336,0.0149635876438778
21.908,-3.01496358764388,0,2.61584976497166,0.0149635876438778
21.909,-3.01496358764388,0,2.61713985202996,0.0149635876438778
21.91,-3.01496358764388,0,2.61842993908825,0.0149635876438778
21.911,-3.01496358764388,0,2.61972002614655,0.0149635876438778
21.912,-3.01496358764388,0,2.62101011320485,0.0149635876438778
21.913,-3.01496358764388,0,2.62230020026314,0.0149635876438778
21.914,-3.01496358764388,0,2.62359028732144,0.0149635876438778
21.915,-3.01496358764388,0,2.62488037437973,0.0149635876438778
21.916,-3.01496358764388,0,2.62617046143803,0.0149635876438778
21.917,-3.01496358764388,0,2.62746054849633,0.0149635876438778
21.918,-3.01496358764388,0,2.62875063555462,0.0149635876438778
21.919,-3.01496358764388,0,2.63004072261292,0.0149635876438778
21.92,-3.01496358764388,0,2.63133080967121,0.0149635876438778
21.921,-3.01496358764388,0,2.63262089672951,0.0149635876438778
21.922,-3.01496358764388,0,2.63391098378781,0.0149635876438778
21.923,-3.01496358764388,0,2.6352010708461,0.0149635876438778
21.924,-3.01496358764388,0,2.6364911579044,0.0149635876438778
21.925,-3.01496358764388,0,2.63778124496269,0.0149635876438778
21.926,-3.01496358764388,0,2.63907133202099,0.0149635876438778
21.927,-3.01496358764388,0,2.64036141907929,0.0149635876438778
21.928,-3.01496358764388,0,2.64165150613758,0.0149635876438778
21.929,-3.01496358764388,0,2.64294159319588,0.0149635876438778
21.93,-3.01496358764388,0,2.64423168025417,0.0149635876438778
21.931,-3.01496358764388,0,2.64552176731247,0.0149635876438778
21.932,-3.01496358764388,0,2.64681185437077,0.0149635876438778
21.933,-3.01496358764388,0,2.64810194142906,0.0149635876438778
21.934,-3.01496358764388,0,2.64939202848736,0.0149635876438778
21.935,-3.01496358764388,0,2.65068211554565,0.0149635876438778
21.936,-3.01496358764388,0,2.65197220260395,0.0149635876438778
21.937,-3.01496358764388,0,2.65326228966225,0.0149635876438778
21.938,-3.01496358764388,0,2.65455237672054,0.0149635876438778
21.939,-3.01496358764388,0,2.65584246377884,0.0149635876438778
21.94,-3.01496358764388,0,2.65713255083713,0.0149635876438778
21.941,-3.01496358764388,0,2.65842263789543,0.0149635876438778
21.942,-3.01496358764388,0,2.65971272495373,0.0149635876438778
21.943,-3.01496358764388,0,2.66100281201202,0.0149635876438778
21.944,-3.01496358764388,0,2.66229289907032,0.0149635876438778
21.945,-3.01496358764388,0,2.66358298612862,0.0149635876438778
21.946,-3.01496358764388,0,2.66487307318691,0.0149635876438778
21.947,-3.01496358764388,0,2.66616316024521,0.0149635876438778
21.948,-3.01496358764388,0,2.6674532473035,0.0149635876438778
21.949,-3.01496358764388,0,2.6687433343618,0.0149635876438778
21.95,-3.01496358764388,0,2.6700334214201,0.0149635876438778
21.951,-3.01496358764388,0,2.67132350847839,0.0149635876438778
21.952,-3.01496358764388,0,2.67261359553669,0.0149635876438778
21.953,-3.01496358764388,0,2.67390368259498,0.0149635876438778
21.954,-3.01496358764388,0,2.67519376965328,0.0149635876438778
21.955,-3.01496358764388,0,2.67648385671158,0.0149635876438778
21.956,-3.01496358764388,0,2.67777394376987,0.0149635876438778
21.957,-3.01496358764388,0,2.67906403082817,0.0149635876438778
21.958,-3.01496358764388,0,2.68035411788646,0.0149635876438778
21.959,-3.01496358764388,0,2.68164420494476,0.0149635876438778
21.96,-3.01496358764388,0,2.68293429200306,0.0149635876438778
21.961,-3.01496358764388,0,2.68422437906135,0.0149635876438778
21.962,-3.01496358764388,0,2.68551446611965,0.0149635876438778
21.963,-3.01496358764388,0,2.68680455317794,0.0149635876438778
21.964,-3.01496358764388,0,2.68809464023624,0.0149635876438778
21.965,-3.01496358764388,0,2.68938472729454,0.0149635876438778
21.966,-3.01496358764388,0,2.69067481435283,0.0149635876438778
21.967,-3.01496358764388,0,2.69196490141113,0.0149635876438778
21.968,-3.01496358764388,0,2.69325498846943,0.0149635876438778
21.969,-3.01496358764388,0,2.69454507552772,0.0149635876438778
21.97,-3.01496358764388,0,2.69583516258602,0.0149635876438778
21.971,-3.01496358764388,0,2.69712524964431,0.0149635876438778
21.972,-3.01496358764388,0,2.69841533670261,0.0149635876438778
21.973,-3.01496358764388,0,2.69970542376091,0.0149635876438778
21.974,-3.01496358764388,0,2.7009955108192,0.0149635876438778
21.975,-3.01496358764388,0,2.7022855978775,0.0149635876438778
21.976,-3.01496358764388,0,2.70357568493579,0.0149635876438778
21.977,-3.01496358764388,0,2.70486577199409,0.0149635876438778
21.978,-3.01496358764388,0,2.70615585905239,0.0149635876438778
21.979,-3.01496358764388,0,2.70744594611068,0.0149635876438778
21.98,-3.01496358764388,0,2.70873603316898,0.0149635876438778
21.981,-3.01496358764388,0,2.71002612022727,0.0149635876438778
21.982,-3.01496358764388,0,2.71131620728557,0.0149635876438778
21.983,-3.01496358764388,0,2.71260629434387,0.0149635876438778
21.984,-3.01496358764388,0,2.71389638140216,0.0149635876438778
21.985,-3.01496358764388,0,2.71518646846046,0.0149635876438778
21.986,-3.01496358764388,0,2.71647655551875,0.0149635876438778
21.987,-3.01496358764388,0,2.71776664257705,0.0149635876438778
21.988,-3.01496358764388,0,2.71905672963535,0.0149635876438778
21.989,-3.01496358764388,0,2.72034681669364,0.0149635876438778
21.99,-3.01496358764388,0,2.72163690375194,0.0149635876438778
21.991,-3.01496358764388,0,2.72292699081023,0.0149635876438778
21.992,-3.01496358764388,0,2.72421707786853,0.0149635876438778
21.993,-3.01496358764388,0,2.72550716492683,0.0149635876438778
21.994,-3.01496358764388,0,2.72679725198512,0.0149635876438778
21.995,-3.01496358764388,0,2.72808733904342,0.0149635876438778
21.996,-3.01496358764388,0,2.72937742610171,0.0149635876438778
21.997,-3.01496358764388,0,2.73066751316001,0.0149635876438778
21.998,-3.01496358764388,0,2.73195760021831,0.0149635876438778
21.999,-3.01496358764388,0,2.7332476872766,0.0149635876438778
22,-3.01496358764388,0,2.7345377743349,0.0149635876438778
22.001,-3.01496358764388,0,2.7358278613932,0.0149635876438778
22.002,-3.01496358764388,0,2.73711794845149,0.0149635876438778
22.003,-3.01496358764388,0,2.73840803550979,0.0149635876438778
22.004,-3.01496358764388,0,2.73969812256808,0.0149635876438778
22.005,-3.01496358764388,0,2.74098820962638,0.0149635876438778
22.006,-3.01496358764388,0,2.74227829668468,0.0149635876438778
22.007,-3.01496358764388,0,2.74356838374297,0.0149635876438778
22.008,-3.01496358764388,0,2.74485847080127,0.0149635876438778
22.009,-3.01496358764388,0,2.74614855785956,0.0149635876438778
22.01,-3.01496358764388,0,2.74743864491786,0.0149635876438778
22.011,-3.01496358764388,0,2.74872873197616,0.0149635876438778
22.012,-3.01496358764388,0,2.75001881903445,0.0149635876438778
22.013,-3.01496358764388,0,2.75130890609275,0.0149635876438778
22.014,-3.01496358764388,0,2.75259899315104,0.0149635876438778
22.015,-3.01496358764388,0,2.75388908020934,0.0149635876438778
22.016,-3.01496358764388,0,2.75517916726764,0.0149635876438778
22.017,-3.01496358764388,0,2.75646925432593,0.0149635876438778
22.018,-3.01496340543062,0.000364439904873427,2.75646925432593,0.0149634054306227
22.019,-3.01496285871049,0.00072904054988611,2.75646925432593,0.0149628587104891
22.02,-3.01496194724234,0.00109396274615984,2.75646925432593,0.0149619472423406
22.021,-3.01496067062416,0.00145936744681279,2.75646925432593,0.0149606706241645
22.022,-3.01495902829289,0.00182541581803671,2.75646925432593,0.0149590282928931
22.023,-3.01495701952416,0.00219226931026789,2.75646925432593,0.0149570195241586
22.024,-3.01495464343197,0.00256008972948546,2.75646925432593,0.0149546434319685
22.025,-3.01495189896832,0.00292903930866642,2.75646925432593,0.0149518989683193
22.026,-3.01494878492273,0.00329928077943076,2.75646925432593,0.0149487849227277
22.027,-3.0149452999217,0.00367097744390793,2.75646925432593,0.0149452999217035
22.028,-3.01494144242814,0.00404429324685568,2.75646925432593,0.0149414424281362
22.029,-3.01493721074062,0.0044193928480647,2.75646925432593,0.0149372107406203
22.03,-3.0149326029927,0.00479644169508126,2.75646925432593,0.0149326029927015
22.031,-3.01492761715206,0.00517560609627831,2.75646925432593,0.0149276171520554
22.032,-3.01492225101959,0.00555705329430869,2.75646925432593,0.0149222510195877
22.033,-3.01491650222846,0.00594095153997332,2.75646925432593,0.0149165022284627
22.034,-3.01491036824306,0.0063274701665381,2.75646925432593,0.01491036824306
22.035,-3.01490384635785,0.00671677966452907,2.75646925432593,0.014903846357853
22.036,-3.01489693369621,0.00710905175704268,2.75646925432593,0.0148969336962139
22.037,-3.01488962720915,0.00750445947560335,2.75646925432593,0.0148896272091452
22.038,-3.01488192367393,0.00790317723660094,2.75646925432593,0.0148819236739319
22.039,-3.01487381969272,0.00830538091834376,2.75646925432593,0.0148738196927165
22.04,-3.014865311691,0.00871124793876081,2.78227464742789,0.0148653116910005
22.041,-3.01485113791052,0.0196373647046007,2.78227464742789,0.0148511379105183
22.042,-3.01476022630447,0.166725829141803,2.78227464742789,0.0147602263044684
22.043,-3.01451800769767,0.317514162020153,2.74922689367234,0.0145180076976694
22.044,-3.01413229532117,0.453744457486779,2.71444272656747,0.0141322953211684
22.045,-3.01361790945015,0.574891644202877,2.67404787448451,0.013617909450149
22.046,-3.01299098531366,0.678853002451665,2.6313413309148,0.0129909853136598
22.047,-3.01226908650621,0.764872563676649,2.58877406488383,0.0122690865062127
22.048,-3.01147003594776,0.833186305729892,2.54809057019983,0.0114700359477564
22.049,-3.01061107111484,0.884728281296417,2.5104590028095,0.0106110711148419
22.05,-3.00970826536133,0.920892196874057,2.4765877914031,0.00970826536132829
22.051,-3.00877616297229,0.943342273843379,2.44682779148422,0.00877616297229444
22.052,-3.00782758187547,0.953866996823182,2.42125992620737,0.00782758187546584
22.053,-3.00687354427761,0.954269455346592,2.39976887477381,0.00687354427760845
22.054,-3.00592330162358,0.946288309798261,2.39976887477381,0.00592330162357646
22.055,-3.00498082383773,0.938738632373682,2.36748226993639,0.00498082383772713
22.056,-3.00405226881883,0.918459271753482,2.36748226993639,0.0040522688188287
22.057,-3.00314373155936,0.898701125393255,2.34651573610972,0.00314373155936032
22.058,-3.00225897678823,0.870903785415919,2.34651573610972,0.00225897678822573
22.059,-3.00140173577721,0.84367109036543,2.34651573610972,0.0014017357772107
22.06,-3.00057145137127,0.816988114703317,2.34651573610972,0.000571451371271792
22.061,-2.99976758117948,0.790840254484138,2.34651573610972,-0.000232418820521829
22.062,-2.99898959725719,0.765213219832757,2.34651573610972,-0.00101040274281194
22.063,-2.99823698579568,0.74009302756824,2.32623042698106,-0.00176301420432168
22.064,-2.99751339569307,0.707179415603424,2.32623042698106,-0.00248660430693493
22.065,-2.99682244530436,0.67481079517122,2.32623042698106,-0.00317755469563963
22.066,-2.9961635979962,0.642970505229886,2.32623042698106,-0.00383640200379887
22.067,-2.99553633363173,0.611642212441607,2.32623042698106,-0.00446366636826623
22.068,-2.99494014824697,0.580809903072364,2.32623042698106,-0.00505985175302559
22.069,-2.99437455373518,0.550457875042362,2.32623042698106,-0.00562544626481509
22.07,-2.99383907753914,0.520570730124713,2.32623042698106,-0.00616092246085831
22.071,-2.99333326235111,0.491133366290046,2.32623042698106,-0.00666673764888559
22.072,-2.99285666582044,0.462130970194726,2.32623042698106,-0.00714333417955926
22.073,-2.99240886026853,0.433549009810351,2.32623042698106,-0.00759113973146608
22.074,-2.9919894324112,0.405373227192194,2.35364616938362,-0.00801056758880136
22.075,-2.99159236230002,0.38881583242333,2.35364616938362,-0.00840763769997865
22.076,-2.99121170452712,0.37254710138562,2.35364616938362,-0.00878829547288174
22.077,-2.99084717474662,0.356558428119263,2.35364616938362,-0.00915282525338146
22.078,-2.99049849713009,0.340841382935655,2.35364616938362,-0.00950150286990592
22.079,-2.99016540419255,0.325387707932874,2.35364616938362,-0.00983459580745372
22.08,-2.98984763662282,0.310189312603929,2.35364616938362,-0.0101523633771836
22.081,-2.98954494311835,0.295238269535911,2.35364616938362,-0.0104550568816495
22.082,-2.98925708022422,0.280526810198114,2.35364616938362,-0.0107429197757791
22.083,-2.98898381217631,0.266047320817305,2.35364616938362,-0.0110161878236896
22.084,-2.98872491074858,0.251792338338276,2.35364616938362,-0.0112750892514173
22.085,-2.98848015510435,0.237754546467903,2.35364616938362,-0.0115198448956488
22.086,-2.98824933165146,0.223926771800903,2.35364616938362,-0.0117506683485424
22.087,-2.98803223390129,0.210301980025558,2.35364616938362,-0.0119677660987105
22.088,-2.98782866233155,0.196873272207667,2.35364616938362,-0.0121713376684496
22.089,-2.98763842425271,0.18363388115103,2.35364616938362,-0.0123615757472888
22.09,-2.98746133367805,0.170577167832787,2.35364616938362,-0.0125386663219453
22.091,-2.98729721119726,0.157696617911976,2.35364616938362,-0.01270278880274
22.092,-2.98714588385343,0.144985838309672,2.37887206383591,-0.0128541161465656
22.093,-2.98700200350117,0.142787257295085,2.37887206383591,-0.0129979964988278
22.094,-2.98686028480148,0.140662289728652,2.37887206383591,-0.0131397151985193
22.095,-2.98672065486448,0.138609495181233,2.37887206383591,-0.0132793451355155
22.096,-2.98658304222074,0.136627473074074,2.37887206383591,-0.0134169577792616
22.097,-2.98644737678181,0.134714861810698,2.37887206383591,-0.0135526232181875
22.098,-2.98631358980174,0.13287033793074,2.37887206383591,-0.0136864101982623
22.099,-2.98618161383928,0.131092615285216,2.37887206383591,-0.0138183861607204
22.1,-2.98605138272103,0.129380444232765,2.37887206383591,-0.0139486172789662
22.101,-2.98592283150531,0.127732610856392,2.37887206383591,-0.0140771684946901
22.102,-2.98579589644679,0.126147936200248,2.37887206383591,-0.0142041035532063
22.103,-2.98567051496195,0.12462527552602,2.37887206383591,-0.0143294850380453
22.104,-2.98554662559519,0.12316351758847,2.37887206383591,-0.0144533744048059
22.105,-2.98542416798571,0.121761583929726,2.37887206383591,-0.0145758320142915
22.106,-2.98530308283504,0.120418428191896,2.35781227134814,-0.0146969171649562
22.107,-2.98518764078662,0.110487207293731,2.35781227134814,-0.0148123592133795
22.108,-2.9850820661563,0.10068278183601,2.35781227134814,-0.0149179338436962
22.109,-2.98498623456428,0.0910003352762156,2.35781227134814,-0.0150137654357185
22.11,-2.98490002640357,0.0814351380878029,2.35781227134814,-0.0150999735964334
22.111,-2.98482332675423,0.0719825452765987,2.35781227134814,-0.0151766732457737
22.112,-2.98475602530007,0.0626379939480937,2.35781227134814,-0.0152439746999282
22.113,-2.98469801624775,0.0533970009244306,2.35781227134814,-0.015301983752245
22.114,-2.98464919824822,0.0442551604099025,2.35781227134814,-0.0153508017517785
22.115,-2.98460947432048,0.0352081417038009,2.35781227134814,-0.0153905256795248
22.116,-2.98457875177761,0.026251686959476,2.35781227134814,-0.0154212482223892
22.117,-2.98456237168151,0,2.36335444397876,-0.0154376283184878
22.118,-2.98456237168151,0,2.36627984132532,-0.0154376283184878
22.119,-2.98456237168151,0,2.36780200412585,-0.0154376283184878
22.12,-2.98456237168151,0,2.36838355068087,-0.0154376283184878
22.121,-2.98456237168151,0,2.36833458331091,-0.0154376283184878
22.122,-2.98456237168151,0,2.36786296981771,-0.0154376283184878
22.123,-2.98456237168151,0,2.36710804815572,-0.0154376283184878
22.124,-2.98456237168151,0,2.36616321934899,-0.0154376283184878
22.125,-2.98456237168151,0,2.36509109197624,-0.0154376283184878
22.126,-2.98456237168151,0,2.36393363382287,-0.0154376283184878
22.127,-2.98456237168151,0,2.3627189767367,-0.0154376283184878
22.128,-2.98456237168151,0,2.36146597805926,-0.0154376283184878
22.129,-2.98456237168151,0,2.3601872782446,-0.0154376283184878
22.13,-2.98456237168151,0,2.35889135044245,-0.0154376283184878
22.131,-2.98456237168151,0,2.35758387437493,-0.0154376283184878
22.132,-2.98456237168151,0,2.35626865727364,-0.0154376283184878
22.133,-2.98456237168151,0,2.35494825120224,-0.0154376283184878
22.134,-2.98456237168151,0,2.35362436686015,-0.0154376283184878
22.135,-2.98456237168151,0,2.35229815096349,-0.0154376283184878
22.136,-2.98456237168151,0,2.35097037217907,-0.0154376283184878
22.137,-2.98456237168151,0,2.34964154575966,-0.0154376283184878
22.138,-2.98456237168151,0,2.3483120170895,-0.0154376283184878
22.139,-2.98456237168151,0,2.34698201768659,-0.0154376283184878
22.14,-2.98456237168151,0,2.34565170274209,-0.0154376283184878
22.141,-2.98456237168151,0,2.34432117628372,-0.0154376283184878
22.142,-2.98456237168151,0,2.34299050804338,-0.0154376283184878
22.143,-2.98456237168151,0,2.34165974476374,-0.0154376283184878
22.144,-2.98456237168151,0,2.34032891777734,-0.0154376283184878
22.145,-2.98456237168151,0,2.33899804808704,-0.0154376283184878
22.146,-2.98456237168151,0,2.33766714977144,-0.0154376283184878
22.147,-2.98456237168151,0,2.33633623226774,-0.0154376283184878
22.148,-2.98456237168151,0,2.33500530190187,-0.0154376283184878
22.149,-2.98456237168151,0,2.33367436291423,-0.0154376283184878
22.15,-2.98456237168151,0,2.33234341814725,-0.0154376283184878
22.151,-2.98456237168151,0,2.33101246950625,-0.0154376283184878
22.152,-2.98456237168151,0,2.32968151826842,-0.0154376283184878
22.153,-2.98456237168151,0,2.32835056528989,-0.0154376283184878
22.154,-2.98456237168151,0,2.32701961114453,-0.0154376283184878
22.155,-2.98456237168151,0,2.32568865621702,-0.0154376283184878
22.156,-2.98456237168151,0,2.32435770076522,-0.0154376283184878
22.157,-2.98456237168151,0,2.32302674496198,-0.0154376283184878
22.158,-2.98456237168151,0,2.32169578892316,-0.0154376283184878
22.159,-2.98456237168151,0,2.32036483272642,-0.0154376283184878
22.16,-2.98456237168151,0,2.31903387642383,-0.0154376283184878
22.161,-2.98456237168151,0,2.31770292005029,-0.0154376283184878
22.162,-2.98456237168151,0,2.31637196362919,-0.0154376283184878
22.163,-2.98456237168151,0,2.3150410071762,-0.0154376283184878
22.164,-2.98456237168151,0,2.31371005070184,-0.0154376283184878
22.165,-2.98456237168151,0,2.31237909421315,-0.0154376283184878
22.166,-2.98456237168151,0,2.31104813771487,-0.0154376283184878
22.167,-2.98456237168151,0,2.30971718121014,-0.0154376283184878
22.168,-2.98456237168151,0,2.3083862247011,-0.0154376283184878
22.169,-2.98456237168151,0,2.30705526818917,-0.0154376283184878
22.17,-2.98456237168151,0,2.30572431167531,-0.0154376283184878
22.171,-2.98456237168151,0,2.30439335516014,-0.0154376283184878
22.172,-2.98456237168151,0,2.3030623986441,-0.0154376283184878
22.173,-2.98456237168151,0,2.30173144212747,-0.0154376283184878
22.174,-2.98456237168151,0,2.30040048561046,-0.0154376283184878
22.175,-2.98456237168151,0,2.29906952909318,-0.0154376283184878
22.176,-2.98456237168151,0,2.29773857257572,-0.0154376283184878
22.177,-2.98456237168151,0,2.29640761605815,-0.0154376283184878
22.178,-2.98456237168151,0,2.2950766595405,-0.0154376283184878
22.179,-2.98456237168151,0,2.2937457030228,-0.0154376283184878
22.18,-2.98456237168151,0,2.29241474650506,-0.0154376283184878
22.181,-2.98456237168151,0,2.2910837899873,-0.0154376283184878
22.182,-2.98456237168151,0,2.28975283346952,-0.0154376283184878
22.183,-2.98456237168151,0,2.28842187695173,-0.0154376283184878
22.184,-2.98456237168151,0,2.28709092043393,-0.0154376283184878
22.185,-2.98456237168151,0,2.28575996391613,-0.0154376283184878
22.186,-2.98456237168151,0,2.28442900739832,-0.0154376283184878
22.187,-2.98456237168151,0,2.28309805088052,-0.0154376283184878
22.188,-2.98456237168151,0,2.28176709436271,-0.0154376283184878
22.189,-2.98456237168151,0,2.2804361378449,-0.0154376283184878
22.19,-2.98456237168151,0,2.27910518132709,-0.0154376283184878
22.191,-2.98456237168151,0,2.27777422480928,-0.0154376283184878
22.192,-2.98456237168151,0,2.27644326829147,-0.0154376283184878
22.193,-2.98456237168151,0,2.27511231177366,-0.0154376283184878
22.194,-2.98456237168151,0,2.27378135525585,-0.0154376283184878
22.195,-2.98456237168151,0,2.27245039873804,-0.0154376283184878
22.196,-2.98456237168151,0,2.27111944222023,-0.0154376283184878
22.197,-2.98456237168151,0,2.26978848570242,-0.0154376283184878
22.198,-2.98456237168151,0,2.26845752918461,-0.0154376283184878
22.199,-2.98456237168151,0,2.2671265726668,-0.0154376283184878
22.2,-2.98456237168151,0,2.26579561614899,-0.0154376283184878
22.201,-2.98456237168151,0,2.26446465963118,-0.0154376283184878
22.202,-2.98456237168151,0,2.26313370311337,-0.0154376283184878
22.203,-2.98456237168151,0,2.26180274659556,-0.0154376283184878
22.204,-2.98456237168151,0,2.26047179007775,-0.0154376283184878
22.205,-2.98456237168151,0,2.25914083355994,-0.0154376283184878
22.206,-2.98456237168151,0,2.25780987704213,-0.0154376283184878
22.207,-2.98456237168151,0,2.25647892052432,-0.0154376283184878
22.208,-2.98456237168151,0,2.25514796400651,-0.0154376283184878
22.209,-2.98456237168151,0,2.2538170074887,-0.0154376283184878
22.21,-2.98456237168151,0,2.25248605097089,-0.0154376283184878
22.211,-2.98456237168151,0,2.25115509445308,-0.0154376283184878
22.212,-2.98456237168151,0,2.24982413793526,-0.0154376283184878
22.213,-2.98456237168151,0,2.24849318141745,-0.0154376283184878
22.214,-2.98456237168151,0,2.24716222489964,-0.0154376283184878
22.215,-2.98456237168151,0,2.24583126838183,-0.0154376283184878
22.216,-2.98456237168151,0,2.24450031186402,-0.0154376283184878
22.217,-2.98456237168151,0,2.24316935534621,-0.0154376283184878
22.218,-2.98456237168151,0,2.2418383988284,-0.0154376283184878
22.219,-2.98456237168151,0,2.24050744231059,-0.0154376283184878
22.22,-2.98456237168151,0,2.23917648579278,-0.0154376283184878
22.221,-2.98456237168151,0,2.23784552927497,-0.0154376283184878
22.222,-2.98456237168151,0,2.23651457275716,-0.0154376283184878
22.223,-2.98456237168151,0,2.23518361623935,-0.0154376283184878
22.224,-2.98456237168151,0,2.23385265972154,-0.0154376283184878
22.225,-2.98456237168151,0,2.23252170320373,-0.0154376283184878
22.226,-2.98456237168151,0,2.23119074668592,-0.0154376283184878
22.227,-2.98456237168151,0,2.22985979016811,-0.0154376283184878
22.228,-2.98456237168151,0,2.2285288336503,-0.0154376283184878
22.229,-2.98456237168151,0,2.22719787713249,-0.0154376283184878
22.23,-2.98456237168151,0,2.22586692061468,-0.0154376283184878
22.231,-2.98456237168151,0,2.22453596409687,-0.0154376283184878
22.232,-2.98456237168151,0,2.22320500757906,-0.0154376283184878
22.233,-2.98456237168151,0,2.22187405106125,-0.0154376283184878
22.234,-2.98456237168151,0,2.22054309454344,-0.0154376283184878
22.235,-2.98456237168151,0,2.21921213802563,-0.0154376283184878
22.236,-2.98456237168151,0,2.21788118150782,-0.0154376283184878
22.237,-2.98456237168151,0,2.21655022499001,-0.0154376283184878
22.238,-2.98456237168151,0,2.2152192684722,-0.0154376283184878
22.239,-2.98456237168151,0,2.21388831195439,-0.0154376283184878
22.24,-2.98456237168151,0,2.21255735543658,-0.0154376283184878
22.241,-2.98456237168151,0,2.21122639891877,-0.0154376283184878
22.242,-2.98456237168151,0,2.20989544240096,-0.0154376283184878
22.243,-2.98456237168151,0,2.20856448588315,-0.0154376283184878
22.244,-2.98456237168151,0,2.20723352936534,-0.0154376283184878
22.245,-2.98456237168151,0,2.20590257284753,-0.0154376283184878
22.246,-2.98456237168151,0,2.20457161632972,-0.0154376283184878
22.247,-2.98456237168151,0,2.20324065981191,-0.0154376283184878
22.248,-2.98456237168151,0,2.2019097032941,-0.0154376283184878
22.249,-2.98456237168151,0,2.20057874677628,-0.0154376283184878
22.25,-2.98456237168151,0,2.19924779025847,-0.0154376283184878
22.251,-2.98456237168151,0,2.19791683374066,-0.0154376283184878
22.252,-2.98456237168151,0,2.19658587722285,-0.0154376283184878
22.253,-2.98456237168151,0,2.19525492070504,-0.0154376283184878
22.254,-2.98456237168151,0,2.19392396418723,-0.0154376283184878
22.255,-2.98456237168151,0,2.19259300766942,-0.0154376283184878
22.256,-2.98456237168151,0,2.19126205115161,-0.0154376283184878
22.257,-2.98456237168151,0,2.1899310946338,-0.0154376283184878
22.258,-2.98456237168151,0,2.18860013811599,-0.0154376283184878
22.259,-2.98456237168151,0,2.18726918159818,-0.0154376283184878
22.26,-2.98456237168151,0,2.18593822508037,-0.0154376283184878
22.261,-2.98456237168151,0,2.18460726856256,-0.0154376283184878
22.262,-2.98456237168151,0,2.18327631204475,-0.0154376283184878
22.263,-2.98456237168151,0,2.18194535552694,-0.0154376283184878
22.264,-2.98456237168151,0,2.18061439900913,-0.0154376283184878
22.265,-2.98456237168151,0,2.17928344249132,-0.0154376283184878
22.266,-2.98456237168151,0,2.17795248597351,-0.0154376283184878
22.267,-2.98456237168151,0,2.1766215294557,-0.0154376283184878
22.268,-2.98456237168151,0,2.17529057293789,-0.0154376283184878
22.269,-2.98456237168151,0,2.17395961642008,-0.0154376283184878
22.27,-2.98456237168151,0,2.17262865990227,-0.0154376283184878
22.271,-2.98456237168151,0,2.17129770338446,-0.0154376283184878
22.272,-2.98456237168151,0,2.16996674686665,-0.0154376283184878
22.273,-2.98456237168151,0,2.16863579034884,-0.0154376283184878
22.274,-2.98456237168151,0,2.16730483383103,-0.0154376283184878
22.275,-2.98456237168151,0,2.16597387731322,-0.0154376283184878
22.276,-2.98456237168151,0,2.16464292079541,-0.0154376283184878
22.277,-2.98456237168151,0,2.1633119642776,-0.0154376283184878
22.278,-2.98456237168151,0,2.16198100775979,-0.0154376283184878
22.279,-2.98456237168151,0,2.16065005124198,-0.0154376283184878
22.28,-2.98456237168151,0,2.15931909472417,-0.0154376283184878
22.281,-2.98456237168151,0,2.15798813820636,-0.0154376283184878
22.282,-2.98456237168151,0,2.15665718168855,-0.0154376283184878
22.283,-2.98456237168151,0,2.15532622517074,-0.0154376283184878
22.284,-2.98456237168151,0,2.15399526865293,-0.0154376283184878
22.285,-2.98456237168151,0,2.15266431213512,-0.0154376283184878
22.286,-2.98456237168151,0,2.15133335561731,-0.0154376283184878
22.287,-2.98456237168151,0,2.15000239909949,-0.0154376283184878
22.288,-2.98456237168151,0,2.14867144258168,-0.0154376283184878
22.289,-2.98456237168151,0,2.14734048606387,-0.0154376283184878
22.29,-2.98456237168151,0,2.14600952954606,-0.0154376283184878
22.291,-2.98456237168151,0,2.14467857302825,-0.0154376283184878
22.292,-2.98456237168151,0,2.14334761651044,-0.0154376283184878
22.293,-2.98456237168151,0,2.14201665999263,-0.0154376283184878
22.294,-2.98456237168151,0,2.14068570347482,-0.0154376283184878
22.295,-2.98456237168151,0,2.13935474695701,-0.0154376283184878
22.296,-2.98456237168151,0,2.1380237904392,-0.0154376283184878
22.297,-2.98456237168151,0,2.13669283392139,-0.0154376283184878
22.298,-2.98456237168151,0,2.13536187740358,-0.0154376283184878
22.299,-2.98456237168151,0,2.13403092088577,-0.0154376283184878
22.3,-2.98456237168151,0,2.13269996436796,-0.0154376283184878
22.301,-2.98456237168151,0,2.13136900785015,-0.0154376283184878
22.302,-2.98456237168151,0,2.13003805133234,-0.0154376283184878
22.303,-2.98456237168151,0,2.12870709481453,-0.0154376283184878
22.304,-2.98456237168151,0,2.12737613829672,-0.0154376283184878
22.305,-2.98456237168151,0,2.12604518177891,-0.0154376283184878
22.306,-2.98456237168151,0,2.1247142252611,-0.0154376283184878
22.307,-2.98456237168151,0,2.12338326874329,-0.0154376283184878
22.308,-2.98456237168151,0,2.12205231222548,-0.0154376283184878
22.309,-2.98456237168151,0,2.12072135570767,-0.0154376283184878
22.31,-2.98456237168151,0,2.11939039918986,-0.0154376283184878
22.311,-2.98456237168151,0,2.11805944267205,-0.0154376283184878
22.312,-2.98456237168151,0,2.11672848615424,-0.0154376283184878
22.313,-2.98456237168151,0,2.11539752963643,-0.0154376283184878
22.314,-2.98456237168151,0,2.11406657311862,-0.0154376283184878
22.315,-2.98456237168151,0,2.11273561660081,-0.0154376283184878
22.316,-2.98456237168151,0,2.111404660083,-0.0154376283184878
22.317,-2.98456237168151,0,2.11007370356519,-0.0154376283184878
22.318,-2.98456237168151,0,2.10874274704738,-0.0154376283184878
22.319,-2.98456237168151,0,2.10741179052957,-0.0154376283184878
22.32,-2.98456237168151,0,2.10608083401176,-0.0154376283184878
22.321,-2.98456237168151,0,2.10474987749395,-0.0154376283184878
22.322,-2.98456237168151,0,2.10341892097614,-0.0154376283184878
22.323,-2.98456237168151,0,2.10208796445833,-0.0154376283184878
22.324,-2.98456237168151,0,2.10075700794052,-0.0154376283184878
22.325,-2.98456237168151,0,2.0994260514227,-0.0154376283184878
22.326,-2.98456237168151,0,2.09809509490489,-0.0154376283184878
22.327,-2.98456237168151,0,2.09676413838708,-0.0154376283184878
22.328,-2.98456237168151,0,2.09543318186927,-0.0154376283184878
22.329,-2.98456237168151,0,2.09410222535146,-0.0154376283184878
22.33,-2.98456237168151,0,2.09277126883365,-0.0154376283184878
22.331,-2.98456237168151,0,2.09144031231584,-0.0154376283184878
22.332,-2.98456237168151,0,2.09010935579803,-0.0154376283184878
22.333,-2.98456237168151,0,2.08877839928022,-0.0154376283184878
22.334,-2.98456237168151,0,2.08744744276241,-0.0154376283184878
22.335,-2.98456237168151,0,2.0861164862446,-0.0154376283184878
22.336,-2.98456237168151,0,2.08478552972679,-0.0154376283184878
22.337,-2.98456237168151,0,2.08345457320898,-0.0154376283184878
22.338,-2.98456237168151,0,2.08212361669117,-0.0154376283184878
22.339,-2.98456237168151,0,2.08079266017336,-0.0154376283184878
22.34,-2.98456237168151,0,2.07946170365555,-0.0154376283184878
22.341,-2.98456237168151,0,2.07813074713774,-0.0154376283184878
22.342,-2.98456237168151,0,2.07679979061993,-0.0154376283184878
22.343,-2.98456237168151,0,2.07546883410212,-0.0154376283184878
22.344,-2.98456237168151,0,2.07413787758431,-0.0154376283184878
22.345,-2.98456237168151,0,2.0728069210665,-0.0154376283184878
22.346,-2.98456237168151,0,2.07147596454869,-0.0154376283184878
22.347,-2.98456237168151,0,2.07014500803088,-0.0154376283184878
22.348,-2.98456237168151,0,2.06881405151307,-0.0154376283184878
22.349,-2.98456237168151,0,2.06748309499526,-0.0154376283184878
22.35,-2.98456237168151,0,2.06615213847745,-0.0154376283184878
22.351,-2.98456237168151,0,2.06482118195964,-0.0154376283184878
22.352,-2.98456237168151,0,2.06349022544183,-0.0154376283184878
22.353,-2.98456237168151,0,2.06215926892402,-0.0154376283184878
22.354,-2.98456237168151,0,2.06082831240621,-0.0154376283184878
22.355,-2.98456237168151,0,2.0594973558884,-0.0154376283184878
22.356,-2.98456237168151,0,2.05816639937059,-0.0154376283184878
22.357,-2.98456237168151,0,2.05683544285278,-0.0154376283184878
22.358,-2.98456237168151,0,2.05550448633497,-0.0154376283184878
22.359,-2.98456237168151,0,2.05417352981716,-0.0154376283184878
22.36,-2.98456237168151,0,2.05284257329935,-0.0154376283184878
22.361,-2.98456237168151,0,2.05151161678154,-0.0154376283184878
22.362,-2.98456237168151,0,2.05018066026373,-0.0154376283184878
22.363,-2.98456237168151,0,2.04884970374592,-0.0154376283184878
22.364,-2.98456237168151,0,2.0475187472281,-0.0154376283184878
22.365,-2.98456237168151,0,2.04618779071029,-0.0154376283184878
22.366,-2.98456237168151,0,2.04485683419248,-0.0154376283184878
22.367,-2.98456237168151,0,2.04352587767467,-0.0154376283184878
22.368,-2.98456237168151,0,2.04219492115686,-0.0154376283184878
22.369,-2.98456237168151,0,2.04086396463905,-0.0154376283184878
22.37,-2.98456237168151,0,2.03953300812124,-0.0154376283184878
22.371,-2.98456237168151,0,2.03820205160343,-0.0154376283184878
22.372,-2.98456237168151,0,2.03687109508562,-0.0154376283184878
22.373,-2.98456237168151,0,2.03554013856781,-0.0154376283184878
22.374,-2.98456237168151,0,2.03420918205,-0.0154376283184878
22.375,-2.98456251444025,-0.000285525329072997,2.03420918205,-0.0154374855597541
22.376,-2.98456294276361,-0.000571144992868528,2.03420918205,-0.0154370572363858
22.377,-2.98456365679313,-0.000856953357236663,2.03420918205,-0.0154363432068694
22.378,-2.9845646567647,-0.0011430448502925,2.03420918205,-0.0154353432352963
22.379,-2.98456594300871,-0.0014295139935748,2.03420918205,-0.0154340569912867
22.38,-2.98456751595012,-0.00171645543323366,2.03420918205,-0.0154324840498794
22.381,-2.98456937610861,-0.00200396397126148,2.03420918205,-0.0154306238913904
22.382,-2.98457152409876,-0.00229213459677297,2.03420918205,-0.0154284759012446
22.383,-2.98457396063023,-0.00258106251734763,2.03420918205,-0.0154260393697694
22.384,-2.98457668650804,-0.00287084319044403,2.03420918205,-0.0154233134919632
22.385,-2.98457970263277,-0.00316157235489567,2.03420918205,-0.0154202973672284
22.386,-2.98458301000092,-0.00345334606249925,2.03420918205,-0.0154169899990757
22.387,-2.98458660970521,-0.0037462607097057,2.03420918205,-0.0154133902947935
22.388,-2.98459050293491,-0.00404041306942454,2.03420918205,-0.0154094970650891
22.389,-2.98459469097631,-0.00433590032295158,2.03420918205,-0.0154053090236941
22.39,-2.98459917521306,-0.00463282009203052,2.03420918205,-0.0154008247869428
22.391,-2.98460395712669,-0.00493127047106006,2.01352397285213,-0.0153960428733124
22.392,-2.98461330344088,-0.013761867311988,2.01352397285213,-0.0153866965591174
22.393,-2.98463776211366,-0.0647423583860678,2.01352397285213,-0.0153622378863423
22.394,-2.98477736120246,-0.214250057480154,2.01352397285213,-0.0152226387975412
22.395,-2.9850658605687,-0.3625527463277,2.0568183288044,-0.0149341394313014
22.396,-2.98549318506121,-0.49193537341791,2.09370421294653,-0.0145068149387924
22.397,-2.98604183733756,-0.605238554517668,2.13476101957038,-0.0139581626624388
22.398,-2.98669497236483,-0.700932638252513,2.17704750644565,-0.0133050276351687
22.399,-2.98743482484017,-0.778704865496317,2.21841212474876,-0.0125651751598341
22.4,-2.98824375785777,-0.839123441048774,2.25735791557242,-0.0117562421422255
22.401,-2.98910500503556,-0.883360300787222,2.29291839941991,-0.0108949949644388
22.402,-2.99000316232471,-0.912967631735573,2.32454653974894,-0.00999683767529369
22.403,-2.99092448033687,-0.929702312889028,2.35201773403238,-0.00907551966313003
22.404,-2.99185700199344,-0.935392050617874,2.35201773403238,-0.00814299800656437
22.405,-2.99279536644153,-0.941387802564454,2.39531006415341,-0.00720463355846901
22.406,-2.99373100799351,-0.92997199892053,2.39531006415341,-0.00626899200648623
22.407,-2.99465546242565,-0.91901216260746,2.42549115584526,-0.00534453757434594
22.408,-2.99556300135429,-0.896157587056472,2.42549115584526,-0.00443699864570801
22.409,-2.99644795909571,-0.873847510731294,2.42549115584526,-0.0035520409042924
22.41,-2.99731087337341,-0.852068438480257,2.42549115584526,-0.00268912662658982
22.411,-2.99815226858314,-0.830807208456702,2.45505317017717,-0.00184773141686279
22.412,-2.99896661094514,-0.797978112932823,2.45505317017717,-0.00103338905485506
22.413,-2.99974842297458,-0.765743527665236,2.45505317017717,-0.000251577025419003
22.414,-3.00049829020177,-0.734085559411005,2.45505317017717,0.000498290201766949
22.415,-3.00121678046176,-0.702986709004593,2.45505317017717,0.00121678046176443
22.416,-3.00190444428284,-0.672429860177993,2.45505317017717,0.00190444428283643
22.417,-3.00256181526388,-0.6423982686749,2.45505317017717,0.00256181526387955
22.418,-3.00318941044111,-0.612875551649549,2.45505317017717,0.00318941044111076
22.419,-3.00378773064429,-0.583845677341135,2.45505317017717,0.00378773064429483
22.42,-3.00435726084277,-0.555292955015055,2.45505317017717,0.00435726084277377
22.421,-3.00489847048158,-0.527202025162505,2.45505317017717,0.00489847048157532
22.422,-3.00541181380784,-0.499557849950269,2.45505317017717,0.0054118138078425
22.423,-3.00589773018783,-0.472345703912768,2.45505317017717,0.00589773018783157
22.424,-3.00635664441473,-0.445551164878756,2.45505317017717,0.00635664441473072
22.425,-3.00678896700751,-0.419160105125258,2.43468226488458,0.0067889670075072
22.426,-3.00719924627815,-0.401450452548152,2.43468226488458,0.00719924627815249
22.427,-3.00759197035061,-0.384048120865449,2.43468226488458,0.00759197035061465
22.428,-3.00796744181613,-0.366943684588439,2.43468226488458,0.00796744181612841
22.429,-3.00832595394099,-0.350127918378373,2.43468226488458,0.00832595394098501
22.43,-3.00866779086389,-0.333591791494895,2.43468226488458,0.00866779086389258
22.431,-3.00899322778786,-0.317326462380343,2.43468226488458,0.0089932277878555
22.432,-3.00930253116671,-0.301323273375961,2.43468226488458,0.00930253116670521
22.433,-3.00959595888641,-0.285573745566197,2.43468226488458,0.00959595888640985
22.434,-3.00987376044129,-0.270069573747344,2.43468226488458,0.00987376044129329
22.435,-3.01013617710528,-0.254802621516928,2.43468226488458,0.010136177105279
22.436,-3.01038344209829,-0.239764916480327,2.43468226488458,0.0103834420982887
22.437,-3.0106157807479,-0.224948645571214,2.43468226488458,0.0106157807478962
22.438,-3.01083341064637,-0.210346150482531,2.41360404960612,0.0108334106463674
22.439,-3.01104083102977,-0.204516313100304,2.41360404960612,0.0110408310297698
22.44,-3.01124248610698,-0.198814981589711,2.41360404960612,0.0112424861069815
22.441,-3.0114385027274,-0.193238856000903,2.41360404960612,0.0114385027274015
22.442,-3.01162900447914,-0.187784713393956,2.41360404960612,0.0116290044791443
22.443,-3.01181411176508,-0.182449405904533,2.41360404960612,0.0118141117650827
22.444,-3.01199394187698,-0.177229858856839,2.41360404960612,0.011993941876975
22.445,-3.01216860906773,-0.172123068922619,2.41360404960612,0.0121686090677295
22.446,-3.01233822462185,-0.167126102325041,2.41360404960612,0.0123382246218475
22.447,-3.0125028969241,-0.162236093086282,2.41360404960612,0.0125028969240994
22.448,-3.01266273152646,-0.157450241317692,2.41360404960612,0.0126627315264614
22.449,-3.01281783121337,-0.152765811551456,2.41360404960612,0.0128178312133707
22.45,-3.01296829606533,-0.148180131112654,2.41360404960612,0.0129682960653268
22.451,-3.01311422352089,-0.143690588530705,2.41360404960612,0.0131142235208861
22.452,-3.01325570843709,-0.139294631989171,2.41360404960612,0.0132557084370895
22.453,-3.01339284314836,-0.134989767812933,2.41360404960612,0.0133928431483561
22.454,-3.01352571752389,-0.130773558991777,2.41360404960612,0.0135257175238861
22.455,-3.0136544190236,-0.126643623739467,2.41360404960612,0.0136544190235983
22.456,-3.01377903275265,-0.12259763408737,2.41360404960612,0.013779032752649
22.457,-3.01389964151456,-0.118633314511774,2.41360404960612,0.0138996415145645
22.458,-3.01401632586301,-0.114748440594005,2.41360404960612,0.0140163258630057
22.459,-3.01412916415222,-0.11094083771253,2.41360404960612,0.0141291641522248
22.46,-3.01423823258622,-0.1072083797662,2.41360404960612,0.0142382325862171
22.461,-3.01434360526662,-0.10354898792785,2.41360404960612,0.0143436052666153
22.462,-3.01444535423935,-0.0999606294274737,2.41360404960612,0.0144453542393541
22.463,-3.01454354954013,-0.0964413163642058,2.43872222374793,0.0145435495401314
22.464,-3.01463315528378,-0.0827954739831918,2.43872222374793,0.0146331552837755
22.465,-3.01470918999548,-0.0692981575878238,2.43872222374793,0.0147091899954837
22.466,-3.01477179893549,-0.05594285452468,2.43872222374793,0.014771798935493
22.467,-3.01482112090731,-0.0427231633893613,2.43872222374793,0.0148211209073126
22.468,-3.01485728836719,-0.0296327904816134,2.43872222374793,0.0148572883671898
22.469,-3.01487593916448,0,2.43038189307755,0.0148759391644764
22.47,-3.01487593916448,0,2.42651315067301,0.0148759391644764
22.471,-3.01487593916448,0,2.4243426796616,0.0148759391644764
22.472,-3.01487593916448,0,2.42331059400862,0.0148759391644764
22.473,-3.01487593916448,0,2.42304159088153,0.0148759391644764
22.474,-3.01487593916448,0,2.42328409726832,0.0148759391644764
22.475,-3.01487593916448,0,2.42386947873601,0.0148759391644764
22.476,-3.01487593916448,0,2.42468469624372,0.0148759391644764
22.477,-3.01487593916448,0,2.42565397745636,0.0148759391644764
22.478,-3.01487593916448,0,2.42672653065877,0.0148759391644764
22.479,-3.01487593916448,0,2.42786830914613,0.0148759391644764
22.48,-3.01487593916448,0,2.42905649072968,0.0148759391644764
22.481,-3.01487593916448,0,2.4302757772388,0.0148759391644764
22.482,-3.01487593916448,0,2.43151591400307,0.0148759391644764
22.483,-3.01487593916448,0,2.43277002711133,0.0148759391644764
22.484,-3.01487593916448,0,2.43403350884313,0.0148759391644764
22.485,-3.01487593916448,0,2.4353032705511,0.0148759391644764
22.486,-3.01487593916448,0,2.43657724185298,0.0148759391644764
22.487,-3.01487593916448,0,2.43785403493005,0.0148759391644764
22.488,-3.01487593916448,0,2.43913271949959,0.0148759391644764
22.489,-3.01487593916448,0,2.44041267197445,0.0148759391644764
22.49,-3.01487593916448,0,2.44169347435167,0.0148759391644764
22.491,-3.01487593916448,0,2.44297484643546,0.0148759391644764
22.492,-3.01487593916448,0,2.44425660040501,0.0148759391644764
22.493,-3.01487593916448,0,2.44553861036022,0.0148759391644764
22.494,-3.01487593916448,0,2.44682079190776,0.0148759391644764
22.495,-3.01487593916448,0,2.44810308847707,0.0148759391644764
22.496,-3.01487593916448,0,2.44938546214779,0.0148759391644764
22.497,-3.01487593916448,0,2.45066788750112,0.0148759391644764
22.498,-3.01487593916448,0,2.45195034749834,0.0148759391644764
22.499,-3.01487593916448,0,2.45323283071806,0.0148759391644764
22.5,-3.01487593916448,0,2.45451532950429,0.0148759391644764
22.501,-3.01487593916448,0,2.45579783872505,0.0148759391644764
22.502,-3.01487593916448,0,2.4570803549403,0.0148759391644764
22.503,-3.01487593916448,0,2.45836287584409,0.0148759391644764
22.504,-3.01487593916448,0,2.4596453998907,0.0148759391644764
22.505,-3.01487593916448,0,2.460927926044,0.0148759391644764
22.506,-3.01487593916448,0,2.46221045360947,0.0148759391644764
22.507,-3.01487593916448,0,2.46349298212154,0.0148759391644764
22.508,-3.01487593916448,0,2.46477551126814,0.0148759391644764
22.509,-3.01487593916448,0,2.46605804084007,0.0148759391644764
22.51,-3.01487593916448,0,2.46734057069711,0.0148759391644764
22.511,-3.01487593916448,0,2.46862310074526,0.0148759391644764
22.512,-3.01487593916448,0,2.46990563092152,0.0148759391644764
22.513,-3.01487593916448,0,2.47118816118366,0.0148759391644764
22.514,-3.01487593916448,0,2.47247069150336,0.0148759391644764
22.515,-3.01487593916448,0,2.47375322186165,0.0148759391644764
22.516,-3.01487593916448,0,2.4750357522458,0.0148759391644764
22.517,-3.01487593916448,0,2.47631828264728,0.0148759391644764
22.518,-3.01487593916448,0,2.47760081306039,0.0148759391644764
22.519,-3.01487593916448,0,2.47888334348129,0.0148759391644764
22.52,-3.01487593916448,0,2.48016587390741,0.0148759391644764
22.521,-3.01487593916448,0,2.48144840433704,0.0148759391644764
22.522,-3.01487593916448,0,2.482730934769,0.0148759391644764
22.523,-3.01487593916448,0,2.48401346520254,0.0148759391644764
22.524,-3.01487593916448,0,2.48529599563714,0.0148759391644764
22.525,-3.01487593916448,0,2.48657852607244,0.0148759391644764
22.526,-3.01487593916448,0,2.48786105650822,0.0148759391644764
22.527,-3.01487593916448,0,2.48914358694431,0.0148759391644764
22.528,-3.01487593916448,0,2.49042611738062,0.0148759391644764
22.529,-3.01487593916448,0,2.49170864781707,0.0148759391644764
22.53,-3.01487593916448,0,2.49299117825361,0.0148759391644764
22.531,-3.01487593916448,0,2.49427370869022,0.0148759391644764
22.532,-3.01487593916448,0,2.49555623912687,0.0148759391644764
22.533,-3.01487593916448,0,2.49683876956355,0.0148759391644764
22.534,-3.01487593916448,0,2.49812130000025,0.0148759391644764
22.535,-3.01487593916448,0,2.49940383043697,0.0148759391644764
22.536,-3.01487593916448,0,2.50068636087369,0.0148759391644764
22.537,-3.01487593916448,0,2.50196889131041,0.0148759391644764
22.538,-3.01487593916448,0,2.50325142174714,0.0148759391644764
22.539,-3.01487593916448,0,2.50453395218388,0.0148759391644764
22.54,-3.01487593916448,0,2.50581648262061,0.0148759391644764
22.541,-3.01487593916448,0,2.50709901305735,0.0148759391644764
22.542,-3.01487593916448,0,2.50838154349408,0.0148759391644764
22.543,-3.01487593916448,0,2.50966407393082,0.0148759391644764
22.544,-3.01487593916448,0,2.51094660436756,0.0148759391644764
22.545,-3.01487593916448,0,2.5122291348043,0.0148759391644764
22.546,-3.01487593916448,0,2.51351166524104,0.0148759391644764
22.547,-3.01487593916448,0,2.51479419567778,0.0148759391644764
22.548,-3.01487593916448,0,2.51607672611451,0.0148759391644764
22.549,-3.01487593916448,0,2.51735925655125,0.0148759391644764
22.55,-3.01487593916448,0,2.51864178698799,0.0148759391644764
22.551,-3.01487593916448,0,2.51992431742473,0.0148759391644764
22.552,-3.01487593916448,0,2.52120684786147,0.0148759391644764
22.553,-3.01487593916448,0,2.52248937829821,0.0148759391644764
22.554,-3.01487593916448,0,2.52377190873495,0.0148759391644764
22.555,-3.01487593916448,0,2.52505443917168,0.0148759391644764
22.556,-3.01487593916448,0,2.52633696960842,0.0148759391644764
22.557,-3.01487593916448,0,2.52761950004516,0.0148759391644764
22.558,-3.01487593916448,0,2.5289020304819,0.0148759391644764
22.559,-3.01487593916448,0,2.53018456091864,0.0148759391644764
22.56,-3.01487593916448,0,2.53146709135538,0.0148759391644764
22.561,-3.01487593916448,0,2.53274962179211,0.0148759391644764
22.562,-3.01487593916448,0,2.53403215222885,0.0148759391644764
22.563,-3.01487593916448,0,2.53531468266559,0.0148759391644764
22.564,-3.01487593916448,0,2.53659721310233,0.0148759391644764
22.565,-3.01487593916448,0,2.53787974353907,0.0148759391644764
22.566,-3.01487593916448,0,2.53916227397581,0.0148759391644764
22.567,-3.01487593916448,0,2.54044480441255,0.0148759391644764
22.568,-3.01487593916448,0,2.54172733484928,0.0148759391644764
22.569,-3.01487593916448,0,2.54300986528602,0.0148759391644764
22.57,-3.01487593916448,0,2.54429239572276,0.0148759391644764
22.571,-3.01487593916448,0,2.5455749261595,0.0148759391644764
22.572,-3.01487593916448,0,2.54685745659624,0.0148759391644764
22.573,-3.01487593916448,0,2.54813998703298,0.0148759391644764
22.574,-3.01487593916448,0,2.54942251746971,0.0148759391644764
22.575,-3.01487593916448,0,2.55070504790645,0.0148759391644764
22.576,-3.01487593916448,0,2.55198757834319,0.0148759391644764
22.577,-3.01487593916448,0,2.55327010877993,0.0148759391644764
22.578,-3.01487593916448,0,2.55455263921667,0.0148759391644764
22.579,-3.01487593916448,0,2.55583516965341,0.0148759391644764
22.58,-3.01487593916448,0,2.55711770009015,0.0148759391644764
22.581,-3.01487593916448,0,2.55840023052688,0.0148759391644764
22.582,-3.01487593916448,0,2.55968276096362,0.0148759391644764
22.583,-3.01487593916448,0,2.56096529140036,0.0148759391644764
22.584,-3.01487593916448,0,2.5622478218371,0.0148759391644764
22.585,-3.01487593916448,0,2.56353035227384,0.0148759391644764
22.586,-3.01487593916448,0,2.56481288271058,0.0148759391644764
22.587,-3.01487593916448,0,2.56609541314732,0.0148759391644764
22.588,-3.01487593916448,0,2.56737794358405,0.0148759391644764
22.589,-3.01487593916448,0,2.56866047402079,0.0148759391644764
22.59,-3.01487593916448,0,2.56994300445753,0.0148759391644764
22.591,-3.01487593916448,0,2.57122553489427,0.0148759391644764
22.592,-3.01487593916448,0,2.57250806533101,0.0148759391644764
22.593,-3.01487593916448,0,2.57379059576775,0.0148759391644764
22.594,-3.01487593916448,0,2.57507312620448,0.0148759391644764
22.595,-3.01487593916448,0,2.57635565664122,0.0148759391644764
22.596,-3.01487593916448,0,2.57763818707796,0.0148759391644764
22.597,-3.01487593916448,0,2.5789207175147,0.0148759391644764
22.598,-3.01487593916448,0,2.58020324795144,0.0148759391644764
22.599,-3.01487593916448,0,2.58148577838818,0.0148759391644764
22.6,-3.01487593916448,0,2.58276830882492,0.0148759391644764
22.601,-3.01487593916448,0,2.58405083926165,0.0148759391644764
22.602,-3.01487593916448,0,2.58533336969839,0.0148759391644764
22.603,-3.01487593916448,0,2.58661590013513,0.0148759391644764
22.604,-3.01487593916448,0,2.58789843057187,0.0148759391644764
22.605,-3.01487593916448,0,2.58918096100861,0.0148759391644764
22.606,-3.01487593916448,0,2.59046349144535,0.0148759391644764
22.607,-3.01487593916448,0,2.59174602188208,0.0148759391644764
22.608,-3.01487593916448,0,2.59302855231882,0.0148759391644764
22.609,-3.01487593916448,0,2.59431108275556,0.0148759391644764
22.61,-3.01487593916448,0,2.5955936131923,0.0148759391644764
22.611,-3.01487593916448,0,2.59687614362904,0.0148759391644764
22.612,-3.01487593916448,0,2.59815867406578,0.0148759391644764
22.613,-3.01487593916448,0,2.59944120450252,0.0148759391644764
22.614,-3.01487593916448,0,2.60072373493925,0.0148759391644764
22.615,-3.01487593916448,0,2.60200626537599,0.0148759391644764
22.616,-3.01487593916448,0,2.60328879581273,0.0148759391644764
22.617,-3.01487593916448,0,2.60457132624947,0.0148759391644764
22.618,-3.01487593916448,0,2.60585385668621,0.0148759391644764
22.619,-3.01487593916448,0,2.60713638712295,0.0148759391644764
22.62,-3.01487593916448,0,2.60841891755969,0.0148759391644764
22.621,-3.01487593916448,0,2.60970144799642,0.0148759391644764
22.622,-3.01487593916448,0,2.61098397843316,0.0148759391644764
22.623,-3.01487593916448,0,2.6122665088699,0.0148759391644764
22.624,-3.01487593916448,0,2.61354903930664,0.0148759391644764
22.625,-3.01487593916448,0,2.61483156974338,0.0148759391644764
22.626,-3.01487593916448,0,2.61611410018012,0.0148759391644764
22.627,-3.01487593916448,0,2.61739663061685,0.0148759391644764
22.628,-3.01487593916448,0,2.61867916105359,0.0148759391644764
22.629,-3.01487593916448,0,2.61996169149033,0.0148759391644764
22.63,-3.01487593916448,0,2.62124422192707,0.0148759391644764
22.631,-3.01487593916448,0,2.62252675236381,0.0148759391644764
22.632,-3.01487593916448,0,2.62380928280055,0.0148759391644764
22.633,-3.01487593916448,0,2.62509181323729,0.0148759391644764
22.634,-3.01487593916448,0,2.62637434367402,0.0148759391644764
22.635,-3.01487593916448,0,2.62765687411076,0.0148759391644764
22.636,-3.01487593916448,0,2.6289394045475,0.0148759391644764
22.637,-3.01487593916448,0,2.63022193498424,0.0148759391644764
22.638,-3.01487593916448,0,2.63150446542098,0.0148759391644764
22.639,-3.01487593916448,0,2.63278699585772,0.0148759391644764
22.64,-3.01487593916448,0,2.63406952629445,0.0148759391644764
22.641,-3.01487593916448,0,2.63535205673119,0.0148759391644764
22.642,-3.01487593916448,0,2.63663458716793,0.0148759391644764
22.643,-3.01487593916448,0,2.63791711760467,0.0148759391644764
22.644,-3.01487593916448,0,2.63919964804141,0.0148759391644764
22.645,-3.01487593916448,0,2.64048217847815,0.0148759391644764
22.646,-3.01487593916448,0,2.64176470891489,0.0148759391644764
22.647,-3.01487593916448,0,2.64304723935162,0.0148759391644764
22.648,-3.01487593916448,0,2.64432976978836,0.0148759391644764
22.649,-3.01487593916448,0,2.6456123002251,0.0148759391644764
22.65,-3.01487593916448,0,2.64689483066184,0.0148759391644764
22.651,-3.01487593916448,0,2.64817736109858,0.0148759391644764
22.652,-3.01487593916448,0,2.64945989153532,0.0148759391644764
22.653,-3.01487593916448,0,2.65074242197206,0.0148759391644764
22.654,-3.01487593916448,0,2.65202495240879,0.0148759391644764
22.655,-3.01487593916448,0,2.65330748284553,0.0148759391644764
22.656,-3.01487593916448,0,2.65459001328227,0.0148759391644764
22.657,-3.01487593916448,0,2.65587254371901,0.0148759391644764
22.658,-3.01487593916448,0,2.65715507415575,0.0148759391644764
22.659,-3.01487593916448,0,2.65843760459249,0.0148759391644764
22.66,-3.01487593916448,0,2.65972013502922,0.0148759391644764
22.661,-3.01487593916448,0,2.66100266546596,0.0148759391644764
22.662,-3.01487593916448,0,2.6622851959027,0.0148759391644764
22.663,-3.01487593916448,0,2.66356772633944,0.0148759391644764
22.664,-3.01487593916448,0,2.66485025677618,0.0148759391644764
22.665,-3.01487593916448,0,2.66613278721292,0.0148759391644764
22.666,-3.01487593916448,0,2.66741531764966,0.0148759391644764
22.667,-3.01487593916448,0,2.66869784808639,0.0148759391644764
22.668,-3.01487593916448,0,2.66998037852313,0.0148759391644764
22.669,-3.01487593916448,0,2.67126290895987,0.0148759391644764
22.67,-3.01487593916448,0,2.67254543939661,0.0148759391644764
22.671,-3.01487593916448,0,2.67382796983335,0.0148759391644764
22.672,-3.01487593916448,0,2.67511050027009,0.0148759391644764
22.673,-3.01487593916448,0,2.67639303070682,0.0148759391644764
22.674,-3.01487593916448,0,2.67767556114356,0.0148759391644764
22.675,-3.01487593916448,0,2.6789580915803,0.0148759391644764
22.676,-3.01487593916448,0,2.68024062201704,0.0148759391644764
22.677,-3.01487593916448,0,2.68152315245378,0.0148759391644764
22.678,-3.01487593916448,0,2.68280568289052,0.0148759391644764
22.679,-3.01487593916448,0,2.68408821332726,0.0148759391644764
22.68,-3.01487593916448,0,2.68537074376399,0.0148759391644764
22.681,-3.01487593916448,0,2.68665327420073,0.0148759391644764
22.682,-3.01487593916448,0,2.68793580463747,0.0148759391644764
22.683,-3.01487593916448,0,2.68921833507421,0.0148759391644764
22.684,-3.01487593916448,0,2.69050086551095,0.0148759391644764
22.685,-3.01487593916448,0,2.69178339594769,0.0148759391644764
22.686,-3.01487593916448,0,2.69306592638442,0.0148759391644764
22.687,-3.01487593916448,0,2.69434845682116,0.0148759391644764
22.688,-3.01487593916448,0,2.6956309872579,0.0148759391644764
22.689,-3.01487593916448,0,2.69691351769464,0.0148759391644764
22.69,-3.01487593916448,0,2.69819604813138,0.0148759391644764
22.691,-3.01487593916448,0,2.69947857856812,0.0148759391644764
22.692,-3.01487593916448,0,2.70076110900486,0.0148759391644764
22.693,-3.01487593916448,0,2.70204363944159,0.0148759391644764
22.694,-3.01487593916448,0,2.70332616987833,0.0148759391644764
22.695,-3.01487593916448,0,2.70460870031507,0.0148759391644764
22.696,-3.01487593916448,0,2.70589123075181,0.0148759391644764
22.697,-3.01487593916448,0,2.70717376118855,0.0148759391644764
22.698,-3.01487593916448,0,2.70845629162529,0.0148759391644764
22.699,-3.01487593916448,0,2.70973882206203,0.0148759391644764
22.7,-3.01487593916448,0,2.71102135249876,0.0148759391644764
22.701,-3.01487593916448,0,2.7123038829355,0.0148759391644764
22.702,-3.01487593916448,0,2.71358641337224,0.0148759391644764
22.703,-3.01487593916448,0,2.71486894380898,0.0148759391644764
22.704,-3.01487593916448,0,2.71615147424572,0.0148759391644764
22.705,-3.01487593916448,0,2.71743400468246,0.0148759391644764
22.706,-3.01487593916448,0,2.71871653511919,0.0148759391644764
22.707,-3.01487593916448,0,2.71999906555593,0.0148759391644764
22.708,-3.01487593916448,0,2.72128159599267,0.0148759391644764
22.709,-3.01487593916448,0,2.72256412642941,0.0148759391644764
22.71,-3.01487593916448,0,2.72384665686615,0.0148759391644764
22.711,-3.01487593916448,0,2.72512918730289,0.0148759391644764
22.712,-3.01487593916448,0,2.72641171773963,0.0148759391644764
22.713,-3.01487593916448,0,2.72769424817636,0.0148759391644764
22.714,-3.01487593916448,0,2.7289767786131,0.0148759391644764
22.715,-3.01487593916448,0,2.73025930904984,0.0148759391644764
22.716,-3.01487593916448,0,2.73154183948658,0.0148759391644764
22.717,-3.01487593916448,0,2.73282436992332,0.0148759391644764
22.718,-3.01487593916448,0,2.73410690036006,0.0148759391644764
22.719,-3.01487593916448,0,2.73538943079679,0.0148759391644764
22.72,-3.01487593916448,0,2.73667196123353,0.0148759391644764
22.721,-3.01487593916448,0,2.73795449167027,0.0148759391644764
22.722,-3.01487593916448,0,2.73923702210701,0.0148759391644764
22.723,-3.01487593916448,0,2.74051955254375,0.0148759391644764
22.724,-3.01487593916448,0,2.74180208298049,0.0148759391644764
22.725,-3.01487593916448,0,2.74308461341723,0.0148759391644764
22.726,-3.01487593916448,0,2.74436714385396,0.0148759391644764
22.727,-3.01487593916448,0,2.7456496742907,0.0148759391644764
22.728,-3.01487593916448,0,2.74693220472744,0.0148759391644764
22.729,-3.01487593916448,0,2.74821473516418,0.0148759391644764
22.73,-3.01487593916448,0,2.74949726560092,0.0148759391644764
22.731,-3.01487593916448,0,2.75077979603766,0.0148759391644764
22.732,-3.01487593916448,0,2.7520623264744,0.0148759391644764
22.733,-3.01487593916448,0,2.75334485691113,0.0148759391644764
22.734,-3.01487593916448,0,2.75462738734787,0.0148759391644764
22.735,-3.01487593916448,0,2.75590991778461,0.0148759391644764
22.736,-3.01487585158923,0.000175156936313059,2.75590991778461,0.0148758515892262
22.737,-3.01487558882486,0.000350391115117373,2.75590991778461,0.0148755888248564
22.738,-3.01487515075549,0.000525779812987104,2.75590991778461,0.0148751507554907
22.739,-3.01487453718794,0.000701400374677594,2.75590991778461,0.0148745371879442
22.74,-3.01487374785164,0.000877330247254373,2.75590991778461,0.0148737478516394
22.741,-3.01487278239849,0.00105364701426594,2.75590991778461,0.0148727823984864
22.742,-3.01487164040273,0.00123042842997796,2.75590991778461,0.0148716404027294
22.743,-3.01487032136076,0.00140775245368276,2.75590991778461,0.0148703213607591
22.744,-3.01486882469089,0.00158569728409953,2.75590991778461,0.0148688246908892
22.745,-3.0148671497331,0.00176434139388012,2.75590991778461,0.0148671497331008
22.746,-3.01486529574875,0.00194376356423633,2.75590991778461,0.0148652957487516
22.747,-3.01486326192025,0.00212404291970375,2.75590991778461,0.0148632619202491
22.748,-3.01486104735069,0.00230525896305742,2.75590991778461,0.0148610473506881
22.749,-3.01485865106346,0.00248749161039427,2.75590991778461,0.0148586510634603
22.75,-3.01485607200182,0.00267082122639921,2.75590991778461,0.0148560720018174
22.751,-3.01485330902841,0.00285532865980869,2.75590991778461,0.0148533090284082
22.752,-3.01485036092478,0.0030410952790899,2.75590991778461,0.0148503609247754
22.753,-3.01484722639082,0.00322820300834729,2.75590991778461,0.0148472263908195
22.754,-3.01484390404422,0.00341673436347798,2.75590991778461,0.014843904044223
22.755,-3.01484039241984,0.00360677248858671,2.75590991778461,0.0148403924198424
22.756,-3.01483668996906,0.00379840119267872,2.78121834440274,0.01483668996906
22.757,-3.01482763825896,0.014305690390088,2.78121834440274,0.0148276382589581
22.758,-3.01479318735483,0.0896809495778005,2.78121834440274,0.014793187354829
22.759,-3.01462791233383,0.240665874608791,2.78121834440274,0.0146279123338346
22.76,-3.01431224915955,0.390470099095077,2.73130091337265,0.014312249159552
22.761,-3.01385748495734,0.518908142954593,2.69274117795632,0.0138574849573381
22.762,-3.01328256064166,0.630822082980996,2.65057528889211,0.0132825606416604
22.763,-3.0126046416977,0.724929464811735,2.60760193303926,0.012604641697699
22.764,-3.01184160673076,0.80108491465051,2.56585287433231,0.0118416067307647
22.765,-3.01101107055142,0.859960347250415,2.52672856451407,0.0110110705514166
22.766,-3.01012969798047,0.902783195538878,2.49112093072388,0.0101296979804699
22.767,-3.00921275334116,0.931126704552331,2.45952194583304,0.00921275334115856
22.768,-3.00827383676415,0.946745928680773,2.43211758810845,0.00827383676415039
22.769,-3.00732476480265,0.951453047782823,2.4088675178248,0.00732476480264577
22.77,-3.00637555911709,0.947025859447244,2.4088675178248,0.00637555911708576
22.771,-3.00543057883699,0.94300141793486,2.37343632367674,0.0054305788369855
22.772,-3.00449664997554,0.924941480843829,2.37343632367674,0.00449664997554455
22.773,-3.00358052736032,0.907387097939982,2.34990436198956,0.00358052736031977
22.774,-3.00268651377841,0.880734452947064,2.34990436198956,0.00268651377840845
22.775,-3.0018188721274,0.854640799816973,2.34990436198956,0.00181887212740062
22.776,-3.0009770506708,0.829091681151833,2.34990436198956,0.000977050670799784
22.777,-3.00016051197075,0.804072955820809,2.32926296839693,0.000160511970751731
22.778,-2.999372951121,0.771145022229376,2.32926296839693,-0.000627048878995673
22.779,-2.99861803221776,0.738786225744434,2.32926296839693,-0.00138196778223598
22.78,-2.99789519457793,0.7069797152587,2.32926296839693,-0.00210480542207092
22.781,-2.99720389420019,0.675708976917102,2.32926296839693,-0.00279610579981293
22.782,-2.99654360343189,0.644957825899435,2.32926296839693,-0.00345639656811336
22.783,-2.99591381064404,0.614710398355907,2.32926296839693,-0.00408618935595806
22.784,-2.99531401991434,0.584951143493271,2.32926296839693,-0.00468598008566046
22.785,-2.99474375071797,0.555664815809237,2.32926296839693,-0.00525624928203072
22.786,-2.99420253762616,0.526836467472848,2.32926296839693,-0.00579746237383816
22.787,-2.99368993001226,0.498451440848479,2.32926296839693,-0.00631006998773831
22.788,-2.99320549176521,0.470495361161153,2.32926296839693,-0.00679450823478511
22.789,-2.99274880101032,0.442954129300819,2.32926296839693,-0.00725119898968485
22.79,-2.99231944983708,0.415813914763283,2.32926296839693,-0.0076805501629198
22.791,-2.99191704403412,0.389061148725456,2.3575919815801,-0.00808295596587927
22.792,-2.99153539464998,0.374282980032321,2.3575919815801,-0.00846460535002391
22.793,-2.99116838866837,0.359773033950308,2.3575919815801,-0.00883161133163002
22.794,-2.99081576176824,0.345523534797172,2.3575919815801,-0.00918423823176351
22.795,-2.99047725732266,0.331526869272472,2.3575919815801,-0.00952274267734277
22.796,-2.99015262623853,0.317775582359906,2.3575919815801,-0.00984737376146549
22.797,-2.98984162680032,0.304262373315779,2.3575919815801,-0.0101583731996819
22.798,-2.98954402451771,0.290980091741796,2.3575919815801,-0.010455975482293
22.799,-2.98925959197723,0.277921733740415,2.3575919815801,-0.0107404080227695
22.8,-2.98898810869763,0.265080438150994,2.3575919815801,-0.0110118913023651
22.801,-2.988729360989,0.252449482865018,2.3575919815801,-0.0112706390110011
22.802,-2.98848314181549,0.240022281218702,2.3575919815801,-0.0115168581845104
22.803,-2.98824925066169,0.227792378461295,2.3575919815801,-0.0117507493383089
22.804,-2.98802749340243,0.215753448297459,2.3575919815801,-0.0119725065975747
22.805,-2.98781768217599,0.203899289502076,2.3575919815801,-0.0121823178240064
22.806,-2.98761963526077,0.192223822605916,2.3575919815801,-0.0123803647392284
22.807,-2.98743317695508,0.180721086650588,2.3575919815801,-0.0125668230449172
22.808,-2.98725813746028,0.169385236011235,2.3575919815801,-0.0127418625397206
22.809,-2.98709435276697,0.158210537285469,2.3575919815801,-0.0129056472330307
22.81,-2.98694166454433,0.147191366247044,2.3575919815801,-0.0130583354556739
22.811,-2.98679992003241,0.136322204862815,2.3575919815801,-0.0132000799675946
22.812,-2.98666897193742,0.125597638371551,2.3575919815801,-0.0133310280625807
22.813,-2.9865486783299,0.115012352423175,2.3575919815801,-0.0134513216701002
22.814,-2.98643890254569,0.10456113027706,2.3575919815801,-0.0135610974543066
22.815,-2.98633951308973,0.0942388500580121,2.3575919815801,-0.0136604869102728
22.816,-2.9862503835425,0.0840404820686084,2.3575919815801,-0.0137496164575048
22.817,-2.9861713924692,0.0739610861565688,2.3575919815801,-0.0138286075308032
22.818,-2.98610242333149,0.0639958091358837,2.38352749464628,-0.0138975766685108
22.819,-2.98603803498679,0.0647839066906067,2.38352749464628,-0.0139619650132077
22.82,-2.98597284943993,0.0655902389802194,2.38352749464628,-0.0140271505600738
22.821,-2.98590684837867,0.06641496193282,2.38352749464628,-0.0140931516213256
22.822,-2.985840013332,0.0672582372616682,2.38352749464628,-0.014159986668
22.823,-2.98577232566425,0.0681202324794669,2.38352749464628,-0.0142276743357463
22.824,-2.98570376656937,0.0690011209147961,2.38352749464628,-0.0142962334306329
22.825,-2.98563431706503,0.0699010817306876,2.38352749464628,-0.014365682934971
22.826,-2.98556395798684,0.0708202999453323,2.38352749464628,-0.0144360420131617
22.827,-2.98549266998244,0.0717589664549117,2.38352749464628,-0.0145073300175613
22.828,-2.98542043350563,0.0727172780585439,2.38352749464628,-0.01457956649437
22.829,-2.98534722881045,0.0736954374853403,2.38352749464628,-0.014652771189553
22.83,-2.98527303594522,0.0746936534235643,2.38352749464628,-0.0147269640547778
22.831,-2.9851978347466,0.0757121405518886,2.36193395978759,-0.0148021652533963
22.832,-2.98512604361588,0.0678858786587458,2.36193395978759,-0.0148739563841156
22.833,-2.98506203210533,0.0601522709005927,2.36193395978759,-0.0149379678946739
22.834,-2.98500570943762,0.0525075747145216,2.36193395978759,-0.0149942905623774
22.835,-2.98495698854507,0.0449481131416115,2.36193395978759,-0.0150430114549334
22.836,-2.98491578600491,0.0374702729000007,2.36193395978759,-0.0150842139950855
22.837,-2.98488202197665,0.0300705024973151,2.36193395978759,-0.0151179780233472
22.838,-2.98485562014114,0.0227453103814877,2.36193395978759,-0.0151443798588637
22.839,-2.98484713480121,0,2.361970761119,-0.0151528651987909
22.84,-2.98484713480121,0,2.36398165931459,-0.0151528651987909
22.841,-2.98484713480121,0,2.36489890893449,-0.0151528651987909
22.842,-2.98484713480121,0,2.36508306399077,-0.0151528651987909
22.843,-2.98484713480121,0,2.36477581106541,-0.0151528651987909
22.844,-2.98484713480121,0,2.36413915751917,-0.0151528651987909
22.845,-2.98484713480121,0,2.36328170013357,-0.0151528651987909
22.846,-2.98484713480121,0,2.36227623350821,-0.0151528651987909
22.847,-2.98484713480121,0,2.36117155332244,-0.0151528651987909
22.848,-2.98484713480121,0,2.36000036829829,-0.0151528651987909
22.849,-2.98484713480121,0,2.35878460374781,-0.0151528651987909
22.85,-2.98484713480121,0,2.35753895664718,-0.0151528651987909
22.851,-2.98484713480121,0,2.35627327867417,-0.0151528651987909
22.852,-2.98484713480121,0,2.35499417360586,-0.0151528651987909
22.853,-2.98484713480121,0,2.35370606808641,-0.0151528651987909
22.854,-2.98484713480121,0,2.35241192938414,-0.0151528651987909
22.855,-2.98484713480121,0,2.35111374651848,-0.0151528651987909
22.856,-2.98484713480121,0,2.34981285276903,-0.0151528651987909
22.857,-2.98484713480121,0,2.34851014185984,-0.0151528651987909
22.858,-2.98484713480121,0,2.34720621287204,-0.0151528651987909
22.859,-2.98484713480121,0,2.34590146738174,-0.0151528651987909
22.86,-2.98484713480121,0,2.34459617457344,-0.0151528651987909
22.861,-2.98484713480121,0,2.34329051488691,-0.0151528651987909
22.862,-2.98484713480121,0,2.34198460927456,-0.0151528651987909
22.863,-2.98484713480121,0,2.34067853881319,-0.0151528651987909
22.864,-2.98484713480121,0,2.33937235785022,-0.0151528651987909
22.865,-2.98484713480121,0,2.33806610281582,-0.0151528651987909
22.866,-2.98484713480121,0,2.33675979812985,-0.0151528651987909
22.867,-2.98484713480121,0,2.33545346016144,-0.0151528651987909
22.868,-2.98484713480121,0,2.33414709988314,-0.0151528651987909
22.869,-2.98484713480121,0,2.33284072465007,-0.0151528651987909
22.87,-2.98484713480121,0,2.33153433939252,-0.0151528651987909
22.871,-2.98484713480121,0,2.33022794741537,-0.0151528651987909
22.872,-2.98484713480121,0,2.32892155093393,-0.0151528651987909
22.873,-2.98484713480121,0,2.32761515143317,-0.0151528651987909
22.874,-2.98484713480121,0,2.32630874990851,-0.0151528651987909
22.875,-2.98484713480121,0,2.32500234702718,-0.0151528651987909
22.876,-2.98484713480121,0,2.32369594323644,-0.0151528651987909
22.877,-2.98484713480121,0,2.32238953883613,-0.0151528651987909
22.878,-2.98484713480121,0,2.32108313402719,-0.0151528651987909
22.879,-2.98484713480121,0,2.31977672894434,-0.0151528651987909
22.88,-2.98484713480121,0,2.31847032367789,-0.0151528651987909
22.881,-2.98484713480121,0,2.31716391828837,-0.0151528651987909
22.882,-2.98484713480121,0,2.31585751281634,-0.0151528651987909
22.883,-2.98484713480121,0,2.31455110728902,-0.0151528651987909
22.884,-2.98484713480121,0,2.31324470172463,-0.0151528651987909
22.885,-2.98484713480121,0,2.31193829613538,-0.0151528651987909
22.886,-2.98484713480121,0,2.31063189052949,-0.0151528651987909
22.887,-2.98484713480121,0,2.30932548491243,-0.0151528651987909
22.888,-2.98484713480121,0,2.30801907928788,-0.0151528651987909
22.889,-2.98484713480121,0,2.30671267365832,-0.0151528651987909
22.89,-2.98484713480121,0,2.30540626802539,-0.0151528651987909
22.891,-2.98484713480121,0,2.30409986239021,-0.0151528651987909
22.892,-2.98484713480121,0,2.30279345675352,-0.0151528651987909
22.893,-2.98484713480121,0,2.30148705111581,-0.0151528651987909
22.894,-2.98484713480121,0,2.30018064547743,-0.0151528651987909
22.895,-2.98484713480121,0,2.29887423983859,-0.0151528651987909
22.896,-2.98484713480121,0,2.29756783419945,-0.0151528651987909
22.897,-2.98484713480121,0,2.2962614285601,-0.0151528651987909
22.898,-2.98484713480121,0,2.29495502292061,-0.0151528651987909
22.899,-2.98484713480121,0,2.29364861728104,-0.0151528651987909
22.9,-2.98484713480121,0,2.2923422116414,-0.0151528651987909
22.901,-2.98484713480121,0,2.29103580600172,-0.0151528651987909
22.902,-2.98484713480121,0,2.28972940036201,-0.0151528651987909
22.903,-2.98484713480121,0,2.28842299472229,-0.0151528651987909
22.904,-2.98484713480121,0,2.28711658908255,-0.0151528651987909
22.905,-2.98484713480121,0,2.2858101834428,-0.0151528651987909
22.906,-2.98484713480121,0,2.28450377780305,-0.0151528651987909
22.907,-2.98484713480121,0,2.28319737216329,-0.0151528651987909
22.908,-2.98484713480121,0,2.28189096652353,-0.0151528651987909
22.909,-2.98484713480121,0,2.28058456088377,-0.0151528651987909
22.91,-2.98484713480121,0,2.27927815524401,-0.0151528651987909
22.911,-2.98484713480121,0,2.27797174960425,-0.0151528651987909
22.912,-2.98484713480121,0,2.27666534396448,-0.0151528651987909
22.913,-2.98484713480121,0,2.27535893832472,-0.0151528651987909
22.914,-2.98484713480121,0,2.27405253268495,-0.0151528651987909
22.915,-2.98484713480121,0,2.27274612704519,-0.0151528651987909
22.916,-2.98484713480121,0,2.27143972140542,-0.0151528651987909
22.917,-2.98484713480121,0,2.27013331576566,-0.0151528651987909
22.918,-2.98484713480121,0,2.2688269101259,-0.0151528651987909
22.919,-2.98484713480121,0,2.26752050448613,-0.0151528651987909
22.92,-2.98484713480121,0,2.26621409884637,-0.0151528651987909
22.921,-2.98484713480121,0,2.2649076932066,-0.0151528651987909
22.922,-2.98484713480121,0,2.26360128756684,-0.0151528651987909
22.923,-2.98484713480121,0,2.26229488192707,-0.0151528651987909
22.924,-2.98484713480121,0,2.26098847628731,-0.0151528651987909
22.925,-2.98484713480121,0,2.25968207064754,-0.0151528651987909
22.926,-2.98484713480121,0,2.25837566500778,-0.0151528651987909
22.927,-2.98484713480121,0,2.25706925936802,-0.0151528651987909
22.928,-2.98484713480121,0,2.25576285372825,-0.0151528651987909
22.929,-2.98484713480121,0,2.25445644808849,-0.0151528651987909
22.93,-2.98484713480121,0,2.25315004244872,-0.0151528651987909
22.931,-2.98484713480121,0,2.25184363680896,-0.0151528651987909
22.932,-2.98484713480121,0,2.25053723116919,-0.0151528651987909
22.933,-2.98484713480121,0,2.24923082552943,-0.0151528651987909
22.934,-2.98484713480121,0,2.24792441988966,-0.0151528651987909
22.935,-2.98484713480121,0,2.2466180142499,-0.0151528651987909
22.936,-2.98484713480121,0,2.24531160861014,-0.0151528651987909
22.937,-2.98484713480121,0,2.24400520297037,-0.0151528651987909
22.938,-2.98484713480121,0,2.24269879733061,-0.0151528651987909
22.939,-2.98484713480121,0,2.24139239169084,-0.0151528651987909
22.94,-2.98484713480121,0,2.24008598605108,-0.0151528651987909
22.941,-2.98484713480121,0,2.23877958041131,-0.0151528651987909
22.942,-2.98484713480121,0,2.23747317477155,-0.0151528651987909
22.943,-2.98484713480121,0,2.23616676913178,-0.0151528651987909
22.944,-2.98484713480121,0,2.23486036349202,-0.0151528651987909
22.945,-2.98484713480121,0,2.23355395785226,-0.0151528651987909
22.946,-2.98484713480121,0,2.23224755221249,-0.0151528651987909
22.947,-2.98484713480121,0,2.23094114657273,-0.0151528651987909
22.948,-2.98484713480121,0,2.22963474093296,-0.0151528651987909
22.949,-2.98484713480121,0,2.2283283352932,-0.0151528651987909
22.95,-2.98484713480121,0,2.22702192965343,-0.0151528651987909
22.951,-2.98484713480121,0,2.22571552401367,-0.0151528651987909
22.952,-2.98484713480121,0,2.2244091183739,-0.0151528651987909
22.953,-2.98484713480121,0,2.22310271273414,-0.0151528651987909
22.954,-2.98484713480121,0,2.22179630709438,-0.0151528651987909
22.955,-2.98484713480121,0,2.22048990145461,-0.0151528651987909
22.956,-2.98484713480121,0,2.21918349581485,-0.0151528651987909
22.957,-2.98484713480121,0,2.21787709017508,-0.0151528651987909
22.958,-2.98484713480121,0,2.21657068453532,-0.0151528651987909
22.959,-2.98484713480121,0,2.21526427889555,-0.0151528651987909
22.96,-2.98484713480121,0,2.21395787325579,-0.0151528651987909
22.961,-2.98484713480121,0,2.21265146761603,-0.0151528651987909
22.962,-2.98484713480121,0,2.21134506197626,-0.0151528651987909
22.963,-2.98484713480121,0,2.2100386563365,-0.0151528651987909
22.964,-2.98484713480121,0,2.20873225069673,-0.0151528651987909
22.965,-2.98484713480121,0,2.20742584505697,-0.0151528651987909
22.966,-2.98484713480121,0,2.2061194394172,-0.0151528651987909
22.967,-2.98484713480121,0,2.20481303377744,-0.0151528651987909
22.968,-2.98484713480121,0,2.20350662813767,-0.0151528651987909
22.969,-2.98484713480121,0,2.20220022249791,-0.0151528651987909
22.97,-2.98484713480121,0,2.20089381685814,-0.0151528651987909
22.971,-2.98484713480121,0,2.19958741121838,-0.0151528651987909
22.972,-2.98484713480121,0,2.19828100557862,-0.0151528651987909
22.973,-2.98484713480121,0,2.19697459993885,-0.0151528651987909
22.974,-2.98484713480121,0,2.19566819429909,-0.0151528651987909
22.975,-2.98484713480121,0,2.19436178865932,-0.0151528651987909
22.976,-2.98484713480121,0,2.19305538301956,-0.0151528651987909
22.977,-2.98484713480121,0,2.19174897737979,-0.0151528651987909
22.978,-2.98484713480121,0,2.19044257174003,-0.0151528651987909
22.979,-2.98484713480121,0,2.18913616610027,-0.0151528651987909
22.98,-2.98484713480121,0,2.1878297604605,-0.0151528651987909
22.981,-2.98484713480121,0,2.18652335482074,-0.0151528651987909
22.982,-2.98484713480121,0,2.18521694918097,-0.0151528651987909
22.983,-2.98484713480121,0,2.18391054354121,-0.0151528651987909
22.984,-2.98484713480121,0,2.18260413790144,-0.0151528651987909
22.985,-2.98484713480121,0,2.18129773226168,-0.0151528651987909
22.986,-2.98484713480121,0,2.17999132662191,-0.0151528651987909
22.987,-2.98484713480121,0,2.17868492098215,-0.0151528651987909
22.988,-2.98484713480121,0,2.17737851534238,-0.0151528651987909
22.989,-2.98484713480121,0,2.17607210970262,-0.0151528651987909
22.99,-2.98484713480121,0,2.17476570406286,-0.0151528651987909
22.991,-2.98484713480121,0,2.17345929842309,-0.0151528651987909
22.992,-2.98484713480121,0,2.17215289278333,-0.0151528651987909
22.993,-2.98484713480121,0,2.17084648714356,-0.0151528651987909
22.994,-2.98484713480121,0,2.1695400815038,-0.0151528651987909
22.995,-2.98484713480121,0,2.16823367586403,-0.0151528651987909
22.996,-2.98484713480121,0,2.16692727022427,-0.0151528651987909
22.997,-2.98484713480121,0,2.16562086458451,-0.0151528651987909
22.998,-2.98484713480121,0,2.16431445894474,-0.0151528651987909
22.999,-2.98484713480121,0,2.16300805330498,-0.0151528651987909
23,-2.98484713480121,0,2.16170164766521,-0.0151528651987909
