t,x,v,u,e
20,-3.01097261111364,0.848333603185606,2.52037252857736,0.0109726111136408
20.001,-3.0101041021695,0.88868519759667,2.47977573606137,0.0101041021695023
20.002,-3.00920350081689,0.912543169422647,2.44349161100144,0.00920350081689358
20.003,-3.00828635243259,0.921800332596471,2.41208522313981,0.00828635243258624
20.004,-3.00736620471126,0.918559130311775,2.38579210440294,0.00736620471126237
20.005,-3.00645446534682,0.904997189980074,2.36458130085777,0.00645446534682259
20.006,-3.00556038090609,0.883259340838199,2.36458130085777,0.00556038090608668
20.007,-3.0046877734541,0.862041134638345,2.33591998530144,0.00468777345409643
20.008,-3.00384197676308,0.82965143625761,2.33591998530144,0.00384197676308418
20.009,-3.00302827504176,0.797848369028731,2.33591998530144,0.00302827504176317
20.01,-3.00224609007959,0.766615149533162,2.33591998530144,0.00224609007958865
20.011,-3.00149486027744,0.735935336954405,2.33591998530144,0.00149486027744095
20.012,-3.00077404030915,0.705792824850621,2.33591998530144,0.000774040309146962
20.013,-3.00008310079116,0.676171833081144,2.33591998530144,8.3100791164803e-05
20.014,-2.99942152796024,0.647056899884576,2.33591998530144,-0.000578472039755251
20.015,-2.99878882335896,0.618432874106185,2.33591998530144,-0.00121117664104364
20.016,-2.9981845035289,0.590284907572268,2.33591998530144,-0.00181549647109902
20.017,-2.99760809971149,0.562598447609181,2.33591998530144,-0.00239190028851022
20.018,-2.99705915755612,0.535359229704684,2.33591998530144,-0.00294084244388193
20.019,-2.99653723683562,0.508553270309299,2.33591998530144,-0.00346276316437999
20.02,-2.99604191116884,0.482166859775327,2.33591998530144,-0.00395808883115567
20.021,-2.99557276775023,0.45618655543122,2.33591998530144,-0.00442723224977026
20.022,-2.99512940708623,0.430599174788977,2.33591998530144,-0.00487059291376779
20.023,-2.99471144273848,0.405391788882256,2.36465872197175,-0.00528855726151534
20.024,-2.99431261535109,0.392307063150673,2.36465872197175,-0.00568738464890872
20.025,-2.99392674165561,0.379483212397466,2.36465872197175,-0.00607325834438699
20.026,-2.99355356432887,0.366913159053688,2.36465872197175,-0.00644643567112713
20.027,-2.99319283304781,0.35458997980719,2.36465872197175,-0.0068071669521883
20.028,-2.99284430433714,0.342506901809292,2.36465872197175,-0.00715569566286112
20.029,-2.99250774142073,0.330657298963106,2.36465872197175,-0.00749225857926783
20.03,-2.99218291407671,0.319034688291792,2.36465872197175,-0.00781708592329489
20.031,-2.99186959849607,0.307632726385063,2.36465872197175,-0.00813040150392785
20.032,-2.99156757714493,0.296445205922274,2.36465872197175,-0.00843242285507273
20.033,-2.99127663863006,0.285466052270457,2.36465872197175,-0.00872336136993956
20.034,-2.99099657756794,0.274689320155708,2.36465872197175,-0.00900342243205898
20.035,-2.99072719445699,0.264109190406315,2.39041675856635,-0.00927280554300713
20.036,-2.99046301209668,0.264272340648908,2.39041675856635,-0.00953698790332114
20.037,-2.99019861628376,0.264535968203482,2.39041675856635,-0.00980138371623696
20.038,-2.98993390691561,0.264899331243586,2.39041675856635,-0.0100660930843923
20.039,-2.98966878460894,0.26536173276698,2.39041675856635,-0.0103312153910617
20.04,-2.98940315065533,0.265922519964772,2.39041675856635,-0.0105968493446675
20.041,-2.98913690697734,0.266581083612899,2.39041675856635,-0.0108630930226639
20.042,-2.98886995608517,0.26733685748555,2.39041675856635,-0.0111300439148305
20.043,-2.98860220103402,0.268189317790139,2.39041675856635,-0.011397798965981
20.044,-2.98833354538187,0.269137982623467,2.39041675856635,-0.0116664546181289
20.045,-2.98806389314789,0.27018241144871,2.36758535173593,-0.0119361068521058
20.046,-2.98779783683785,0.261958967226752,2.36758535173593,-0.0122021631621481
20.047,-2.98753991846123,0.253905783066482,2.36758535173593,-0.0124600815387654
20.048,-2.98728997002549,0.246018340956608,2.36758535173593,-0.0127100299745124
20.049,-2.98704782800548,0.238292223636416,2.36758535173593,-0.0129521719945176
20.05,-2.98681333324401,0.230723112113339,2.36758535173593,-0.013186666755987
20.051,-2.98658633085474,0.223306783235917,2.36758535173593,-0.0134136691452551
20.052,-2.98636667012757,0.216039107320917,2.36758535173593,-0.0136333298724338
20.053,-2.98615420443628,0.208916045833403,2.36758535173593,-0.0138457955637188
20.054,-2.9859487911486,0.201933649118563,2.36758535173593,-0.0140512088513964
20.055,-2.98575029153839,0.195088054184135,2.36758535173593,-0.014249708461612
20.056,-2.98555857070006,0.188375482532279,2.36758535173593,-0.0144414292999442
20.057,-2.98537349746516,0.181792238039781,2.36758535173593,-0.0146265025348371
20.058,-2.98519494432107,0.17533470488549,2.36758535173593,-0.014805055678933
20.059,-2.98502278733164,0.168999345523906,2.36758535173593,-0.0149772126683576
20.06,-2.98485690606,0.162782698703866,2.36758535173593,-0.0151430939400012
20.061,-2.98469718349316,0.15668137753129,2.36758535173593,-0.0153028165068423
20.062,-2.98454350596865,0.150692067574978,2.36758535173593,-0.0154564940313509
20.063,-2.98439576310297,0.144811525014459,2.36758535173593,-0.0156042368970262
20.064,-2.98425384772191,0.139036574828911,2.36758535173593,-0.0157461522780933
20.065,-2.98411765579258,0.13336410902622,2.36758535173593,-0.015882344207419
20.066,-2.98398708635733,0.127791084911207,2.36758535173593,-0.0160129136426681
20.067,-2.98386204146925,0.122314523392148,2.36758535173593,-0.0161379585307522
20.068,-2.9837424261294,0.11693150732465,2.36758535173593,-0.0162575738705995
20.069,-2.98362814822571,0.11163917989203,2.36758535173593,-0.0163718517742937
20.07,-2.9835191184734,0.106434743021327,2.36758535173593,-0.016480881526602
20.071,-2.98341525035705,0.101315455834104,2.36758535173593,-0.0165847496429459
20.072,-2.98331646007417,0.0962786331312046,2.36758535173593,-0.0166835399258303
20.073,-2.98322266648022,0.0913216439106774,2.36758535173593,-0.0167773335197832
20.074,-2.98313379103518,0.0864419099180484,2.36758535173593,-0.0168662089648226
20.075,-2.9830497577515,0.0816369042281883,2.36758535173593,-0.0169502422484973
20.076,-2.98297049314349,0.0769041498580015,2.36758535173593,-0.0170295068565123
20.077,-2.982895926178,0.0722412184091966,2.36758535173593,-0.0171040738219954
20.078,-2.98282598822659,0.0676457287404119,2.36758535173593,-0.0171740117734132
20.079,-2.98276061301882,0.0631153456679794,2.36758535173593,-0.0172393869811782
20.08,-2.98269973659703,0.0586477786946333,2.36758535173593,-0.0173002634029658
20.081,-2.98264329727222,0.0542407807654749,2.36758535173593,-0.0173567027277786
20.082,-2.98259123558122,0.0498921470505285,2.36758535173593,-0.0174087644187781
20.083,-2.98254349424509,0.0455997137532313,2.36758535173593,-0.0174565057549101
20.084,-2.98250001812865,0.0413613569442165,2.36758535173593,-0.0174999818713517
20.085,-2.98246075420119,0.0371749914197622,2.36758535173593,-0.0175392457988095
20.086,-2.98242565149832,0.0330385695842918,2.36758535173593,-0.0175743485016819
20.087,-2.98239466108488,0.0289500803563257,2.36758535173593,-0.0176053389151201
20.088,-2.982367736019,0.0249075480972915,2.36758535173593,-0.0176322639810023
20.089,-2.98234483131715,0.0209090315626221,2.36758535173593,-0.0176551686828517
20.09,-2.98233962318448,0,2.36117094286141,-0.0176603768155212
20.091,-2.98233962318448,0,2.3630629643741,-0.0176603768155212
20.092,-2.98233962318448,0,2.36422184436592,-0.0176603768155212
20.093,-2.98233962318448,0,2.36483782108837,-0.0176603768155212
20.094,-2.98233962318448,0,2.36505167435438,-0.0176603768155212
20.095,-2.98233962318448,0,2.36496758382067,-0.0176603768155212
20.096,-2.98233962318448,0,2.36466264435361,-0.0176603768155212
20.097,-2.98233962318448,0,2.36419390757549,-0.0176603768155212
20.098,-2.98233962318448,0,2.36360359273848,-0.0176603768155212
20.099,-2.98233962318448,0,2.36292294286747,-0.0176603768155212
20.1,-2.98233962318448,0,2.36217507837678,-0.0176603768155212
20.101,-2.98233962318448,0,2.36137710879922,-0.0176603768155212
20.102,-2.98233962318448,0,2.36054169550446,-0.0176603768155212
20.103,-2.98233962318448,0,2.35967820813946,-0.0176603768155212
20.104,-2.98233962318448,0,2.3587935804157,-0.0176603768155212
20.105,-2.98233962318448,0,2.35789294340745,-0.0176603768155212
20.106,-2.98233962318448,0,2.35698009420431,-0.0176603768155212
20.107,-2.98233962318448,0,2.35605784272253,-0.0176603768155212
20.108,-2.98233962318448,0,2.35512826835196,-0.0176603768155212
20.109,-2.98233962318448,0,2.35419290987941,-0.0176603768155212
20.11,-2.98233962318448,0,2.3532529060355,-0.0176603768155212
20.111,-2.98233962318448,0,2.35230909950186,-0.0176603768155212
20.112,-2.98233962318448,0,2.35136211387845,-0.0176603768155212
20.113,-2.98233962318448,0,2.35041241064071,-0.0176603768155212
20.114,-2.98233962318448,0,2.349460331289,-0.0176603768155212
20.115,-2.98233962318448,0,2.34850612853986,-0.0176603768155212
20.116,-2.98233962318448,0,2.3475499894082,-0.0176603768155212
20.117,-2.98233962318448,0,2.3465920522885,-0.0176603768155212
20.118,-2.98233962318448,0,2.34563241959522,-0.0176603768155212
20.119,-2.98233962318448,0,2.34467116711696,-0.0176603768155212
20.12,-2.98233962318448,0,2.34370835093867,-0.0176603768155212
20.121,-2.98233962318448,0,2.34274401256425,-0.0176603768155212
20.122,-2.98233962318448,0,2.34177818270735,-0.0176603768155212
20.123,-2.98233962318448,0,2.34081088409664,-0.0176603768155212
20.124,-2.98233962318448,0,2.33984213355175,-0.0176603768155212
20.125,-2.98233962318448,0,2.33887194351953,-0.0176603768155212
20.126,-2.98233962318448,0,2.33790032321086,-0.0176603768155212
20.127,-2.98233962318448,0,2.33692727944197,-0.0176603768155212
20.128,-2.98233962318448,0,2.335952817257,-0.0176603768155212
20.129,-2.98233962318448,0,2.33497694038869,-0.0176603768155212
20.13,-2.98233962318448,0,2.33399965159936,-0.0176603768155212
20.131,-2.98233962318448,0,2.33302095293316,-0.0176603768155212
20.132,-2.98233962318448,0,2.33204084590281,-0.0176603768155212
20.133,-2.98233962318448,0,2.33105933162774,-0.0176603768155212
20.134,-2.98233962318448,0,2.33007641093635,-0.0176603768155212
20.135,-2.98233962318448,0,2.32909208444168,-0.0176603768155212
20.136,-2.98233962318448,0,2.32810635259739,-0.0176603768155212
20.137,-2.98233962318448,0,2.32711921573919,-0.0176603768155212
20.138,-2.98233962318448,0,2.32613067411551,-0.0176603768155212
20.139,-2.98233962318448,0,2.3251407279102,-0.0176603768155212
20.14,-2.98233962318448,0,2.32414937725932,-0.0176603768155212
20.141,-2.98233962318448,0,2.32315662226353,-0.0176603768155212
20.142,-2.98233962318448,0,2.32216246299735,-0.0176603768155212
20.143,-2.98233962318448,0,2.3211668995159,-0.0176603768155212
20.144,-2.98233962318448,0,2.32016993185999,-0.0176603768155212
20.145,-2.98233962318448,0,2.31917156005982,-0.0176603768155212
20.146,-2.98233962318448,0,2.31817178413772,-0.0176603768155212
20.147,-2.98233962318448,0,2.31717060411023,-0.0176603768155212
20.148,-2.98233962318448,0,2.31616801998959,-0.0176603768155212
20.149,-2.98233962318448,0,2.31516403178485,-0.0176603768155212
20.15,-2.98233962318448,0,2.31415863950271,-0.0176603768155212
20.151,-2.98233962318448,0,2.31315184314813,-0.0176603768155212
20.152,-2.98233962318448,0,2.31214364272478,-0.0176603768155212
20.153,-2.98233962318448,0,2.31113403823538,-0.0176603768155212
20.154,-2.98233962318448,0,2.31012302968194,-0.0176603768155212
20.155,-2.98233962318448,0,2.30911061706593,-0.0176603768155212
20.156,-2.98233962318448,0,2.30809680038847,-0.0176603768155212
20.157,-2.98233962318448,0,2.30708157965036,-0.0176603768155212
20.158,-2.98233962318448,0,2.30606495485222,-0.0176603768155212
20.159,-2.98233962318448,0,2.30504692599448,-0.0176603768155212
20.16,-2.98233962318448,0,2.30402749307747,-0.0176603768155212
20.161,-2.98233962318448,0,2.30300665610145,-0.0176603768155212
20.162,-2.98233962318448,0,2.30198441506658,-0.0176603768155212
20.163,-2.98233962318448,0,2.30096076997301,-0.0176603768155212
20.164,-2.98233962318448,0,2.29993572082084,-0.0176603768155212
20.165,-2.98233962318448,0,2.29890926761013,-0.0176603768155212
20.166,-2.98233962318448,0,2.29788141034094,-0.0176603768155212
20.167,-2.98233962318448,0,2.29685214901331,-0.0176603768155212
20.168,-2.98233962318448,0,2.29582148362727,-0.0176603768155212
20.169,-2.98233962318448,0,2.29478941418285,-0.0176603768155212
20.17,-2.98233962318448,0,2.29375594068005,-0.0176603768155212
20.171,-2.98233962318448,0,2.2927210631189,-0.0176603768155212
20.172,-2.98233962318448,0,2.2916847814994,-0.0176603768155212
20.173,-2.98233962318448,0,2.29064709582155,-0.0176603768155212
20.174,-2.98233962318448,0,2.28960800608536,-0.0176603768155212
20.175,-2.98233962318448,0,2.28856751229083,-0.0176603768155212
20.176,-2.98233962318448,0,2.28752561443798,-0.0176603768155212
20.177,-2.98233962318448,0,2.2864823125268,-0.0176603768155212
20.178,-2.98233962318448,0,2.28543760655728,-0.0176603768155212
20.179,-2.98233962318448,0,2.28439149652944,-0.0176603768155212
20.18,-2.98233962318448,0,2.28334398244327,-0.0176603768155212
20.181,-2.98233962318448,0,2.28229506429877,-0.0176603768155212
20.182,-2.98233962318448,0,2.28124474209595,-0.0176603768155212
20.183,-2.98233962318448,0,2.2801930158348,-0.0176603768155212
20.184,-2.98233962318448,0,2.27913988551532,-0.0176603768155212
20.185,-2.98233962318448,0,2.27808535113752,-0.0176603768155212
20.186,-2.98233962318448,0,2.27702941270139,-0.0176603768155212
20.187,-2.98233962318448,0,2.27597207020694,-0.0176603768155212
20.188,-2.98233962318448,0,2.27491332365417,-0.0176603768155212
20.189,-2.98233962318448,0,2.27385317304307,-0.0176603768155212
20.19,-2.98233962318448,0,2.27279161837364,-0.0176603768155212
20.191,-2.98233962318448,0,2.27172865964589,-0.0176603768155212
20.192,-2.98233962318448,0,2.27066429685981,-0.0176603768155212
20.193,-2.98233962318448,0,2.26959853001541,-0.0176603768155212
20.194,-2.98233962318448,0,2.26853135911269,-0.0176603768155212
20.195,-2.98233962318448,0,2.26746278415164,-0.0176603768155212
20.196,-2.98233962318448,0,2.26639280513226,-0.0176603768155212
20.197,-2.98233962318448,0,2.26532142205456,-0.0176603768155212
20.198,-2.98233962318448,0,2.26424863491854,-0.0176603768155212
20.199,-2.98233962318448,0,2.26317444372419,-0.0176603768155212
20.2,-2.98233962318448,0,2.26209884847151,-0.0176603768155212
20.201,-2.98233962318448,0,2.26102184916051,-0.0176603768155212
20.202,-2.98233962318448,0,2.25994344579119,-0.0176603768155212
20.203,-2.98233962318448,0,2.25886363836354,-0.0176603768155212
20.204,-2.98233962318448,0,2.25778242687756,-0.0176603768155212
20.205,-2.98233962318448,0,2.25669981133326,-0.0176603768155212
20.206,-2.98233962318448,0,2.25561579173064,-0.0176603768155212
20.207,-2.98233962318448,0,2.25453036806969,-0.0176603768155212
20.208,-2.98233962318448,0,2.25344354035041,-0.0176603768155212
20.209,-2.98233962318448,0,2.25235530857282,-0.0176603768155212
20.21,-2.98233962318448,0,2.25126567273689,-0.0176603768155212
20.211,-2.98233962318448,0,2.25017463284264,-0.0176603768155212
20.212,-2.98233962318448,0,2.24908218889007,-0.0176603768155212
20.213,-2.98233962318448,0,2.24798834087917,-0.0176603768155212
20.214,-2.98233962318448,0,2.24689308880995,-0.0176603768155212
20.215,-2.98233962318448,0,2.2457964326824,-0.0176603768155212
20.216,-2.98233962318448,0,2.24469837249652,-0.0176603768155212
20.217,-2.98233962318448,0,2.24359890825233,-0.0176603768155212
20.218,-2.98233962318448,0,2.2424980399498,-0.0176603768155212
20.219,-2.98233962318448,0,2.24139576758895,-0.0176603768155212
20.22,-2.98233962318448,0,2.24029209116978,-0.0176603768155212
20.221,-2.98233962318448,0,2.23918701069228,-0.0176603768155212
20.222,-2.98233962318448,0,2.23808052615646,-0.0176603768155212
20.223,-2.98233962318448,0,2.23697263756231,-0.0176603768155212
20.224,-2.98233962318448,0,2.23586334490984,-0.0176603768155212
20.225,-2.98233962318448,0,2.23475264819904,-0.0176603768155212
20.226,-2.98233962318448,0,2.23364054742992,-0.0176603768155212
20.227,-2.98233962318448,0,2.23252704260247,-0.0176603768155212
20.228,-2.98233962318448,0,2.2314121337167,-0.0176603768155212
20.229,-2.98233962318448,0,2.2302958207726,-0.0176603768155212
20.23,-2.98233962318448,0,2.22917810377018,-0.0176603768155212
20.231,-2.98233962318448,0,2.22805898270943,-0.0176603768155212
20.232,-2.98233962318448,0,2.22693845759036,-0.0176603768155212
20.233,-2.98233962318448,0,2.22581652841296,-0.0176603768155212
20.234,-2.98233962318448,0,2.22469319517724,-0.0176603768155212
20.235,-2.98233962318448,0,2.22356845788319,-0.0176603768155212
20.236,-2.98233962318448,0,2.22244231653082,-0.0176603768155212
20.237,-2.98233962318448,0,2.22131477112012,-0.0176603768155212
20.238,-2.98233962318448,0,2.2201858216511,-0.0176603768155212
20.239,-2.98233962318448,0,2.21905546812375,-0.0176603768155212
20.24,-2.98233962318448,0,2.21792371053808,-0.0176603768155212
20.241,-2.98233962318448,0,2.21679054889409,-0.0176603768155212
20.242,-2.98233962318448,0,2.21565598319176,-0.0176603768155212
20.243,-2.98233962318448,0,2.21452001343112,-0.0176603768155212
20.244,-2.98233962318448,0,2.21338263961215,-0.0176603768155212
20.245,-2.98233962318448,0,2.21224386173485,-0.0176603768155212
20.246,-2.98233962318448,0,2.21110367979923,-0.0176603768155212
20.247,-2.98233962318448,0,2.20996209380528,-0.0176603768155212
20.248,-2.98233962318448,0,2.20881910375301,-0.0176603768155212
20.249,-2.98233962318448,0,2.20767470964242,-0.0176603768155212
20.25,-2.98233962318448,0,2.2065289114735,-0.0176603768155212
20.251,-2.98233962318448,0,2.20538170924625,-0.0176603768155212
20.252,-2.98233962318448,0,2.20423310296068,-0.0176603768155212
20.253,-2.98233962318448,0,2.20308309261679,-0.0176603768155212
20.254,-2.98233962318448,0,2.20193167821456,-0.0176603768155212
20.255,-2.98233962318448,0,2.20077885975402,-0.0176603768155212
20.256,-2.98233962318448,0,2.19962463723515,-0.0176603768155212
20.257,-2.98233962318448,0,2.19846901065795,-0.0176603768155212
20.258,-2.98233962318448,0,2.19731198002243,-0.0176603768155212
20.259,-2.98233962318448,0,2.19615354532859,-0.0176603768155212
20.26,-2.98233962318448,0,2.19499370657642,-0.0176603768155212
20.261,-2.98233962318448,0,2.19383246376592,-0.0176603768155212
20.262,-2.98233962318448,0,2.1926698168971,-0.0176603768155212
20.263,-2.98233962318448,0,2.19150576596996,-0.0176603768155212
20.264,-2.98233962318448,0,2.19034031098449,-0.0176603768155212
20.265,-2.98233962318448,0,2.1891734519407,-0.0176603768155212
20.266,-2.98233962318448,0,2.18800518883858,-0.0176603768155212
20.267,-2.98233962318448,0,2.18683552167813,-0.0176603768155212
20.268,-2.98233962318448,0,2.18566445045936,-0.0176603768155212
20.269,-2.98233962318448,0,2.18449197518227,-0.0176603768155212
20.27,-2.98233962318448,0,2.18331809584685,-0.0176603768155212
20.271,-2.98233962318448,0,2.18214281245311,-0.0176603768155212
20.272,-2.98233962318448,0,2.18096612500104,-0.0176603768155212
20.273,-2.98233962318448,0,2.17978803349064,-0.0176603768155212
20.274,-2.98233962318448,0,2.17860853792192,-0.0176603768155212
20.275,-2.98233962318448,0,2.17742763829488,-0.0176603768155212
20.276,-2.98233962318448,0,2.17624533460951,-0.0176603768155212
20.277,-2.98233962318448,0,2.17506162686582,-0.0176603768155212
20.278,-2.98233962318448,0,2.1738765150638,-0.0176603768155212
20.279,-2.98233962318448,0,2.17268999920346,-0.0176603768155212
20.28,-2.98233962318448,0,2.17150207928479,-0.0176603768155212
20.281,-2.98233962318448,0,2.17031275530779,-0.0176603768155212
20.282,-2.98233962318448,0,2.16912202727248,-0.0176603768155212
20.283,-2.98233962318448,0,2.16792989517883,-0.0176603768155212
20.284,-2.98233962318448,0,2.16673635902687,-0.0176603768155212
20.285,-2.98233962318448,0,2.16554141881657,-0.0176603768155212
20.286,-2.98233962318448,0,2.16434507454796,-0.0176603768155212
20.287,-2.98233962318448,0,2.16314732622101,-0.0176603768155212
20.288,-2.98233962318448,0,2.16194817383575,-0.0176603768155212
20.289,-2.98233962318448,0,2.16074761739215,-0.0176603768155212
20.29,-2.98233962318448,0,2.15954565689024,-0.0176603768155212
20.291,-2.98233962318448,0,2.15834229232999,-0.0176603768155212
20.292,-2.98233962318448,0,2.15713752371143,-0.0176603768155212
20.293,-2.98233962318448,0,2.15593135103453,-0.0176603768155212
20.294,-2.98233962318448,0,2.15472377429932,-0.0176603768155212
20.295,-2.98233962318448,0,2.15351479350577,-0.0176603768155212
20.296,-2.98233962318448,0,2.15230440865391,-0.0176603768155212
20.297,-2.98233962318448,0,2.15109261974372,-0.0176603768155212
20.298,-2.98233962318448,0,2.1498794267752,-0.0176603768155212
20.299,-2.98233962318448,0,2.14866482974836,-0.0176603768155212
20.3,-2.98233962318448,0,2.14744882866319,-0.0176603768155212
20.301,-2.98233962318448,0,2.1462314235197,-0.0176603768155212
20.302,-2.98233962318448,0,2.14501261431788,-0.0176603768155212
20.303,-2.98233962318448,0,2.14379240105774,-0.0176603768155212
20.304,-2.98233962318448,0,2.14257078373928,-0.0176603768155212
20.305,-2.98233962318448,0,2.14134776236249,-0.0176603768155212
20.306,-2.98233962318448,0,2.14012333692737,-0.0176603768155212
20.307,-2.98233962318448,0,2.13889750743393,-0.0176603768155212
20.308,-2.98233962318448,0,2.13767027388216,-0.0176603768155212
20.309,-2.98233962318448,0,2.13644163627207,-0.0176603768155212
20.31,-2.98233962318448,0,2.13521159460366,-0.0176603768155212
20.311,-2.98233962318448,0,2.13398014887692,-0.0176603768155212
20.312,-2.98233962318448,0,2.13274729909185,-0.0176603768155212
20.313,-2.98233962318448,0,2.13151304524846,-0.0176603768155212
20.314,-2.98233962318448,0,2.13027738734674,-0.0176603768155212
20.315,-2.98233962318448,0,2.1290403253867,-0.0176603768155212
20.316,-2.98233962318448,0,2.12780185936834,-0.0176603768155212
20.317,-2.98233962318448,0,2.12656198929165,-0.0176603768155212
20.318,-2.98233962318448,0,2.12532071515663,-0.0176603768155212
20.319,-2.98233962318448,0,2.12407803696329,-0.0176603768155212
20.32,-2.98233962318448,0,2.12283395471163,-0.0176603768155212
20.321,-2.98233962318448,0,2.12158846840164,-0.0176603768155212
20.322,-2.98233962318448,0,2.12034157803332,-0.0176603768155212
20.323,-2.98233962318448,0,2.11909328360669,-0.0176603768155212
20.324,-2.98233962318448,0,2.11784358512172,-0.0176603768155212
20.325,-2.98233962318448,0,2.11659248257843,-0.0176603768155212
20.326,-2.98233962318448,0,2.11533997597682,-0.0176603768155212
20.327,-2.98233962318448,0,2.11408606531688,-0.0176603768155212
20.328,-2.98233962318448,0,2.11283075059861,-0.0176603768155212
20.329,-2.98233962318448,0,2.11157403182202,-0.0176603768155212
20.33,-2.98233962318448,0,2.11031590898711,-0.0176603768155212
20.331,-2.98233962318448,0,2.10905638209387,-0.0176603768155212
20.332,-2.98233962318448,0,2.10779545114231,-0.0176603768155212
20.333,-2.98233962318448,0,2.10653311613242,-0.0176603768155212
20.334,-2.98233962318448,0,2.10526937706421,-0.0176603768155212
20.335,-2.98233962318448,0,2.10400423393767,-0.0176603768155212
20.336,-2.98233962318448,0,2.1027376867528,-0.0176603768155212
20.337,-2.98233962318448,0,2.10146973550961,-0.0176603768155212
20.338,-2.98233962318448,0,2.1002003802081,-0.0176603768155212
20.339,-2.98233962318448,0,2.09892962084826,-0.0176603768155212
20.34,-2.98233962318448,0,2.0976574574301,-0.0176603768155212
20.341,-2.98233962318448,0,2.09638388995361,-0.0176603768155212
20.342,-2.98233962318448,0,2.0951089184188,-0.0176603768155212
20.343,-2.98233962318448,0,2.09383254282566,-0.0176603768155212
20.344,-2.98233962318448,0,2.0925547631742,-0.0176603768155212
20.345,-2.98233962318448,0,2.09127557946441,-0.0176603768155212
20.346,-2.98233962318448,0,2.0899949916963,-0.0176603768155212
20.347,-2.98233962318448,0,2.08871299986986,-0.0176603768155212
20.348,-2.98233962318448,0,2.0874296039851,-0.0176603768155212
20.349,-2.98233962318448,0,2.08614480404201,-0.0176603768155212
20.35,-2.98233962318448,0,2.0848586000406,-0.0176603768155212
20.351,-2.98233962318448,0,2.08357099198086,-0.0176603768155212
20.352,-2.98233962318448,0,2.0822819798628,-0.0176603768155212
20.353,-2.98233962318448,0,2.08099156368641,-0.0176603768155212
20.354,-2.98233962318448,0,2.0796997434517,-0.0176603768155212
20.355,-2.98233962318448,0,2.07840651915866,-0.0176603768155212
20.356,-2.98233962318448,0,2.0771118908073,-0.0176603768155212
20.357,-2.98233962318448,0,2.07581585839762,-0.0176603768155212
20.358,-2.98233962318448,0,2.0745184219296,-0.0176603768155212
20.359,-2.98233962318448,0,2.07321958140327,-0.0176603768155212
20.36,-2.98233962318448,0,2.0719193368186,-0.0176603768155212
20.361,-2.98233962318448,0,2.07061768817562,-0.0176603768155212
20.362,-2.98233962318448,0,2.06931463547431,-0.0176603768155212
20.363,-2.98233962318448,0,2.06801017871467,-0.0176603768155212
20.364,-2.98233962318448,0,2.06670431789671,-0.0176603768155212
20.365,-2.98233962318448,0,2.06539705302042,-0.0176603768155212
20.366,-2.98233962318448,0,2.06408838408581,-0.0176603768155212
20.367,-2.98233962318448,0,2.06277831109288,-0.0176603768155212
20.368,-2.98233962318448,0,2.06146683404162,-0.0176603768155212
20.369,-2.98233962318448,0,2.06015395293203,-0.0176603768155212
20.37,-2.98233962318448,0,2.05883966776412,-0.0176603768155212
20.371,-2.98233962318448,0,2.05752397853789,-0.0176603768155212
20.372,-2.98233962318448,0,2.05620688525332,-0.0176603768155212
20.373,-2.98233962318448,0,2.05488838791044,-0.0176603768155212
20.374,-2.98233962318448,0,2.05356848650923,-0.0176603768155212
20.375,-2.98233962318448,0,2.05224718104969,-0.0176603768155212
20.376,-2.98233962318448,0,2.05092447153183,-0.0176603768155212
20.377,-2.98233962318448,0,2.04960035795565,-0.0176603768155212
20.378,-2.98233962318448,0,2.04827484032114,-0.0176603768155212
20.379,-2.98233962318448,0,2.0469479186283,-0.0176603768155212
20.38,-2.98233962318448,0,2.04561959287714,-0.0176603768155212
20.381,-2.98233962318448,0,2.04428986306766,-0.0176603768155212
20.382,-2.98233962318448,0,2.04295872919985,-0.0176603768155212
20.383,-2.98233962318448,0,2.04162619127372,-0.0176603768155212
20.384,-2.98233962318448,0,2.04029224928926,-0.0176603768155212
20.385,-2.98233962318448,0,2.03895690324647,-0.0176603768155212
20.386,-2.98233962318448,0,2.03762015314536,-0.0176603768155212
20.387,-2.98233962318448,0,2.03628199898593,-0.0176603768155212
20.388,-2.98233962318448,0,2.03494244076817,-0.0176603768155212
20.389,-2.98233962318448,0,2.03360147849208,-0.0176603768155212
20.39,-2.98233962318448,0,2.03225911215768,-0.0176603768155212
20.391,-2.98233980100499,-0.000355650809016772,2.03225911215768,-0.0176601989950136
20.392,-2.98234033452527,-0.000711419137410105,2.03225911215768,-0.0176596654747314
20.393,-2.98234122392162,-0.00106742254332738,2.03225911215768,-0.0176587760783811
20.394,-2.98234246948793,-0.00142377866247054,2.03225911215768,-0.017657530512075
20.395,-2.98234407163576,-0.00178060524690419,2.03225911215768,-0.0176559283642361
20.396,-2.98234603089454,-0.00213802020390273,2.03225911215768,-0.0176539691054596
20.397,-2.98234834791166,-0.00249614163484857,2.03225911215768,-0.0176516520883401
20.398,-2.98235102345274,-0.00285508787419355,2.03225911215768,-0.0176489765472572
20.399,-2.98235405840188,-0.00321497752849672,2.03225911215768,-0.0176459415981243
20.4,-2.98235745376191,-0.00357592951555142,2.03225911215768,-0.0176425462380934
20.401,-2.98236121065477,-0.00393806310361496,2.03225911215768,-0.0176387893452294
20.402,-2.98236533032186,-0.00430149795075139,2.03225911215768,-0.017634669678138
20.403,-2.98236981412445,-0.004666354144304,2.03225911215768,-0.0176301858755519
20.404,-2.98237466354411,-0.00503275224050769,2.03225911215768,-0.0176253364558883
20.405,-2.98237988018324,-0.00540081330425562,2.03225911215768,-0.0176201198167552
20.406,-2.98238546576557,-0.00577065894903088,2.03225911215768,-0.0176145342344256
20.407,-2.98239142213673,-0.0061424113770197,2.01183136387371,-0.0176085778632702
20.408,-2.98240196699371,-0.0149478774523502,2.01183136387371,-0.0175980330062853
20.409,-2.98243406718002,-0.0837801982687926,2.01183136387371,-0.0175659328199753
20.41,-2.98259261267998,-0.233106333667719,2.01183136387371,-0.0174073873200187
20.411,-2.98289988075588,-0.38123516421167,2.05752650170899,-0.0171001192441196
20.412,-2.98334530241225,-0.509449991973001,2.09562791314369,-0.0166546975877497
20.413,-2.98391063567655,-0.621089294469692,2.13880227405068,-0.0160893643234497
20.414,-2.98457835531946,-0.714255692361353,2.18408786613896,-0.0154216446805435
20.415,-2.98532965443309,-0.7882812978079,2.22909040485406,-0.0146703455669082
20.416,-2.98614555111966,-0.843482496431674,2.2719594863201,-0.0138544488803416
20.417,-2.98700775599706,-0.88092679177184,2.31134692806418,-0.0129922440029397
20.418,-2.98789931633579,-0.902219199283954,2.34635280004272,-0.0121006836642104
20.419,-2.98880505886031,-0.90931314430113,2.37646420325031,-0.0111949411396854
20.42,-2.98971185710191,-0.904348621291651,2.4014910519309,-0.0102881428980948
20.421,-2.99060875103044,-0.889518542496395,2.4014910519309,-0.00939124896956089
20.422,-2.99149105114805,-0.875159356330817,2.43724126477481,-0.00850894885194853
20.423,-2.99235189371466,-0.846623088941042,2.43724126477481,-0.00764810628534329
20.424,-2.99318448923614,-0.818662564838964,2.43724126477481,-0.00681551076385833
20.425,-2.99398940541482,-0.791261764504541,2.43724126477481,-0.00601059458518138
20.426,-2.99476719411906,-0.764405037887571,2.46512707724887,-0.00523280588093655
20.427,-2.99551268168967,-0.726673437972912,2.46512707724887,-0.00448731831033422
20.428,-2.99622074427845,-0.68955170278651,2.46512707724887,-0.00377925572154902
20.429,-2.99689198170712,-0.65301981722995,2.46512707724887,-0.0031080182928771
20.43,-2.99752697399302,-0.617058185568063,2.46512707724887,-0.00247302600697896
20.431,-2.99812628176223,-0.581647618991291,2.46512707724887,-0.00187371823776594
20.432,-2.99869044665044,-0.54676932349976,2.44443559884847,-0.00130955334955685
20.433,-2.99922422218388,-0.520853797839052,2.44443559884847,-0.000775777816124368
20.434,-2.99973229604102,-0.495363666665801,2.44443559884847,-0.000267703958980903
20.435,-3.00021508675215,-0.470285249823838,2.44443559884847,0.00021508675214621
20.436,-3.0006729993108,-0.445605152615769,2.41968079785411,0.000672999310797451
20.437,-3.00111148283612,-0.431410645329319,2.41968079785411,0.0011114828361154
20.438,-3.00153591675954,-0.417504618424524,2.41968079785411,0.00153591675953635
20.439,-3.00194658560072,-0.403879180767816,2.41968079785411,0.00194658560072059
20.44,-3.00234376607832,-0.390526620694533,2.41968079785411,0.00234376607832454
20.441,-3.00272772728711,-0.377439401291798,2.41968079785411,0.00272772728710846
20.442,-3.00309873087037,-0.364610155799559,2.41968079785411,0.00309873087037005
20.443,-3.00345703118785,-0.352031683126467,2.39793447979954,0.00345703118785412
20.444,-3.00380731342119,-0.348560261835322,2.39793447979954,0.0038073134211869
20.445,-3.00415420621011,-0.345252339191341,2.39793447979954,0.00415420621010565
20.446,-3.00449787170237,-0.342105227783137,2.39793447979954,0.00449787170236693
20.447,-3.00483846940112,-0.339116325514284,2.39793447979954,0.00483846940112365
20.448,-3.00517615624935,-0.33628311382929,2.39793447979954,0.00517615624934775
20.449,-3.00551108671251,-0.33360315598855,2.39793447979954,0.00551108671250589
20.45,-3.00584341285953,-0.331074095391094,2.39793447979954,0.00584341285953327
20.451,-3.00617328444215,-0.328693653943984,2.39793447979954,0.00617328444215026
20.452,-3.00650084897258,-0.326459630477233,2.39793447979954,0.00650084897257752
20.453,-3.00682625179968,-0.32436989920318,2.39793447979954,0.00682625179968088
20.454,-3.00714963618361,-0.322422408219245,2.39793447979954,0.00714963618360809
20.455,-3.00747114336894,-0.320615178053049,2.39793447979954,0.00747114336893562
20.456,-3.00779091265639,-0.3189463002489,2.39793447979954,0.00779091265639442
20.457,-3.00810908147319,-0.317413935994669,2.42437303064073,0.00810908147319189
20.458,-3.00842039975095,-0.305260158035517,2.42437303064073,0.00842039975095288
20.459,-3.00871967576071,-0.293328299262271,2.42437303064073,0.00871967576071286
20.46,-3.00900712814344,-0.281611827095683,2.42437303064073,0.00900712814344473
20.461,-3.00928296907843,-0.27010435009144,2.42437303064073,0.0092829690784324
20.462,-3.00954740442249,-0.258799614135097,2.42437303064073,0.00954740442249324
20.463,-3.00980063384544,-0.247691498729062,2.42437303064073,0.00980063384544261
20.464,-3.0100428509619,-0.236774013369056,2.42437303064073,0.0100428509618955
20.465,-3.01027424345948,-0.226041294007569,2.42437303064073,0.0102742434594805
20.466,-3.01049499322357,-0.215487599601898,2.42437303064073,0.0104949932235665
20.467,-3.01070527645857,-0.20510730874441,2.42437303064073,0.0107052764585744
20.468,-3.01090526380596,-0.194894916372757,2.42437303064073,0.0109052638059604
20.469,-3.01109512045895,-0.184845030557821,2.42437303064073,0.01109512045895
20.47,-3.0112750062741,-0.174952369367228,2.42437303064073,0.0112750062740958
20.471,-3.01144507587974,-0.16521175780234,2.42437303064073,0.0114450758797378
20.472,-3.01160547878143,-0.155618124806683,2.42437303064073,0.0116054787814339
20.473,-3.01175635946444,-0.146166500343827,2.42437303064073,0.0117563594644374
20.474,-3.01189785749328,-0.13685201254279,2.42437303064073,0.0118978574932824
20.475,-3.01203010760855,-0.127669884909083,2.42437303064073,0.0120301076085494
20.476,-3.01215323982088,-0.118615433599578,2.42437303064073,0.0121532398208757
20.477,-3.01226737950227,-0.109684064759419,2.42437303064073,0.0122673795022679
20.478,-3.01237264747478,-0.100871271919237,2.42437303064073,0.0123726474747845
20.479,-3.01246916009665,-0.0921726334509982,2.42437303064073,0.0124691600966473
20.48,-3.01255702934583,-0.0835838100808377,2.40332654210554,0.0125570293458308
20.481,-3.0126406428427,-0.0836484563756468,2.40332654210554,0.0126406428426993
20.482,-3.01272433676351,-0.0837446179258611,2.40332654210554,0.0127243367635086
20.483,-3.01280814250576,-0.0838720615625851,2.40332654210554,0.0128081425057576
20.484,-3.01289209124078,-0.0840305680912314,2.40332654210554,0.0128920912407779
20.485,-3.01297621392761,-0.0842199320863716,2.40332654210554,0.0129762139276108
20.486,-3.01306054132667,-0.0844399616936223,2.40332654210554,0.0130605413266722
20.487,-3.01314510401323,-0.0846904784384291,2.40332654210554,0.0131451040132302
20.488,-3.01322993239069,-0.0849713170416115,2.40332654210554,0.0132299323906904
20.489,-3.0133150567037,-0.0852823252415384,2.40332654210554,0.013315056703703
20.49,-3.01340050705109,-0.0856233636228073,2.40332654210554,0.0134005070510934
20.491,-3.01348631339863,-0.0859943054513016,2.40332654210554,0.0134863133986256
20.492,-3.0135725055916,-0.086395036515507,2.40332654210554,0.0135725055916041
20.493,-3.01365911336732,-0.08682545497397,2.40332654210554,0.0136591133673192
20.494,-3.01374616636734,-0.0872854712087829,2.40332654210554,0.0137461663673437
20.495,-3.01383369414968,-0.0877750076849888,2.40332654210554,0.0138336941496844
20.496,-3.0139217262008,-0.0882939988157953,2.40332654210554,0.0139217262008002
20.497,-3.01401029194748,-0.0888423908334975,2.40332654210554,0.0140102919474816
20.498,-3.01409942076861,-0.0894201416660037,2.40332654210554,0.01409942076861
20.499,-3.01418914200679,-0.0900272208188728,2.40332654210554,0.0141891420067939
20.5,-3.01427948497989,-0.0906636092627622,2.40332654210554,0.0142794849798862
20.501,-3.0143704789924,-0.0913292993261984,2.42856477846172,0.0143704789924008
20.502,-3.01445702464493,-0.0817812386572526,2.42856477846172,0.0144570246449347
20.503,-3.01453407915634,-0.0723462406745173,2.42856477846172,0.0145340791563404
20.504,-3.01460175327404,-0.0630196886795148,2.42856477846172,0.0146017532740386
20.505,-3.01466015316982,-0.0537970476949907,2.42856477846172,0.0146601531698236
20.506,-3.01470938052033,-0.0446738619579668,2.42856477846172,0.0147093805203258
20.507,-3.014749532585,-0.0356457524669367,2.42856477846172,0.0147495325849953
20.508,-3.01478070228166,-0.0267084145816485,2.42856477846172,0.0147807022816604
20.509,-3.01479892271339,0,2.4213196028925,0.0147989227133904
20.51,-3.01479892271339,0,2.41745913188806,0.0147989227133904
20.511,-3.01479892271339,0,2.41479328514998,0.0147989227133904
20.512,-3.01479892271339,0,2.41301178827533,0.0147989227133904
20.513,-3.01479892271339,0,2.41188503248638,0.0147989227133904
20.514,-3.01479892271339,0,2.41124310305501,0.0147989227133904
20.515,-3.01479892271339,0,2.41096025995025,0.0147989227133904
20.516,-3.01479892271339,0,2.4109434532313,0.0147989227133904
20.517,-3.01479892271339,0,2.41112382422668,0.0147989227133904
20.518,-3.01479892271339,0,2.41145041625018,0.0147989227133904
20.519,-3.01479892271339,0,2.41188552041467,0.0147989227133904
20.52,-3.01479892271339,0,2.41240123144855,0.0147989227133904
20.521,-3.01479892271339,0,2.41297689893644,0.0147989227133904
20.522,-3.01479892271339,0,2.41359724119029,0.0147989227133904
20.523,-3.01479892271339,0,2.41425094947923,0.0147989227133904
20.524,-3.01479892271339,0,2.41492965513397,0.0147989227133904
20.525,-3.01479892271339,0,2.41562716518496,0.0147989227133904
20.526,-3.01479892271339,0,2.41633889672058,0.0147989227133904
20.527,-3.01479892271339,0,2.41706145830173,0.0147989227133904
20.528,-3.01479892271339,0,2.41779234020099,0.0147989227133904
20.529,-3.01479892271339,0,2.41852968517377,0.0147989227133904
20.53,-3.01479892271339,0,2.41927211882486,0.0147989227133904
20.531,-3.01479892271339,0,2.42001862407647,0.0147989227133904
20.532,-3.01479892271339,0,2.42076844827228,0.0147989227133904
20.533,-3.01479892271339,0,2.42152103443274,0.0147989227133904
20.534,-3.01479892271339,0,2.42227597038271,0.0147989227133904
20.535,-3.01479892271339,0,2.423032951105,0.0147989227133904
20.536,-3.01479892271339,0,2.42379175088125,0.0147989227133904
20.537,-3.01479892271339,0,2.42455220267574,0.0147989227133904
20.538,-3.01479892271339,0,2.42531418287893,0.0147989227133904
20.539,-3.01479892271339,0,2.42607760001749,0.0147989227133904
20.54,-3.01479892271339,0,2.42684238639949,0.0147989227133904
20.541,-3.01479892271339,0,2.42760849193161,0.0147989227133904
20.542,-3.01479892271339,0,2.42837587954392,0.0147989227133904
20.543,-3.01479892271339,0,2.42914452180396,0.0147989227133904
20.544,-3.01479892271339,0,2.4299143984112,0.0147989227133904
20.545,-3.01479892271339,0,2.43068549434289,0.0147989227133904
20.546,-3.01479892271339,0,2.43145779848191,0.0147989227133904
20.547,-3.01479892271339,0,2.43223130260138,0.0147989227133904
20.548,-3.01479892271339,0,2.43300600061327,0.0147989227133904
20.549,-3.01479892271339,0,2.43378188801233,0.0147989227133904
20.55,-3.01479892271339,0,2.43455896146456,0.0147989227133904
20.551,-3.01479892271339,0,2.43533721850277,0.0147989227133904
20.552,-3.01479892271339,0,2.43611665730119,0.0147989227133904
20.553,-3.01479892271339,0,2.4368972765087,0.0147989227133904
20.554,-3.01479892271339,0,2.43767907512546,0.0147989227133904
20.555,-3.01479892271339,0,2.43846205241158,0.0147989227133904
20.556,-3.01479892271339,0,2.43924620781949,0.0147989227133904
20.557,-3.01479892271339,0,2.44003154094402,0.0147989227133904
20.558,-3.01479892271339,0,2.44081805148532,0.0147989227133904
20.559,-3.01479892271339,0,2.44160573922149,0.0147989227133904
20.56,-3.01479892271339,0,2.44239460398832,0.0147989227133904
20.561,-3.01479892271339,0,2.4431846456643,0.0147989227133904
20.562,-3.01479892271339,0,2.44397586415951,0.0147989227133904
20.563,-3.01479892271339,0,2.44476825940741,0.0147989227133904
20.564,-3.01479892271339,0,2.44556183135873,0.0147989227133904
20.565,-3.01479892271339,0,2.44635657997706,0.0147989227133904
20.566,-3.01479892271339,0,2.44715250523541,0.0147989227133904
20.567,-3.01479892271339,0,2.44794960711384,0.0147989227133904
20.568,-3.01479892271339,0,2.44874788559757,0.0147989227133904
20.569,-3.01479892271339,0,2.44954734067567,0.0147989227133904
20.57,-3.01479892271339,0,2.45034797234006,0.0147989227133904
20.571,-3.01479892271339,0,2.45114978058475,0.0147989227133904
20.572,-3.01479892271339,0,2.45195276540531,0.0147989227133904
20.573,-3.01479892271339,0,2.45275692679847,0.0147989227133904
20.574,-3.01479892271339,0,2.4535622647618,0.0147989227133904
20.575,-3.01479892271339,0,2.45436877929351,0.0147989227133904
20.576,-3.01479892271339,0,2.45517647039226,0.0147989227133904
20.577,-3.01479892271339,0,2.45598533805708,0.0147989227133904
20.578,-3.01479892271339,0,2.45679538228724,0.0147989227133904
20.579,-3.01479892271339,0,2.45760660308219,0.0147989227133904
20.58,-3.01479892271339,0,2.45841900044154,0.0147989227133904
20.581,-3.01479892271339,0,2.459232574365,0.0147989227133904
20.582,-3.01479892271339,0,2.46004732485235,0.0147989227133904
20.583,-3.01479892271339,0,2.46086325190342,0.0147989227133904
20.584,-3.01479892271339,0,2.4616803555181,0.0147989227133904
20.585,-3.01479892271339,0,2.4624986356963,0.0147989227133904
20.586,-3.01479892271339,0,2.46331809243795,0.0147989227133904
20.587,-3.01479892271339,0,2.46413872574301,0.0147989227133904
20.588,-3.01479892271339,0,2.46496053561143,0.0147989227133904
20.589,-3.01479892271339,0,2.4657835220432,0.0147989227133904
20.59,-3.01479892271339,0,2.46660768503829,0.0147989227133904
20.591,-3.01479892271339,0,2.46743302459668,0.0147989227133904
20.592,-3.01479892271339,0,2.46825954071838,0.0147989227133904
20.593,-3.01479892271339,0,2.46908723340336,0.0147989227133904
20.594,-3.01479892271339,0,2.46991610265163,0.0147989227133904
20.595,-3.01479892271339,0,2.47074614846317,0.0147989227133904
20.596,-3.01479892271339,0,2.47157737083799,0.0147989227133904
20.597,-3.01479892271339,0,2.47240976977609,0.0147989227133904
20.598,-3.01479892271339,0,2.47324334527745,0.0147989227133904
20.599,-3.01479892271339,0,2.47407809734209,0.0147989227133904
20.6,-3.01479892271339,0,2.47491402596999,0.0147989227133904
20.601,-3.01479892271339,0,2.47575113116117,0.0147989227133904
20.602,-3.01479892271339,0,2.47658941291561,0.0147989227133904
20.603,-3.01479892271339,0,2.47742887123332,0.0147989227133904
20.604,-3.01479892271339,0,2.4782695061143,0.0147989227133904
20.605,-3.01479892271339,0,2.47911131755854,0.0147989227133904
20.606,-3.01479892271339,0,2.47995430556606,0.0147989227133904
20.607,-3.01479892271339,0,2.48079847013684,0.0147989227133904
20.608,-3.01479892271339,0,2.48164381127088,0.0147989227133904
20.609,-3.01479892271339,0,2.4824903289682,0.0147989227133904
20.61,-3.01479892271339,0,2.48333802322878,0.0147989227133904
20.611,-3.01479892271339,0,2.48418689405262,0.0147989227133904
20.612,-3.01479892271339,0,2.48503694143973,0.0147989227133904
20.613,-3.01479892271339,0,2.48588816539011,0.0147989227133904
20.614,-3.01479892271339,0,2.48674056590376,0.0147989227133904
20.615,-3.01479892271339,0,2.48759414298067,0.0147989227133904
20.616,-3.01479892271339,0,2.48844889662085,0.0147989227133904
20.617,-3.01479892271339,0,2.4893048268243,0.0147989227133904
20.618,-3.01479892271339,0,2.49016193359101,0.0147989227133904
20.619,-3.01479892271339,0,2.49102021692099,0.0147989227133904
20.62,-3.01479892271339,0,2.49187967681423,0.0147989227133904
20.621,-3.01479892271339,0,2.49274031327075,0.0147989227133904
20.622,-3.01479892271339,0,2.49360212629052,0.0147989227133904
20.623,-3.01479892271339,0,2.49446511587357,0.0147989227133904
20.624,-3.01479892271339,0,2.49532928201988,0.0147989227133904
20.625,-3.01479892271339,0,2.49619462472946,0.0147989227133904
20.626,-3.01479892271339,0,2.49706114400231,0.0147989227133904
20.627,-3.01479892271339,0,2.49792883983842,0.0147989227133904
20.628,-3.01479892271339,0,2.4987977122378,0.0147989227133904
20.629,-3.01479892271339,0,2.49966776120044,0.0147989227133904
20.63,-3.01479892271339,0,2.50053898672635,0.0147989227133904
20.631,-3.01479892271339,0,2.50141138881553,0.0147989227133904
20.632,-3.01479892271339,0,2.50228496746798,0.0147989227133904
20.633,-3.01479892271339,0,2.50315972268369,0.0147989227133904
20.634,-3.01479892271339,0,2.50403565446266,0.0147989227133904
20.635,-3.01479892271339,0,2.50491276280491,0.0147989227133904
20.636,-3.01479892271339,0,2.50579104771042,0.0147989227133904
20.637,-3.01479892271339,0,2.5066705091792,0.0147989227133904
20.638,-3.01479892271339,0,2.50755114721124,0.0147989227133904
20.639,-3.01479892271339,0,2.50843296180655,0.0147989227133904
20.64,-3.01479892271339,0,2.50931595296513,0.0147989227133904
20.641,-3.01479892271339,0,2.51020012068698,0.0147989227133904
20.642,-3.01479892271339,0,2.51108546497209,0.0147989227133904
20.643,-3.01479892271339,0,2.51197198582046,0.0147989227133904
20.644,-3.01479892271339,0,2.51285968323211,0.0147989227133904
20.645,-3.01479892271339,0,2.51374855720702,0.0147989227133904
20.646,-3.01479892271339,0,2.5146386077452,0.0147989227133904
20.647,-3.01479892271339,0,2.51552983484664,0.0147989227133904
20.648,-3.01479892271339,0,2.51642223851135,0.0147989227133904
20.649,-3.01479892271339,0,2.51731581873933,0.0147989227133904
20.65,-3.01479892271339,0,2.51821057553057,0.0147989227133904
20.651,-3.01479892271339,0,2.51910650888508,0.0147989227133904
20.652,-3.01479892271339,0,2.52000361880286,0.0147989227133904
20.653,-3.01479892271339,0,2.5209019052839,0.0147989227133904
20.654,-3.01479892271339,0,2.52180136832821,0.0147989227133904
20.655,-3.01479892271339,0,2.52270200793579,0.0147989227133904
20.656,-3.01479892271339,0,2.52360382410663,0.0147989227133904
20.657,-3.01479892271339,0,2.52450681684074,0.0147989227133904
20.658,-3.01479892271339,0,2.52541098613812,0.0147989227133904
20.659,-3.01479892271339,0,2.52631633199876,0.0147989227133904
20.66,-3.01479892271339,0,2.52722285442267,0.0147989227133904
20.661,-3.01479892271339,0,2.52813055340985,0.0147989227133904
20.662,-3.01479892271339,0,2.52903942896029,0.0147989227133904
20.663,-3.01479892271339,0,2.529949481074,0.0147989227133904
20.664,-3.01479892271339,0,2.53086070975098,0.0147989227133904
20.665,-3.01479892271339,0,2.53177311499122,0.0147989227133904
20.666,-3.01479892271339,0,2.53268669679473,0.0147989227133904
20.667,-3.01479892271339,0,2.53360145516151,0.0147989227133904
20.668,-3.01479892271339,0,2.53451739009155,0.0147989227133904
20.669,-3.01479892271339,0,2.53543450158486,0.0147989227133904
20.67,-3.01479892271339,0,2.53635278964143,0.0147989227133904
20.671,-3.01479892271339,0,2.53727225426127,0.0147989227133904
20.672,-3.01479892271339,0,2.53819289544438,0.0147989227133904
20.673,-3.01479892271339,0,2.53911471319076,0.0147989227133904
20.674,-3.01479892271339,0,2.5400377075004,0.0147989227133904
20.675,-3.01479892271339,0,2.54096187837331,0.0147989227133904
20.676,-3.01479892271339,0,2.54188722580949,0.0147989227133904
20.677,-3.01479892271339,0,2.54281374980893,0.0147989227133904
20.678,-3.01479892271339,0,2.54374145037164,0.0147989227133904
20.679,-3.01479892271339,0,2.54467032749761,0.0147989227133904
20.68,-3.01479892271339,0,2.54560038118685,0.0147989227133904
20.681,-3.01479892271339,0,2.54653161143936,0.0147989227133904
20.682,-3.01479892271339,0,2.54746401825514,0.0147989227133904
20.683,-3.01479892271339,0,2.54839760163418,0.0147989227133904
20.684,-3.01479892271339,0,2.54933236157649,0.0147989227133904
20.685,-3.01479892271339,0,2.55026829808206,0.0147989227133904
20.686,-3.01479892271339,0,2.5512054111509,0.0147989227133904
20.687,-3.01479892271339,0,2.55214370078301,0.0147989227133904
20.688,-3.01479892271339,0,2.55308316697838,0.0147989227133904
20.689,-3.01479892271339,0,2.55402380973703,0.0147989227133904
20.69,-3.01479892271339,0,2.55496562905893,0.0147989227133904
20.691,-3.01479892271339,0,2.55590862494411,0.0147989227133904
20.692,-3.01479892271339,0,2.55685279739255,0.0147989227133904
20.693,-3.01479892271339,0,2.55779814640426,0.0147989227133904
20.694,-3.01479892271339,0,2.55874467197923,0.0147989227133904
20.695,-3.01479892271339,0,2.55969237411747,0.0147989227133904
20.696,-3.01479892271339,0,2.56064125281898,0.0147989227133904
20.697,-3.01479892271339,0,2.56159130808375,0.0147989227133904
20.698,-3.01479892271339,0,2.56254253991179,0.0147989227133904
20.699,-3.01479892271339,0,2.5634949483031,0.0147989227133904
20.7,-3.01479892271339,0,2.56444853325768,0.0147989227133904
20.701,-3.01479892271339,0,2.56540329477552,0.0147989227133904
20.702,-3.01479892271339,0,2.56635923285662,0.0147989227133904
20.703,-3.01479892271339,0,2.567316347501,0.0147989227133904
20.704,-3.01479892271339,0,2.56827463870864,0.0147989227133904
20.705,-3.01479892271339,0,2.56923410647954,0.0147989227133904
20.706,-3.01479892271339,0,2.57019475081372,0.0147989227133904
20.707,-3.01479892271339,0,2.57115657171116,0.0147989227133904
20.708,-3.01479892271339,0,2.57211956917186,0.0147989227133904
20.709,-3.01479892271339,0,2.57308374319584,0.0147989227133904
20.71,-3.01479892271339,0,2.57404909378308,0.0147989227133904
20.711,-3.01479892271339,0,2.57501562093358,0.0147989227133904
20.712,-3.01479892271339,0,2.57598332464736,0.0147989227133904
20.713,-3.01479892271339,0,2.5769522049244,0.0147989227133904
20.714,-3.01479892271339,0,2.5779222617647,0.0147989227133904
20.715,-3.01479892271339,0,2.57889349516828,0.0147989227133904
20.716,-3.01479892271339,0,2.57986590513512,0.0147989227133904
20.717,-3.01479892271339,0,2.58083949166522,0.0147989227133904
20.718,-3.01479892271339,0,2.58181425475859,0.0147989227133904
20.719,-3.01479892271339,0,2.58279019441523,0.0147989227133904
20.72,-3.01479892271339,0,2.58376731063514,0.0147989227133904
20.721,-3.01479892271339,0,2.58474560341831,0.0147989227133904
20.722,-3.01479892271339,0,2.58572507276475,0.0147989227133904
20.723,-3.01479892271339,0,2.58670571867446,0.0147989227133904
20.724,-3.01479892271339,0,2.58768754114743,0.0147989227133904
20.725,-3.01479892271339,0,2.58867054018367,0.0147989227133904
20.726,-3.01479892271339,0,2.58965471578317,0.0147989227133904
20.727,-3.01479892271339,0,2.59064006794595,0.0147989227133904
20.728,-3.01479892271339,0,2.59162659667198,0.0147989227133904
20.729,-3.01479892271339,0,2.59261430196129,0.0147989227133904
20.73,-3.01479892271339,0,2.59360318381386,0.0147989227133904
20.731,-3.01479892271339,0,2.5945932422297,0.0147989227133904
20.732,-3.01479892271339,0,2.59558447720881,0.0147989227133904
20.733,-3.01479892271339,0,2.59657688875118,0.0147989227133904
20.734,-3.01479892271339,0,2.59757047685682,0.0147989227133904
20.735,-3.01479892271339,0,2.59856524152572,0.0147989227133904
20.736,-3.01479892271339,0,2.59956118275789,0.0147989227133904
20.737,-3.01479892271339,0,2.60055830055333,0.0147989227133904
20.738,-3.01479892271339,0,2.60155659491203,0.0147989227133904
20.739,-3.01479892271339,0,2.60255606583401,0.0147989227133904
20.74,-3.01479892271339,0,2.60355671331924,0.0147989227133904
20.741,-3.01479892271339,0,2.60455853736775,0.0147989227133904
20.742,-3.01479892271339,0,2.60556153797952,0.0147989227133904
20.743,-3.01479892271339,0,2.60656571515456,0.0147989227133904
20.744,-3.01479892271339,0,2.60757106889286,0.0147989227133904
20.745,-3.01479892271339,0,2.60857759919443,0.0147989227133904
20.746,-3.01479892271339,0,2.60958530605927,0.0147989227133904
20.747,-3.01479892271339,0,2.61059418948737,0.0147989227133904
20.748,-3.01479892271339,0,2.61160424947875,0.0147989227133904
20.749,-3.01479892271339,0,2.61261548603338,0.0147989227133904
20.75,-3.01479892271339,0,2.61362789915129,0.0147989227133904
20.751,-3.01479892271339,0,2.61464148883246,0.0147989227133904
20.752,-3.01479892271339,0,2.6156562550769,0.0147989227133904
20.753,-3.01479892271339,0,2.6166721978846,0.0147989227133904
20.754,-3.01479892271339,0,2.61768931725557,0.0147989227133904
20.755,-3.01479892271339,0,2.61870761318981,0.0147989227133904
20.756,-3.01479892271339,0,2.61972708568731,0.0147989227133904
20.757,-3.01479892271339,0,2.62074773474808,0.0147989227133904
20.758,-3.01479892271339,0,2.62176956037212,0.0147989227133904
20.759,-3.01479892271339,0,2.62279256255942,0.0147989227133904
20.76,-3.01479892271339,0,2.62381674130999,0.0147989227133904
20.761,-3.01479892271339,0,2.62484209662383,0.0147989227133904
20.762,-3.01479892271339,0,2.62586862850093,0.0147989227133904
20.763,-3.01479892271339,0,2.6268963369413,0.0147989227133904
20.764,-3.01479892271339,0,2.62792522194494,0.0147989227133904
20.765,-3.01479892271339,0,2.62895528351184,0.0147989227133904
20.766,-3.01479892271339,0,2.62998652164201,0.0147989227133904
20.767,-3.01479892271339,0,2.63101893633545,0.0147989227133904
20.768,-3.01479892271339,0,2.63205252759215,0.0147989227133904
20.769,-3.01479892271339,0,2.63308729541212,0.0147989227133904
20.77,-3.01479892271339,0,2.63412323979535,0.0147989227133904
20.771,-3.01479892271339,0,2.63516036074186,0.0147989227133904
20.772,-3.01479892271339,0,2.63619865825163,0.0147989227133904
20.773,-3.01479892271339,0,2.63723813232466,0.0147989227133904
20.774,-3.01479892271339,0,2.63827878296096,0.0147989227133904
20.775,-3.01479892271339,0,2.63932061016053,0.0147989227133904
20.776,-3.01479892271339,0,2.64036361392337,0.0147989227133904
20.777,-3.01479892271339,0,2.64140779424947,0.0147989227133904
20.778,-3.01479892271339,0,2.64245315113884,0.0147989227133904
20.779,-3.01479892271339,0,2.64349968459148,0.0147989227133904
20.78,-3.01479892271339,0,2.64454739460738,0.0147989227133904
20.781,-3.01479892271339,0,2.64559628118655,0.0147989227133904
20.782,-3.01479892271339,0,2.64664634432898,0.0147989227133904
20.783,-3.01479892271339,0,2.64769758403468,0.0147989227133904
20.784,-3.01479892271339,0,2.64875000030365,0.0147989227133904
20.785,-3.01479892271339,0,2.64980359313589,0.0147989227133904
20.786,-3.01479892271339,0,2.65085836253139,0.0147989227133904
20.787,-3.01479892271339,0,2.65191430849016,0.0147989227133904
20.788,-3.01479892271339,0,2.65297143101219,0.0147989227133904
20.789,-3.01479892271339,0,2.65402973009749,0.0147989227133904
20.79,-3.01479892271339,0,2.65508920574606,0.0147989227133904
20.791,-3.01479892271339,0,2.6561498579579,0.0147989227133904
20.792,-3.01479892271339,0,2.657211686733,0.0147989227133904
20.793,-3.01479892271339,0,2.65827469207137,0.0147989227133904
20.794,-3.01479892271339,0,2.659338873973,0.0147989227133904
20.795,-3.01479892271339,0,2.6604042324379,0.0147989227133904
20.796,-3.01479892271339,0,2.66147076746607,0.0147989227133904
20.797,-3.01479892271339,0,2.6625384790575,0.0147989227133904
20.798,-3.01479892271339,0,2.66360736721221,0.0147989227133904
20.799,-3.01479892271339,0,2.66467743193017,0.0147989227133904
20.8,-3.01479892271339,0,2.66574867321141,0.0147989227133904
20.801,-3.01479892271339,0,2.66682109105591,0.0147989227133904
20.802,-3.01479892271339,0,2.66789468546368,0.0147989227133904
20.803,-3.01479892271339,0,2.66896945643471,0.0147989227133904
20.804,-3.01479892271339,0,2.67004540396901,0.0147989227133904
20.805,-3.01479892271339,0,2.67112252806658,0.0147989227133904
20.806,-3.01479892271339,0,2.67220082872741,0.0147989227133904
20.807,-3.01479892271339,0,2.67328030595151,0.0147989227133904
20.808,-3.01479892271339,0,2.67436095973888,0.0147989227133904
20.809,-3.01479892271339,0,2.67544279008951,0.0147989227133904
20.81,-3.01479892271339,0,2.67652579700341,0.0147989227133904
20.811,-3.01479892271339,0,2.67760998048058,0.0147989227133904
20.812,-3.01479892271339,0,2.67869534052101,0.0147989227133904
20.813,-3.01479892271339,0,2.67978187712471,0.0147989227133904
20.814,-3.01479892271339,0,2.68086959029168,0.0147989227133904
20.815,-3.01479892271339,0,2.68195848002191,0.0147989227133904
20.816,-3.01479892271339,0,2.68304854631541,0.0147989227133904
20.817,-3.01479892271339,0,2.68413978917218,0.0147989227133904
20.818,-3.01479892271339,0,2.68523220859221,0.0147989227133904
20.819,-3.01479892271339,0,2.68632580457551,0.0147989227133904
20.82,-3.01479892271339,0,2.68742057712208,0.0147989227133904
20.821,-3.01479892271339,0,2.68851652623191,0.0147989227133904
20.822,-3.01479892271339,0,2.68961365190501,0.0147989227133904
20.823,-3.01479892271339,0,2.69071195414138,0.0147989227133904
20.824,-3.01479892271339,0,2.69181143294101,0.0147989227133904
20.825,-3.01479892271339,0,2.69291208830391,0.0147989227133904
20.826,-3.01479892271339,0,2.69401392023007,0.0147989227133904
20.827,-3.01479892271339,0,2.69511692871951,0.0147989227133904
20.828,-3.01479892271339,0,2.69622111377221,0.0147989227133904
20.829,-3.01479892271339,0,2.69732647538817,0.0147989227133904
20.83,-3.01479892271339,0,2.6984330135674,0.0147989227133904
20.831,-3.01479892271339,0,2.6995407283099,0.0147989227133904
20.832,-3.01479892271339,0,2.70064961961567,0.0147989227133904
20.833,-3.01479892271339,0,2.7017596874847,0.0147989227133904
20.834,-3.01479892271339,0,2.702870931917,0.0147989227133904
20.835,-3.01479892271339,0,2.70398335291256,0.0147989227133904
20.836,-3.01479892271339,0,2.7050969504714,0.0147989227133904
20.837,-3.01479892271339,0,2.70621172459349,0.0147989227133904
20.838,-3.01479892271339,0,2.70732767527886,0.0147989227133904
20.839,-3.01479892271339,0,2.70844480252749,0.0147989227133904
20.84,-3.01479892271339,0,2.70956310633939,0.0147989227133904
20.841,-3.01479892271339,0,2.71068258671455,0.0147989227133904
20.842,-3.01479892271339,0,2.71180324365299,0.0147989227133904
20.843,-3.01479892271339,0,2.71292507715468,0.0147989227133904
20.844,-3.01479892271339,0,2.71404808721965,0.0147989227133904
20.845,-3.01479892271339,0,2.71517227384788,0.0147989227133904
20.846,-3.01479892271339,0,2.71629763703938,0.0147989227133904
20.847,-3.01479892271339,0,2.71742417679414,0.0147989227133904
20.848,-3.01479892271339,0,2.71855189311217,0.0147989227133904
20.849,-3.01479892271339,0,2.71968078599347,0.0147989227133904
20.85,-3.01479892271339,0,2.72081085543804,0.0147989227133904
20.851,-3.01479892271339,0,2.72194210144587,0.0147989227133904
20.852,-3.01479892271339,0,2.72307452401696,0.0147989227133904
20.853,-3.01479892271339,0,2.72420812315133,0.0147989227133904
20.854,-3.01479892271339,0,2.72534289884896,0.0147989227133904
20.855,-3.01479892271339,0,2.72647885110986,0.0147989227133904
20.856,-3.01479892271339,0,2.72761597993402,0.0147989227133904
20.857,-3.01479892271339,0,2.72875428532145,0.0147989227133904
20.858,-3.01479892271339,0,2.72989376727215,0.0147989227133904
20.859,-3.01479892271339,0,2.73103442578611,0.0147989227133904
20.86,-3.01479892271339,0,2.73217626086334,0.0147989227133904
20.861,-3.01479892271339,0,2.73331927250384,0.0147989227133904
20.862,-3.01479892271339,0,2.7344634607076,0.0147989227133904
20.863,-3.01479892271339,0,2.73560882547463,0.0147989227133904
20.864,-3.01479892271339,0,2.73675536680493,0.0147989227133904
20.865,-3.01479892271339,0,2.73790308469849,0.0147989227133904
20.866,-3.01479892271339,0,2.73905197915532,0.0147989227133904
20.867,-3.01479892271339,0,2.74020205017542,0.0147989227133904
20.868,-3.01479892271339,0,2.74135329775878,0.0147989227133904
20.869,-3.01479892271339,0,2.74250572190541,0.0147989227133904
20.87,-3.01479892271339,0,2.74365932261531,0.0147989227133904
20.871,-3.01479892271339,0,2.74481409988847,0.0147989227133904
20.872,-3.01479892271339,0,2.7459700537249,0.0147989227133904
20.873,-3.01479892271339,0,2.7471271841246,0.0147989227133904
20.874,-3.01479892271339,0,2.74828549108756,0.0147989227133904
20.875,-3.01479892271339,0,2.74944497461379,0.0147989227133904
20.876,-3.01479892271339,0,2.75060563470329,0.0147989227133904
20.877,-3.01479892271339,0,2.75176747135605,0.0147989227133904
20.878,-3.01479892271339,0,2.75293048457208,0.0147989227133904
20.879,-3.01479892271339,0,2.75409467435137,0.0147989227133904
20.88,-3.01479892271339,0,2.75526004069394,0.0147989227133904
20.881,-3.01479892271339,0,2.75642658359977,0.0147989227133904
20.882,-3.01479871287969,0.000419682834526495,2.75642658359977,0.0147987128796858
20.883,-3.01479808328602,0.000839550786780216,2.75642658359977,0.0147980832860171
20.884,-3.01479703365468,0.00125978905625679,2.75642658359977,0.0147970336546752
20.885,-3.01479556352268,0.001680583006024,2.75642658359977,0.0147955635226804
20.886,-3.01479367224157,0.00210211824459826,2.75642658359977,0.0147936722415705
20.887,-3.01479135897712,0.00252458070793187,2.75642658359977,0.0147913589771207
20.888,-3.01478862270897,0.00294815674154336,2.75642658359977,0.01478862270897
20.889,-3.01478546223017,0.00337303318283094,2.75642658359977,0.0147854622301744
20.89,-3.01478187614667,0.0037993974436046,2.75642658359977,0.0147818761466718
20.891,-3.01477786287667,0.004227437592873,2.75642658359977,0.0147778628766653
20.892,-3.01477342064993,0.00465734243992254,2.75642658359977,0.0147734206499281
20.893,-3.01476854750702,0.00508930161772452,2.75642658359977,0.0147685475070181
20.894,-3.01476324129841,0.00552350566671003,2.75642658359977,0.0147632412984127
20.895,-3.01475749968356,0.00596014611894566,2.75642658359977,0.0147574996835611
20.896,-3.01475132012985,0.00639941558275128,2.75642658359977,0.0147513201298493
20.897,-3.01474469991148,0.00684150782779603,2.75642658359977,0.014744699911482
20.898,-3.01473763610828,0.00728661787070911,2.75642658359977,0.0147376361082765
20.899,-3.01473012560438,0.00773494206124653,2.75642658359977,0.014730125604375
20.9,-3.01472216508687,0.0081866781690487,2.75642658359977,0.0147221650868659
20.901,-3.01471375104432,0.00864202547102984,2.75642658359977,0.0147137510443236
20.902,-3.01470487976525,0.00910118483943577,2.75642658359977,0.0147048797652545
20.903,-3.01469554733646,0.00956435883061367,2.75642658359977,0.0146955473364567
20.904,-3.0146857496413,0.0100317517745274,2.75642658359977,0.0146857496412958
20.905,-3.01467548235788,0.0105035698650623,2.75642658359977,0.0146754823578807
20.906,-3.01466474095716,0.0109800212511588,2.75642658359977,0.0146647409571563
20.907,-3.0146535207009,0.011461316128816,2.75642658359977,0.0146535207009046
20.908,-3.01464181663965,0.0119476668340033,2.78225055760886,0.0146418166396476
20.909,-3.01461931520053,0.0607442866986191,2.78225055760886,0.0146193152005321
20.91,-3.01448260711318,0.212465504993224,2.78225055760886,0.0144826071131807
20.911,-3.01419478398923,0.362987287990714,2.74118334291766,0.0141947839892311
20.912,-3.013765353155,0.495716363058514,2.70382674237596,0.0137653531549962
20.913,-3.01321125002098,0.612363414111678,2.66065722022196,0.0132112500209796
20.914,-3.01254964724761,0.710748712382681,2.61477300101472,0.0125496472476114
20.915,-3.01179926357225,0.789957989714993,2.56869884618571,0.0117992635722457
20.916,-3.01097921990323,0.850099788422517,2.52440769603646,0.0109792199032288
20.917,-3.01010813233822,0.892074205562231,2.48336053847195,0.0101081323382224
20.918,-3.00920342723277,0.917359988192328,2.44655877784387,0.00920342723276635
20.919,-3.00828085763322,0.927824651136966,2.41460414852296,0.00828085763321562
20.92,-3.00735419669566,0.925560333224218,2.38776201555522,0.00735419669565651
20.921,-3.00643508181214,0.912746477622767,2.36602469083186,0.00643508181214036
20.922,-3.00553298273912,0.891539103825923,2.36602469083186,0.00553298273912128
20.923,-3.00465183078635,0.870850194181578,2.33642953730861,0.00465183078634501
20.924,-3.00379715140633,0.838608113013446,2.33642953730861,0.00379715140633419
20.925,-3.00297441829771,0.806954831385758,2.33642953730861,0.00297441829770939
20.926,-3.00218305106285,0.775873603330966,2.33642953730861,0.00218305106285044
20.927,-3.00142248587788,0.745348025949634,2.33642953730861,0.00142248587787641
20.928,-3.00069217515371,0.715362031191602,2.33642953730861,0.000692175153707009
20.929,-2.99999158720525,0.685899877791105,2.33642953730861,-8.41279474972367e-06
20.93,-2.99932020592859,0.656946143353542,2.33642953730861,-0.000679794071405837
20.931,-2.99867753048602,0.628485716591581,2.33642953730861,-0.00132246951397574
20.932,-2.99806307499874,0.600503789708308,2.33642953730861,-0.00193692500126019
20.933,-2.99747636824711,0.572985850925079,2.33642953730861,-0.0025236317528865
20.934,-2.99691695337835,0.545917677151762,2.33642953730861,-0.00308304662165426
20.935,-2.99638438762139,0.519285326797026,2.33642953730861,-0.00361561237861396
20.936,-2.99587824200897,0.49307513271637,2.33642953730861,-0.00412175799103398
20.937,-2.99539810110663,0.467273695295546,2.33642953730861,-0.00460189889337004
20.938,-2.9949435627486,0.441867875667069,2.33642953730861,-0.00505643725139882
20.939,-2.99451423778037,0.416844789057499,2.33642953730861,-0.00548576221962627
20.94,-2.99410974980789,0.392191798263188,2.3666120481878,-0.00589025019210654
20.941,-2.9937235520911,0.380245311212597,2.3666120481878,-0.00627644790889859
20.942,-2.99334917694019,0.36854556494982,2.3666120481878,-0.00665082305981146
20.943,-2.99298638089447,0.357086023721225,2.3666120481878,-0.00701361910553366
20.944,-2.99263492695627,0.345860296643756,2.3666120481878,-0.00736507304373424
20.945,-2.99229458444784,0.334862134171383,2.3666120481878,-0.00770541555215809
20.946,-2.99196512887177,0.324085424638578,2.3666120481878,-0.00803487112822854
20.947,-2.99164634177477,0.313524190879179,2.3666120481878,-0.00835365822523393
20.948,-2.99133801061484,0.30317258691903,2.3666120481878,-0.00866198938516449
20.949,-2.99103992863172,0.293024894740826,2.3666120481878,-0.00896007136827981
20.95,-2.99075189472052,0.283075521119614,2.3666120481878,-0.00924810527947928
20.951,-2.99047371330846,0.273318994527409,2.3666120481878,-0.00952628669154221
20.952,-2.9902051942347,0.263749962105451,2.3666120481878,-0.00979480576530456
20.953,-2.98994615263316,0.2543631867026,2.3666120481878,-0.0100538473668395
20.954,-2.98969640881829,0.245153543978446,2.3666120481878,-0.0103035911817142
20.955,-2.98945578817362,0.236116019569692,2.3666120481878,-0.0105442118263772
20.956,-2.98922412104326,0.227245706318428,2.3666120481878,-0.0107758789567449
20.957,-2.98900124262595,0.218537801560918,2.39172492888746,-0.0109987573740473
20.958,-2.98878183827861,0.220282577177706,2.39172492888746,-0.0112181617213856
20.959,-2.98856065408794,0.222097504641044,2.39172492888746,-0.0114393459120565
20.96,-2.98833761984843,0.223982695695959,2.39172492888746,-0.011662380151571
20.961,-2.9881126652296,0.225938288494681,2.39172492888746,-0.0118873347704045
20.962,-2.98788571974968,0.22796444743883,2.39172492888746,-0.0121142802503189
20.963,-2.98765671274946,0.230061363033378,2.39172492888746,-0.0123432872505433
20.964,-2.98742557336619,0.232229251752247,2.39172492888746,-0.0125744266338059
20.965,-2.98719223050776,0.234468355915409,2.39172492888746,-0.0128077694922428
20.966,-2.98695661282681,0.236778943577358,2.36963793627714,-0.0130433871731852
20.967,-2.98672318586619,0.230099466116126,2.36963793627714,-0.0132768141338113
20.968,-2.98649636554924,0.223565027578409,2.36963793627714,-0.0135036344507569
20.969,-2.98627600870854,0.217171899339503,2.36963793627714,-0.0137239912914553
20.97,-2.98606197586257,0.210916437853116,2.36963793627714,-0.0139380241374298
20.971,-2.98585413113167,0.204795082576986,2.36963793627714,-0.0141458688683307
20.972,-2.98565234215608,0.198804353945611,2.36963793627714,-0.0143476578439206
20.973,-2.98545648001594,0.19294085138903,2.36963793627714,-0.0145435199840573
20.974,-2.98526641915328,0.187201251396613,2.36963793627714,-0.0147335808467179
20.975,-2.98508203729589,0.18158230562484,2.36963793627714,-0.0149179627041089
20.976,-2.98490321538309,0.17608083904807,2.36963793627714,-0.015096784616905
20.977,-2.98472983749334,0.170693748151318,2.36963793627714,-0.0152701625066571
20.978,-2.98456179077358,0.165417999164085,2.36963793627714,-0.0154382092264207
20.979,-2.98439896537037,0.160250626334293,2.36963793627714,-0.0156010346296327
20.98,-2.98424125436272,0.155188730241422,2.36963793627714,-0.0157587456372821
20.981,-2.98408855369659,0.150229476147917,2.36963793627714,-0.0159114463034147
20.982,-2.98394076212099,0.145370092388019,2.36963793627714,-0.0160592378790057
20.983,-2.98379778112575,0.140607868793117,2.36963793627714,-0.0162022188742452
20.984,-2.98365951488074,0.135940155152814,2.34935401575279,-0.0163404851192599
20.985,-2.98353004231235,0.123031641523123,2.34935401575279,-0.0164699576876508
20.986,-2.98341339932129,0.110279960842154,2.34935401575279,-0.0165866006787074
20.987,-2.98330943217498,0.0976789308663978,2.34935401575279,-0.0166905678250244
20.988,-2.98321799326818,0.0852224785512339,2.34935401575279,-0.0167820067318152
20.989,-2.98313894101546,0.0729046369116642,2.34935401575279,-0.0168610589845404
20.99,-2.98307213974658,0.0607195419462126,2.34935401575279,-0.0169278602534191
20.991,-2.9830174596051,0.0486614296225449,2.34935401575279,-0.0169825403949027
20.992,-2.98297477644984,0.0367246329233741,2.34935401575279,-0.0170252235501605
20.993,-2.98294397175936,0.0249035789512501,2.34935401575279,-0.0170560282406447
20.994,-2.98293386239394,0,2.37323637898773,-0.017066137606057
20.995,-2.98293386239394,0,2.37754933228972,-0.017066137606057
20.996,-2.98293386239394,0,2.38051446087475,-0.017066137606057
20.997,-2.98293386239394,0,2.38248182157686,-0.017066137606057
20.998,-2.98293386239394,0,2.38371046290618,-0.017066137606057
20.999,-2.98293386239394,0,2.38439208553544,-0.017066137606057
21,-2.98293386239394,0,2.38466855149627,-0.017066137606057
21.001,-2.98293386239394,0,2.38464484130713,-0.017066137606057
21.002,-2.98293386239394,0,2.3843986424869,-0.017066137606057
21.003,-2.98293386239394,0,2.3839874452316,-0.017066137606057
21.004,-2.98293386239394,0,2.38345379334608,-0.017066137606057
21.005,-2.98293386239394,0,2.38282917003016,-0.017066137606057
21.006,-2.98293386239394,0,2.38213687343207,-0.017066137606057
21.007,-2.98293386239394,0,2.38139414461098,-0.017066137606057
21.008,-2.98293386239394,0,2.38061374226849,-0.017066137606057
21.009,-2.98293386239394,0,2.37980510807897,-0.017066137606057
21.01,-2.98293386239394,0,2.37897522905552,-0.017066137606057
21.011,-2.98293386239394,0,2.37812927571661,-0.017066137606057
21.012,-2.98293386239394,0,2.37727107434122,-0.017066137606057
21.013,-2.98293386239394,0,2.37640345644636,-0.017066137606057
21.014,-2.98293386239394,0,2.37552851740678,-0.017066137606057
21.015,-2.98293386239394,0,2.37464780783843,-0.017066137606057
21.016,-2.98293386239394,0,2.3737624752257,-0.017066137606057
21.017,-2.98293386239394,0,2.37287336872819,-0.017066137606057
21.018,-2.98293386239394,0,2.37198111673966,-0.017066137606057
21.019,-2.98293386239394,0,2.37108618428308,-0.017066137606057
21.02,-2.98293386239394,0,2.370188915484,-0.017066137606057
21.021,-2.98293386239394,0,2.36928956500169,-0.017066137606057
21.022,-2.98293386239394,0,2.3683883212887,-0.017066137606057
21.023,-2.98293386239394,0,2.36748532380339,-0.017066137606057
21.024,-2.98293386239394,0,2.36658067574751,-0.017066137606057
21.025,-2.98293386239394,0,2.36567445349227,-0.017066137606057
21.026,-2.98293386239394,0,2.36476671355376,-0.017066137606057
21.027,-2.98293386239394,0,2.36385749775494,-0.017066137606057
21.028,-2.98293386239394,0,2.36294683704557,-0.017066137606057
21.029,-2.98293386239394,0,2.36203475432904,-0.017066137606057
21.03,-2.98293386239394,0,2.36112126655427,-0.017066137606057
21.031,-2.98293386239394,0,2.36020638626379,-0.017066137606057
21.032,-2.98293386239394,0,2.3592901227393,-0.017066137606057
21.033,-2.98293386239394,0,2.35837248284943,-0.017066137606057
21.034,-2.98293386239394,0,2.35745347167708,-0.017066137606057
21.035,-2.98293386239394,0,2.3565330929837,-0.017066137606057
21.036,-2.98293386239394,0,2.35561134955283,-0.017066137606057
21.037,-2.98293386239394,0,2.35468824344435,-0.017066137606057
21.038,-2.98293386239394,0,2.35376377618259,-0.017066137606057
21.039,-2.98293386239394,0,2.3528379488956,-0.017066137606057
21.04,-2.98293386239394,0,2.35191076241815,-0.017066137606057
21.041,-2.98293386239394,0,2.35098221736799,-0.017066137606057
21.042,-2.98293386239394,0,2.35005231420226,-0.017066137606057
21.043,-2.98293386239394,0,2.34912105325925,-0.017066137606057
21.044,-2.98293386239394,0,2.34818843478932,-0.017066137606057
21.045,-2.98293386239394,0,2.34725445897771,-0.017066137606057
21.046,-2.98293386239394,0,2.34631912596152,-0.017066137606057
21.047,-2.98293386239394,0,2.34538243584221,-0.017066137606057
21.048,-2.98293386239394,0,2.34444438869486,-0.017066137606057
21.049,-2.98293386239394,0,2.34350498457502,-0.017066137606057
21.05,-2.98293386239394,0,2.34256422352381,-0.017066137606057
21.051,-2.98293386239394,0,2.34162210557165,-0.017066137606057
21.052,-2.98293386239394,0,2.34067863074106,-0.017066137606057
21.053,-2.98293386239394,0,2.3397337990487,-0.017066137606057
21.054,-2.98293386239394,0,2.33878761050689,-0.017066137606057
21.055,-2.98293386239394,0,2.33784006512478,-0.017066137606057
21.056,-2.98293386239394,0,2.33689116290909,-0.017066137606057
21.057,-2.98293386239394,0,2.33594090386485,-0.017066137606057
21.058,-2.98293386239394,0,2.33498928799573,-0.017066137606057
21.059,-2.98293386239394,0,2.33403631530448,-0.017066137606057
21.06,-2.98293386239394,0,2.33308198579312,-0.017066137606057
21.061,-2.98293386239394,0,2.33212629946315,-0.017066137606057
21.062,-2.98293386239394,0,2.33116925631569,-0.017066137606057
21.063,-2.98293386239394,0,2.33021085635154,-0.017066137606057
21.064,-2.98293386239394,0,2.32925109957132,-0.017066137606057
21.065,-2.98293386239394,0,2.32828998597548,-0.017066137606057
21.066,-2.98293386239394,0,2.32732751556435,-0.017066137606057
21.067,-2.98293386239394,0,2.32636368833817,-0.017066137606057
21.068,-2.98293386239394,0,2.32539850429713,-0.017066137606057
21.069,-2.98293386239394,0,2.32443196344136,-0.017066137606057
21.07,-2.98293386239394,0,2.32346406577097,-0.017066137606057
21.071,-2.98293386239394,0,2.32249481128602,-0.017066137606057
21.072,-2.98293386239394,0,2.32152419998657,-0.017066137606057
21.073,-2.98293386239394,0,2.32055223187267,-0.017066137606057
21.074,-2.98293386239394,0,2.31957890694433,-0.017066137606057
21.075,-2.98293386239394,0,2.31860422520159,-0.017066137606057
21.076,-2.98293386239394,0,2.31762818664446,-0.017066137606057
21.077,-2.98293386239394,0,2.31665079127295,-0.017066137606057
21.078,-2.98293386239394,0,2.31567203908707,-0.017066137606057
21.079,-2.98293386239394,0,2.31469193008683,-0.017066137606057
21.08,-2.98293386239394,0,2.31371046427223,-0.017066137606057
21.081,-2.98293386239394,0,2.31272764164327,-0.017066137606057
21.082,-2.98293386239394,0,2.31174346219996,-0.017066137606057
21.083,-2.98293386239394,0,2.31075792594231,-0.017066137606057
21.084,-2.98293386239394,0,2.30977103287031,-0.017066137606057
21.085,-2.98293386239394,0,2.30878278298396,-0.017066137606057
21.086,-2.98293386239394,0,2.30779317628326,-0.017066137606057
21.087,-2.98293386239394,0,2.30680221276822,-0.017066137606057
21.088,-2.98293386239394,0,2.30580989243883,-0.017066137606057
21.089,-2.98293386239394,0,2.3048162152951,-0.017066137606057
21.09,-2.98293386239394,0,2.30382118133702,-0.017066137606057
21.091,-2.98293386239394,0,2.3028247905646,-0.017066137606057
21.092,-2.98293386239394,0,2.30182704297784,-0.017066137606057
21.093,-2.98293386239394,0,2.30082793857673,-0.017066137606057
21.094,-2.98293386239394,0,2.29982747736128,-0.017066137606057
21.095,-2.98293386239394,0,2.29882565933148,-0.017066137606057
21.096,-2.98293386239394,0,2.29782248448734,-0.017066137606057
21.097,-2.98293386239394,0,2.29681795282885,-0.017066137606057
21.098,-2.98293386239394,0,2.29581206435603,-0.017066137606057
21.099,-2.98293386239394,0,2.29480481906885,-0.017066137606057
21.1,-2.98293386239394,0,2.29379621696734,-0.017066137606057
21.101,-2.98293386239394,0,2.29278625805148,-0.017066137606057
21.102,-2.98293386239394,0,2.29177494232127,-0.017066137606057
21.103,-2.98293386239394,0,2.29076226977673,-0.017066137606057
21.104,-2.98293386239394,0,2.28974824041784,-0.017066137606057
21.105,-2.98293386239394,0,2.2887328542446,-0.017066137606057
21.106,-2.98293386239394,0,2.28771611125702,-0.017066137606057
21.107,-2.98293386239394,0,2.2866980114551,-0.017066137606057
21.108,-2.98293386239394,0,2.28567855483883,-0.017066137606057
21.109,-2.98293386239394,0,2.28465774140822,-0.017066137606057
21.11,-2.98293386239394,0,2.28363557116327,-0.017066137606057
21.111,-2.98293386239394,0,2.28261204410397,-0.017066137606057
21.112,-2.98293386239394,0,2.28158716023033,-0.017066137606057
21.113,-2.98293386239394,0,2.28056091954235,-0.017066137606057
21.114,-2.98293386239394,0,2.27953332204002,-0.017066137606057
21.115,-2.98293386239394,0,2.27850436772335,-0.017066137606057
21.116,-2.98293386239394,0,2.27747405659233,-0.017066137606057
21.117,-2.98293386239394,0,2.27644238864697,-0.017066137606057
21.118,-2.98293386239394,0,2.27540936388727,-0.017066137606057
21.119,-2.98293386239394,0,2.27437498231322,-0.017066137606057
21.12,-2.98293386239394,0,2.27333924392483,-0.017066137606057
21.121,-2.98293386239394,0,2.27230214872209,-0.017066137606057
21.122,-2.98293386239394,0,2.27126369670501,-0.017066137606057
21.123,-2.98293386239394,0,2.27022388787359,-0.017066137606057
21.124,-2.98293386239394,0,2.26918272222782,-0.017066137606057
21.125,-2.98293386239394,0,2.26814019976771,-0.017066137606057
21.126,-2.98293386239394,0,2.26709632049326,-0.017066137606057
21.127,-2.98293386239394,0,2.26605108440446,-0.017066137606057
21.128,-2.98293386239394,0,2.26500449150132,-0.017066137606057
21.129,-2.98293386239394,0,2.26395654178383,-0.017066137606057
21.13,-2.98293386239394,0,2.262907235252,-0.017066137606057
21.131,-2.98293386239394,0,2.26185657190583,-0.017066137606057
21.132,-2.98293386239394,0,2.26080455174531,-0.017066137606057
21.133,-2.98293386239394,0,2.25975117477045,-0.017066137606057
21.134,-2.98293386239394,0,2.25869644098125,-0.017066137606057
21.135,-2.98293386239394,0,2.2576403503777,-0.017066137606057
21.136,-2.98293386239394,0,2.25658290295981,-0.017066137606057
21.137,-2.98293386239394,0,2.25552409872757,-0.017066137606057
21.138,-2.98293386239394,0,2.25446393768099,-0.017066137606057
21.139,-2.98293386239394,0,2.25340241982007,-0.017066137606057
21.14,-2.98293386239394,0,2.2523395451448,-0.017066137606057
21.141,-2.98293386239394,0,2.25127531365519,-0.017066137606057
21.142,-2.98293386239394,0,2.25020972535123,-0.017066137606057
21.143,-2.98293386239394,0,2.24914278023294,-0.017066137606057
21.144,-2.98293386239394,0,2.24807447830029,-0.017066137606057
21.145,-2.98293386239394,0,2.24700481955331,-0.017066137606057
21.146,-2.98293386239394,0,2.24593380399198,-0.017066137606057
21.147,-2.98293386239394,0,2.2448614316163,-0.017066137606057
21.148,-2.98293386239394,0,2.24378770242629,-0.017066137606057
21.149,-2.98293386239394,0,2.24271261642193,-0.017066137606057
21.15,-2.98293386239394,0,2.24163617360322,-0.017066137606057
21.151,-2.98293386239394,0,2.24055837397017,-0.017066137606057
21.152,-2.98293386239394,0,2.23947921752278,-0.017066137606057
21.153,-2.98293386239394,0,2.23839870426104,-0.017066137606057
21.154,-2.98293386239394,0,2.23731683418496,-0.017066137606057
21.155,-2.98293386239394,0,2.23623360729454,-0.017066137606057
21.156,-2.98293386239394,0,2.23514902358977,-0.017066137606057
21.157,-2.98293386239394,0,2.23406308307066,-0.017066137606057
21.158,-2.98293386239394,0,2.2329757857372,-0.017066137606057
21.159,-2.98293386239394,0,2.2318871315894,-0.017066137606057
21.16,-2.98293386239394,0,2.23079712062726,-0.017066137606057
21.161,-2.98293386239394,0,2.22970575285077,-0.017066137606057
21.162,-2.98293386239394,0,2.22861302825994,-0.017066137606057
21.163,-2.98293386239394,0,2.22751894685477,-0.017066137606057
21.164,-2.98293386239394,0,2.22642350863525,-0.017066137606057
21.165,-2.98293386239394,0,2.22532671360139,-0.017066137606057
21.166,-2.98293386239394,0,2.22422856175318,-0.017066137606057
21.167,-2.98293386239394,0,2.22312905309064,-0.017066137606057
21.168,-2.98293386239394,0,2.22202818761374,-0.017066137606057
21.169,-2.98293386239394,0,2.2209259653225,-0.017066137606057
21.17,-2.98293386239394,0,2.21982238621692,-0.017066137606057
21.171,-2.98293386239394,0,2.218717450297,-0.017066137606057
21.172,-2.98293386239394,0,2.21761115756273,-0.017066137606057
21.173,-2.98293386239394,0,2.21650350801412,-0.017066137606057
21.174,-2.98293386239394,0,2.21539450165116,-0.017066137606057
21.175,-2.98293386239394,0,2.21428413847386,-0.017066137606057
21.176,-2.98293386239394,0,2.21317241848222,-0.017066137606057
21.177,-2.98293386239394,0,2.21205934167623,-0.017066137606057
21.178,-2.98293386239394,0,2.2109449080559,-0.017066137606057
21.179,-2.98293386239394,0,2.20982911762123,-0.017066137606057
21.18,-2.98293386239394,0,2.20871197037221,-0.017066137606057
21.181,-2.98293386239394,0,2.20759346630885,-0.017066137606057
21.182,-2.98293386239394,0,2.20647360543114,-0.017066137606057
21.183,-2.98293386239394,0,2.20535238773909,-0.017066137606057
21.184,-2.98293386239394,0,2.2042298132327,-0.017066137606057
21.185,-2.98293386239394,0,2.20310588191196,-0.017066137606057
21.186,-2.98293386239394,0,2.20198059377688,-0.017066137606057
21.187,-2.98293386239394,0,2.20085394882745,-0.017066137606057
21.188,-2.98293386239394,0,2.19972594706368,-0.017066137606057
21.189,-2.98293386239394,0,2.19859658848557,-0.017066137606057
21.19,-2.98293386239394,0,2.19746587309311,-0.017066137606057
21.191,-2.98293386239394,0,2.19633380088631,-0.017066137606057
21.192,-2.98293386239394,0,2.19520037186517,-0.017066137606057
21.193,-2.98293386239394,0,2.19406558602968,-0.017066137606057
21.194,-2.98293386239394,0,2.19292944337985,-0.017066137606057
21.195,-2.98293386239394,0,2.19179194391568,-0.017066137606057
21.196,-2.98293386239394,0,2.19065308763716,-0.017066137606057
21.197,-2.98293386239394,0,2.18951287454429,-0.017066137606057
21.198,-2.98293386239394,0,2.18837130463709,-0.017066137606057
21.199,-2.98293386239394,0,2.18722837791554,-0.017066137606057
21.2,-2.98293386239394,0,2.18608409437964,-0.017066137606057
21.201,-2.98293386239394,0,2.1849384540294,-0.017066137606057
21.202,-2.98293386239394,0,2.18379145686482,-0.017066137606057
21.203,-2.98293386239394,0,2.1826431028859,-0.017066137606057
21.204,-2.98293386239394,0,2.18149339209263,-0.017066137606057
21.205,-2.98293386239394,0,2.18034232448501,-0.017066137606057
21.206,-2.98293386239394,0,2.17918990006306,-0.017066137606057
21.207,-2.98293386239394,0,2.17803611882676,-0.017066137606057
21.208,-2.98293386239394,0,2.17688098077611,-0.017066137606057
21.209,-2.98293386239394,0,2.17572448591112,-0.017066137606057
21.21,-2.98293386239394,0,2.17456663423179,-0.017066137606057
21.211,-2.98293386239394,0,2.17340742573812,-0.017066137606057
21.212,-2.98293386239394,0,2.1722468604301,-0.017066137606057
21.213,-2.98293386239394,0,2.17108493830773,-0.017066137606057
21.214,-2.98293386239394,0,2.16992165937102,-0.017066137606057
21.215,-2.98293386239394,0,2.16875702361997,-0.017066137606057
21.216,-2.98293386239394,0,2.16759103105458,-0.017066137606057
21.217,-2.98293386239394,0,2.16642368167484,-0.017066137606057
21.218,-2.98293386239394,0,2.16525497548076,-0.017066137606057
21.219,-2.98293386239394,0,2.16408491247233,-0.017066137606057
21.22,-2.98293386239394,0,2.16291349264956,-0.017066137606057
21.221,-2.98293386239394,0,2.16174071601245,-0.017066137606057
21.222,-2.98293386239394,0,2.16056658256099,-0.017066137606057
21.223,-2.98293386239394,0,2.15939109229519,-0.017066137606057
21.224,-2.98293386239394,0,2.15821424521504,-0.017066137606057
21.225,-2.98293386239394,0,2.15703604132055,-0.017066137606057
21.226,-2.98293386239394,0,2.15585648061172,-0.017066137606057
21.227,-2.98293386239394,0,2.15467556308854,-0.017066137606057
21.228,-2.98293386239394,0,2.15349328875102,-0.017066137606057
21.229,-2.98293386239394,0,2.15230965759916,-0.017066137606057
21.23,-2.98293386239394,0,2.15112466963295,-0.017066137606057
21.231,-2.98293386239394,0,2.1499383248524,-0.017066137606057
21.232,-2.98293386239394,0,2.14875062325751,-0.017066137606057
21.233,-2.98293386239394,0,2.14756156484827,-0.017066137606057
21.234,-2.98293386239394,0,2.14637114962468,-0.017066137606057
21.235,-2.98293386239394,0,2.14517937758676,-0.017066137606057
21.236,-2.98293386239394,0,2.14398624873449,-0.017066137606057
21.237,-2.98293386239394,0,2.14279176306787,-0.017066137606057
21.238,-2.98293386239394,0,2.14159592058691,-0.017066137606057
21.239,-2.98293386239394,0,2.14039872129161,-0.017066137606057
21.24,-2.98293386239394,0,2.13920016518197,-0.017066137606057
21.241,-2.98293386239394,0,2.13800025225798,-0.017066137606057
21.242,-2.98293386239394,0,2.13679898251964,-0.017066137606057
21.243,-2.98293386239394,0,2.13559635596697,-0.017066137606057
21.244,-2.98293386239394,0,2.13439237259995,-0.017066137606057
21.245,-2.98293386239394,0,2.13318703241858,-0.017066137606057
21.246,-2.98293386239394,0,2.13198033542287,-0.017066137606057
21.247,-2.98293386239394,0,2.13077228161282,-0.017066137606057
21.248,-2.98293386239394,0,2.12956287098843,-0.017066137606057
21.249,-2.98293386239394,0,2.12835210354968,-0.017066137606057
21.25,-2.98293386239394,0,2.1271399792966,-0.017066137606057
21.251,-2.98293386239394,0,2.12592649822917,-0.017066137606057
21.252,-2.98293386239394,0,2.1247116603474,-0.017066137606057
21.253,-2.98293386239394,0,2.12349546565129,-0.017066137606057
21.254,-2.98293386239394,0,2.12227791414083,-0.017066137606057
21.255,-2.98293386239394,0,2.12105900581603,-0.017066137606057
21.256,-2.98293386239394,0,2.11983874067688,-0.017066137606057
21.257,-2.98293386239394,0,2.11861711872339,-0.017066137606057
21.258,-2.98293386239394,0,2.11739413995556,-0.017066137606057
21.259,-2.98293386239394,0,2.11616980437338,-0.017066137606057
21.26,-2.98293386239394,0,2.11494411197686,-0.017066137606057
21.261,-2.98293386239394,0,2.11371706276599,-0.017066137606057
21.262,-2.98293386239394,0,2.11248865674078,-0.017066137606057
21.263,-2.98293386239394,0,2.11125889390123,-0.017066137606057
21.264,-2.98293386239394,0,2.11002777424734,-0.017066137606057
21.265,-2.98293386239394,0,2.1087952977791,-0.017066137606057
21.266,-2.98293386239394,0,2.10756146449651,-0.017066137606057
21.267,-2.98293386239394,0,2.10632627439958,-0.017066137606057
21.268,-2.98293386239394,0,2.10508972748831,-0.017066137606057
21.269,-2.98293386239394,0,2.1038518237627,-0.017066137606057
21.27,-2.98293386239394,0,2.10261256322274,-0.017066137606057
21.271,-2.98293386239394,0,2.10137194586843,-0.017066137606057
21.272,-2.98293386239394,0,2.10012997169979,-0.017066137606057
21.273,-2.98293386239394,0,2.0988866407168,-0.017066137606057
21.274,-2.98293386239394,0,2.09764195291946,-0.017066137606057
21.275,-2.98293386239394,0,2.09639590830778,-0.017066137606057
21.276,-2.98293386239394,0,2.09514850688176,-0.017066137606057
21.277,-2.98293386239394,0,2.0938997486414,-0.017066137606057
21.278,-2.98293386239394,0,2.09264963358669,-0.017066137606057
21.279,-2.98293386239394,0,2.09139816171763,-0.017066137606057
21.28,-2.98293386239394,0,2.09014533303424,-0.017066137606057
21.281,-2.98293386239394,0,2.0888911475365,-0.017066137606057
21.282,-2.98293386239394,0,2.08763560522441,-0.017066137606057
21.283,-2.98293386239394,0,2.08637870609798,-0.017066137606057
21.284,-2.98293386239394,0,2.08512045015721,-0.017066137606057
21.285,-2.98293386239394,0,2.08386083740209,-0.017066137606057
21.286,-2.98293386239394,0,2.08259986783264,-0.017066137606057
21.287,-2.98293386239394,0,2.08133754144883,-0.017066137606057
21.288,-2.98293386239394,0,2.08007385825068,-0.017066137606057
21.289,-2.98293386239394,0,2.07880881823819,-0.017066137606057
21.29,-2.98293386239394,0,2.07754242141136,-0.017066137606057
21.291,-2.98293386239394,0,2.07627466777018,-0.017066137606057
21.292,-2.98293386239394,0,2.07500555731466,-0.017066137606057
21.293,-2.98293386239394,0,2.07373509004479,-0.017066137606057
21.294,-2.98293386239394,0,2.07246326596058,-0.017066137606057
21.295,-2.98293386239394,0,2.07119008506203,-0.017066137606057
21.296,-2.98293386239394,0,2.06991554734913,-0.017066137606057
21.297,-2.98293386239394,0,2.06863965282189,-0.017066137606057
21.298,-2.98293386239394,0,2.0673624014803,-0.017066137606057
21.299,-2.98293386239394,0,2.06608379332437,-0.017066137606057
21.3,-2.98293386239394,0,2.0648038283541,-0.017066137606057
21.301,-2.98293386239394,0,2.06352250656948,-0.017066137606057
21.302,-2.98293386239394,0,2.06223982797052,-0.017066137606057
21.303,-2.98293386239394,0,2.06095579255722,-0.017066137606057
21.304,-2.98293386239394,0,2.05967040032957,-0.017066137606057
21.305,-2.98293386239394,0,2.05838365128758,-0.017066137606057
21.306,-2.98293386239394,0,2.05709554543124,-0.017066137606057
21.307,-2.98293386239394,0,2.05580608276057,-0.017066137606057
21.308,-2.98293386239394,0,2.05451526327554,-0.017066137606057
21.309,-2.98293386239394,0,2.05322308697618,-0.017066137606057
21.31,-2.98293386239394,0,2.05192955386247,-0.017066137606057
21.311,-2.98293386239394,0,2.05063466393441,-0.017066137606057
21.312,-2.98293386239394,0,2.04933841719201,-0.017066137606057
21.313,-2.98293386239394,0,2.04804081363527,-0.017066137606057
21.314,-2.98293386239394,0,2.04674185326418,-0.017066137606057
21.315,-2.98293386239394,0,2.04544153607876,-0.017066137606057
21.316,-2.98293386239394,0,2.04413986207898,-0.017066137606057
21.317,-2.98293386239394,0,2.04283683126487,-0.017066137606057
21.318,-2.98293386239394,0,2.0415324436364,-0.017066137606057
21.319,-2.98293386239394,0,2.0402266991936,-0.017066137606057
21.32,-2.98293386239394,0,2.03891959793645,-0.017066137606057
21.321,-2.98293386239394,0,2.03761113986496,-0.017066137606057
21.322,-2.98293386239394,0,2.03630132497912,-0.017066137606057
21.323,-2.98293386239394,0,2.03499015327894,-0.017066137606057
21.324,-2.98293386239394,0,2.03367762476442,-0.017066137606057
21.325,-2.98293386239394,0,2.03236373943555,-0.017066137606057
21.326,-2.98293411679111,-0.000508808348255827,2.03236373943555,-0.0170658832088857
21.327,-2.98293488006667,-0.00101778478391331,2.03236373943555,-0.0170651199333314
21.328,-2.98293615247276,-0.00152709744977601,2.03236373943555,-0.017063847527242
21.329,-2.98293793442973,-0.00203691459946986,2.03236373943555,-0.0170620655702725
21.33,-2.98294022652626,-0.00254740465289961,2.03236373943555,-0.0170597734737443
21.331,-2.98294302951955,-0.00305873625175992,2.03236373943555,-0.017056970480454
21.332,-2.98294634433558,-0.00357107831511783,2.03236373943555,-0.0170536556644221
21.333,-2.98295017206941,-0.00408460009508697,2.03236373943555,-0.0170498279305886
21.334,-2.98295451398555,-0.00459947123260956,2.03236373943555,-0.0170454860144518
21.335,-2.98295937151835,-0.00511586181336641,2.03236373943555,-0.0170406284816496
21.336,-2.98296474627251,-0.00563394242383179,2.03236373943555,-0.0170352537274892
21.337,-2.98297064002358,-0.00615388420749148,2.03236373943555,-0.0170293599764184
21.338,-2.98297705471856,-0.00667585892124268,2.03236373943555,-0.0170229452814388
21.339,-2.98298399247653,-0.00720003899199421,2.03236373943555,-0.0170160075234653
21.34,-2.98299145558937,-0.00772659757348646,2.03236373943555,-0.0170085444106278
21.341,-2.98299944652249,-0.00825570860334731,2.03236373943555,-0.0170005534775122
21.342,-2.98300796791564,-0.00878754686040437,2.03236373943555,-0.0169920320843557
21.343,-2.98301702258383,-0.00932228802227245,2.03236373943555,-0.0169829774161681
21.344,-2.98302661351819,-0.0098601087232334,2.01152683386513,-0.0169733864818085
21.345,-2.98304104297675,-0.0189995946554807,2.01152683386513,-0.0169589570232511
21.346,-2.98312129997915,-0.15454066033051,2.01152683386513,-0.0168787000208535
21.347,-2.98335048238582,-0.303623875988279,2.04031352910473,-0.0166495176141779
21.348,-2.9837222355972,-0.439708874936844,2.07375578583922,-0.0162777644028007
21.349,-2.98422268386655,-0.561042602675721,2.11427088214622,-0.0157773161334465
21.35,-2.9848357079389,-0.664892417084935,2.15856703285533,-0.0151642920611041
21.351,-2.98554314341705,-0.749898545149711,2.20392178618416,-0.0144568565829544
21.352,-2.98632602982234,-0.815826849165472,2.2481720758315,-0.0136739701776611
21.353,-2.98716561560203,-0.863327957090682,2.28968250655306,-0.0128343843979692
21.354,-2.9880441299991,-0.893711842225903,2.32729804005214,-0.0119558700008984
21.355,-2.9889453404361,-0.90874424172179,2.36028657272359,-0.0110546595639049
21.356,-2.98985491925492,-0.910468908917874,2.38827612669192,-0.0101450807450818
21.357,-2.99076064662601,-0.901057651847569,2.38827612669192,-0.00923935337399051
21.358,-2.99165717695982,-0.892073606158722,2.42973194564151,-0.00834282304018341
21.359,-2.99253643484809,-0.866536230059418,2.42973194564151,-0.00746356515191327
21.36,-2.99339043505365,-0.841555767075375,2.42973194564151,-0.00660956494634579
21.361,-2.99421972712792,-0.817117552773339,2.46165350622485,-0.00578027287208149
21.362,-2.9950183083303,-0.780150558707136,2.46165350622485,-0.00498169166970319
21.363,-2.99578023630376,-0.743807754492309,2.46165350622485,-0.00421976369623644
21.364,-2.99650612528894,-0.708069313389479,2.46165350622485,-0.00349387471105977
21.365,-2.99719656991277,-0.672915832701829,2.46165350622485,-0.00280343008722594
21.366,-2.99785214560636,-0.638328321383535,2.46165350622485,-0.00214785439363885
21.367,-2.99847340901054,-0.604288187972274,2.46165350622485,-0.00152659098946462
21.368,-2.99906089836955,-0.570777228835134,2.46165350622485,-0.000939101630450967
21.369,-2.99961513391315,-0.537777616717681,2.46165350622485,-0.000384866086845737
21.37,-3.00013661822738,-0.505271889586228,2.43614511875381,0.000136618227376317
21.371,-3.00063104901324,-0.483652887014808,2.43614511875381,0.000631049013235074
21.372,-3.00110404846024,-0.462407269365844,2.43614511875381,0.00110404846024315
21.373,-3.00155598416747,-0.441523506416695,2.43614511875381,0.00155598416747438
21.374,-3.00198721232703,-0.420990313292601,2.41350731396313,0.0019872123270348
21.375,-3.00240270047138,-0.410028528951678,2.41350731396313,0.00240270047138091
21.376,-3.00280735342003,-0.399318855074012,2.41350731396313,0.00280735342003258
21.377,-3.00320142010865,-0.388854967614353,2.41350731396313,0.0032014201086521
21.378,-3.00358514322489,-0.378630693947002,2.41350731396313,0.0035851432248859
21.379,-3.00395875935787,-0.368640009050868,2.41350731396313,0.0039587593578716
21.38,-3.00432249914398,-0.358877031791235,2.41350731396313,0.0043224991439752
21.381,-3.00467658740886,-0.349336021295594,2.41350731396313,0.00467658740885657
21.382,-3.00502124330596,-0.340011373421018,2.41350731396313,0.00502124330595954
21.383,-3.00535668045151,-0.330897617310594,2.41350731396313,0.00535668045151017
21.384,-3.00568310705612,-0.321989412036538,2.41350731396313,0.00568310705611985
21.385,-3.00600072605307,-0.313281543327643,2.41350731396313,0.00600072605306767
21.386,-3.00630973522336,-0.304768920378815,2.41350731396313,0.00630973522335809
21.387,-3.00661032731763,-0.296446572740498,2.41350731396313,0.00661032731762567
21.388,-3.00690269017496,-0.288309647285849,2.41350731396313,0.00690269017496314
21.389,-3.00718700683877,-0.280353405253598,2.41350731396313,0.0071870068387665
21.39,-3.00746345566964,-0.272573219364581,2.41350731396313,0.00746345566964424
21.391,-3.0077322104555,-0.264964571009976,2.41350731396313,0.00773221045549599
21.392,-3.0079934405188,-0.257523047509356,2.41350731396313,0.00799344051880091
21.393,-3.00824731082121,-0.250244339436698,2.41350731396313,0.00824731082120556
21.394,-3.00849398206547,-0.243124238012567,2.41350731396313,0.00849398206546681
21.395,-3.00873361079483,-0.236158632560698,2.41350731396313,0.00873361079482526
21.396,-3.00896634948986,-0.229343508027322,2.41350731396313,0.00896634948985886
21.397,-3.00919234666289,-0.222674942561537,2.41350731396313,0.0091923466628927
21.398,-3.00941174695002,-0.216149105155155,2.41350731396313,0.0094117469500179
21.399,-3.00962469120078,-0.209762253340443,2.41350731396313,0.00962469120077536
21.4,-3.00983131656557,-0.203510730944246,2.41350731396313,0.00983131656557035
21.401,-3.01003175658087,-0.19739096589701,2.41350731396313,0.0100317565808701
21.402,-3.01022614125223,-0.191399468095274,2.41350731396313,0.0102261412522267
21.403,-3.0104145971352,-0.18553282731623,2.41350731396313,0.010414597135203
21.404,-3.01059724741423,-0.179787711182981,2.41350731396313,0.0105972474142306
21.405,-3.01077421197946,-0.174160863179192,2.41350731396313,0.0107742119794572
21.406,-3.01094560750163,-0.168649100711827,2.41350731396313,0.0109456075016334
21.407,-3.01111154750509,-0.163249313220729,2.41350731396313,0.0111115475050925
21.408,-3.01127214243885,-0.15795846033382,2.41350731396313,0.0112721424388509
21.409,-3.01142749974589,-0.15277357006673,2.41350731396313,0.0114274997458939
21.41,-3.01157772393068,-0.147691737065705,2.41350731396313,0.0115777239306847
21.411,-3.01172291662493,-0.14271012089266,2.41350731396313,0.0117229166249309
21.412,-3.01186317665166,-0.137825944351292,2.41350731396313,0.0118631766516626
21.413,-3.01199860008765,-0.133036491853174,2.41350731396313,0.0119986000876486
21.414,-3.01212928032421,-0.128339107822798,2.41350731396313,0.012129280324209
21.415,-3.01225530812644,-0.123731195140555,2.41350731396313,0.0122553081264449
21.416,-3.01237677169093,-0.119210213622663,2.41350731396313,0.0123767716909287
21.417,-3.0124937567019,-0.11477367853709,2.41350731396313,0.0124937567018999
21.418,-3.01260634638599,-0.110419159154527,2.41350731396313,0.012606346385986
21.419,-3.01271462156549,-0.106144277333507,2.41350731396313,0.0127146215654945
21.42,-3.01281866071031,-0.101946706138787,2.41350731396313,0.0128186607103085
21.421,-3.01291853998842,-0.0978241684921158,2.41350731396313,0.0129185399884153
21.422,-3.0130143333151,-0.0937744358545576,2.41350731396313,0.013014333315104
21.423,-3.01310611240085,-0.0897953269395471,2.41350731396313,0.0131061124008549
21.424,-3.01319394679796,-0.0858847064558735,2.41350731396313,0.0131939467979638
21.425,-3.01327790394592,-0.0820404838798173,2.41350731396313,0.013277903945919
21.426,-3.01335804921557,-0.0782606122556799,2.41350731396313,0.0133580492155696
21.427,-3.0134344459521,-0.0745430870239664,2.41350731396313,0.013434445952103
21.428,-3.01350715551687,-0.0708859448764973,2.41350731396313,0.0135071555168662
21.429,-3.01357623732806,-0.0672872626377499,2.41350731396313,0.0135762373280577
21.43,-3.01364174890031,-0.0637451561717405,2.41350731396313,0.0136417489003109
21.431,-3.01370374588319,-0.0602577793137799,2.41350731396313,0.0137037458831943
21.432,-3.01376228209866,-0.0568233228264505,2.41350731396313,0.0137622820986634
21.433,-3.01381740957747,-0.0534400133791697,2.41350731396313,0.0138174095774728
21.434,-3.01386917859458,-0.0501061125507193,2.41350731396313,0.0138691785945841
21.435,-3.01391763770358,-0.0468199158541366,2.41350731396313,0.0139176377035843
21.436,-3.01396283377014,-0.0435797517833769,2.41350731396313,0.0139628337701438
21.437,-3.01400481200453,-0.0403839808811741,2.41350731396313,0.0140048120045275
21.438,-3.01404361599319,-0.0372309948275368,2.41350731396313,0.0140436159931867
21.439,-3.01407928772945,-0.034119215548332,2.41350731396313,0.0140792877294489
21.44,-3.01411186764333,-0.0310470943434259,2.41350731396313,0.0141118676433254
21.441,-3.01414139463046,-0.028013111033855,2.41350731396313,0.0141413946304603
21.442,-3.01416790608023,-0.0250157731275273,2.41350731396313,0.0141679060802291
21.443,-3.01419143790302,-0.0220536150029488,2.41350731396313,0.0141914379030195
21.444,-3.01420633810475,0,2.39863954626026,0.0142063381047532
21.445,-3.01420633810475,0,2.3964313427672,0.0142063381047532
21.446,-3.01420633810475,0,2.39497569789925,0.0142063381047532
21.447,-3.01420633810475,0,2.39407725392284,0.0142063381047532
21.448,-3.01420633810475,0,2.39359144251395,0.0142063381047532
21.449,-3.01420633810475,0,2.39341128044783,0.0142063381047532
21.45,-3.01420633810475,0,2.39345759816606,0.0142063381047532
21.451,-3.01420633810475,0,2.393671808736,0.0142063381047532
21.452,-3.01420633810475,0,2.39401055674753,0.0142063381047532
21.453,-3.01420633810475,0,2.39444175839793,0.0142063381047532
21.454,-3.01420633810475,0,2.39494167108177,0.0142063381047532
21.455,-3.01420633810475,0,2.39549272483336,0.0142063381047532
21.456,-3.01420633810475,0,2.39608191755422,0.0142063381047532
21.457,-3.01420633810475,0,2.39669962745178,0.0142063381047532
21.458,-3.01420633810475,0,2.39733873422217,0.0142063381047532
21.459,-3.01420633810475,0,2.39799396870928,0.0142063381047532
21.46,-3.01420633810475,0,2.39866143164046,0.0142063381047532
21.461,-3.01420633810475,0,2.39933823748206,0.0142063381047532
21.462,-3.01420633810475,0,2.400022250886,0.0142063381047532
21.463,-3.01420633810475,0,2.40071189165532,0.0142063381047532
21.464,-3.01420633810475,0,2.40140599041517,0.0142063381047532
21.465,-3.01420633810475,0,2.40210368180657,0.0142063381047532
21.466,-3.01420633810475,0,2.40280432544794,0.0142063381047532
21.467,-3.01420633810475,0,2.40350744744511,0.0142063381047532
21.468,-3.01420633810475,0,2.40421269710765,0.0142063381047532
21.469,-3.01420633810475,0,2.40491981491819,0.0142063381047532
21.47,-3.01420633810475,0,2.40562860882907,0.0142063381047532
21.471,-3.01420633810475,0,2.40633893672151,0.0142063381047532
21.472,-3.01420633810475,0,2.40705069342496,0.0142063381047532
21.473,-3.01420633810475,0,2.40776380111131,0.0142063381047532
21.474,-3.01420633810475,0,2.40847820218629,0.0142063381047532
21.475,-3.01420633810475,0,2.40919385402911,0.0142063381047532
21.476,-3.01420633810475,0,2.40991072509957,0.0142063381047532
21.477,-3.01420633810475,0,2.41062879205736,0.0142063381047532
21.478,-3.01420633810475,0,2.41134803763022,0.0142063381047532
21.479,-3.01420633810475,0,2.41206844903635,0.0142063381047532
21.48,-3.01420633810475,0,2.41279001681698,0.0142063381047532
21.481,-3.01420633810475,0,2.41351273397247,0.0142063381047532
21.482,-3.01420633810475,0,2.41423659532292,0.0142063381047532
21.483,-3.01420633810475,0,2.41496159703514,0.0142063381047532
21.484,-3.01420633810475,0,2.41568773627249,0.0142063381047532
21.485,-3.01420633810475,0,2.41641501093579,0.0142063381047532
21.486,-3.01420633810475,0,2.41714341947163,0.0142063381047532
21.487,-3.01420633810475,0,2.41787296073044,0.0142063381047532
21.488,-3.01420633810475,0,2.41860363386153,0.0142063381047532
21.489,-3.01420633810475,0,2.41933543823537,0.0142063381047532
21.49,-3.01420633810475,0,2.42006837338608,0.0142063381047532
21.491,-3.01420633810475,0,2.42080243896893,0.0142063381047532
21.492,-3.01420633810475,0,2.42153763472879,0.0142063381047532
21.493,-3.01420633810475,0,2.42227396047687,0.0142063381047532
21.494,-3.01420633810475,0,2.42301141607346,0.0142063381047532
21.495,-3.01420633810475,0,2.42375000141517,0.0142063381047532
21.496,-3.01420633810475,0,2.42448971642549,0.0142063381047532
21.497,-3.01420633810475,0,2.4252305610478,0.0142063381047532
21.498,-3.01420633810475,0,2.4259725352402,0.0142063381047532
21.499,-3.01420633810475,0,2.42671563897169,0.0142063381047532
21.5,-3.01420633810475,0,2.42745987221932,0.0142063381047532
21.501,-3.01420633810475,0,2.42820523496612,0.0142063381047532
21.502,-3.01420633810475,0,2.42895172719951,0.0142063381047532
21.503,-3.01420633810475,0,2.42969934891021,0.0142063381047532
21.504,-3.01420633810475,0,2.43044810009132,0.0142063381047532
21.505,-3.01420633810475,0,2.43119798073776,0.0142063381047532
21.506,-3.01420633810475,0,2.43194899084575,0.0142063381047532
21.507,-3.01420633810475,0,2.43270113041251,0.0142063381047532
21.508,-3.01420633810475,0,2.43345439943598,0.0142063381047532
21.509,-3.01420633810475,0,2.43420879791463,0.0142063381047532
21.51,-3.01420633810475,0,2.43496432584733,0.0142063381047532
21.511,-3.01420633810475,0,2.43572098323324,0.0142063381047532
21.512,-3.01420633810475,0,2.43647877007174,0.0142063381047532
21.513,-3.01420633810475,0,2.43723768636237,0.0142063381047532
21.514,-3.01420633810475,0,2.43799773210481,0.0142063381047532
21.515,-3.01420633810475,0,2.43875890729879,0.0142063381047532
21.516,-3.01420633810475,0,2.43952121194413,0.0142063381047532
21.517,-3.01420633810475,0,2.44028464604069,0.0142063381047532
21.518,-3.01420633810475,0,2.44104920958837,0.0142063381047532
21.519,-3.01420633810475,0,2.4418149025871,0.0142063381047532
21.52,-3.01420633810475,0,2.44258172503682,0.0142063381047532
21.521,-3.01420633810475,0,2.44334967693749,0.0142063381047532
21.522,-3.01420633810475,0,2.44411875828907,0.0142063381047532
21.523,-3.01420633810475,0,2.44488896909155,0.0142063381047532
21.524,-3.01420633810475,0,2.44566030934491,0.0142063381047532
21.525,-3.01420633810475,0,2.44643277904914,0.0142063381047532
21.526,-3.01420633810475,0,2.44720637820423,0.0142063381047532
21.527,-3.01420633810475,0,2.44798110681016,0.0142063381047532
21.528,-3.01420633810475,0,2.44875696486695,0.0142063381047532
21.529,-3.01420633810475,0,2.44953395237457,0.0142063381047532
21.53,-3.01420633810475,0,2.45031206933304,0.0142063381047532
21.531,-3.01420633810475,0,2.45109131574234,0.0142063381047532
21.532,-3.01420633810475,0,2.45187169160248,0.0142063381047532
21.533,-3.01420633810475,0,2.45265319691345,0.0142063381047532
21.534,-3.01420633810475,0,2.45343583167526,0.0142063381047532
21.535,-3.01420633810475,0,2.4542195958879,0.0142063381047532
21.536,-3.01420633810475,0,2.45500448955137,0.0142063381047532
21.537,-3.01420633810475,0,2.45579051266568,0.0142063381047532
21.538,-3.01420633810475,0,2.45657766523081,0.0142063381047532
21.539,-3.01420633810475,0,2.45736594724678,0.0142063381047532
21.54,-3.01420633810475,0,2.45815535871359,0.0142063381047532
21.541,-3.01420633810475,0,2.45894589963122,0.0142063381047532
21.542,-3.01420633810475,0,2.45973756999969,0.0142063381047532
21.543,-3.01420633810475,0,2.46053036981899,0.0142063381047532
21.544,-3.01420633810475,0,2.46132429908912,0.0142063381047532
21.545,-3.01420633810475,0,2.46211935781008,0.0142063381047532
21.546,-3.01420633810475,0,2.46291554598188,0.0142063381047532
21.547,-3.01420633810475,0,2.4637128636045,0.0142063381047532
21.548,-3.01420633810475,0,2.46451131067796,0.0142063381047532
21.549,-3.01420633810475,0,2.46531088720225,0.0142063381047532
21.55,-3.01420633810475,0,2.46611159317737,0.0142063381047532
21.551,-3.01420633810475,0,2.46691342860332,0.0142063381047532
21.552,-3.01420633810475,0,2.46771639348011,0.0142063381047532
21.553,-3.01420633810475,0,2.46852048780772,0.0142063381047532
21.554,-3.01420633810475,0,2.46932571158617,0.0142063381047532
21.555,-3.01420633810475,0,2.47013206481545,0.0142063381047532
21.556,-3.01420633810475,0,2.47093954749556,0.0142063381047532
21.557,-3.01420633810475,0,2.4717481596265,0.0142063381047532
21.558,-3.01420633810475,0,2.47255790120828,0.0142063381047532
21.559,-3.01420633810475,0,2.47336877224088,0.0142063381047532
21.56,-3.01420633810475,0,2.47418077272432,0.0142063381047532
21.561,-3.01420633810475,0,2.47499390265859,0.0142063381047532
21.562,-3.01420633810475,0,2.47580816204369,0.0142063381047532
21.563,-3.01420633810475,0,2.47662355087962,0.0142063381047532
21.564,-3.01420633810475,0,2.47744006916639,0.0142063381047532
21.565,-3.01420633810475,0,2.47825771690399,0.0142063381047532
21.566,-3.01420633810475,0,2.47907649409241,0.0142063381047532
21.567,-3.01420633810475,0,2.47989640073167,0.0142063381047532
21.568,-3.01420633810475,0,2.48071743682176,0.0142063381047532
21.569,-3.01420633810475,0,2.48153960236269,0.0142063381047532
21.57,-3.01420633810475,0,2.48236289735444,0.0142063381047532
21.571,-3.01420633810475,0,2.48318732179703,0.0142063381047532
21.572,-3.01420633810475,0,2.48401287569045,0.0142063381047532
21.573,-3.01420633810475,0,2.4848395590347,0.0142063381047532
21.574,-3.01420633810475,0,2.48566737182978,0.0142063381047532
21.575,-3.01420633810475,0,2.48649631407569,0.0142063381047532
21.576,-3.01420633810475,0,2.48732638577244,0.0142063381047532
21.577,-3.01420633810475,0,2.48815758692002,0.0142063381047532
21.578,-3.01420633810475,0,2.48898991751842,0.0142063381047532
21.579,-3.01420633810475,0,2.48982337756766,0.0142063381047532
21.58,-3.01420633810475,0,2.49065796706774,0.0142063381047532
21.581,-3.01420633810475,0,2.49149368601864,0.0142063381047532
21.582,-3.01420633810475,0,2.49233053442038,0.0142063381047532
21.583,-3.01420633810475,0,2.49316851227294,0.0142063381047532
21.584,-3.01420633810475,0,2.49400761957634,0.0142063381047532
21.585,-3.01420633810475,0,2.49484785633057,0.0142063381047532
21.586,-3.01420633810475,0,2.49568922253563,0.0142063381047532
21.587,-3.01420633810475,0,2.49653171819153,0.0142063381047532
21.588,-3.01420633810475,0,2.49737534329825,0.0142063381047532
21.589,-3.01420633810475,0,2.49822009785581,0.0142063381047532
21.59,-3.01420633810475,0,2.4990659818642,0.0142063381047532
21.591,-3.01420633810475,0,2.49991299532342,0.0142063381047532
21.592,-3.01420633810475,0,2.50076113823347,0.0142063381047532
21.593,-3.01420633810475,0,2.50161041059436,0.0142063381047532
21.594,-3.01420633810475,0,2.50246081240607,0.0142063381047532
21.595,-3.01420633810475,0,2.50331234366862,0.0142063381047532
21.596,-3.01420633810475,0,2.504165004382,0.0142063381047532
21.597,-3.01420633810475,0,2.50501879454621,0.0142063381047532
21.598,-3.01420633810475,0,2.50587371416125,0.0142063381047532
21.599,-3.01420633810475,0,2.50672976322713,0.0142063381047532
21.6,-3.01420633810475,0,2.50758694174383,0.0142063381047532
21.601,-3.01420633810475,0,2.50844524971137,0.0142063381047532
21.602,-3.01420633810475,0,2.50930468712974,0.0142063381047532
21.603,-3.01420633810475,0,2.51016525399894,0.0142063381047532
21.604,-3.01420633810475,0,2.51102695031897,0.0142063381047532
21.605,-3.01420633810475,0,2.51188977608984,0.0142063381047532
21.606,-3.01420633810475,0,2.51275373131154,0.0142063381047532
21.607,-3.01420633810475,0,2.51361881598406,0.0142063381047532
21.608,-3.01420633810475,0,2.51448503010742,0.0142063381047532
21.609,-3.01420633810475,0,2.51535237368162,0.0142063381047532
21.61,-3.01420633810475,0,2.51622084670664,0.0142063381047532
21.611,-3.01420633810475,0,2.51709044918249,0.0142063381047532
21.612,-3.01420633810475,0,2.51796118110918,0.0142063381047532
21.613,-3.01420633810475,0,2.5188330424867,0.0142063381047532
21.614,-3.01420633810475,0,2.51970603331505,0.0142063381047532
21.615,-3.01420633810475,0,2.52058015359423,0.0142063381047532
21.616,-3.01420633810475,0,2.52145540332425,0.0142063381047532
21.617,-3.01420633810475,0,2.52233178250509,0.0142063381047532
21.618,-3.01420633810475,0,2.52320929113677,0.0142063381047532
21.619,-3.01420633810475,0,2.52408792921928,0.0142063381047532
21.62,-3.01420633810475,0,2.52496769675262,0.0142063381047532
21.621,-3.01420633810475,0,2.52584859373679,0.0142063381047532
21.622,-3.01420633810475,0,2.52673062017179,0.0142063381047532
21.623,-3.01420633810475,0,2.52761377605763,0.0142063381047532
21.624,-3.01420633810475,0,2.52849806139429,0.0142063381047532
21.625,-3.01420633810475,0,2.52938347618179,0.0142063381047532
21.626,-3.01420633810475,0,2.53027002042012,0.0142063381047532
21.627,-3.01420633810475,0,2.53115769410929,0.0142063381047532
21.628,-3.01420633810475,0,2.53204649724928,0.0142063381047532
21.629,-3.01420633810475,0,2.53293642984011,0.0142063381047532
21.63,-3.01420633810475,0,2.53382749188176,0.0142063381047532
21.631,-3.01420633810475,0,2.53471968337425,0.0142063381047532
21.632,-3.01420633810475,0,2.53561300431757,0.0142063381047532
21.633,-3.01420633810475,0,2.53650745471172,0.0142063381047532
21.634,-3.01420633810475,0,2.53740303455671,0.0142063381047532
21.635,-3.01420633810475,0,2.53829974385252,0.0142063381047532
21.636,-3.01420633810475,0,2.53919758259917,0.0142063381047532
21.637,-3.01420633810475,0,2.54009655079665,0.0142063381047532
21.638,-3.01420633810475,0,2.54099664844496,0.0142063381047532
21.639,-3.01420633810475,0,2.5418978755441,0.0142063381047532
21.64,-3.01420633810475,0,2.54280023209408,0.0142063381047532
21.641,-3.01420633810475,0,2.54370371809489,0.0142063381047532
21.642,-3.01420633810475,0,2.54460833354652,0.0142063381047532
21.643,-3.01420633810475,0,2.54551407844899,0.0142063381047532
21.644,-3.01420633810475,0,2.54642095280229,0.0142063381047532
21.645,-3.01420633810475,0,2.54732895660643,0.0142063381047532
21.646,-3.01420633810475,0,2.54823808986139,0.0142063381047532
21.647,-3.01420633810475,0,2.54914835256719,0.0142063381047532
21.648,-3.01420633810475,0,2.55005974472382,0.0142063381047532
21.649,-3.01420633810475,0,2.55097226633128,0.0142063381047532
21.65,-3.01420633810475,0,2.55188591738957,0.0142063381047532
21.651,-3.01420633810475,0,2.55280069789869,0.0142063381047532
21.652,-3.01420633810475,0,2.55371660785865,0.0142063381047532
21.653,-3.01420633810475,0,2.55463364726943,0.0142063381047532
21.654,-3.01420633810475,0,2.55555181613105,0.0142063381047532
21.655,-3.01420633810475,0,2.5564711144435,0.0142063381047532
21.656,-3.01420633810475,0,2.55739154220678,0.0142063381047532
21.657,-3.01420633810475,0,2.5583130994209,0.0142063381047532
21.658,-3.01420633810475,0,2.55923578608584,0.0142063381047532
21.659,-3.01420633810475,0,2.56015960220162,0.0142063381047532
21.66,-3.01420633810475,0,2.56108454776823,0.0142063381047532
21.661,-3.01420633810475,0,2.56201062278567,0.0142063381047532
21.662,-3.01420633810475,0,2.56293782725394,0.0142063381047532
21.663,-3.01420633810475,0,2.56386616117304,0.0142063381047532
21.664,-3.01420633810475,0,2.56479562454298,0.0142063381047532
21.665,-3.01420633810475,0,2.56572621736374,0.0142063381047532
21.666,-3.01420633810475,0,2.56665793963534,0.0142063381047532
21.667,-3.01420633810475,0,2.56759079135777,0.0142063381047532
21.668,-3.01420633810475,0,2.56852477253103,0.0142063381047532
21.669,-3.01420633810475,0,2.56945988315513,0.0142063381047532
21.67,-3.01420633810475,0,2.57039612323005,0.0142063381047532
21.671,-3.01420633810475,0,2.57133349275581,0.0142063381047532
21.672,-3.01420633810475,0,2.5722719917324,0.0142063381047532
21.673,-3.01420633810475,0,2.57321162015982,0.0142063381047532
21.674,-3.01420633810475,0,2.57415237803807,0.0142063381047532
21.675,-3.01420633810475,0,2.57509426536716,0.0142063381047532
21.676,-3.01420633810475,0,2.57603728214707,0.0142063381047532
21.677,-3.01420633810475,0,2.57698142837782,0.0142063381047532
21.678,-3.01420633810475,0,2.5779267040594,0.0142063381047532
21.679,-3.01420633810475,0,2.57887310919181,0.0142063381047532
21.68,-3.01420633810475,0,2.57982064377505,0.0142063381047532
21.681,-3.01420633810475,0,2.58076930780913,0.0142063381047532
21.682,-3.01420633810475,0,2.58171910129403,0.0142063381047532
21.683,-3.01420633810475,0,2.58267002422977,0.0142063381047532
21.684,-3.01420633810475,0,2.58362207661634,0.0142063381047532
21.685,-3.01420633810475,0,2.58457525845374,0.0142063381047532
21.686,-3.01420633810475,0,2.58552956974198,0.0142063381047532
21.687,-3.01420633810475,0,2.58648501048104,0.0142063381047532
21.688,-3.01420633810475,0,2.58744158067094,0.0142063381047532
21.689,-3.01420633810475,0,2.58839928031166,0.0142063381047532
21.69,-3.01420633810475,0,2.58935810940322,0.0142063381047532
21.691,-3.01420633810475,0,2.59031806794562,0.0142063381047532
21.692,-3.01420633810475,0,2.59127915593884,0.0142063381047532
21.693,-3.01420633810475,0,2.59224137338289,0.0142063381047532
21.694,-3.01420633810475,0,2.59320472027778,0.0142063381047532
21.695,-3.01420633810475,0,2.5941691966235,0.0142063381047532
21.696,-3.01420633810475,0,2.59513480242005,0.0142063381047532
21.697,-3.01420633810475,0,2.59610153766743,0.0142063381047532
21.698,-3.01420633810475,0,2.59706940236564,0.0142063381047532
21.699,-3.01420633810475,0,2.59803839651469,0.0142063381047532
21.7,-3.01420633810475,0,2.59900852011456,0.0142063381047532
21.701,-3.01420633810475,0,2.59997977316527,0.0142063381047532
21.702,-3.01420633810475,0,2.60095215566681,0.0142063381047532
21.703,-3.01420633810475,0,2.60192566761918,0.0142063381047532
21.704,-3.01420633810475,0,2.60290030902239,0.0142063381047532
21.705,-3.01420633810475,0,2.60387607987642,0.0142063381047532
21.706,-3.01420633810475,0,2.60485298018129,0.0142063381047532
21.707,-3.01420633810475,0,2.60583100993699,0.0142063381047532
21.708,-3.01420633810475,0,2.60681016914352,0.0142063381047532
21.709,-3.01420633810475,0,2.60779045780088,0.0142063381047532
21.71,-3.01420633810475,0,2.60877187590908,0.0142063381047532
21.711,-3.01420633810475,0,2.6097544234681,0.0142063381047532
21.712,-3.01420633810475,0,2.61073810047796,0.0142063381047532
21.713,-3.01420633810475,0,2.61172290693865,0.0142063381047532
21.714,-3.01420633810475,0,2.61270884285017,0.0142063381047532
21.715,-3.01420633810475,0,2.61369590821252,0.0142063381047532
21.716,-3.01420633810475,0,2.6146841030257,0.0142063381047532
21.717,-3.01420633810475,0,2.61567342728972,0.0142063381047532
21.718,-3.01420633810475,0,2.61666388100457,0.0142063381047532
21.719,-3.01420633810475,0,2.61765546417025,0.0142063381047532
21.72,-3.01420633810475,0,2.61864817678676,0.0142063381047532
21.721,-3.01420633810475,0,2.6196420188541,0.0142063381047532
21.722,-3.01420633810475,0,2.62063699037227,0.0142063381047532
21.723,-3.01420633810475,0,2.62163309134128,0.0142063381047532
21.724,-3.01420633810475,0,2.62263032176112,0.0142063381047532
21.725,-3.01420633810475,0,2.62362868163179,0.0142063381047532
21.726,-3.01420633810475,0,2.62462817095329,0.0142063381047532
21.727,-3.01420633810475,0,2.62562878972562,0.0142063381047532
21.728,-3.01420633810475,0,2.62663053794879,0.0142063381047532
21.729,-3.01420633810475,0,2.62763341562278,0.0142063381047532
21.73,-3.01420633810475,0,2.62863742274761,0.0142063381047532
21.731,-3.01420633810475,0,2.62964255932327,0.0142063381047532
21.732,-3.01420633810475,0,2.63064882534976,0.0142063381047532
21.733,-3.01420633810475,0,2.63165622082708,0.0142063381047532
21.734,-3.01420633810475,0,2.63266474575524,0.0142063381047532
21.735,-3.01420633810475,0,2.63367440013422,0.0142063381047532
21.736,-3.01420633810475,0,2.63468518396404,0.0142063381047532
21.737,-3.01420633810475,0,2.63569709724469,0.0142063381047532
21.738,-3.01420633810475,0,2.63671013997617,0.0142063381047532
21.739,-3.01420633810475,0,2.63772431215849,0.0142063381047532
21.74,-3.01420633810475,0,2.63873961379163,0.0142063381047532
21.741,-3.01420633810475,0,2.63975604487561,0.0142063381047532
21.742,-3.01420633810475,0,2.64077360541042,0.0142063381047532
21.743,-3.01420633810475,0,2.64179229539606,0.0142063381047532
21.744,-3.01420633810475,0,2.64281211483253,0.0142063381047532
21.745,-3.01420633810475,0,2.64383306371983,0.0142063381047532
21.746,-3.01420633810475,0,2.64485514205797,0.0142063381047532
21.747,-3.01420633810475,0,2.64587834984694,0.0142063381047532
21.748,-3.01420633810475,0,2.64690268708674,0.0142063381047532
21.749,-3.01420633810475,0,2.64792815377737,0.0142063381047532
21.75,-3.01420633810475,0,2.64895474991883,0.0142063381047532
21.751,-3.01420633810475,0,2.64998247551112,0.0142063381047532
21.752,-3.01420633810475,0,2.65101133055425,0.0142063381047532
21.753,-3.01420633810475,0,2.6520413150482,0.0142063381047532
21.754,-3.01420633810475,0,2.65307242899299,0.0142063381047532
21.755,-3.01420633810475,0,2.65410467238861,0.0142063381047532
21.756,-3.01420633810475,0,2.65513804523507,0.0142063381047532
21.757,-3.01420633810475,0,2.65617254753235,0.0142063381047532
21.758,-3.01420633810475,0,2.65720817928047,0.0142063381047532
21.759,-3.01420633810475,0,2.65824494047941,0.0142063381047532
21.76,-3.01420633810475,0,2.65928283112919,0.0142063381047532
21.761,-3.01420633810475,0,2.6603218512298,0.0142063381047532
21.762,-3.01420633810475,0,2.66136200078124,0.0142063381047532
21.763,-3.01420633810475,0,2.66240327978352,0.0142063381047532
21.764,-3.01420633810475,0,2.66344568823662,0.0142063381047532
21.765,-3.01420633810475,0,2.66448922614056,0.0142063381047532
21.766,-3.01420633810475,0,2.66553389349533,0.0142063381047532
21.767,-3.01420633810475,0,2.66657969030093,0.0142063381047532
21.768,-3.01420633810475,0,2.66762661655737,0.0142063381047532
21.769,-3.01420633810475,0,2.66867467226463,0.0142063381047532
21.77,-3.01420633810475,0,2.66972385742273,0.0142063381047532
21.771,-3.01420633810475,0,2.67077417203165,0.0142063381047532
21.772,-3.01420633810475,0,2.67182561609141,0.0142063381047532
21.773,-3.01420633810475,0,2.67287818960201,0.0142063381047532
21.774,-3.01420633810475,0,2.67393189256343,0.0142063381047532
21.775,-3.01420633810475,0,2.67498672497568,0.0142063381047532
21.776,-3.01420633810475,0,2.67604268683877,0.0142063381047532
21.777,-3.01420633810475,0,2.67709977815269,0.0142063381047532
21.778,-3.01420633810475,0,2.67815799891744,0.0142063381047532
21.779,-3.01420633810475,0,2.67921734913302,0.0142063381047532
21.78,-3.01420633810475,0,2.68027782879943,0.0142063381047532
21.781,-3.01420633810475,0,2.68133943791668,0.0142063381047532
21.782,-3.01420633810475,0,2.68240217648476,0.0142063381047532
21.783,-3.01420633810475,0,2.68346604450366,0.0142063381047532
21.784,-3.01420633810475,0,2.6845310419734,0.0142063381047532
21.785,-3.01420633810475,0,2.68559716889398,0.0142063381047532
21.786,-3.01420633810475,0,2.68666442526538,0.0142063381047532
21.787,-3.01420633810475,0,2.68773281108761,0.0142063381047532
21.788,-3.01420633810475,0,2.68880232636068,0.0142063381047532
21.789,-3.01420633810475,0,2.68987297108458,0.0142063381047532
21.79,-3.01420633810475,0,2.69094474525931,0.0142063381047532
21.791,-3.01420633810475,0,2.69201764888487,0.0142063381047532
21.792,-3.01420633810475,0,2.69309168196127,0.0142063381047532
21.793,-3.01420633810475,0,2.69416684448849,0.0142063381047532
21.794,-3.01420633810475,0,2.69524313646655,0.0142063381047532
21.795,-3.01420633810475,0,2.69632055789544,0.0142063381047532
21.796,-3.01420633810475,0,2.69739910877516,0.0142063381047532
21.797,-3.01420633810475,0,2.69847878910571,0.0142063381047532
21.798,-3.01420633810475,0,2.69955959888709,0.0142063381047532
21.799,-3.01420633810475,0,2.70064153811931,0.0142063381047532
21.8,-3.01420633810475,0,2.70172460680236,0.0142063381047532
21.801,-3.01420633810475,0,2.70280880493624,0.0142063381047532
21.802,-3.01420633810475,0,2.70389413252095,0.0142063381047532
21.803,-3.01420633810475,0,2.70498058955649,0.0142063381047532
21.804,-3.01420633810475,0,2.70606817604286,0.0142063381047532
21.805,-3.01420633810475,0,2.70715689198007,0.0142063381047532
21.806,-3.01420633810475,0,2.70824673736811,0.0142063381047532
21.807,-3.01420633810475,0,2.70933771220698,0.0142063381047532
21.808,-3.01420633810475,0,2.71042981649668,0.0142063381047532
21.809,-3.01420633810475,0,2.71152305023721,0.0142063381047532
21.81,-3.01420633810475,0,2.71261741342857,0.0142063381047532
21.811,-3.01420633810475,0,2.71371290607077,0.0142063381047532
21.812,-3.01420633810475,0,2.7148095281638,0.0142063381047532
21.813,-3.01420633810475,0,2.71590727970766,0.0142063381047532
21.814,-3.01420633810475,0,2.71700616070235,0.0142063381047532
21.815,-3.01420633810475,0,2.71810617114787,0.0142063381047532
21.816,-3.01420633810475,0,2.71920731104423,0.0142063381047532
21.817,-3.01420633810475,0,2.72030958039141,0.0142063381047532
21.818,-3.01420633810475,0,2.72141297918943,0.0142063381047532
21.819,-3.01420633810475,0,2.72251750743828,0.0142063381047532
21.82,-3.01420633810475,0,2.72362316513796,0.0142063381047532
21.821,-3.01420633810475,0,2.72472995228848,0.0142063381047532
21.822,-3.01420633810475,0,2.72583786888982,0.0142063381047532
21.823,-3.01420633810475,0,2.726946914942,0.0142063381047532
21.824,-3.01420633810475,0,2.72805709044501,0.0142063381047532
21.825,-3.01420633810475,0,2.72916839539885,0.0142063381047532
21.826,-3.01420633810475,0,2.73028082980352,0.0142063381047532
21.827,-3.01420633810475,0,2.73139439365902,0.0142063381047532
21.828,-3.01420633810475,0,2.73250908696536,0.0142063381047532
21.829,-3.01420633810475,0,2.73362490972252,0.0142063381047532
21.83,-3.01420633810475,0,2.73474186193052,0.0142063381047532
21.831,-3.01420633810475,0,2.73585994358935,0.0142063381047532
21.832,-3.01420633810475,0,2.73697915469901,0.0142063381047532
21.833,-3.01420633810475,0,2.73809949525951,0.0142063381047532
21.834,-3.01420633810475,0,2.73922096527083,0.0142063381047532
21.835,-3.01420633810475,0,2.74034356473299,0.0142063381047532
21.836,-3.01420633810475,0,2.74146729364598,0.0142063381047532
21.837,-3.01420633810475,0,2.7425921520098,0.0142063381047532
21.838,-3.01420633810475,0,2.74371813982445,0.0142063381047532
21.839,-3.01420633810475,0,2.74484525708994,0.0142063381047532
21.84,-3.01420633810475,0,2.74597350380625,0.0142063381047532
21.841,-3.01420633810475,0,2.7471028799734,0.0142063381047532
21.842,-3.01420633810475,0,2.74823338559138,0.0142063381047532
21.843,-3.01420633810475,0,2.74936502066019,0.0142063381047532
21.844,-3.01420633810475,0,2.75049778517983,0.0142063381047532
21.845,-3.01420633810475,0,2.75163167915031,0.0142063381047532
21.846,-3.01420633810475,0,2.75276670257161,0.0142063381047532
21.847,-3.01420633810475,0,2.75390285544375,0.0142063381047532
21.848,-3.01420633810475,0,2.75504013776672,0.0142063381047532
21.849,-3.01420628013006,0.000115953656321353,2.75504013776672,0.0142062801300553
21.85,-3.0142061061804,0.000231958447732882,2.75504013776672,0.0142061061803953
21.851,-3.01420581617906,0.000348065531883421,2.75504013776672,0.0142058161790621
21.852,-3.01420540999817,0.000464326111550231,2.75504013776672,0.014205409998167
21.853,-3.01420488745859,0.000580791457227594,2.75504013776672,0.0142048874585852
21.854,-3.01420424832988,0.000697512929745837,2.75504013776672,0.0142042483298783
21.855,-3.01420349233019,0.000814542002931019,2.75504013776672,0.0142034923301932
21.856,-3.01420261912614,0.000931930286312118,2.75504013776672,0.0142026191261371
21.857,-3.01420162833263,0.00104972954789045,2.75504013776672,0.0142016283326303
21.858,-3.01420051951274,0.00116799173697891,2.75504013776672,0.0142005195127353
21.859,-3.01419929217747,0.00128676900712052,2.75504013776672,0.0141992921774663
21.86,-3.01419794578557,0.00140611373909762,2.75504013776672,0.0141979457855705
21.861,-3.01419647974329,0.00152607856404107,2.75504013776672,0.0141964797432936
21.862,-3.01419489340411,0.00164671638665069,2.75504013776672,0.0141948934041141
21.863,-3.01419318606846,0.00176808040853624,2.75504013776672,0.0141931860684577
21.864,-3.01419135698339,0.00189022415168984,2.75504013776672,0.0141913569833934
21.865,-3.0141894053423,0.00201320148209888,2.75504013776672,0.0141894053422966
21.866,-3.01418733028449,0.00213706663351328,2.75504013776672,0.0141873302844937
21.867,-3.01418513089489,0.00226187423137251,2.75504013776672,0.0141851308948855
21.868,-3.01418280620354,0.00238767931690782,2.75504013776672,0.0141828062035407
21.869,-3.01418035518527,0.00251453737142703,2.75504013776672,0.0141803551852671
21.87,-3.01417777675917,0.00264250434079451,2.75504013776672,0.0141777767591651
21.871,-3.01417506978814,0.00277163666011559,2.78017971101071,0.0141750697881422
21.872,-3.01416710935324,0.0131498235493885,2.78017971101071,0.0141671093532425
21.873,-3.01414054518217,0.0717534225734592,2.78017971101071,0.0141405451821686
21.874,-3.01399318871818,0.222754934186711,2.78017971101071,0.0139931887181768
21.875,-3.01369543156291,0.372567659545199,2.73557739199738,0.0136954315629079
21.876,-3.01325749087446,0.503159315101639,2.6974712171685,0.0132574908744574
21.877,-3.01269715858628,0.617382594003113,2.65397700633546,0.0126971585862838
21.878,-3.01203180699095,0.713230956550247,2.60811279896562,0.0120318069909491
21.879,-3.01128019814467,0.789929635557658,2.56232656441463,0.0112801981446711
21.88,-3.01046137279853,0.847694680084641,2.5185202746748,0.0104613727985292
21.881,-3.00959377409582,0.887504321670511,2.47809142380684,0.00959377409582274
21.882,-3.00869459038891,0.910889309402696,2.44198637427605,0.00869459038891041
21.883,-3.00777929600439,0.91974662058646,2.4107606847093,0.00777929600438654
21.884,-3.00686136533525,0.916179042807065,2.38464236926066,0.00686136533524984
21.885,-3.00595213393731,0.902361535396211,2.36359481904521,0.00595213393731031
21.886,-3.00506078003834,0.880434000005922,2.36359481904521,0.00506078003833821
21.887,-3.00419109256267,0.859026598307997,2.33521438773596,0.00419109256267314
21.888,-3.00334834865418,0.826560322563016,2.33521438773596,0.00334834865418143
21.889,-3.0025377765518,0.794680155759794,2.33521438773596,0.00253777655179821
21.89,-3.0017587985795,0.763369289858568,2.33521438773596,0.00175879857950045
21.891,-3.0010108536973,0.73261125943452,2.33521438773596,0.00101085369730347
21.892,-3.00029339716278,0.702389933442549,2.33521438773596,0.000293397162779208
21.893,-2.99960590020073,0.672689507135967,2.33521438773596,-0.000394099799272851
21.894,-2.99894784968085,0.643494494136844,2.33521438773596,-0.00105215031914518
21.895,-2.99831874780331,0.614789718655681,2.33521438773596,-0.00168125219668713
21.896,-2.99771811179193,0.586560307858104,2.33521438773596,-0.00228188820806752
21.897,-2.99714547359503,0.55879168437626,2.33521438773596,-0.00285452640497352
21.898,-2.99660037959361,0.531469558962582,2.33521438773596,-0.00339962040638886
21.899,-2.9960823903169,0.504579923283594,2.33521438773596,-0.00391760968310084
21.9,-2.99559108016493,0.478109042851433,2.33521438773596,-0.00440891983507186
21.901,-2.9951260371382,0.452043450090764,2.33521438773596,-0.00487396286180353
21.902,-2.99468686257416,0.426369937538758,2.33521438773596,-0.00531313742584016
21.903,-2.99427317089047,0.401075551175826,2.36505775789806,-0.00572682910953359
21.904,-2.99387847633162,0.388356867764887,2.36505775789806,-0.00612152366838048
21.905,-2.99349637172098,0.375894491401413,2.36505775789806,-0.00650362827902295
21.906,-2.99312660421594,0.36368151871193,2.36505775789806,-0.00687339578406077
21.907,-2.99276892780135,0.351711197558303,2.36505775789806,-0.00723107219865238
21.908,-2.99242310314011,0.33997692332767,2.36505775789806,-0.00757689685988661
21.909,-2.99208889742752,0.328472235302552,2.36505775789806,-0.00791110257248384
21.91,-2.99176608424909,0.317190813109435,2.36505775789806,-0.00823391575091481
21.911,-2.991454443442,0.306126473244182,2.36505775789806,-0.00854555655799505
21.912,-2.99115376095995,0.295273165672621,2.36505775789806,-0.0088462390400541
21.913,-2.99086382874127,0.284624970504711,2.36505775789806,-0.00913617125873145
21.914,-2.99058444458051,0.274176094740704,2.36505775789806,-0.00941555541949057
21.915,-2.99031541200309,0.263920869087737,2.36505775789806,-0.00968458799691074
21.916,-2.99005654014317,0.253853744845336,2.39072039913378,-0.00994345985683109
21.917,-2.98980237835273,0.254485338925733,2.39072039913378,-0.0101976216472748
21.918,-2.98954753854745,0.255209687950368,2.39072039913378,-0.0104524614525476
21.919,-2.98929192822535,0.256026292732482,2.39072039913378,-0.0107080717746499
21.92,-2.98903545536359,0.256934694037583,2.39072039913378,-0.0109645446364146
21.921,-2.98877802837879,0.257934472083936,2.39072039913378,-0.0112219716212061
21.922,-2.98851955608787,0.259025246062593,2.39072039913378,-0.0114804439121321
21.923,-2.98825994766921,0.260206673676609,2.39072039913378,-0.011740052330786
21.924,-2.98799911262446,0.261478450699159,2.39072039913378,-0.0120008873755357
21.925,-2.98773696074062,0.262840310550232,2.37038983332436,-0.0122630392593805
21.926,-2.98747757714476,0.255953327813022,2.37038983332436,-0.0125224228552425
21.927,-2.9872250018526,0.249223045367523,2.37038983332436,-0.0127749981474037
21.928,-2.9869790801218,0.242645562630385,2.37038983332436,-0.0130209198782048
21.929,-2.986739661065,0.23621706983932,2.37038983332436,-0.0132603389349955
21.93,-2.98650659756014,0.229933845872263,2.37038983332436,-0.0134934024398641
21.931,-2.98627974616279,0.223792256116397,2.37038983332436,-0.0137202538372061
21.932,-2.98605896702081,0.217788750385949,2.37038983332436,-0.01394103297919
21.933,-2.98584412379084,0.211919860887655,2.37038983332436,-0.0141558762091618
21.934,-2.98563508355696,0.206182200232832,2.37038983332436,-0.0143649164430415
21.935,-2.98543171675125,0.200572459495002,2.37038983332436,-0.0145682832487495
21.936,-2.98523389707628,0.19508740631206,2.37038983332436,-0.01476610292372
21.937,-2.98504150142947,0.189723883031962,2.37038983332436,-0.0149584985705316
21.938,-2.98485440982929,0.184478804900963,2.37038983332436,-0.01514559017071
21.939,-2.98467250534326,0.17934915829343,2.37038983332436,-0.015327494656737
21.94,-2.98449567401769,0.174331998982298,2.3498015111942,-0.0155043259823096
21.941,-2.98432803818306,0.160969404059813,2.3498015111942,-0.0156719618169441
21.942,-2.98417367683962,0.147781923059575,2.3498015111942,-0.015826323160383
21.943,-2.98403241813391,0.134763055077398,2.3498015111942,-0.0159675818660872
21.944,-2.98390409665389,0.121906417639868,2.3498015111942,-0.0160959033461072
21.945,-2.98378855331215,0.109205743381063,2.3498015111942,-0.0162114466878496
21.946,-2.98368563523245,0.0966548767866613,2.3498015111942,-0.016314364767549
21.947,-2.98359519563948,0.0842477710039398,2.3498015111942,-0.0164048043605209
21.948,-2.98351709375175,0.0719784847161353,2.3498015111942,-0.0164829062482506
21.949,-2.9834511946776,0.059841179079709,2.3498015111942,-0.0165488053223983
21.95,-2.98339736931424,0.0478301147230562,2.3498015111942,-0.0166026306857638
21.951,-2.98335549424972,0.035939648805241,2.3498015111942,-0.0166445057502833
21.952,-2.98332545166789,0.0241642321333522,2.37738078027039,-0.016674548332114
21.953,-2.98330145589922,0.0238293282880091,2.37738078027039,-0.0166985441007808
21.954,-2.98327778900367,0.0235064475761072,2.37738078027039,-0.0167222109963272
21.955,-2.98325443907197,0.0231953633701496,2.37738078027039,-0.0167455609280291
21.956,-2.98323139441822,0.022895855509125,2.37738078027039,-0.0167686055817784
21.957,-2.98320864357352,0.0226077101589306,2.37738078027039,-0.0167913564264821
21.958,-2.98318617527968,0.02233071967641,2.37738078027039,-0.0168138247203187
21.959,-2.98316397848314,0.0220646824769194,2.37738078027039,-0.0168360215168639
21.96,-2.98314204232892,0.0218094029053441,2.37738078027039,-0.0168579576710837
21.961,-2.9831203561548,0.0215646911104878,2.37738078027039,-0.0168796438452037
21.962,-2.98309890948555,0.0213303629227547,2.37738078027039,-0.016901090514446
21.963,-2.98307769202734,0.0211062397350522,2.37738078027039,-0.0169223079726555
21.964,-2.9830566936622,0.0208921483868411,2.37738078027039,-0.0169433063378035
21.965,-2.98303590444262,0.0206879210512622,2.37738078027039,-0.016964095557376
21.966,-2.98301531458635,0.0204933951252698,2.37738078027039,-0.0169846854136533
21.967,-2.98299491447112,0.0203084131227039,2.37738078027039,-0.0170050855288792
21.968,-2.98297469462967,0.0201328225702373,2.37738078027039,-0.0170253053703275
21.969,-2.98295872187716,0,2.37613912239299,-0.0170412781228446
21.97,-2.98295872187716,0,2.37731810491401,-0.0170412781228446
21.971,-2.98295872187716,0,2.37796103977498,-0.0170412781228446
21.972,-2.98295872187716,0,2.37820693725318,-0.0170412781228446
21.973,-2.98295872187716,0,2.37815866751632,-0.0170412781228446
21.974,-2.98295872187716,0,2.37789235638478,-0.0170412781228446
21.975,-2.98295872187716,0,2.37746433836893,-0.0170412781228446
21.976,-2.98295872187716,0,2.37691630204494,-0.0170412781228446
21.977,-2.98295872187716,0,2.37627909772762,-0.0170412781228446
21.978,-2.98295872187716,0,2.37557555521864,-0.0170412781228446
21.979,-2.98295872187716,0,2.37482256899208,-0.0170412781228446
21.98,-2.98295872187716,0,2.37403264127017,-0.0170412781228446
21.981,-2.98295872187716,0,2.37321502392785,-0.0170412781228446
21.982,-2.98295872187716,0,2.37237656352311,-0.0170412781228446
21.983,-2.98295872187716,0,2.37152232663508,-0.0170412781228446
21.984,-2.98295872187716,0,2.37065606262569,-0.0170412781228446
21.985,-2.98295872187716,0,2.36978054609191,-0.0170412781228446
21.986,-2.98295872187716,0,2.36889783028663,-0.0170412781228446
21.987,-2.98295872187716,0,2.36800943465485,-0.0170412781228446
21.988,-2.98295872187716,0,2.36711648361386,-0.0170412781228446
21.989,-2.98295872187716,0,2.3662198092532,-0.0170412781228446
21.99,-2.98295872187716,0,2.36532002733446,-0.0170412781228446
21.991,-2.98295872187716,0,2.36441759353257,-0.0170412781228446
21.992,-2.98295872187716,0,2.36351284505538,-0.0170412781228446
21.993,-2.98295872187716,0,2.3626060314429,-0.0170412781228446
21.994,-2.98295872187716,0,2.36169733735936,-0.0170412781228446
21.995,-2.98295872187716,0,2.36078689945968,-0.0170412781228446
21.996,-2.98295872187716,0,2.35987481887102,-0.0170412781228446
21.997,-2.98295872187716,0,2.35896117042935,-0.0170412781228446
21.998,-2.98295872187716,0,2.35804600951467,-0.0170412781228446
21.999,-2.98295872187716,0,2.35712937710919,-0.0170412781228446
22,-2.98295872187716,0,2.35621130354049,-0.0170412781228446
22.001,-2.98295872187716,0,2.35529181125158,-0.0170412781228446
22.002,-2.98295872187716,0,2.35437091685065,-0.0170412781228446
22.003,-2.98295872187716,0,2.35344863262811,-0.0170412781228446
22.004,-2.98295872187716,0,2.35252496767906,-0.0170412781228446
22.005,-2.98295872187716,0,2.35159992873406,-0.0170412781228446
22.006,-2.98295872187716,0,2.35067352077383,-0.0170412781228446
22.007,-2.98295872187716,0,2.34974574748422,-0.0170412781228446
22.008,-2.98295872187716,0,2.3488166115928,-0.0170412781228446
22.009,-2.98295872187716,0,2.34788611511805,-0.0170412781228446
22.01,-2.98295872187716,0,2.34695425955365,-0.0170412781228446
22.011,-2.98295872187716,0,2.34602104600499,-0.0170412781228446
22.012,-2.98295872187716,0,2.34508647529003,-0.0170412781228446
22.013,-2.98295872187716,0,2.34415054801412,-0.0170412781228446
22.014,-2.98295872187716,0,2.34321326462521,-0.0170412781228446
22.015,-2.98295872187716,0,2.3422746254548,-0.0170412781228446
22.016,-2.98295872187716,0,2.34133463074819,-0.0170412781228446
22.017,-2.98295872187716,0,2.34039328068692,-0.0170412781228446
22.018,-2.98295872187716,0,2.33945057540532,-0.0170412781228446
22.019,-2.98295872187716,0,2.33850651500283,-0.0170412781228446
22.02,-2.98295872187716,0,2.33756109955299,-0.0170412781228446
22.021,-2.98295872187716,0,2.33661432911026,-0.0170412781228446
22.022,-2.98295872187716,0,2.33566620371492,-0.0170412781228446
22.023,-2.98295872187716,0,2.33471672339678,-0.0170412781228446
22.024,-2.98295872187716,0,2.33376588817791,-0.0170412781228446
22.025,-2.98295872187716,0,2.33281369807463,-0.0170412781228446
22.026,-2.98295872187716,0,2.33186015309904,-0.0170412781228446
22.027,-2.98295872187716,0,2.33090525326005,-0.0170412781228446
22.028,-2.98295872187716,0,2.3299489985643,-0.0170412781228446
22.029,-2.98295872187716,0,2.32899138901669,-0.0170412781228446
22.03,-2.98295872187716,0,2.32803242462082,-0.0170412781228446
22.031,-2.98295872187716,0,2.32707210537939,-0.0170412781228446
22.032,-2.98295872187716,0,2.32611043129438,-0.0170412781228446
22.033,-2.98295872187716,0,2.32514740236726,-0.0170412781228446
22.034,-2.98295872187716,0,2.32418301859911,-0.0170412781228446
22.035,-2.98295872187716,0,2.32321727999074,-0.0170412781228446
22.036,-2.98295872187716,0,2.32225018654275,-0.0170412781228446
22.037,-2.98295872187716,0,2.32128173825556,-0.0170412781228446
22.038,-2.98295872187716,0,2.32031193512952,-0.0170412781228446
22.039,-2.98295872187716,0,2.31934077716486,-0.0170412781228446
22.04,-2.98295872187716,0,2.31836826436176,-0.0170412781228446
22.041,-2.98295872187716,0,2.31739439672035,-0.0170412781228446
22.042,-2.98295872187716,0,2.31641917424072,-0.0170412781228446
22.043,-2.98295872187716,0,2.31544259692296,-0.0170412781228446
22.044,-2.98295872187716,0,2.31446466476712,-0.0170412781228446
22.045,-2.98295872187716,0,2.31348537777323,-0.0170412781228446
22.046,-2.98295872187716,0,2.31250473594132,-0.0170412781228446
22.047,-2.98295872187716,0,2.31152273927142,-0.0170412781228446
22.048,-2.98295872187716,0,2.31053938776354,-0.0170412781228446
22.049,-2.98295872187716,0,2.30955468141769,-0.0170412781228446
22.05,-2.98295872187716,0,2.30856862023389,-0.0170412781228446
22.051,-2.98295872187716,0,2.30758120421213,-0.0170412781228446
22.052,-2.98295872187716,0,2.30659243335243,-0.0170412781228446
22.053,-2.98295872187716,0,2.30560230765478,-0.0170412781228446
22.054,-2.98295872187716,0,2.3046108271192,-0.0170412781228446
22.055,-2.98295872187716,0,2.30361799174567,-0.0170412781228446
22.056,-2.98295872187716,0,2.30262380153422,-0.0170412781228446
22.057,-2.98295872187716,0,2.30162825648482,-0.0170412781228446
22.058,-2.98295872187716,0,2.30063135659749,-0.0170412781228446
22.059,-2.98295872187716,0,2.29963310187222,-0.0170412781228446
22.06,-2.98295872187716,0,2.29863349230902,-0.0170412781228446
22.061,-2.98295872187716,0,2.29763252790789,-0.0170412781228446
22.062,-2.98295872187716,0,2.29663020866882,-0.0170412781228446
22.063,-2.98295872187716,0,2.29562653459183,-0.0170412781228446
22.064,-2.98295872187716,0,2.29462150567689,-0.0170412781228446
22.065,-2.98295872187716,0,2.29361512192403,-0.0170412781228446
22.066,-2.98295872187716,0,2.29260738333323,-0.0170412781228446
22.067,-2.98295872187716,0,2.2915982899045,-0.0170412781228446
22.068,-2.98295872187716,0,2.29058784163783,-0.0170412781228446
22.069,-2.98295872187716,0,2.28957603853323,-0.0170412781228446
22.07,-2.98295872187716,0,2.2885628805907,-0.0170412781228446
22.071,-2.98295872187716,0,2.28754836781024,-0.0170412781228446
22.072,-2.98295872187716,0,2.28653250019185,-0.0170412781228446
22.073,-2.98295872187716,0,2.28551527773552,-0.0170412781228446
22.074,-2.98295872187716,0,2.28449670044126,-0.0170412781228446
22.075,-2.98295872187716,0,2.28347676830906,-0.0170412781228446
22.076,-2.98295872187716,0,2.28245548133894,-0.0170412781228446
22.077,-2.98295872187716,0,2.28143283953088,-0.0170412781228446
22.078,-2.98295872187716,0,2.28040884288489,-0.0170412781228446
22.079,-2.98295872187716,0,2.27938349140096,-0.0170412781228446
22.08,-2.98295872187716,0,2.27835678507911,-0.0170412781228446
22.081,-2.98295872187716,0,2.27732872391932,-0.0170412781228446
22.082,-2.98295872187716,0,2.2762993079216,-0.0170412781228446
22.083,-2.98295872187716,0,2.27526853708594,-0.0170412781228446
22.084,-2.98295872187716,0,2.27423641141235,-0.0170412781228446
22.085,-2.98295872187716,0,2.27320293090083,-0.0170412781228446
22.086,-2.98295872187716,0,2.27216809555138,-0.0170412781228446
22.087,-2.98295872187716,0,2.27113190536399,-0.0170412781228446
22.088,-2.98295872187716,0,2.27009436033867,-0.0170412781228446
22.089,-2.98295872187716,0,2.26905546047542,-0.0170412781228446
22.09,-2.98295872187716,0,2.26801520577424,-0.0170412781228446
22.091,-2.98295872187716,0,2.26697359623512,-0.0170412781228446
22.092,-2.98295872187716,0,2.26593063185807,-0.0170412781228446
22.093,-2.98295872187716,0,2.26488631264309,-0.0170412781228446
22.094,-2.98295872187716,0,2.26384063859018,-0.0170412781228446
22.095,-2.98295872187716,0,2.26279360969933,-0.0170412781228446
22.096,-2.98295872187716,0,2.26174522597055,-0.0170412781228446
22.097,-2.98295872187716,0,2.26069548740384,-0.0170412781228446
22.098,-2.98295872187716,0,2.25964439399919,-0.0170412781228446
22.099,-2.98295872187716,0,2.25859194575661,-0.0170412781228446
22.1,-2.98295872187716,0,2.2575381426761,-0.0170412781228446
22.101,-2.98295872187716,0,2.25648298475766,-0.0170412781228446
22.102,-2.98295872187716,0,2.25542647200128,-0.0170412781228446
22.103,-2.98295872187716,0,2.25436860440697,-0.0170412781228446
22.104,-2.98295872187716,0,2.25330938197473,-0.0170412781228446
22.105,-2.98295872187716,0,2.25224880470456,-0.0170412781228446
22.106,-2.98295872187716,0,2.25118687259645,-0.0170412781228446
22.107,-2.98295872187716,0,2.25012358565041,-0.0170412781228446
22.108,-2.98295872187716,0,2.24905894386644,-0.0170412781228446
22.109,-2.98295872187716,0,2.24799294724453,-0.0170412781228446
22.11,-2.98295872187716,0,2.24692559578469,-0.0170412781228446
22.111,-2.98295872187716,0,2.24585688948692,-0.0170412781228446
22.112,-2.98295872187716,0,2.24478682835122,-0.0170412781228446
22.113,-2.98295872187716,0,2.24371541237758,-0.0170412781228446
22.114,-2.98295872187716,0,2.24264264156601,-0.0170412781228446
22.115,-2.98295872187716,0,2.24156851591651,-0.0170412781228446
22.116,-2.98295872187716,0,2.24049303542908,-0.0170412781228446
22.117,-2.98295872187716,0,2.23941620010371,-0.0170412781228446
22.118,-2.98295872187716,0,2.23833800994041,-0.0170412781228446
22.119,-2.98295872187716,0,2.23725846493918,-0.0170412781228446
22.12,-2.98295872187716,0,2.23617756510001,-0.0170412781228446
22.121,-2.98295872187716,0,2.23509531042291,-0.0170412781228446
22.122,-2.98295872187716,0,2.23401170090788,-0.0170412781228446
22.123,-2.98295872187716,0,2.23292673655492,-0.0170412781228446
22.124,-2.98295872187716,0,2.23184041736402,-0.0170412781228446
22.125,-2.98295872187716,0,2.2307527433352,-0.0170412781228446
22.126,-2.98295872187716,0,2.22966371446843,-0.0170412781228446
22.127,-2.98295872187716,0,2.22857333076374,-0.0170412781228446
22.128,-2.98295872187716,0,2.22748159222111,-0.0170412781228446
22.129,-2.98295872187716,0,2.22638849884055,-0.0170412781228446
22.13,-2.98295872187716,0,2.22529405062206,-0.0170412781228446
22.131,-2.98295872187716,0,2.22419824756564,-0.0170412781228446
22.132,-2.98295872187716,0,2.22310108967128,-0.0170412781228446
22.133,-2.98295872187716,0,2.22200257693899,-0.0170412781228446
22.134,-2.98295872187716,0,2.22090270936877,-0.0170412781228446
22.135,-2.98295872187716,0,2.21980148696061,-0.0170412781228446
22.136,-2.98295872187716,0,2.21869890971452,-0.0170412781228446
22.137,-2.98295872187716,0,2.2175949776305,-0.0170412781228446
22.138,-2.98295872187716,0,2.21648969070855,-0.0170412781228446
22.139,-2.98295872187716,0,2.21538304894866,-0.0170412781228446
22.14,-2.98295872187716,0,2.21427505235084,-0.0170412781228446
22.141,-2.98295872187716,0,2.21316570091509,-0.0170412781228446
22.142,-2.98295872187716,0,2.2120549946414,-0.0170412781228446
22.143,-2.98295872187716,0,2.21094293352979,-0.0170412781228446
22.144,-2.98295872187716,0,2.20982951758024,-0.0170412781228446
22.145,-2.98295872187716,0,2.20871474679275,-0.0170412781228446
22.146,-2.98295872187716,0,2.20759862116734,-0.0170412781228446
22.147,-2.98295872187716,0,2.20648114070399,-0.0170412781228446
22.148,-2.98295872187716,0,2.20536230540271,-0.0170412781228446
22.149,-2.98295872187716,0,2.20424211526349,-0.0170412781228446
22.15,-2.98295872187716,0,2.20312057028635,-0.0170412781228446
22.151,-2.98295872187716,0,2.20199767047127,-0.0170412781228446
22.152,-2.98295872187716,0,2.20087341581826,-0.0170412781228446
22.153,-2.98295872187716,0,2.19974780632731,-0.0170412781228446
22.154,-2.98295872187716,0,2.19862084199844,-0.0170412781228446
22.155,-2.98295872187716,0,2.19749252283162,-0.0170412781228446
22.156,-2.98295872187716,0,2.19636284882688,-0.0170412781228446
22.157,-2.98295872187716,0,2.19523181998421,-0.0170412781228446
22.158,-2.98295872187716,0,2.1940994363036,-0.0170412781228446
22.159,-2.98295872187716,0,2.19296569778506,-0.0170412781228446
22.16,-2.98295872187716,0,2.19183060442858,-0.0170412781228446
22.161,-2.98295872187716,0,2.19069415623418,-0.0170412781228446
22.162,-2.98295872187716,0,2.18955635320184,-0.0170412781228446
22.163,-2.98295872187716,0,2.18841719533157,-0.0170412781228446
22.164,-2.98295872187716,0,2.18727668262336,-0.0170412781228446
22.165,-2.98295872187716,0,2.18613481507723,-0.0170412781228446
22.166,-2.98295872187716,0,2.18499159269316,-0.0170412781228446
22.167,-2.98295872187716,0,2.18384701547115,-0.0170412781228446
22.168,-2.98295872187716,0,2.18270108341122,-0.0170412781228446
22.169,-2.98295872187716,0,2.18155379651335,-0.0170412781228446
22.17,-2.98295872187716,0,2.18040515477755,-0.0170412781228446
22.171,-2.98295872187716,0,2.17925515820382,-0.0170412781228446
22.172,-2.98295872187716,0,2.17810380679215,-0.0170412781228446
22.173,-2.98295872187716,0,2.17695110054255,-0.0170412781228446
22.174,-2.98295872187716,0,2.17579703945502,-0.0170412781228446
22.175,-2.98295872187716,0,2.17464162352956,-0.0170412781228446
22.176,-2.98295872187716,0,2.17348485276616,-0.0170412781228446
22.177,-2.98295872187716,0,2.17232672716483,-0.0170412781228446
22.178,-2.98295872187716,0,2.17116724672557,-0.0170412781228446
22.179,-2.98295872187716,0,2.17000641144837,-0.0170412781228446
22.18,-2.98295872187716,0,2.16884422133325,-0.0170412781228446
22.181,-2.98295872187716,0,2.16768067638019,-0.0170412781228446
22.182,-2.98295872187716,0,2.16651577658919,-0.0170412781228446
22.183,-2.98295872187716,0,2.16534952196027,-0.0170412781228446
22.184,-2.98295872187716,0,2.16418191249341,-0.0170412781228446
22.185,-2.98295872187716,0,2.16301294818862,-0.0170412781228446
22.186,-2.98295872187716,0,2.16184262904589,-0.0170412781228446
22.187,-2.98295872187716,0,2.16067095506524,-0.0170412781228446
22.188,-2.98295872187716,0,2.15949792624665,-0.0170412781228446
22.189,-2.98295872187716,0,2.15832354259013,-0.0170412781228446
22.19,-2.98295872187716,0,2.15714780409567,-0.0170412781228446
22.191,-2.98295872187716,0,2.15597071076328,-0.0170412781228446
22.192,-2.98295872187716,0,2.15479226259296,-0.0170412781228446
22.193,-2.98295872187716,0,2.15361245958471,-0.0170412781228446
22.194,-2.98295872187716,0,2.15243130173853,-0.0170412781228446
22.195,-2.98295872187716,0,2.15124878905441,-0.0170412781228446
22.196,-2.98295872187716,0,2.15006492153236,-0.0170412781228446
22.197,-2.98295872187716,0,2.14887969917237,-0.0170412781228446
22.198,-2.98295872187716,0,2.14769312197446,-0.0170412781228446
22.199,-2.98295872187716,0,2.14650518993861,-0.0170412781228446
22.2,-2.98295872187716,0,2.14531590306483,-0.0170412781228446
22.201,-2.98295872187716,0,2.14412526135311,-0.0170412781228446
22.202,-2.98295872187716,0,2.14293326480346,-0.0170412781228446
22.203,-2.98295872187716,0,2.14173991341588,-0.0170412781228446
22.204,-2.98295872187716,0,2.14054520719037,-0.0170412781228446
22.205,-2.98295872187716,0,2.13934914612693,-0.0170412781228446
22.206,-2.98295872187716,0,2.13815173022555,-0.0170412781228446
22.207,-2.98295872187716,0,2.13695295948624,-0.0170412781228446
22.208,-2.98295872187716,0,2.135752833909,-0.0170412781228446
22.209,-2.98295872187716,0,2.13455135349382,-0.0170412781228446
22.21,-2.98295872187716,0,2.13334851824071,-0.0170412781228446
22.211,-2.98295872187716,0,2.13214432814967,-0.0170412781228446
22.212,-2.98295872187716,0,2.13093878322069,-0.0170412781228446
22.213,-2.98295872187716,0,2.12973188345379,-0.0170412781228446
22.214,-2.98295872187716,0,2.12852362884895,-0.0170412781228446
22.215,-2.98295872187716,0,2.12731401940618,-0.0170412781228446
22.216,-2.98295872187716,0,2.12610305512547,-0.0170412781228446
22.217,-2.98295872187716,0,2.12489073600683,-0.0170412781228446
22.218,-2.98295872187716,0,2.12367706205026,-0.0170412781228446
22.219,-2.98295872187716,0,2.12246203325576,-0.0170412781228446
22.22,-2.98295872187716,0,2.12124564962332,-0.0170412781228446
22.221,-2.98295872187716,0,2.12002791115296,-0.0170412781228446
22.222,-2.98295872187716,0,2.11880881784465,-0.0170412781228446
22.223,-2.98295872187716,0,2.11758836969842,-0.0170412781228446
22.224,-2.98295872187716,0,2.11636656671425,-0.0170412781228446
22.225,-2.98295872187716,0,2.11514340889215,-0.0170412781228446
22.226,-2.98295872187716,0,2.11391889623212,-0.0170412781228446
22.227,-2.98295872187716,0,2.11269302873416,-0.0170412781228446
22.228,-2.98295872187716,0,2.11146580639826,-0.0170412781228446
22.229,-2.98295872187716,0,2.11023722922443,-0.0170412781228446
22.23,-2.98295872187716,0,2.10900729721267,-0.0170412781228446
22.231,-2.98295872187716,0,2.10777601036297,-0.0170412781228446
22.232,-2.98295872187716,0,2.10654336867534,-0.0170412781228446
22.233,-2.98295872187716,0,2.10530937214978,-0.0170412781228446
22.234,-2.98295872187716,0,2.10407402078629,-0.0170412781228446
22.235,-2.98295872187716,0,2.10283731458486,-0.0170412781228446
22.236,-2.98295872187716,0,2.1015992535455,-0.0170412781228446
22.237,-2.98295872187716,0,2.10035983766821,-0.0170412781228446
22.238,-2.98295872187716,0,2.09911906695299,-0.0170412781228446
22.239,-2.98295872187716,0,2.09787694139983,-0.0170412781228446
22.24,-2.98295872187716,0,2.09663346100874,-0.0170412781228446
22.241,-2.98295872187716,0,2.09538862577972,-0.0170412781228446
22.242,-2.98295872187716,0,2.09414243571276,-0.0170412781228446
22.243,-2.98295872187716,0,2.09289489080787,-0.0170412781228446
22.244,-2.98295872187716,0,2.09164599106505,-0.0170412781228446
22.245,-2.98295872187716,0,2.0903957364843,-0.0170412781228446
22.246,-2.98295872187716,0,2.08914412706561,-0.0170412781228446
22.247,-2.98295872187716,0,2.08789116280899,-0.0170412781228446
22.248,-2.98295872187716,0,2.08663684371444,-0.0170412781228446
22.249,-2.98295872187716,0,2.08538116978196,-0.0170412781228446
22.25,-2.98295872187716,0,2.08412414101154,-0.0170412781228446
22.251,-2.98295872187716,0,2.08286575740319,-0.0170412781228446
22.252,-2.98295872187716,0,2.08160601895691,-0.0170412781228446
22.253,-2.98295872187716,0,2.08034492567269,-0.0170412781228446
22.254,-2.98295872187716,0,2.07908247755054,-0.0170412781228446
22.255,-2.98295872187716,0,2.07781867459046,-0.0170412781228446
22.256,-2.98295872187716,0,2.07655351679245,-0.0170412781228446
22.257,-2.98295872187716,0,2.0752870041565,-0.0170412781228446
22.258,-2.98295872187716,0,2.07401913668262,-0.0170412781228446
22.259,-2.98295872187716,0,2.07274991437081,-0.0170412781228446
22.26,-2.98295872187716,0,2.07147933722107,-0.0170412781228446
22.261,-2.98295872187716,0,2.07020740523339,-0.0170412781228446
22.262,-2.98295872187716,0,2.06893411840778,-0.0170412781228446
22.263,-2.98295872187716,0,2.06765947674424,-0.0170412781228446
22.264,-2.98295872187716,0,2.06638348024276,-0.0170412781228446
22.265,-2.98295872187716,0,2.06510612890336,-0.0170412781228446
22.266,-2.98295872187716,0,2.06382742272602,-0.0170412781228446
22.267,-2.98295872187716,0,2.06254736171074,-0.0170412781228446
22.268,-2.98295872187716,0,2.06126594585754,-0.0170412781228446
22.269,-2.98295872187716,0,2.0599831751664,-0.0170412781228446
22.27,-2.98295872187716,0,2.05869904963733,-0.0170412781228446
22.271,-2.98295872187716,0,2.05741356927032,-0.0170412781228446
22.272,-2.98295872187716,0,2.05612673406539,-0.0170412781228446
22.273,-2.98295872187716,0,2.05483854402252,-0.0170412781228446
22.274,-2.98295872187716,0,2.05354899914172,-0.0170412781228446
22.275,-2.98295872187716,0,2.05225809942298,-0.0170412781228446
22.276,-2.98295872187716,0,2.05096584486631,-0.0170412781228446
22.277,-2.98295872187716,0,2.04967223547171,-0.0170412781228446
22.278,-2.98295872187716,0,2.04837727123918,-0.0170412781228446
22.279,-2.98295872187716,0,2.04708095216872,-0.0170412781228446
22.28,-2.98295872187716,0,2.04578327826032,-0.0170412781228446
22.281,-2.98295872187716,0,2.04448424951399,-0.0170412781228446
22.282,-2.98295872187716,0,2.04318386592972,-0.0170412781228446
22.283,-2.98295872187716,0,2.04188212750753,-0.0170412781228446
22.284,-2.98295872187716,0,2.0405790342474,-0.0170412781228446
22.285,-2.98295872187716,0,2.03927458614933,-0.0170412781228446
22.286,-2.98295872187716,0,2.03796878321334,-0.0170412781228446
22.287,-2.98295872187716,0,2.03666162543941,-0.0170412781228446
22.288,-2.98295872187716,0,2.03535311282755,-0.0170412781228446
22.289,-2.98295872187716,0,2.03404324537776,-0.0170412781228446
22.29,-2.98295872187716,0,2.03273202309003,-0.0170412781228446
22.291,-2.98295890439375,-0.000365043241511168,2.03273202309003,-0.0170410956062494
22.292,-2.98295945200384,-0.000730207097279821,2.03273202309003,-0.0170405479961566
22.293,-2.98296036488837,-0.00109561222135093,2.03273202309003,-0.0170396351116318
22.294,-2.98296164334895,-0.00146137934735632,2.03273202309003,-0.0170383566510477
22.295,-2.98296328780801,-0.00182762932834195,2.03273202309003,-0.0170367121919872
22.296,-2.9829652988089,-0.00219448317663276,2.03273202309003,-0.0170347011911041
22.297,-2.98296767701606,-0.00256206210375098,2.03273202309003,-0.0170323229839431
22.298,-2.98297042321528,-0.00293048756039829,2.03273202309003,-0.0170295767847226
22.299,-2.98297353831393,-0.00329988127651758,2.03273202309003,-0.0170264616860729
22.3,-2.98297702334126,-0.00367036530144552,2.03273202309003,-0.0170229766587373
22.301,-2.98298087944877,-0.00404206204417051,2.03273202309003,-0.0170191205512347
22.302,-2.98298510791052,-0.00441509431370746,2.03273202309003,-0.0170148920894775
22.303,-2.98298971012365,-0.00478958535960407,2.03273202309003,-0.017010289876354
22.304,-2.98299468760874,-0.00516565891259231,2.03273202309003,-0.0170053123912619
22.305,-2.98300004201039,-0.00554343922539635,2.03273202309003,-0.0169999579896145
22.306,-2.98300577509771,-0.00592305111371151,2.03273202309003,-0.0169942249022927
22.307,-2.98301188876494,-0.00630461999736917,2.03273202309003,-0.0169881112350625
22.308,-2.98301838503205,-0.00668827194169769,2.01180634589484,-0.016981614967952
22.309,-2.98302958346644,-0.0157092071420244,2.01180634589484,-0.0169704165335567
22.31,-2.98306936355073,-0.0990606169119444,2.01180634589484,-0.0169306364492683
22.311,-2.98324323379648,-0.248476111357535,2.01180634589484,-0.0167567662035162
22.312,-2.98356591808751,-0.396698517583665,2.06120290774775,-0.016434081912494
22.313,-2.98402609281549,-0.52349566463997,2.1001894916805,-0.0159739071845055
22.314,-2.98460459011573,-0.633375012807264,2.14389053737471,-0.015395409884269
22.315,-2.98528361784033,-0.724589657590876,2.18940175973748,-0.0147163821596723
22.316,-2.98604423993385,-0.796596817685112,2.23438647597454,-0.0139557600661475
22.317,-2.98686745786378,-0.849812838270857,2.27704951453433,-0.0131325421362183
22.318,-2.98773505362048,-0.885381317159857,2.31609368663261,-0.0122649463795215
22.319,-2.98863021101386,-0.904961546208343,2.35066455085868,-0.0113697889861388
22.32,-2.98953793793326,-0.910541957945205,2.38028844978323,-0.0104620620667384
22.321,-2.99044531584444,-0.904281106750189,2.38028844978323,-0.00955468415555805
22.322,-2.99134663363777,-0.898420735509036,2.42490157859792,-0.00865336636223413
22.323,-2.99223314149612,-0.874686835379964,2.42490157859792,-0.0077668585038837
22.324,-2.99309618867014,-0.851497031617448,2.4522858849591,-0.00690381132985651
22.325,-2.99393070131844,-0.81763174694404,2.4522858849591,-0.00606929868156225
22.326,-2.99473165600222,-0.784377990797899,2.4522858849591,-0.00526834399777565
22.327,-2.99549965498376,-0.751717299382919,2.4522858849591,-0.00450034501623975
22.328,-2.99623528226577,-0.719631615478882,2.4522858849591,-0.00376471773422704
22.329,-2.99693910399222,-0.688103276867737,2.4522858849591,-0.00306089600777959
22.33,-2.99761166883764,-0.65711500506526,2.4522858849591,-0.00238833116236314
22.331,-2.99825350838536,-0.626649894348289,2.4522858849591,-0.00174649161464391
22.332,-2.99886513749491,-0.59669140106806,2.4522858849591,-0.00113486250509442
22.333,-2.99944705465885,-0.567223333240471,2.4522858849591,-0.000552945341150135
22.334,-2.99999974234937,-0.538229840404453,2.4522858849591,-2.57650633717077e-07
22.335,-3.00052366735481,-0.509695403739905,2.4522858849591,0.000523667354805468
22.336,-3.00101928110649,-0.481604826436935,2.4522858849591,0.00101928110649352
22.337,-3.00148701999603,-0.453943224308445,2.42734037067758,0.0014870199960324
22.338,-3.00193240039132,-0.436870948618373,2.42734037067758,0.00193240039131704
22.339,-3.00236086709268,-0.420114278086805,2.42734037067758,0.00236086709268069
22.34,-3.00277273106447,-0.403663965240298,2.42734037067758,0.00277273106447318
22.341,-3.00316829412507,-0.387510964680937,2.42734037067758,0.0031682941250728
22.342,-3.0035478491462,-0.371646427591478,2.40612462661854,0.00354784914619977
22.343,-3.0039160097456,-0.364708426146269,2.40612462661854,0.00391600974560369
22.344,-3.00427733257409,-0.357970155364207,2.40612462661854,0.0042773325740888
22.345,-3.00463201519039,-0.35142729053838,2.40612462661854,0.00463201519039025
22.346,-3.00498025088553,-0.345075620496534,2.40612462661854,0.004980250885529
22.347,-3.00532222879501,-0.338911044933467,2.40612462661854,0.00532222879500699
22.348,-3.00565813400837,-0.332929571812666,2.40612462661854,0.00565813400836923
22.349,-3.0059881476762,-0.327127314835382,2.40612462661854,0.00598814767620004
22.35,-3.00631244711463,-0.321500490975439,2.40612462661854,0.00631244711462564
22.351,-3.00663120590738,-0.316045418078069,2.40612462661854,0.00663120590737742
22.352,-3.00694459400549,-0.310758512521168,2.40612462661854,0.00694459400549174
22.353,-3.0072527778247,-0.305636286937351,2.40612462661854,0.00725277782469869
22.354,-3.00755592034056,-0.3006753479953,2.40612462661854,0.0075559203405593
22.355,-3.00785418118142,-0.295872394238869,2.40612462661854,0.00785418118142056
22.356,-3.00814771671923,-0.291224213982509,2.40612462661854,0.00814771671922943
22.357,-3.00843668015828,-0.286727683261595,2.40612462661854,0.00843668015827825
22.358,-3.00872122162192,-0.282379763836259,2.40612462661854,0.00872122162192079
22.359,-3.00900148823732,-0.278177501247409,2.40612462661854,0.00900148823732039
22.36,-3.00927762421828,-0.274118022923616,2.40612462661854,0.00927762421828104
22.361,-3.00954977094621,-0.270198536337605,2.40612462661854,0.00954977094621023
22.362,-3.00981806704926,-0.266416327211129,2.40612462661854,0.00981806704926003
22.363,-3.0100826484797,-0.262768757766999,2.40612462661854,0.0100826484796968
22.364,-3.01034364858955,-0.259253265027143,2.40612462661854,0.0103436485895503
22.365,-3.01060119820458,-0.25586735915552,2.40612462661854,0.0106011982045788
22.366,-3.0108554256966,-0.25260862184482,2.40612462661854,0.010855425696604
22.367,-3.01110645705425,-0.249474704745853,2.43264133835025,0.0111064570542454
22.368,-3.01134902064762,-0.235687922068936,2.43264133835025,0.0113490206476246
22.369,-3.01157790258442,-0.222110202317843,2.43264133835025,0.0115779025844205
22.37,-3.01179330838365,-0.208734481405225,2.43264133835025,0.011793308383647
22.371,-3.01199543657076,-0.195553835610399,2.43264133835025,0.0119954365707553
22.372,-3.01218447881598,-0.182561477559308,2.43264133835025,0.0121844788159784
22.373,-3.01236062006871,-0.169750752298046,2.43264133835025,0.012360620068709
22.374,-3.01252403868799,-0.15711513345729,2.43264133835025,0.0125240386879946
22.375,-3.01267490656924,-0.144648219505003,2.43264133835025,0.0126749065692398
22.376,-3.01281338926721,-0.132343730084885,2.43264133835025,0.0128133892672091
22.377,-3.0129396461154,-0.120195502438099,2.43264133835025,0.012939646115401
22.378,-3.01305383034189,-0.10819748790586,2.43264133835025,0.0130538303418946
22.379,-3.01315608918173,-0.0963437485105763,2.43264133835025,0.0131560891817331
22.38,-3.01324656398593,-0.0846284536132452,2.41056933798905,0.0132465639859256
22.381,-3.01332987759807,-0.082007870669721,2.41056933798905,0.013329877598073
22.382,-3.01341059768219,-0.0794411536051349,2.41056933798905,0.0134105976821859
22.383,-3.01348877737786,-0.0769268553476809,2.41056933798905,0.0134887773778565
22.384,-3.01356446839397,-0.0744635614258499,2.41056933798905,0.0135644683939735
22.385,-3.01363772104091,-0.07204988914017,2.41056933798905,0.0136377210409093
22.386,-3.01370858426188,-0.0696844867545618,2.41056933798905,0.0137085842618849
22.387,-3.01377710566354,-0.0673660327068155,2.41056933798905,0.0137771056635376
22.388,-3.01384333154571,-0.0650932348377047,2.41056933798905,0.0138433315457065
22.389,-3.01390730693046,-0.0628648296382666,2.41056933798905,0.0139073069304589
22.39,-3.01396907559037,-0.0606795815147914,2.41056933798905,0.0139690755903725
22.391,-3.01402868007609,-0.0585362820710716,2.41056933798905,0.0140286800760876
22.392,-3.01408616174315,-0.0564337494074741,2.41056933798905,0.0140861617431547
22.393,-3.01414156077819,-0.0543708274364116,2.41056933798905,0.014141560778187
22.394,-3.01419491622434,-0.052346385213796,2.41056933798905,0.0141949162243376
22.395,-3.01424626600612,-0.0503593162860725,2.41056933798905,0.0142462660061153
22.396,-3.01429564695355,-0.0484085380524341,2.41056933798905,0.0142956469535509
22.397,-3.01434309482574,-0.0464929911418355,2.41056933798905,0.0143430948257426
22.398,-3.01438864433378,-0.044611638804432,2.41056933798905,0.01438864433378
22.399,-3.01443232916306,-0.0427634663170727,2.41056933798905,0.0144323291630633
22.4,-3.01447418199504,-0.0409474804024929,2.41056933798905,0.0144741819950394
22.401,-3.01451423452837,-0.0391627086618578,2.41056933798905,0.0145142345283662
22.402,-3.01455251749951,-0.0374081990203161,2.41056933798905,0.0145525174995096
22.403,-3.0145890607028,-0.0356830191852324,2.41056933798905,0.0145890607027956
22.404,-3.01462389300993,-0.0339862561167736,2.41056933798905,0.0146238930099276
22.405,-3.01465704238898,-0.0323170155105352,2.41056933798905,0.01465704238898
22.406,-3.01468853592288,-0.0306744212918979,2.41056933798905,0.0146885359228808
22.407,-3.01471839982739,-0.0290576151218144,2.41056933798905,0.0147183998273892
22.408,-3.01474665946859,-0.0274657559137312,2.41056933798905,0.0147466594685932
22.409,-3.01477333937992,-0.0258980193613618,2.41056933798905,0.014773339379921
22.41,-3.0147984632787,-0.0243535974770291,2.41056933798905,0.0147984632786953
22.411,-3.01482205408222,-0.0228316981403076,2.41056933798905,0.0148220540822201
22.412,-3.01484413392343,-0.0213315446566938,2.41056933798905,0.0148441339234271
22.413,-3.01486355095944,0,2.41231091654053,0.0148635509594439
22.414,-3.01486355095944,0,2.41047577891955,0.0148635509594439
22.415,-3.01486355095944,0,2.40930981805107,0.0148635509594439
22.416,-3.01486355095944,0,2.40863936753553,0.0148635509594439
22.417,-3.01486355095944,0,2.40833591103594,0.0148635509594439
22.418,-3.01486355095944,0,2.40830434409386,0.0148635509594439
22.419,-3.01486355095944,0,2.4084742876569,0.0148635509594439
22.42,-3.01486355095944,0,2.40879365992894,0.0148635509594439
22.421,-3.01486355095944,0,2.40922391942078,0.0148635509594439
22.422,-3.01486355095944,0,2.40973654471993,0.0148635509594439
22.423,-3.01486355095944,0,2.41031042945541,0.0148635509594439
22.424,-3.01486355095944,0,2.4109299545236,0.0148635509594439
22.425,-3.01486355095944,0,2.41158356149992,0.0148635509594439
22.426,-3.01486355095944,0,2.4122626969371,0.0148635509594439
22.427,-3.01486355095944,0,2.4129610311265,0.0148635509594439
22.428,-3.01486355095944,0,2.41367387996703,0.0148635509594439
22.429,-3.01486355095944,0,2.41439777713754,0.0148635509594439
22.43,-3.01486355095944,0,2.4151301574965,0.0148635509594439
22.431,-3.01486355095944,0,2.41586912279186,0.0148635509594439
22.432,-3.01486355095944,0,2.41661326828215,0.0148635509594439
22.433,-3.01486355095944,0,2.41736155443275,0.0148635509594439
22.434,-3.01486355095944,0,2.41811321196891,0.0148635509594439
22.435,-3.01486355095944,0,2.4188676716131,0.0148635509594439
22.436,-3.01486355095944,0,2.41962451208949,0.0148635509594439
22.437,-3.01486355095944,0,2.42038342164618,0.0148635509594439
22.438,-3.01486355095944,0,2.42114416958102,0.0148635509594439
22.439,-3.01486355095944,0,2.42190658517016,0.0148635509594439
22.44,-3.01486355095944,0,2.42267054207482,0.0148635509594439
22.441,-3.01486355095944,0,2.42343594680195,0.0148635509594439
22.442,-3.01486355095944,0,2.42420273016501,0.0148635509594439
22.443,-3.01486355095944,0,2.42497084096463,0.0148635509594439
22.444,-3.01486355095944,0,2.42574024131238,0.0148635509594439
22.445,-3.01486355095944,0,2.4265109031701,0.0148635509594439
22.446,-3.01486355095944,0,2.42728280578904,0.0148635509594439
22.447,-3.01486355095944,0,2.42805593381475,0.0148635509594439
22.448,-3.01486355095944,0,2.42883027588463,0.0148635509594439
22.449,-3.01486355095944,0,2.42960582359017,0.0148635509594439
22.45,-3.01486355095944,0,2.43038257070892,0.0148635509594439
22.451,-3.01486355095944,0,2.43116051263613,0.0148635509594439
22.452,-3.01486355095944,0,2.43193964596421,0.0148635509594439
22.453,-3.01486355095944,0,2.4327199681715,0.0148635509594439
22.454,-3.01486355095944,0,2.43350147739189,0.0148635509594439
22.455,-3.01486355095944,0,2.43428417224445,0.0148635509594439
22.456,-3.01486355095944,0,2.43506805170726,0.0148635509594439
22.457,-3.01486355095944,0,2.43585311502409,0.0148635509594439
22.458,-3.01486355095944,0,2.43663936163528,0.0148635509594439
22.459,-3.01486355095944,0,2.43742679112672,0.0148635509594439
22.46,-3.01486355095944,0,2.43821540319192,0.0148635509594439
22.461,-3.01486355095944,0,2.43900519760411,0.0148635509594439
22.462,-3.01486355095944,0,2.43979617419543,0.0148635509594439
22.463,-3.01486355095944,0,2.44058833284171,0.0148635509594439
22.464,-3.01486355095944,0,2.44138167345102,0.0148635509594439
22.465,-3.01486355095944,0,2.44217619595535,0.0148635509594439
22.466,-3.01486355095944,0,2.44297190030438,0.0148635509594439
22.467,-3.01486355095944,0,2.44376878646085,0.0148635509594439
22.468,-3.01486355095944,0,2.4445668543972,0.0148635509594439
22.469,-3.01486355095944,0,2.44536610409304,0.0148635509594439
22.47,-3.01486355095944,0,2.44616653553327,0.0148635509594439
22.471,-3.01486355095944,0,2.44696814870671,0.0148635509594439
22.472,-3.01486355095944,0,2.44777094360512,0.0148635509594439
22.473,-3.01486355095944,0,2.44857492022236,0.0148635509594439
22.474,-3.01486355095944,0,2.44938007855391,0.0148635509594439
22.475,-3.01486355095944,0,2.45018641859642,0.0148635509594439
22.476,-3.01486355095944,0,2.45099394034742,0.0148635509594439
22.477,-3.01486355095944,0,2.45180264380506,0.0148635509594439
22.478,-3.01486355095944,0,2.45261252896799,0.0148635509594439
22.479,-3.01486355095944,0,2.45342359583521,0.0148635509594439
22.48,-3.01486355095944,0,2.45423584440596,0.0148635509594439
22.481,-3.01486355095944,0,2.45504927467971,0.0148635509594439
22.482,-3.01486355095944,0,2.45586388665605,0.0148635509594439
22.483,-3.01486355095944,0,2.45667968033467,0.0148635509594439
22.484,-3.01486355095944,0,2.45749665571535,0.0148635509594439
22.485,-3.01486355095944,0,2.45831481279792,0.0148635509594439
22.486,-3.01486355095944,0,2.45913415158227,0.0148635509594439
22.487,-3.01486355095944,0,2.4599546720683,0.0148635509594439
22.488,-3.01486355095944,0,2.46077637425595,0.0148635509594439
22.489,-3.01486355095944,0,2.46159925814516,0.0148635509594439
22.49,-3.01486355095944,0,2.4624233237359,0.0148635509594439
22.491,-3.01486355095944,0,2.46324857102815,0.0148635509594439
22.492,-3.01486355095944,0,2.46407500002188,0.0148635509594439
22.493,-3.01486355095944,0,2.46490261071707,0.0148635509594439
22.494,-3.01486355095944,0,2.46573140311373,0.0148635509594439
22.495,-3.01486355095944,0,2.46656137721183,0.0148635509594439
22.496,-3.01486355095944,0,2.46739253301137,0.0148635509594439
22.497,-3.01486355095944,0,2.46822487051236,0.0148635509594439
22.498,-3.01486355095944,0,2.46905838971478,0.0148635509594439
22.499,-3.01486355095944,0,2.46989309061863,0.0148635509594439
22.5,-3.01486355095944,0,2.47072897322391,0.0148635509594439
22.501,-3.01486355095944,0,2.47156603753062,0.0148635509594439
22.502,-3.01486355095944,0,2.47240428353877,0.0148635509594439
22.503,-3.01486355095944,0,2.47324371124833,0.0148635509594439
22.504,-3.01486355095944,0,2.47408432065933,0.0148635509594439
22.505,-3.01486355095944,0,2.47492611177175,0.0148635509594439
22.506,-3.01486355095944,0,2.4757690845856,0.0148635509594439
22.507,-3.01486355095944,0,2.47661323910088,0.0148635509594439
22.508,-3.01486355095944,0,2.47745857531758,0.0148635509594439
22.509,-3.01486355095944,0,2.47830509323571,0.0148635509594439
22.51,-3.01486355095944,0,2.47915279285527,0.0148635509594439
22.511,-3.01486355095944,0,2.48000167417625,0.0148635509594439
22.512,-3.01486355095944,0,2.48085173719865,0.0148635509594439
22.513,-3.01486355095944,0,2.48170298192249,0.0148635509594439
22.514,-3.01486355095944,0,2.48255540834774,0.0148635509594439
22.515,-3.01486355095944,0,2.48340901647443,0.0148635509594439
22.516,-3.01486355095944,0,2.48426380630254,0.0148635509594439
22.517,-3.01486355095944,0,2.48511977783207,0.0148635509594439
22.518,-3.01486355095944,0,2.48597693106303,0.0148635509594439
22.519,-3.01486355095944,0,2.48683526599542,0.0148635509594439
22.52,-3.01486355095944,0,2.48769478262923,0.0148635509594439
22.521,-3.01486355095944,0,2.48855548096447,0.0148635509594439
22.522,-3.01486355095944,0,2.48941736100114,0.0148635509594439
22.523,-3.01486355095944,0,2.49028042273923,0.0148635509594439
22.524,-3.01486355095944,0,2.49114466617874,0.0148635509594439
22.525,-3.01486355095944,0,2.49201009131968,0.0148635509594439
22.526,-3.01486355095944,0,2.49287669816205,0.0148635509594439
22.527,-3.01486355095944,0,2.49374448670584,0.0148635509594439
22.528,-3.01486355095944,0,2.49461345695106,0.0148635509594439
22.529,-3.01486355095944,0,2.49548360889771,0.0148635509594439
22.53,-3.01486355095944,0,2.49635494254578,0.0148635509594439
22.531,-3.01486355095944,0,2.49722745789527,0.0148635509594439
22.532,-3.01486355095944,0,2.4981011549462,0.0148635509594439
22.533,-3.01486355095944,0,2.49897603369854,0.0148635509594439
22.534,-3.01486355095944,0,2.49985209415232,0.0148635509594439
22.535,-3.01486355095944,0,2.50072933630752,0.0148635509594439
22.536,-3.01486355095944,0,2.50160776016414,0.0148635509594439
22.537,-3.01486355095944,0,2.50248736572219,0.0148635509594439
22.538,-3.01486355095944,0,2.50336815298167,0.0148635509594439
22.539,-3.01486355095944,0,2.50425012194257,0.0148635509594439
22.54,-3.01486355095944,0,2.5051332726049,0.0148635509594439
22.541,-3.01486355095944,0,2.50601760496865,0.0148635509594439
22.542,-3.01486355095944,0,2.50690311903383,0.0148635509594439
22.543,-3.01486355095944,0,2.50778981480044,0.0148635509594439
22.544,-3.01486355095944,0,2.50867769226847,0.0148635509594439
22.545,-3.01486355095944,0,2.50956675143792,0.0148635509594439
22.546,-3.01486355095944,0,2.51045699230881,0.0148635509594439
22.547,-3.01486355095944,0,2.51134841488111,0.0148635509594439
22.548,-3.01486355095944,0,2.51224101915485,0.0148635509594439
22.549,-3.01486355095944,0,2.51313480513001,0.0148635509594439
22.55,-3.01486355095944,0,2.51402977280659,0.0148635509594439
22.551,-3.01486355095944,0,2.5149259221846,0.0148635509594439
22.552,-3.01486355095944,0,2.51582325326404,0.0148635509594439
22.553,-3.01486355095944,0,2.5167217660449,0.0148635509594439
22.554,-3.01486355095944,0,2.51762146052719,0.0148635509594439
22.555,-3.01486355095944,0,2.51852233671091,0.0148635509594439
22.556,-3.01486355095944,0,2.51942439459605,0.0148635509594439
22.557,-3.01486355095944,0,2.52032763418261,0.0148635509594439
22.558,-3.01486355095944,0,2.52123205547061,0.0148635509594439
22.559,-3.01486355095944,0,2.52213765846002,0.0148635509594439
22.56,-3.01486355095944,0,2.52304444315087,0.0148635509594439
22.561,-3.01486355095944,0,2.52395240954313,0.0148635509594439
22.562,-3.01486355095944,0,2.52486155763683,0.0148635509594439
22.563,-3.01486355095944,0,2.52577188743195,0.0148635509594439
22.564,-3.01486355095944,0,2.5266833989285,0.0148635509594439
22.565,-3.01486355095944,0,2.52759609212647,0.0148635509594439
22.566,-3.01486355095944,0,2.52850996702587,0.0148635509594439
22.567,-3.01486355095944,0,2.52942502362669,0.0148635509594439
22.568,-3.01486355095944,0,2.53034126192894,0.0148635509594439
22.569,-3.01486355095944,0,2.53125868193261,0.0148635509594439
22.57,-3.01486355095944,0,2.53217728363772,0.0148635509594439
22.571,-3.01486355095944,0,2.53309706704424,0.0148635509594439
22.572,-3.01486355095944,0,2.53401803215219,0.0148635509594439
22.573,-3.01486355095944,0,2.53494017896157,0.0148635509594439
22.574,-3.01486355095944,0,2.53586350747238,0.0148635509594439
22.575,-3.01486355095944,0,2.53678801768461,0.0148635509594439
22.576,-3.01486355095944,0,2.53771370959826,0.0148635509594439
22.577,-3.01486355095944,0,2.53864058321334,0.0148635509594439
22.578,-3.01486355095944,0,2.53956863852985,0.0148635509594439
22.579,-3.01486355095944,0,2.54049787554778,0.0148635509594439
22.58,-3.01486355095944,0,2.54142829426714,0.0148635509594439
22.581,-3.01486355095944,0,2.54235989468793,0.0148635509594439
22.582,-3.01486355095944,0,2.54329267681014,0.0148635509594439
22.583,-3.01486355095944,0,2.54422664063377,0.0148635509594439
22.584,-3.01486355095944,0,2.54516178615883,0.0148635509594439
22.585,-3.01486355095944,0,2.54609811338532,0.0148635509594439
22.586,-3.01486355095944,0,2.54703562231323,0.0148635509594439
22.587,-3.01486355095944,0,2.54797431294257,0.0148635509594439
22.588,-3.01486355095944,0,2.54891418527334,0.0148635509594439
22.589,-3.01486355095944,0,2.54985523930553,0.0148635509594439
22.59,-3.01486355095944,0,2.55079747503914,0.0148635509594439
22.591,-3.01486355095944,0,2.55174089247418,0.0148635509594439
22.592,-3.01486355095944,0,2.55268549161065,0.0148635509594439
22.593,-3.01486355095944,0,2.55363127244855,0.0148635509594439
22.594,-3.01486355095944,0,2.55457823498786,0.0148635509594439
22.595,-3.01486355095944,0,2.55552637922861,0.0148635509594439
22.596,-3.01486355095944,0,2.55647570517078,0.0148635509594439
22.597,-3.01486355095944,0,2.55742621281438,0.0148635509594439
22.598,-3.01486355095944,0,2.5583779021594,0.0148635509594439
22.599,-3.01486355095944,0,2.55933077320585,0.0148635509594439
22.6,-3.01486355095944,0,2.56028482595372,0.0148635509594439
22.601,-3.01486355095944,0,2.56124006040302,0.0148635509594439
22.602,-3.01486355095944,0,2.56219647655374,0.0148635509594439
22.603,-3.01486355095944,0,2.5631540744059,0.0148635509594439
22.604,-3.01486355095944,0,2.56411285395947,0.0148635509594439
22.605,-3.01486355095944,0,2.56507281521448,0.0148635509594439
22.606,-3.01486355095944,0,2.5660339581709,0.0148635509594439
22.607,-3.01486355095944,0,2.56699628282876,0.0148635509594439
22.608,-3.01486355095944,0,2.56795978918804,0.0148635509594439
22.609,-3.01486355095944,0,2.56892447724874,0.0148635509594439
22.61,-3.01486355095944,0,2.56989034701087,0.0148635509594439
22.611,-3.01486355095944,0,2.57085739847443,0.0148635509594439
22.612,-3.01486355095944,0,2.57182563163941,0.0148635509594439
22.613,-3.01486355095944,0,2.57279504650582,0.0148635509594439
22.614,-3.01486355095944,0,2.57376564307366,0.0148635509594439
22.615,-3.01486355095944,0,2.57473742134292,0.0148635509594439
22.616,-3.01486355095944,0,2.5757103813136,0.0148635509594439
22.617,-3.01486355095944,0,2.57668452298571,0.0148635509594439
22.618,-3.01486355095944,0,2.57765984635925,0.0148635509594439
22.619,-3.01486355095944,0,2.57863635143421,0.0148635509594439
22.62,-3.01486355095944,0,2.5796140382106,0.0148635509594439
22.621,-3.01486355095944,0,2.58059290668842,0.0148635509594439
22.622,-3.01486355095944,0,2.58157295686766,0.0148635509594439
22.623,-3.01486355095944,0,2.58255418874832,0.0148635509594439
22.624,-3.01486355095944,0,2.58353660233042,0.0148635509594439
22.625,-3.01486355095944,0,2.58452019761394,0.0148635509594439
22.626,-3.01486355095944,0,2.58550497459888,0.0148635509594439
22.627,-3.01486355095944,0,2.58649093328525,0.0148635509594439
22.628,-3.01486355095944,0,2.58747807367304,0.0148635509594439
22.629,-3.01486355095944,0,2.58846639576226,0.0148635509594439
22.63,-3.01486355095944,0,2.58945589955291,0.0148635509594439
22.631,-3.01486355095944,0,2.59044658504498,0.0148635509594439
22.632,-3.01486355095944,0,2.59143845223848,0.0148635509594439
22.633,-3.01486355095944,0,2.5924315011334,0.0148635509594439
22.634,-3.01486355095944,0,2.59342573172975,0.0148635509594439
22.635,-3.01486355095944,0,2.59442114402753,0.0148635509594439
22.636,-3.01486355095944,0,2.59541773802673,0.0148635509594439
22.637,-3.01486355095944,0,2.59641551372736,0.0148635509594439
22.638,-3.01486355095944,0,2.59741447112941,0.0148635509594439
22.639,-3.01486355095944,0,2.59841461023289,0.0148635509594439
22.64,-3.01486355095944,0,2.59941593103779,0.0148635509594439
22.641,-3.01486355095944,0,2.60041843354412,0.0148635509594439
22.642,-3.01486355095944,0,2.60142211775188,0.0148635509594439
22.643,-3.01486355095944,0,2.60242698366106,0.0148635509594439
22.644,-3.01486355095944,0,2.60343303127167,0.0148635509594439
22.645,-3.01486355095944,0,2.6044402605837,0.0148635509594439
22.646,-3.01486355095944,0,2.60544867159716,0.0148635509594439
22.647,-3.01486355095944,0,2.60645826431204,0.0148635509594439
22.648,-3.01486355095944,0,2.60746903872835,0.0148635509594439
22.649,-3.01486355095944,0,2.60848099484609,0.0148635509594439
22.65,-3.01486355095944,0,2.60949413266525,0.0148635509594439
22.651,-3.01486355095944,0,2.61050845218584,0.0148635509594439
22.652,-3.01486355095944,0,2.61152395340785,0.0148635509594439
22.653,-3.01486355095944,0,2.61254063633129,0.0148635509594439
22.654,-3.01486355095944,0,2.61355850095616,0.0148635509594439
22.655,-3.01486355095944,0,2.61457754728245,0.0148635509594439
22.656,-3.01486355095944,0,2.61559777531016,0.0148635509594439
22.657,-3.01486355095944,0,2.61661918503931,0.0148635509594439
22.658,-3.01486355095944,0,2.61764177646987,0.0148635509594439
22.659,-3.01486355095944,0,2.61866554960187,0.0148635509594439
22.66,-3.01486355095944,0,2.61969050443529,0.0148635509594439
22.661,-3.01486355095944,0,2.62071664097013,0.0148635509594439
22.662,-3.01486355095944,0,2.6217439592064,0.0148635509594439
22.663,-3.01486355095944,0,2.6227724591441,0.0148635509594439
22.664,-3.01486355095944,0,2.62380214078322,0.0148635509594439
22.665,-3.01486355095944,0,2.62483300412377,0.0148635509594439
22.666,-3.01486355095944,0,2.62586504916574,0.0148635509594439
22.667,-3.01486355095944,0,2.62689827590914,0.0148635509594439
22.668,-3.01486355095944,0,2.62793268435397,0.0148635509594439
22.669,-3.01486355095944,0,2.62896827450022,0.0148635509594439
22.67,-3.01486355095944,0,2.6300050463479,0.0148635509594439
22.671,-3.01486355095944,0,2.631042999897,0.0148635509594439
22.672,-3.01486355095944,0,2.63208213514753,0.0148635509594439
22.673,-3.01486355095944,0,2.63312245209948,0.0148635509594439
22.674,-3.01486355095944,0,2.63416395075287,0.0148635509594439
22.675,-3.01486355095944,0,2.63520663110767,0.0148635509594439
22.676,-3.01486355095944,0,2.6362504931639,0.0148635509594439
22.677,-3.01486355095944,0,2.63729553692156,0.0148635509594439
22.678,-3.01486355095944,0,2.63834176238064,0.0148635509594439
22.679,-3.01486355095944,0,2.63938916954115,0.0148635509594439
22.68,-3.01486355095944,0,2.64043775840309,0.0148635509594439
22.681,-3.01486355095944,0,2.64148752896645,0.0148635509594439
22.682,-3.01486355095944,0,2.64253848123123,0.0148635509594439
22.683,-3.01486355095944,0,2.64359061519745,0.0148635509594439
22.684,-3.01486355095944,0,2.64464393086508,0.0148635509594439
22.685,-3.01486355095944,0,2.64569842823415,0.0148635509594439
22.686,-3.01486355095944,0,2.64675410730464,0.0148635509594439
22.687,-3.01486355095944,0,2.64781096807655,0.0148635509594439
22.688,-3.01486355095944,0,2.64886901054989,0.0148635509594439
22.689,-3.01486355095944,0,2.64992823472466,0.0148635509594439
22.69,-3.01486355095944,0,2.65098864060085,0.0148635509594439
22.691,-3.01486355095944,0,2.65205022817847,0.0148635509594439
22.692,-3.01486355095944,0,2.65311299745751,0.0148635509594439
22.693,-3.01486355095944,0,2.65417694843798,0.0148635509594439
22.694,-3.01486355095944,0,2.65524208111988,0.0148635509594439
22.695,-3.01486355095944,0,2.6563083955032,0.0148635509594439
22.696,-3.01486355095944,0,2.65737589158795,0.0148635509594439
22.697,-3.01486355095944,0,2.65844456937412,0.0148635509594439
22.698,-3.01486355095944,0,2.65951442886172,0.0148635509594439
22.699,-3.01486355095944,0,2.66058547005074,0.0148635509594439
22.7,-3.01486355095944,0,2.66165769294119,0.0148635509594439
22.701,-3.01486355095944,0,2.66273109753307,0.0148635509594439
22.702,-3.01486355095944,0,2.66380568382637,0.0148635509594439
22.703,-3.01486355095944,0,2.6648814518211,0.0148635509594439
22.704,-3.01486355095944,0,2.66595840151725,0.0148635509594439
22.705,-3.01486355095944,0,2.66703653291483,0.0148635509594439
22.706,-3.01486355095944,0,2.66811584601384,0.0148635509594439
22.707,-3.01486355095944,0,2.66919634081427,0.0148635509594439
22.708,-3.01486355095944,0,2.67027801731612,0.0148635509594439
22.709,-3.01486355095944,0,2.6713608755194,0.0148635509594439
22.71,-3.01486355095944,0,2.67244491542411,0.0148635509594439
22.711,-3.01486355095944,0,2.67353013703024,0.0148635509594439
22.712,-3.01486355095944,0,2.6746165403378,0.0148635509594439
22.713,-3.01486355095944,0,2.67570412534679,0.0148635509594439
22.714,-3.01486355095944,0,2.6767928920572,0.0148635509594439
22.715,-3.01486355095944,0,2.67788284046904,0.0148635509594439
22.716,-3.01486355095944,0,2.6789739705823,0.0148635509594439
22.717,-3.01486355095944,0,2.68006628239699,0.0148635509594439
22.718,-3.01486355095944,0,2.6811597759131,0.0148635509594439
22.719,-3.01486355095944,0,2.68225445113064,0.0148635509594439
22.72,-3.01486355095944,0,2.68335030804961,0.0148635509594439
22.721,-3.01486355095944,0,2.68444734667,0.0148635509594439
22.722,-3.01486355095944,0,2.68554556699181,0.0148635509594439
22.723,-3.01486355095944,0,2.68664496901506,0.0148635509594439
22.724,-3.01486355095944,0,2.68774555273972,0.0148635509594439
22.725,-3.01486355095944,0,2.68884731816582,0.0148635509594439
22.726,-3.01486355095944,0,2.68995026529334,0.0148635509594439
22.727,-3.01486355095944,0,2.69105439412228,0.0148635509594439
22.728,-3.01486355095944,0,2.69215970465266,0.0148635509594439
22.729,-3.01486355095944,0,2.69326619688445,0.0148635509594439
22.73,-3.01486355095944,0,2.69437387081768,0.0148635509594439
22.731,-3.01486355095944,0,2.69548272645232,0.0148635509594439
22.732,-3.01486355095944,0,2.6965927637884,0.0148635509594439
22.733,-3.01486355095944,0,2.6977039828259,0.0148635509594439
22.734,-3.01486355095944,0,2.69881638356482,0.0148635509594439
22.735,-3.01486355095944,0,2.69992996600518,0.0148635509594439
22.736,-3.01486355095944,0,2.70104473014695,0.0148635509594439
22.737,-3.01486355095944,0,2.70216067599016,0.0148635509594439
22.738,-3.01486355095944,0,2.70327780353479,0.0148635509594439
22.739,-3.01486355095944,0,2.70439611278084,0.0148635509594439
22.74,-3.01486355095944,0,2.70551560372832,0.0148635509594439
22.741,-3.01486355095944,0,2.70663627637723,0.0148635509594439
22.742,-3.01486355095944,0,2.70775813072756,0.0148635509594439
22.743,-3.01486355095944,0,2.70888116677932,0.0148635509594439
22.744,-3.01486355095944,0,2.7100053845325,0.0148635509594439
22.745,-3.01486355095944,0,2.71113078398711,0.0148635509594439
22.746,-3.01486355095944,0,2.71225736514315,0.0148635509594439
22.747,-3.01486355095944,0,2.71338512800061,0.0148635509594439
22.748,-3.01486355095944,0,2.71451407255949,0.0148635509594439
22.749,-3.01486355095944,0,2.71564419881981,0.0148635509594439
22.75,-3.01486355095944,0,2.71677550678154,0.0148635509594439
22.751,-3.01486355095944,0,2.71790799644471,0.0148635509594439
22.752,-3.01486355095944,0,2.7190416678093,0.0148635509594439
22.753,-3.01486355095944,0,2.72017652087531,0.0148635509594439
22.754,-3.01486355095944,0,2.72131255564276,0.0148635509594439
22.755,-3.01486355095944,0,2.72244977211162,0.0148635509594439
22.756,-3.01486355095944,0,2.72358817028192,0.0148635509594439
22.757,-3.01486355095944,0,2.72472775015363,0.0148635509594439
22.758,-3.01486355095944,0,2.72586851172678,0.0148635509594439
22.759,-3.01486355095944,0,2.72701045500135,0.0148635509594439
22.76,-3.01486355095944,0,2.72815357997734,0.0148635509594439
22.761,-3.01486355095944,0,2.72929788665477,0.0148635509594439
22.762,-3.01486355095944,0,2.73044337503361,0.0148635509594439
22.763,-3.01486355095944,0,2.73159004511389,0.0148635509594439
22.764,-3.01486355095944,0,2.73273789689559,0.0148635509594439
22.765,-3.01486355095944,0,2.73388693037871,0.0148635509594439
22.766,-3.01486355095944,0,2.73503714556326,0.0148635509594439
22.767,-3.01486355095944,0,2.73618854244924,0.0148635509594439
22.768,-3.01486355095944,0,2.73734112103664,0.0148635509594439
22.769,-3.01486355095944,0,2.73849488132547,0.0148635509594439
22.77,-3.01486355095944,0,2.73964982331572,0.0148635509594439
22.771,-3.01486355095944,0,2.7408059470074,0.0148635509594439
22.772,-3.01486355095944,0,2.7419632524005,0.0148635509594439
22.773,-3.01486355095944,0,2.74312173949503,0.0148635509594439
22.774,-3.01486355095944,0,2.74428140829099,0.0148635509594439
22.775,-3.01486355095944,0,2.74544225878837,0.0148635509594439
22.776,-3.01486355095944,0,2.74660429098718,0.0148635509594439
22.777,-3.01486355095944,0,2.74776750488742,0.0148635509594439
22.778,-3.01486355095944,0,2.74893190048908,0.0148635509594439
22.779,-3.01486355095944,0,2.75009747779216,0.0148635509594439
22.78,-3.01486355095944,0,2.75126423679667,0.0148635509594439
22.781,-3.01486355095944,0,2.75243217750261,0.0148635509594439
22.782,-3.01486355095944,0,2.75360129990997,0.0148635509594439
22.783,-3.01486355095944,0,2.75477160401876,0.0148635509594439
22.784,-3.01486355095944,0,2.75594308982897,0.0148635509594439
22.785,-3.01486345389365,0.000194138727215968,2.75594308982897,0.0148634538936476
22.786,-3.01486316265345,0.000388363069258563,2.75594308982897,0.0148631626534521
22.787,-3.01486267711042,0.000582758678734591,2.75594308982897,0.0148626771104206
22.788,-3.01486199705043,0.000777411283828741,2.75594308982897,0.0148619970504305
22.789,-3.01486112217358,0.000972406726134211,2.75594308982897,0.0148611221735755
22.79,-3.01486005209404,0.00116783099853285,2.75594308982897,0.0148600520940372
22.791,-3.01485878633991,0.00136377028314373,2.75594308982897,0.0148587863399099
22.792,-3.014857324353,0.00156031098935378,2.75594308982897,0.0148573243529988
22.793,-3.01485566548857,0.00175753979195043,2.75594308982897,0.014855665488569
22.794,-3.01485380901506,0.00195554366937066,2.75594308982897,0.0148538090150607
22.795,-3.01485175411377,0.00215440994208485,2.75594308982897,0.0148517541137689
22.796,-3.01484949987848,0.00235422631113245,2.75594308982897,0.0148494998784825
22.797,-3.01484704531508,0.00255508089682473,2.75594308982897,0.0148470453150789
22.798,-3.01484438934109,0.00275706227763457,2.75594308982897,0.014844389341095
22.799,-3.01484153078524,0.00296025952928678,2.75594308982897,0.0148415307852385
22.8,-3.01483846838688,0.00316476226407186,2.75594308982897,0.014838468386881
22.801,-3.01483520079549,0.00337066067039334,2.75594308982897,0.0148352007954928
22.802,-3.01483172657005,0.00357804555257324,2.75594308982897,0.0148317265700548
22.803,-3.01482804417842,0.00378700837092796,2.75594308982897,0.0148280441784161
22.804,-3.01482415199662,0.00399764128213582,2.75594308982897,0.0148241519966232
22.805,-3.0148200483082,0.00421003717991142,2.75594308982897,0.0148200483081991
22.806,-3.01481573130339,0.00442428973600818,2.75594308982897,0.0148157313033868
22.807,-3.01481119907835,0.0046404934415631,2.78098721036528,0.0148111990783533
22.808,-3.01480134663711,0.015065119764063,2.78098721036528,0.0148013466371104
22.809,-3.01476140666858,0.100013355691027,2.78098721036528,0.0147614066685833
22.81,-3.01458588250185,0.2508327556001,2.760923633866,0.014585882501847
22.811,-3.01426420976838,0.392334457551802,2.73065737933068,0.0142642097683838
22.812,-3.01380770934864,0.520516704087091,2.6919064419311,0.0138077093486419
22.813,-3.01323134220492,0.632099742042183,2.6481765500108,0.0132313422049219
22.814,-3.01255262784482,0.7252440265439,2.6024042221875,0.0125526278448214
22.815,-3.0117903259107,0.799307117899524,2.55696025906785,0.0117903259106962
22.816,-3.01096335867723,0.854604918341079,2.51367610243623,0.0109633586772317
22.817,-3.01008996569308,0.892186089279037,2.47388684721845,0.0100899656930782
22.818,-3.00918707422067,0.913625978421819,2.43848540394151,0.00918707422067211
22.819,-3.00826986389551,0.920844196901708,2.40798308470281,0.00826986389550521
22.82,-3.00735150081822,0.915948124126507,2.38257267727465,0.00735150081821567
22.821,-3.00644301478659,0.90110307599416,2.36219084452909,0.00644301478658571
22.822,-3.00555329325713,0.878428635878284,2.36219084452909,0.00555329325713316
22.823,-3.00468598236301,0.856279661166343,2.33496049854688,0.00468598236301299
22.824,-3.00384611831772,0.823547713603487,2.33496049854688,0.00384611831771586
22.825,-3.00303869122704,0.79140290406819,2.33496049854688,0.00303869122704281
22.826,-3.00226312243825,0.759828319976479,2.33496049854688,0.00226312243825122
22.827,-3.00151885003862,0.728807392467706,2.33496049854688,0.00151885003862295
22.828,-3.0008053285159,0.698323888131253,2.33496049854688,0.000805328515895098
22.829,-3.00012202842688,0.668361900887542,2.33496049854688,0.000122028426877918
22.83,-2.99946843607412,0.638905844021063,2.33496049854688,-0.000531563925877165
22.831,-2.99884405319048,0.609940442363119,2.33496049854688,-0.00115594680952347
22.832,-2.99824839663138,0.58145072462197,2.33496049854688,-0.00175160336861602
22.833,-2.99768099807478,0.553422015858062,2.33496049854688,-0.0023190019252155
22.834,-2.99714140372846,0.52583993010201,2.33496049854688,-0.00285859627153728
22.835,-2.99662917404471,0.498690363113012,2.33496049854688,-0.00337082595529026
22.836,-2.99614388344216,0.471959485275351,2.33496049854688,-0.00385611655784013
22.837,-2.99568512003466,0.445633734630688,2.33496049854688,-0.00431487996534052
22.838,-2.99525248536704,0.419699810043786,2.36333188490264,-0.00474751463296341
22.839,-2.99483978489502,0.405747311682655,2.36333188490264,-0.00516021510498366
22.84,-2.994440899658,0.39206807588169,2.36333188490264,-0.00555910034200302
22.841,-2.99405556015841,0.378654600007337,2.36333188490264,-0.00594443984158888
22.842,-2.99368350431995,0.365499543504774,2.36333188490264,-0.0063164956800521
22.843,-2.99332447732748,0.35259572389899,2.36333188490264,-0.0066755226725177
22.844,-2.99297823147096,0.339936112881249,2.36333188490264,-0.00702176852904213
22.845,-2.99264452599314,0.32751383247917,2.36333188490264,-0.00735547400685643
22.846,-2.99232312694118,0.315322151308653,2.36333188490264,-0.00767687305882259
22.847,-2.99201380702182,0.303354480905943,2.36333188490264,-0.00798619297818215
22.848,-2.99171634546033,0.291604372138119,2.38902803822872,-0.00828365453967139
22.849,-2.99142525913287,0.290588491611492,2.38902803822872,-0.00857474086713417
22.85,-2.99113512829236,0.289693167277581,2.38902803822872,-0.00886487170764427
22.851,-2.9908458330658,0.28891704239189,2.38902803822872,-0.00915416693420212
22.852,-2.99055725490818,0.288258817548828,2.38902803822872,-0.0094427450918162
22.853,-2.99026927654565,0.287717249718655,2.38902803822872,-0.00973072345435488
22.854,-2.98998178191954,0.287291151313859,2.38902803822872,-0.0100182180804564
22.855,-2.98969465613149,0.286979389284393,2.38902803822872,-0.0103053438685121
22.856,-2.98940778538923,0.286780884241225,2.38902803822872,-0.0105922146107669
22.857,-2.98912105695345,0.286694609607677,2.38902803822872,-0.0108789430465528
22.858,-2.98883435908531,0.286719590798014,2.38902803822872,-0.0111656409146876
22.859,-2.98854758099493,0.286854904422787,2.36547337921448,-0.011452419005066
22.86,-2.98826544845475,0.277441640835261,2.36547337921448,-0.0117345515452523
22.861,-2.98799263564627,0.268214582037136,2.36547337921448,-0.0120073643537326
22.862,-2.98772895892276,0.259168630697459,2.36547337921448,-0.0122710410772435
22.863,-2.98747423967895,0.250298800733818,2.36547337921448,-0.0125257603210485
22.864,-2.98722830424121,0.241600214540607,2.36547337921448,-0.0127716957587936
22.865,-2.98699098376037,0.233068100278223,2.36547337921448,-0.0130090162396277
22.866,-2.98676211410736,0.224697789221873,2.36547337921448,-0.0132378858926359
22.867,-2.98654153577135,0.216484713168644,2.36547337921448,-0.0134584642286515
22.868,-2.98632909376049,0.208424401901544,2.36547337921448,-0.0136709062395082
22.869,-2.98612463750522,0.200512480709237,2.36547337921448,-0.0138753624947796
22.87,-2.98592802076393,0.192744667960214,2.36547337921448,-0.0140719792360673
22.871,-2.98573910153111,0.185116772730183,2.36547337921448,-0.014260898468891
22.872,-2.98555774194777,0.177624692481455,2.36547337921448,-0.0144422580522314
22.873,-2.98538380821422,0.170264410793155,2.36547337921448,-0.014616191785775
22.874,-2.98521717050508,0.163031995141093,2.36547337921448,-0.0147828294949215
22.875,-2.98505770288642,0.155923594726159,2.36547337921448,-0.0149422971135849
22.876,-2.98490528323514,0.148935438350119,2.36547337921448,-0.0150947167648581
22.877,-2.98475979316043,0.14206383233773,2.36547337921448,-0.0152402068395676
22.878,-2.98462111792722,0.135305158504089,2.36547337921448,-0.0153788820727772
22.879,-2.98448914638172,0.128655872166161,2.36547337921448,-0.0155108536182795
22.88,-2.98436377087887,0.12211250019748,2.36547337921448,-0.0156362291211258
22.881,-2.98424488721178,0.115671639124973,2.36547337921448,-0.0157551127882205
22.882,-2.98413239454295,0.109329953266948,2.36547337921448,-0.0158676054570477
22.883,-2.98402619533746,0.103084172911264,2.36547337921448,-0.0159738046625417
22.884,-2.98392619529783,0.0969310925327248,2.36547337921448,-0.0160738047021685
22.885,-2.98383230330077,0.0908675690487708,2.36547337921448,-0.0161676966992306
22.886,-2.98374443133554,0.0848905201125583,2.36547337921448,-0.0162555686644592
22.887,-2.98366249444409,0.0789969224425214,2.36547337921448,-0.0163375055559065
22.888,-2.9835864106628,0.0731838101875459,2.36547337921448,-0.0164135893371955
22.889,-2.98351610096586,0.0674482733268939,2.36547337921448,-0.016483899034144
22.89,-2.98345148921019,0.0617874561040372,2.36547337921448,-0.0165485107898098
22.891,-2.98339250208201,0.0561985554935737,2.36547337921448,-0.0166074979179878
22.892,-2.98333906904482,0.0506788197004214,2.36547337921448,-0.0166609309551831
22.893,-2.98329112228889,0.0452255466904955,2.36547337921448,-0.0167088777111113
22.894,-2.98324859668227,0.0398360827520969,2.36547337921448,-0.0167514033177327
22.895,-2.98321142972313,0.0345078210872499,2.36547337921448,-0.0167885702768675
22.896,-2.98317956149358,0.0292382004322467,2.36547337921448,-0.0168204385064201
22.897,-2.98315293461477,0.0240247037066722,2.36547337921448,-0.0168470653852331
22.898,-2.98313534030861,0,2.37376693296924,-0.0168646596913922
22.899,-2.98313534030861,0,2.37661840429699,-0.0168646596913922
22.9,-2.98313534030861,0,2.37850355129282,-0.0168646596913922
22.901,-2.98313534030861,0,2.37967325188764,-0.0168646596913922
22.902,-2.98313534030861,0,2.38031316037496,-0.0168646596913922
22.903,-2.98313534030861,0,2.38056066435433,-0.0168646596913922
22.904,-2.98313534030861,0,2.38051743318198,-0.0168646596913922
22.905,-2.98313534030861,0,2.38025870405568,-0.0168646596913922
22.906,-2.98313534030861,0,2.37984015388873,-0.0168646596913922
22.907,-2.98313534030861,0,2.37930298462326,-0.0168646596913922
22.908,-2.98313534030861,0,2.37867768645599,-0.0168646596913922
22.909,-2.98313534030861,0,2.37798682269455,-0.0168646596913922
22.91,-2.98313534030861,0,2.37724709060249,-0.0168646596913922
22.911,-2.98313534030861,0,2.37647084646266,-0.0168646596913922
22.912,-2.98313534030861,0,2.37566723415212,-0.0168646596913922
22.913,-2.98313534030861,0,2.37484302030847,-0.0168646596913922
22.914,-2.98313534030861,0,2.37400321236825,-0.0168646596913922
22.915,-2.98313534030861,0,2.37315151592683,-0.0168646596913922
22.916,-2.98313534030861,0,2.37229067319307,-0.0168646596913922
22.917,-2.98313534030861,0,2.37142271345208,-0.0168646596913922
22.918,-2.98313534030861,0,2.37054913841227,-0.0168646596913922
22.919,-2.98313534030861,0,2.36967105936552,-0.0168646596913922
22.92,-2.98313534030861,0,2.36878929868831,-0.0168646596913922
22.921,-2.98313534030861,0,2.36790446495442,-0.0168646596913922
22.922,-2.98313534030861,0,2.36701700851963,-0.0168646596913922
22.923,-2.98313534030861,0,2.36612726265554,-0.0168646596913922
22.924,-2.98313534030861,0,2.36523547398928,-0.0168646596913922
22.925,-2.98313534030861,0,2.36434182502945,-0.0168646596913922
22.926,-2.98313534030861,0,2.36344645083581,-0.0168646596913922
22.927,-2.98313534030861,0,2.36254945135505,-0.0168646596913922
22.928,-2.98313534030861,0,2.36165090054957,-0.0168646596913922
22.929,-2.98313534030861,0,2.36075085315291,-0.0168646596913922
22.93,-2.98313534030861,0,2.3598493496689,-0.0168646596913922
22.931,-2.98313534030861,0,2.3589464200711,-0.0168646596913922
22.932,-2.98313534030861,0,2.35804208654054,-0.0168646596913922
22.933,-2.98313534030861,0,2.35713636549155,-0.0168646596913922
22.934,-2.98313534030861,0,2.35622926907106,-0.0168646596913922
22.935,-2.98313534030861,0,2.35532080626801,-0.0168646596913922
22.936,-2.98313534030861,0,2.35441098373439,-0.0168646596913922
22.937,-2.98313534030861,0,2.35349980639278,-0.0168646596913922
22.938,-2.98313534030861,0,2.35258727788601,-0.0168646596913922
22.939,-2.98313534030861,0,2.35167340090981,-0.0168646596913922
22.94,-2.98313534030861,0,2.35075817745909,-0.0168646596913922
22.941,-2.98313534030861,0,2.34984160901011,-0.0168646596913922
22.942,-2.98313534030861,0,2.34892369665532,-0.0168646596913922
22.943,-2.98313534030861,0,2.34800444120319,-0.0168646596913922
22.944,-2.98313534030861,0,2.34708384325196,-0.0168646596913922
22.945,-2.98313534030861,0,2.34616190324436,-0.0168646596913922
22.946,-2.98313534030861,0,2.34523862150802,-0.0168646596913922
22.947,-2.98313534030861,0,2.34431399828538,-0.0168646596913922
22.948,-2.98313534030861,0,2.34338803375587,-0.0168646596913922
22.949,-2.98313534030861,0,2.34246072805225,-0.0168646596913922
22.95,-2.98313534030861,0,2.34153208127277,-0.0168646596913922
22.951,-2.98313534030861,0,2.34060209349015,-0.0168646596913922
22.952,-2.98313534030861,0,2.33967076475819,-0.0168646596913922
22.953,-2.98313534030861,0,2.3387380951167,-0.0168646596913922
22.954,-2.98313534030861,0,2.33780408459517,-0.0168646596913922
22.955,-2.98313534030861,0,2.33686873321538,-0.0168646596913922
22.956,-2.98313534030861,0,2.33593204099348,-0.0168646596913922
22.957,-2.98313534030861,0,2.3349940079414,-0.0168646596913922
22.958,-2.98313534030861,0,2.33405463406799,-0.0168646596913922
22.959,-2.98313534030861,0,2.33311391937978,-0.0168646596913922
22.96,-2.98313534030861,0,2.33217186388161,-0.0168646596913922
22.961,-2.98313534030861,0,2.33122846757707,-0.0168646596913922
22.962,-2.98313534030861,0,2.3302837304688,-0.0168646596913922
22.963,-2.98313534030861,0,2.32933765255876,-0.0168646596913922
22.964,-2.98313534030861,0,2.32839023384841,-0.0168646596913922
22.965,-2.98313534030861,0,2.32744147433881,-0.0168646596913922
22.966,-2.98313534030861,0,2.32649137403078,-0.0168646596913922
22.967,-2.98313534030861,0,2.32553993292488,-0.0168646596913922
22.968,-2.98313534030861,0,2.32458715102156,-0.0168646596913922
22.969,-2.98313534030861,0,2.32363302832114,-0.0168646596913922
22.97,-2.98313534030861,0,2.32267756482386,-0.0168646596913922
22.971,-2.98313534030861,0,2.32172076052989,-0.0168646596913922
22.972,-2.98313534030861,0,2.32076261543937,-0.0168646596913922
22.973,-2.98313534030861,0,2.31980312955239,-0.0168646596913922
22.974,-2.98313534030861,0,2.31884230286902,-0.0168646596913922
22.975,-2.98313534030861,0,2.31788013538932,-0.0168646596913922
22.976,-2.98313534030861,0,2.31691662711332,-0.0168646596913922
22.977,-2.98313534030861,0,2.31595177804106,-0.0168646596913922
22.978,-2.98313534030861,0,2.31498558817255,-0.0168646596913922
22.979,-2.98313534030861,0,2.31401805750782,-0.0168646596913922
22.98,-2.98313534030861,0,2.31304918604686,-0.0168646596913922
22.981,-2.98313534030861,0,2.3120789737897,-0.0168646596913922
22.982,-2.98313534030861,0,2.31110742073634,-0.0168646596913922
22.983,-2.98313534030861,0,2.31013452688677,-0.0168646596913922
22.984,-2.98313534030861,0,2.30916029224102,-0.0168646596913922
22.985,-2.98313534030861,0,2.30818471679907,-0.0168646596913922
22.986,-2.98313534030861,0,2.30720780056094,-0.0168646596913922
22.987,-2.98313534030861,0,2.30622954352661,-0.0168646596913922
22.988,-2.98313534030861,0,2.3052499456961,-0.0168646596913922
22.989,-2.98313534030861,0,2.30426900706941,-0.0168646596913922
22.99,-2.98313534030861,0,2.30328672764653,-0.0168646596913922
22.991,-2.98313534030861,0,2.30230310742746,-0.0168646596913922
22.992,-2.98313534030861,0,2.30131814641221,-0.0168646596913922
22.993,-2.98313534030861,0,2.30033184460078,-0.0168646596913922
22.994,-2.98313534030861,0,2.29934420199316,-0.0168646596913922
22.995,-2.98313534030861,0,2.29835521858935,-0.0168646596913922
22.996,-2.98313534030861,0,2.29736489438936,-0.0168646596913922
22.997,-2.98313534030861,0,2.29637322939319,-0.0168646596913922
22.998,-2.98313534030861,0,2.29538022360084,-0.0168646596913922
22.999,-2.98313534030861,0,2.2943858770123,-0.0168646596913922
23,-2.98313534030861,0,2.29339018962758,-0.0168646596913922
