t,x_pd,x_pi,x_pii,u_pd
0,-2,-2,-2,1.58210744023499
0.02,-2,-2,-2,1.58210744023499
0.04,-2,-2,-2,1.58210744023499
0.06,-2,-2,-2,1.58210744023499
0.08,-2,-2,-2,1.58210744023499
0.1,-2,-2,-2,1.58210744023499
0.12,-2,-2,-2,1.58210744023499
0.14,-2,-2,-2,1.58210744023499
0.16,-2,-2,-2,1.58210744023499
0.18,-2,-2,-2,1.58210744023499
0.2,-2,-2,-2,1.58210744023499
0.22,-2,-2,-2,1.58210744023499
0.24,-2,-2,-2,1.58210744023499
0.26,-2,-2,-2,1.58210744023499
0.28,-2,-2,-2,1.58210744023499
0.3,-2,-2,-2,1.58210744023499
0.32,-2,-2,-2,1.58210744023499
0.34,-2,-2,-2,1.58210744023499
0.36,-2,-2,-2,1.58210744023499
0.38,-2,-2,-2,1.58210744023499
0.4,-2,-2,-2,1.58210744023499
0.42,-2,-2,-2,1.58210744023499
0.44,-2,-2,-2,1.58210744023499
0.46,-2,-2,-2,1.58210744023499
0.48,-2,-2,-2,1.58210744023499
0.5,-2,-2,-2,1.58210744023499
0.52,-2,-2,-2,1.58210744023499
0.54,-2,-2,-2,1.58210744023499
0.56,-2,-2,-2,1.58210744023499
0.58,-2,-2,-2,1.58210744023499
0.6,-2,-2,-2,1.58210744023499
0.62,-2,-2,-2,1.58210744023499
0.64,-2,-2,-2,1.58210744023499
0.66,-2,-2,-2,1.58210744023499
0.68,-2,-2,-2,1.58210744023499
0.7,-2,-2,-2,1.58210744023499
0.72,-2,-2,-2,1.58210744023499
0.74,-2,-2,-2,1.58210744023499
0.76,-2,-2,-2,1.58210744023499
0.78,-2,-2,-2,1.58210744023499
0.8,-2,-2,-2,1.58210744023499
0.82,-2,-2,-2,1.58210744023499
0.84,-2,-2,-2,1.58210744023499
0.86,-2,-2,-2,1.58210744023499
0.88,-2,-2,-2,1.58210744023499
0.9,-2,-2,-2,1.58210744023499
0.92,-2,-2,-2,1.58210744023499
0.94,-2,-2,-2,1.58210744023499
0.96,-2,-2,-2,1.58210744023499
0.98,-2,-2,-2,1.58210744023499
1,-2,-2,-2,1.58210744023499
1.02,-2,-2,-2,1.58210744023499
1.04,-2,-2,-2,1.58210744023499
1.06,-2,-2,-2,1.58210744023499
1.08,-2,-2,-2,1.58210744023499
1.1,-2,-2,-2,1.58210744023499
1.12,-2,-2,-2,1.58210744023499
1.14,-2,-2,-2,1.58210744023499
1.16,-2,-2,-2,1.58210744023499
1.18,-2,-2,-2,1.58210744023499
1.2,-2,-2,-2,1.58210744023499
1.22,-2,-2,-2,1.58210744023499
1.24,-2,-2,-2,1.58210744023499
1.26,-2,-2,-2,1.58210744023499
1.28,-2,-2,-2,1.58210744023499
1.3,-2,-2,-2,1.58210744023499
1.32,-2,-2,-2,1.58210744023499
1.34,-2,-2,-2,1.58210744023499
1.36,-2,-2,-2,1.58210744023499
1.38,-2,-2,-2,1.58210744023499
1.4,-2,-2,-2,1.58210744023499
1.42,-2,-2,-2,1.58210744023499
1.44,-2,-2,-2,1.58210744023499
1.46,-2,-2,-2,1.58210744023499
1.48,-2,-2,-2,1.58210744023499
1.5,-2,-2,-2,1.58210744023499
1.52,-2,-2,-2,1.58210744023499
1.54,-2,-2,-2,1.58210744023499
1.56,-2,-2,-2,1.58210744023499
1.58,-2,-2,-2,1.58210744023499
1.6,-2,-2,-2,1.58210744023499
1.62,-2,-2,-2,1.58210744023499
1.64,-2,-2,-2,1.58210744023499
1.66,-2,-2,-2,1.58210744023499
1.68,-2,-2,-2,1.58210744023499
1.7,-2,-2,-2,1.58210744023499
1.72,-2,-2,-2,1.58210744023499
1.74,-2,-2,-2,1.58210744023499
1.76,-2,-2,-2,1.58210744023499
1.78,-2,-2,-2,1.58210744023499
1.8,-2,-2,-2,1.58210744023499
1.82,-2,-2,-2,1.58210744023499
1.84,-2,-2,-2,1.58210744023499
1.86,-2,-2,-2,1.58210744023499
1.88,-2,-2,-2,1.58210744023499
1.9,-2,-2,-2,1.58210744023499
1.92,-2,-2,-2,1.58210744023499
1.94,-2,-2,-2,1.58210744023499
1.96,-2,-2,-2,1.58210744023499
1.98,-2,-2,-2,1.58210744023499
2,-2,-2,-2,1.58210744023499
2.02,-2,-2,-2,1.58210744023499
2.04,-2,-2,-2,1.58210744023499
2.06,-2,-2,-2,1.58210744023499
2.08,-2,-2,-2,1.58210744023499
2.1,-2,-2,-2,1.58210744023499
2.12,-2,-2,-2,1.58210744023499
2.14,-2,-2,-2,1.58210744023499
2.16,-2,-2,-2,1.58210744023499
2.18,-2,-2,-2,1.58210744023499
2.2,-2,-2,-2,1.58210744023499
2.22,-2,-2,-2,1.58210744023499
2.24,-2,-2,-2,1.58210744023499
2.26,-2,-2,-2,1.58210744023499
2.28,-2,-2,-2,1.58210744023499
2.3,-2,-2,-2,1.58210744023499
2.32,-2,-2,-2,1.58210744023499
2.34,-2,-2,-2,1.58210744023499
2.36,-2,-2,-2,1.58210744023499
2.38,-2,-2,-2,1.58210744023499
2.4,-2,-2,-2,1.58210744023499
2.42,-2,-2,-2,1.58210744023499
2.44,-2,-2,-2,1.58210744023499
2.46,-2,-2,-2,1.58210744023499
2.48,-2,-2,-2,1.58210744023499
2.5,-2,-2,-2,1.58210744023499
2.52,-2,-2,-2,1.58210744023499
2.54,-2,-2,-2,1.58210744023499
2.56,-2,-2,-2,1.58210744023499
2.58,-2,-2,-2,1.58210744023499
2.6,-2,-2,-2,1.58210744023499
2.62,-2,-2,-2,1.58210744023499
2.64,-2,-2,-2,1.58210744023499
2.66,-2,-2,-2,1.58210744023499
2.68,-2,-2,-2,1.58210744023499
2.7,-2,-2,-2,1.58210744023499
2.72,-2,-2,-2,1.58210744023499
2.74,-2,-2,-2,1.58210744023499
2.76,-2,-2,-2,1.58210744023499
2.78,-2,-2,-2,1.58210744023499
2.8,-2,-2,-2,1.58210744023499
2.82,-2,-2,-2,1.58210744023499
2.84,-2,-2,-2,1.58210744023499
2.86,-2,-2,-2,1.58210744023499
2.88,-2,-2,-2,1.58210744023499
2.9,-2,-2,-2,1.58210744023499
2.92,-2,-2,-2,1.58210744023499
2.94,-2,-2,-2,1.58210744023499
2.96,-2,-2,-2,1.58210744023499
2.98,-2,-2,-2,1.58210744023499
3,-2,-2,-2,1.58210744023499
3.02,-2,-2,-2,1.58210744023499
3.04,-2,-2,-2,1.58210744023499
3.06,-2,-2,-2,1.58210744023499
3.08,-2,-2,-2,1.58210744023499
3.1,-2,-2,-2,1.58210744023499
3.12,-2,-2,-2,1.58210744023499
3.14,-2,-2,-2,1.58210744023499
3.16,-2,-2,-2,1.58210744023499
3.18,-2,-2,-2,1.58210744023499
3.2,-2,-2,-2,1.58210744023499
3.22,-2,-2,-2,1.58210744023499
3.24,-2,-2,-2,1.58210744023499
3.26,-2,-2,-2,1.58210744023499
3.28,-2,-2,-2,1.58210744023499
3.3,-2,-2,-2,1.58210744023499
3.32,-2,-2,-2,1.58210744023499
3.34,-2,-2,-2,1.58210744023499
3.36,-2,-2,-2,1.58210744023499
3.38,-2,-2,-2,1.58210744023499
3.4,-2,-2,-2,1.58210744023499
3.42,-2,-2,-2,1.58210744023499
3.44,-2,-2,-2,1.58210744023499
3.46,-2,-2,-2,1.58210744023499
3.48,-2,-2,-2,1.58210744023499
3.5,-2,-2,-2,1.58210744023499
3.52,-2,-2,-2,1.58210744023499
3.54,-2,-2,-2,1.58210744023499
3.56,-2,-2,-2,1.58210744023499
3.58,-2,-2,-2,1.58210744023499
3.6,-2,-2,-2,1.58210744023499
3.62,-2,-2,-2,1.58210744023499
3.64,-2,-2,-2,1.58210744023499
3.66,-2,-2,-2,1.58210744023499
3.68,-2,-2,-2,1.58210744023499
3.7,-2,-2,-2,1.58210744023499
3.72,-2,-2,-2,1.58210744023499
3.74,-2,-2,-2,1.58210744023499
3.76,-2,-2,-2,1.58210744023499
3.78,-2,-2,-2,1.58210744023499
3.8,-2,-2,-2,1.58210744023499
3.82,-2,-2,-2,1.58210744023499
3.84,-2,-2,-2,1.58210744023499
3.86,-2,-2,-2,1.58210744023499
3.88,-2,-2,-2,1.58210744023499
3.9,-2,-2,-2,1.58210744023499
3.92,-2,-2,-2,1.58210744023499
3.94,-2,-2,-2,1.58210744023499
3.96,-2,-2,-2,1.58210744023499
3.98,-2,-2,-2,1.58210744023499
4,-2,-2,-2,1.58210744023499
4.02,-2,-2,-2,1.58210744023499
4.04,-2,-2,-2,1.58210744023499
4.06,-2,-2,-2,1.58210744023499
4.08,-2,-2,-2,1.58210744023499
4.1,-2,-2,-2,1.58210744023499
4.12,-2,-2,-2,1.58210744023499
4.14,-2,-2,-2,1.58210744023499
4.16,-2,-2,-2,1.58210744023499
4.18,-2,-2,-2,1.58210744023499
4.2,-2,-2,-2,1.58210744023499
4.22,-2,-2,-2,1.58210744023499
4.24,-2,-2,-2,1.58210744023499
4.26,-2,-2,-2,1.58210744023499
4.28,-2,-2,-2,1.58210744023499
4.3,-2,-2,-2,1.58210744023499
4.32,-2,-2,-2,1.58210744023499
4.34,-2,-2,-2,1.58210744023499
4.36,-2,-2,-2,1.58210744023499
4.38,-2,-2,-2,1.58210744023499
4.4,-2,-2,-2,1.58210744023499
4.42,-2,-2,-2,1.58210744023499
4.44,-2,-2,-2,1.58210744023499
4.46,-2,-2,-2,1.58210744023499
4.48,-2,-2,-2,1.58210744023499
4.5,-2,-2,-2,1.58210744023499
4.52,-2,-2,-2,1.58210744023499
4.54,-2,-2,-2,1.58210744023499
4.56,-2,-2,-2,1.58210744023499
4.58,-2,-2,-2,1.58210744023499
4.6,-2,-2,-2,1.58210744023499
4.62,-2,-2,-2,1.58210744023499
4.64,-2,-2,-2,1.58210744023499
4.66,-2,-2,-2,1.58210744023499
4.68,-2,-2,-2,1.58210744023499
4.7,-2,-2,-2,1.58210744023499
4.72,-2,-2,-2,1.58210744023499
4.74,-2,-2,-2,1.58210744023499
4.76,-2,-2,-2,1.58210744023499
4.78,-2,-2,-2,1.58210744023499
4.8,-2,-2,-2,1.58210744023499
4.82,-2,-2,-2,1.58210744023499
4.84,-2,-2,-2,1.58210744023499
4.86,-2,-2,-2,1.58210744023499
4.88,-2,-2,-2,1.58210744023499
4.9,-2,-2,-2,1.58210744023499
4.92,-2,-2,-2,1.58210744023499
4.94,-2,-2,-2,1.58210744023499
4.96,-2,-2,-2,1.58210744023499
4.98,-2,-2,-2,1.58210744023499
5,-2,-2,-2,1.58210744023499
5.02,-2,-2,-2,1.58210744023499
5.04,-2,-2,-2,1.58210744023499
5.06,-2,-2,-2,1.58210744023499
5.08,-2,-2,-2,1.58210744023499
5.1,-2,-2,-2,1.58210744023499
5.12,-2,-2,-2,1.58210744023499
5.14,-2,-2,-2,1.58210744023499
5.16,-2,-2,-2,1.58210744023499
5.18,-2,-2,-2,1.58210744023499
5.2,-2,-2,-2,1.58210744023499
5.22,-2,-2,-2,1.58210744023499
5.24,-2,-2,-2,1.58210744023499
5.26,-2,-2,-2,1.58210744023499
5.28,-2,-2,-2,1.58210744023499
5.3,-2,-2,-2,1.58210744023499
5.32,-2,-2,-2,1.58210744023499
5.34,-2,-2,-2,1.58210744023499
5.36,-2,-2,-2,1.58210744023499
5.38,-2,-2,-2,1.58210744023499
5.4,-2,-2,-2,1.58210744023499
5.42,-2,-2,-2,1.58210744023499
5.44,-2,-2,-2,1.58210744023499
5.46,-2,-2,-2,1.58210744023499
5.48,-2,-2,-2,1.58210744023499
5.5,-2,-2,-2,1.58210744023499
5.52,-2,-2,-2,1.58210744023499
5.54,-2,-2,-2,1.58210744023499
5.56,-2,-2,-2,1.58210744023499
5.58,-2,-2,-2,1.58210744023499
5.6,-2,-2,-2,1.58210744023499
5.62,-2,-2,-2,1.58210744023499
5.64,-2,-2,-2,1.58210744023499
5.66,-2,-2,-2,1.58210744023499
5.68,-2,-2,-2,1.58210744023499
5.7,-2,-2,-2,1.58210744023499
5.72,-2,-2,-2,1.58210744023499
5.74,-2,-2,-2,1.58210744023499
5.76,-2,-2,-2,1.58210744023499
5.78,-2,-2,-2,1.58210744023499
5.8,-2,-2,-2,1.58210744023499
5.82,-2,-2,-2,1.58210744023499
5.84,-2,-2,-2,1.58210744023499
5.86,-2,-2,-2,1.58210744023499
5.88,-2,-2,-2,1.58210744023499
5.9,-2,-2,-2,1.58210744023499
5.92,-2,-2,-2,1.58210744023499
5.94,-2,-2,-2,1.58210744023499
5.96,-2,-2,-2,1.58210744023499
5.98,-2,-2,-2,1.58210744023499
6,-2,-2,-2,1.58210744023499
6.02,-2,-2,-2,1.58210744023499
6.04,-2,-2,-2,1.58210744023499
6.06,-2,-2,-2,1.58210744023499
6.08,-2,-2,-2,1.58210744023499
6.1,-2,-2,-2,1.58210744023499
6.12,-2,-2,-2,1.58210744023499
6.14,-2,-2,-2,1.58210744023499
6.16,-2,-2,-2,1.58210744023499
6.18,-2,-2,-2,1.58210744023499
6.2,-2,-2,-2,1.58210744023499
6.22,-2,-2,-2,1.58210744023499
6.24,-2,-2,-2,1.58210744023499
6.26,-2,-2,-2,1.58210744023499
6.28,-2,-2,-2,1.58210744023499
6.3,-2,-2,-2,1.58210744023499
6.32,-2,-2,-2,1.58210744023499
6.34,-2,-2,-2,1.58210744023499
6.36,-2,-2,-2,1.58210744023499
6.38,-2,-2,-2,1.58210744023499
6.4,-2,-2,-2,1.58210744023499
6.42,-2,-2,-2,1.58210744023499
6.44,-2,-2,-2,1.58210744023499
6.46,-2,-2,-2,1.58210744023499
6.48,-2,-2,-2,1.58210744023499
6.5,-2,-2,-2,1.58210744023499
6.52,-2,-2,-2,1.58210744023499
6.54,-2,-2,-2,1.58210744023499
6.56,-2,-2,-2,1.58210744023499
6.58,-2,-2,-2,1.58210744023499
6.6,-2,-2,-2,1.58210744023499
6.62,-2,-2,-2,1.58210744023499
6.64,-2,-2,-2,1.58210744023499
6.66,-2,-2,-2,1.58210744023499
6.68,-2,-2,-2,1.58210744023499
6.7,-2,-2,-2,1.58210744023499
6.72,-2,-2,-2,1.58210744023499
6.74,-2,-2,-2,1.58210744023499
6.76,-2,-2,-2,1.58210744023499
6.78,-2,-2,-2,1.58210744023499
6.8,-2,-2,-2,1.58210744023499
6.82,-2,-2,-2,1.58210744023499
6.84,-2,-2,-2,1.58210744023499
6.86,-2,-2,-2,1.58210744023499
6.88,-2,-2,-2,1.58210744023499
6.9,-2,-2,-2,1.58210744023499
6.92,-2,-2,-2,1.58210744023499
6.94,-2,-2,-2,1.58210744023499
6.96,-2,-2,-2,1.58210744023499
6.98,-2,-2,-2,1.58210744023499
7,-2,-2,-2,1.58210744023499
7.02,-2,-2,-2,1.58210744023499
7.04,-2,-2,-2,1.58210744023499
7.06,-2,-2,-2,1.58210744023499
7.08,-2,-2,-2,1.58210744023499
7.1,-2,-2,-2,1.58210744023499
7.12,-2,-2,-2,1.58210744023499
7.14,-2,-2,-2,1.58210744023499
7.16,-2,-2,-2,1.58210744023499
7.18,-2,-2,-2,1.58210744023499
7.2,-2,-2,-2,1.58210744023499
7.22,-2,-2,-2,1.58210744023499
7.24,-2,-2,-2,1.58210744023499
7.26,-2,-2,-2,1.58210744023499
7.28,-2,-2,-2,1.58210744023499
7.3,-2,-2,-2,1.58210744023499
7.32,-2,-2,-2,1.58210744023499
7.34,-2,-2,-2,1.58210744023499
7.36,-2,-2,-2,1.58210744023499
7.38,-2,-2,-2,1.58210744023499
7.4,-2,-2,-2,1.58210744023499
7.42,-2,-2,-2,1.58210744023499
7.44,-2,-2,-2,1.58210744023499
7.46,-2,-2,-2,1.58210744023499
7.48,-2,-2,-2,1.58210744023499
7.5,-2,-2,-2,1.58210744023499
7.52,-2,-2,-2,1.58210744023499
7.54,-2,-2,-2,1.58210744023499
7.56,-2,-2,-2,1.58210744023499
7.58,-2,-2,-2,1.58210744023499
7.6,-2,-2,-2,1.58210744023499
7.62,-2,-2,-2,1.58210744023499
7.64,-2,-2,-2,1.58210744023499
7.66,-2,-2,-2,1.58210744023499
7.68,-2,-2,-2,1.58210744023499
7.7,-2,-2,-2,1.58210744023499
7.72,-2,-2,-2,1.58210744023499
7.74,-2,-2,-2,1.58210744023499
7.76,-2,-2,-2,1.58210744023499
7.78,-2,-2,-2,1.58210744023499
7.8,-2,-2,-2,1.58210744023499
7.82,-2,-2,-2,1.58210744023499
7.84,-2,-2,-2,1.58210744023499
7.86,-2,-2,-2,1.58210744023499
7.88,-2,-2,-2,1.58210744023499
7.9,-2,-2,-2,1.58210744023499
7.92,-2,-2,-2,1.58210744023499
7.94,-2,-2,-2,1.58210744023499
7.96,-2,-2,-2,1.58210744023499
7.98,-2,-2,-2,1.58210744023499
8,-2,-2,-2,1.58210744023499
8.02,-2,-2,-2,1.58210744023499
8.04,-2,-2,-2,1.58210744023499
8.06,-2,-2,-2,1.58210744023499
8.08,-2,-2,-2,1.58210744023499
8.1,-2,-2,-2,1.58210744023499
8.12,-2,-2,-2,1.58210744023499
8.14,-2,-2,-2,1.58210744023499
8.16,-2,-2,-2,1.58210744023499
8.18,-2,-2,-2,1.58210744023499
8.2,-2,-2,-2,1.58210744023499
8.22,-2,-2,-2,1.58210744023499
8.24,-2,-2,-2,1.58210744023499
8.26,-2,-2,-2,1.58210744023499
8.28,-2,-2,-2,1.58210744023499
8.3,-2,-2,-2,1.58210744023499
8.32,-2,-2,-2,1.58210744023499
8.34,-2,-2,-2,1.58210744023499
8.36,-2,-2,-2,1.58210744023499
8.38,-2,-2,-2,1.58210744023499
8.4,-2,-2,-2,1.58210744023499
8.42,-2,-2,-2,1.58210744023499
8.44,-2,-2,-2,1.58210744023499
8.46,-2,-2,-2,1.58210744023499
8.48,-2,-2,-2,1.58210744023499
8.5,-2,-2,-2,1.58210744023499
8.52,-2,-2,-2,1.58210744023499
8.54,-2,-2,-2,1.58210744023499
8.56,-2,-2,-2,1.58210744023499
8.58,-2,-2,-2,1.58210744023499
8.6,-2,-2,-2,1.58210744023499
8.62,-2,-2,-2,1.58210744023499
8.64,-2,-2,-2,1.58210744023499
8.66,-2,-2,-2,1.58210744023499
8.68,-2,-2,-2,1.58210744023499
8.7,-2,-2,-2,1.58210744023499
8.72,-2,-2,-2,1.58210744023499
8.74,-2,-2,-2,1.58210744023499
8.76,-2,-2,-2,1.58210744023499
8.78,-2,-2,-2,1.58210744023499
8.8,-2,-2,-2,1.58210744023499
8.82,-2,-2,-2,1.58210744023499
8.84,-2,-2,-2,1.58210744023499
8.86,-2,-2,-2,1.58210744023499
8.88,-2,-2,-2,1.58210744023499
8.9,-2,-2,-2,1.58210744023499
8.92,-2,-2,-2,1.58210744023499
8.94,-2,-2,-2,1.58210744023499
8.96,-2,-2,-2,1.58210744023499
8.98,-2,-2,-2,1.58210744023499
9,-2,-2,-2,1.58210744023499
9.02,-2,-2,-2,1.58210744023499
9.04,-2,-2,-2,1.58210744023499
9.06,-2,-2,-2,1.58210744023499
9.08,-2,-2,-2,1.58210744023499
9.1,-2,-2,-2,1.58210744023499
9.12,-2,-2,-2,1.58210744023499
9.14,-2,-2,-2,1.58210744023499
9.16,-2,-2,-2,1.58210744023499
9.18,-2,-2,-2,1.58210744023499
9.2,-2,-2,-2,1.58210744023499
9.22,-2,-2,-2,1.58210744023499
9.24,-2,-2,-2,1.58210744023499
9.26,-2,-2,-2,1.58210744023499
9.28,-2,-2,-2,1.58210744023499
9.3,-2,-2,-2,1.58210744023499
9.32,-2,-2,-2,1.58210744023499
9.34,-2,-2,-2,1.58210744023499
9.36,-2,-2,-2,1.58210744023499
9.38,-2,-2,-2,1.58210744023499
9.4,-2,-2,-2,1.58210744023499
9.42,-2,-2,-2,1.58210744023499
9.44,-2,-2,-2,1.58210744023499
9.46,-2,-2,-2,1.58210744023499
9.48,-2,-2,-2,1.58210744023499
9.5,-2,-2,-2,1.58210744023499
9.52,-2,-2,-2,1.58210744023499
9.54,-2,-2,-2,1.58210744023499
9.56,-2,-2,-2,1.58210744023499
9.58,-2,-2,-2,1.58210744023499
9.6,-2,-2,-2,1.58210744023499
9.62,-2,-2,-2,1.58210744023499
9.64,-2,-2,-2,1.58210744023499
9.66,-2,-2,-2,1.58210744023499
9.68,-2,-2,-2,1.58210744023499
9.7,-2,-2,-2,1.58210744023499
9.72,-2,-2,-2,1.58210744023499
9.74,-2,-2,-2,1.58210744023499
9.76,-2,-2,-2,1.58210744023499
9.78,-2,-2,-2,1.58210744023499
9.8,-2,-2,-2,1.58210744023499
9.82,-2,-2,-2,1.58210744023499
9.84,-2,-2,-2,1.58210744023499
9.86,-2,-2,-2,1.58210744023499
9.88,-2,-2,-2,1.58210744023499
9.9,-2,-2,-2,1.58210744023499
9.92,-2,-2,-2,1.58210744023499
9.94,-2,-2,-2,1.58210744023499
9.96,-2,-2,-2,1.58210744023499
9.98,-2,-2,-2,1.58210744023499
10,-2,-2,-2,0
10.02,-2.18522559572304,-2.18540171244005,-2.18540171244005,1.18702048699316
10.04,-2.45500895029598,-2.6676920261736,-2.62168654155526,1.99403683300507
10.06,-2.62743832887381,-3.00908617581442,-2.89829409927903,2.23635617473015
10.08,-2.74549073255384,-3.1761390522163,-3.06860202089225,2.26287063242152
10.1,-2.82648140565643,-3.2446558115057,-3.164971662222,2.31705572951941
10.12,-2.88178893916,-3.25850033885862,-3.21444130894364,2.34321913024457
10.14,-2.91960193628537,-3.25356267442979,-3.23415613067892,2.37042463167199
10.16,-2.94496892700156,-3.2214184476174,-3.23648189146337,2.37042463167199
10.18,-2.96190385636351,-3.18687285241833,-3.23647268200943,2.37042463167199
10.2,-2.97419608020443,-3.15485895530475,-3.21791312089523,2.3959425501844
10.22,-2.98221566139563,-3.12671485384774,-3.19436737991677,2.37421185216608
10.24,-2.98814301850501,-3.10277700111053,-3.17186747163904,2.39943889350186
10.26,-2.99160879773897,-3.08281289003516,-3.15062887528441,2.37800576700471
10.28,-2.99466826853535,-3.06643013248955,-3.13100530620982,2.40508022195305
10.3,-2.99608139391377,-3.05330745752958,-3.11311647375677,2.3844796380805
10.32,-2.9978052586123,-3.04241681280275,-3.09699106415291,2.40988912034411
10.34,-2.99806009983248,-3.0341644814556,-3.08254949175634,2.37662234153064
10.36,-2.99806009983248,-3.027481934528,-3.06950466177506,2.37635921180451
10.38,-2.99806009983248,-3.02148932872454,-3.05824007439521,2.37635857376357
10.4,-2.99806009983248,-3.0175158432767,-3.04790725070358,2.37635857221644
10.42,-2.99806009983248,-3.01396856805543,-3.03915120841156,2.37635857221269
10.44,-2.99806009983248,-3.01054020475241,-3.03096872039678,2.37635857221268
10.46,-2.99806009983248,-3.00869856238871,-3.02449507274403,2.37635857221268
10.48,-2.99806009983248,-3.00660362169949,-3.01907935327532,2.37635857221268
10.5,-2.99806009983248,-3.00575720607767,-3.01377803346739,2.37635857221268
10.52,-2.99806009983248,-3.00575720607767,-3.00832570379326,2.37635857221268
10.54,-2.99806009983248,-3.00575720607767,-3.00439908569128,2.37635857221268
10.56,-2.99806009983248,-3.00575720607767,-3.00125293402571,2.37635857221268
10.58,-2.99806009983248,-3.00575720607767,-2.99743097222992,2.37635857221268
10.6,-2.99806009983248,-3.00575720607767,-2.99499012515071,2.37635857221268
10.62,-2.99806009983248,-3.00575720607767,-2.99216092209208,2.37635857221268
10.64,-2.99806009983248,-3.00575720607767,-2.98995444636024,2.37635857221268
10.66,-2.99806009983248,-3.00575720607767,-2.98799636650436,2.37635857221268
10.68,-2.99806009983248,-3.00575720607767,-2.98765138784672,2.37635857221268
10.7,-2.99806009983248,-3.00575720607767,-2.98765138784672,2.37635857221268
10.72,-2.99806009983248,-3.00575720607767,-2.98765138784672,2.37635857221268
10.74,-2.99806009983248,-3.00575720607767,-2.98765138784672,2.37635857221268
10.76,-2.99806009983248,-3.00575720607767,-2.98765138784672,2.37635857221268
10.78,-2.99806009983248,-3.00575720607767,-2.98765138784672,2.37635857221268
10.8,-2.99806009983248,-3.00575720607767,-2.98765138784672,2.37635857221268
10.82,-2.99806009983248,-3.00575720607767,-2.98765138784672,2.37635857221268
10.84,-2.99806009983248,-3.00575720607767,-2.98765138784672,2.37635857221268
10.86,-2.99806009983248,-3.00575720607767,-2.98765138784672,2.37635857221268
10.88,-2.99806009983248,-3.00575720607767,-2.98765138784672,2.37635857221268
10.9,-2.99806009983248,-3.00575720607767,-2.98765138784672,2.37635857221268
10.92,-2.99806009983248,-3.00575720607767,-2.98765138784672,2.37635857221268
10.94,-2.99806009983248,-3.00575720607767,-2.98765138784672,2.37635857221268
10.96,-2.99806009983248,-3.00575720607767,-2.98765138784672,2.37635857221268
10.98,-2.99806009983248,-3.00575720607767,-2.98765138784672,2.37635857221268
11,-2.99806009983248,-3.00575720607767,-2.98765138784672,2.37635857221268
11.02,-2.99806009983248,-3.00575720607767,-2.98765138784672,2.37635857221268
11.04,-2.99806009983248,-3.00575720607767,-2.98765138784672,2.37635857221268
11.06,-2.99806009983248,-3.00575720607767,-2.98765138784672,2.37635857221268
11.08,-2.99806009983248,-3.00575720607767,-2.98765138784672,2.37635857221268
11.1,-2.99806009983248,-3.00575720607767,-2.98765138784672,2.37635857221268
11.12,-2.99806009983248,-3.00575720607767,-2.98765138784672,2.37635857221268
11.14,-2.99806009983248,-3.00575720607767,-2.98765138784672,2.37635857221268
11.16,-2.99806009983248,-3.00575457493381,-2.98765138784672,2.37635857221268
11.18,-2.99806009983248,-3.00574113283583,-2.98765138784672,2.37635857221268
11.2,-2.99806009983248,-3.00570883953104,-2.98765138784672,2.37635857221268
11.22,-2.99806009983248,-2.99154701661255,-2.98765138784672,2.37635857221268
11.24,-2.99806009983248,-2.98202761066924,-2.98765138784672,2.37635857221268
11.26,-2.99806009983248,-2.97932488138385,-2.98765138784672,2.37635857221268
11.28,-2.99806009983248,-2.97869203528105,-2.98765138784672,2.37635857221268
11.3,-2.99806009983248,-2.97869203528105,-2.98765138784672,2.37635857221268
11.32,-2.99806009983248,-2.97869203528105,-2.98765138784672,2.37635857221268
11.34,-2.99806009983248,-2.97869203528105,-2.98765138784672,2.37635857221268
11.36,-2.99806009983248,-2.97869203528105,-2.98765138784672,2.37635857221268
11.38,-2.99806009983248,-2.97869203528105,-2.98765138784672,2.37635857221268
11.4,-2.99806009983248,-2.97869203528105,-2.98765138784672,2.37635857221268
11.42,-2.99806009983248,-2.97869203528105,-2.98765138784672,2.37635857221268
11.44,-2.99806009983248,-2.97869203528105,-2.98765138784672,2.37635857221268
11.46,-2.99806009983248,-2.9786966405235,-2.98765138784672,2.37635857221268
11.48,-2.99806009983248,-2.98853789539348,-2.98765138784672,2.37635857221268
11.5,-2.99806009983248,-3.00225022370366,-2.98765138784672,2.37635857221268
11.52,-2.99806009983248,-3.00786953460385,-2.98765138784672,2.37635857221268
11.54,-2.99806009983248,-3.00978777589423,-2.98765138784672,2.37635857221268
11.56,-2.99806009983248,-3.01078357714687,-2.98765138784672,2.37635857221268
11.58,-2.99806009983248,-3.01078357714687,-2.98765138784672,2.37635857221268
11.6,-2.99806009983248,-3.01078357714687,-2.98765138784672,2.37635857221268
11.62,-2.99806009983248,-3.01078357714687,-2.98765138784672,2.37635857221268
11.64,-2.99806009983248,-3.01078357714687,-2.98765138784672,2.37635857221268
11.66,-2.99806009983248,-3.01078357714687,-2.98765138784672,2.37635857221268
11.68,-2.99806009983248,-3.01078357714687,-2.98765138784672,2.37635857221268
11.7,-2.99806009983248,-3.01078357714687,-2.98765138784672,2.37635857221268
11.72,-2.99806009983248,-3.01078357714687,-2.98765138784672,2.37635857221268
11.74,-2.99806009983248,-3.01078357714687,-2.98765138784672,2.37635857221268
11.76,-2.99806009983248,-3.01078357714687,-2.98765138784672,2.37635857221268
11.78,-2.99806009983248,-3.01078357714687,-2.98765138784672,2.37635857221268
11.8,-2.99806009983248,-3.01078357714687,-2.98765138784672,2.37635857221268
11.82,-2.99806009983248,-3.01078357714687,-2.98765138784672,2.37635857221268
11.84,-2.99806009983248,-3.01078357714687,-2.98765138784672,2.37635857221268
11.86,-2.99806009983248,-3.01078357714687,-2.98765138784672,2.37635857221268
11.88,-2.99806009983248,-3.01078357714687,-2.98765138784672,2.37635857221268
11.9,-2.99806009983248,-3.01078357714687,-2.98765138784672,2.37635857221268
11.92,-2.99806009983248,-3.01078357714687,-2.98765138784672,2.37635857221268
11.94,-2.99806009983248,-3.01076868710605,-2.98765138784672,2.37635857221268
11.96,-2.99806009983248,-3.00853286280831,-2.98765138784672,2.37635857221268
11.98,-2.99806009983248,-2.99208387347023,-2.98765138784672,2.37635857221268
12,-2.99806009983248,-2.98485779416763,-2.98765138784672,2.37635857221268
12.02,-2.99806009983248,-2.98247657800914,-2.98765138784672,2.37635857221268
12.04,-2.99806009983248,-2.98200399033003,-2.98765138784672,2.37635857221268
12.06,-2.99806009983248,-2.98200399033003,-2.98765138784672,2.37635857221268
12.08,-2.99806009983248,-2.98200399033003,-2.98765138784672,2.37635857221268
12.1,-2.99806009983248,-2.98200399033003,-2.98765138784672,2.37635857221268
12.12,-2.99806009983248,-2.98200399033003,-2.98768921131239,2.37635857221268
12.14,-2.99806009983248,-2.98200399033003,-2.99665508059385,2.37635857221268
12.16,-2.99806009983248,-2.98200399033003,-3.00798621371614,2.37635857221268
12.18,-2.99806009983248,-2.98200399033003,-3.01321494648441,2.37635857221268
12.2,-2.99806009983248,-2.98200399033003,-3.01671939244846,2.37635857221268
12.22,-2.99806009983248,-2.98200399033003,-3.01744978370647,2.37635857221268
12.24,-2.99806009983248,-2.98200399033003,-3.01744978370647,2.37635857221268
12.26,-2.99806009983248,-2.98205661913385,-3.01744978370647,2.37635857221268
12.28,-2.99806009983248,-2.99516285846937,-3.01744978370647,2.37635857221268
12.3,-2.99806009983248,-3.0064869340763,-3.01744978370647,2.37635857221268
12.32,-2.99806009983248,-3.01088676669301,-3.01744978370647,2.37635857221268
12.34,-2.99806009983248,-3.01302057912447,-3.01744978370647,2.37635857221268
12.36,-2.99806009983248,-3.01302057912447,-3.01744978370647,2.37635857221268
12.38,-2.99806009983248,-3.01302057912447,-3.01744978370647,2.37635857221268
12.4,-2.99806009983248,-3.01302057912447,-3.01744978370647,2.37635857221268
12.42,-2.99806009983248,-3.01302057912447,-3.01744978370647,2.37635857221268
12.44,-2.99806009983248,-3.01302057912447,-3.01744978370647,2.37635857221268
12.46,-2.99806009983248,-3.01302057912447,-3.01744978370647,2.37635857221268
12.48,-2.99806009983248,-3.01302057912447,-3.01744978370647,2.37635857221268
12.5,-2.99806009983248,-3.01302057912447,-3.01744978370647,2.37635857221268
12.52,-2.99806009983248,-3.01302057912447,-3.01744978370647,2.37635857221268
12.54,-2.99806009983248,-3.01302057912447,-3.01740873066906,2.37635857221268
12.56,-2.99806009983248,-3.01302057912447,-3.00471573045843,2.37635857221268
12.58,-2.99806009983248,-3.01302057912447,-2.99457063983519,2.37635857221268
12.6,-2.99806009983248,-3.01302057912447,-2.9887805722051,2.37635857221268
12.62,-2.99806009983248,-3.01302057912447,-2.98513999209748,2.37635857221268
12.64,-2.99806009983248,-3.01302057912447,-2.98342643931675,2.37635857221268
12.66,-2.99806009983248,-3.01301363348749,-2.9831310148652,2.37635857221268
12.68,-2.99806009983248,-3.0108131527093,-2.9831310148652,2.37635857221268
12.7,-2.99806009983248,-2.99421664371862,-2.9831310148652,2.37635857221268
12.72,-2.99806009983248,-2.98672855975863,-2.9831310148652,2.37635857221268
12.74,-2.99806009983248,-2.98444251134178,-2.9831310148652,2.37635857221268
12.76,-2.99806009983248,-2.98368243615328,-2.9831310148652,2.37635857221268
12.78,-2.99806009983248,-2.98368243615328,-2.9831310148652,2.37635857221268
12.8,-2.99806009983248,-2.98368243615328,-2.9831310148652,2.37635857221268
12.82,-2.99806009983248,-2.98368243615328,-2.9831310148652,2.37635857221268
12.84,-2.99806009983248,-2.98368243615328,-2.9831310148652,2.37635857221268
12.86,-2.99806009983248,-2.98368243615328,-2.9831310148652,2.37635857221268
12.88,-2.99806009983248,-2.98368243615328,-2.9831310148652,2.37635857221268
12.9,-2.99806009983248,-2.98368243615328,-2.9831310148652,2.37635857221268
12.92,-2.99806009983248,-2.98368243615328,-2.9831310148652,2.37635857221268
12.94,-2.99806009983248,-2.98368243615328,-2.9831310148652,2.37635857221268
12.96,-2.99806009983248,-2.98368243615328,-2.9831310148652,2.37635857221268
12.98,-2.99806009983248,-2.98368243615328,-2.98314580153695,2.37635857221268
13,-2.99806009983248,-2.98368590684434,-2.98794016308736,2.37635857221268
13.02,-2.99806009983248,-2.9896303993406,-3.00207445598563,2.37635857221268
13.04,-2.99806009983248,-3.00488918221804,-3.00868186425828,2.37635857221268
13.06,-2.99806009983248,-3.01113988888465,-3.01294682240903,2.37635857221268
13.08,-2.99806009983248,-3.01304438625608,-3.01456559528876,2.37635857221268
13.1,-2.99806009983248,-3.01382362802685,-3.01456559528876,2.37635857221268
13.12,-2.99806009983248,-3.01382362802685,-3.01456559528876,2.37635857221268
13.14,-2.99806009983248,-3.01382362802685,-3.01456559528876,2.37635857221268
13.16,-2.99806009983248,-3.01382362802685,-3.01456559528876,2.37635857221268
13.18,-2.99806009983248,-3.01382362802685,-3.01456559528876,2.37635857221268
13.2,-2.99806009983248,-3.01382362802685,-3.01456559528876,2.37635857221268
13.22,-2.99806009983248,-3.01382362802685,-3.01456559528876,2.37635857221268
13.24,-2.99806009983248,-3.01382362802685,-3.01456559528876,2.37635857221268
13.26,-2.99806009983248,-3.01382362802685,-3.01456559528876,2.37635857221268
13.28,-2.99806009983248,-3.01382362802685,-3.01456559528876,2.37635857221268
13.3,-2.99806009983248,-3.01382362802685,-3.01456559528876,2.37635857221268
13.32,-2.99806009983248,-3.01382362802685,-3.01456559528876,2.37635857221268
13.34,-2.99806009983248,-3.01382362802685,-3.01456559528876,2.37635857221268
13.36,-2.99806009983248,-3.01382362802685,-3.01456559528876,2.37635857221268
13.38,-2.99806009983248,-3.01382350317105,-3.01456559528876,2.37635857221268
13.4,-2.99806009983248,-3.0138082521124,-3.01456559528876,2.37635857221268
13.42,-2.99806009983248,-3.00019871779491,-3.01456559528876,2.37635857221268
13.44,-2.99806009983248,-2.98900506025852,-3.01456559528876,2.37635857221268
13.46,-2.99806009983248,-2.985160813777,-3.01456297799095,2.37635857221268
13.48,-2.99806009983248,-2.98443232954092,-3.01446941743317,2.37635857221268
13.5,-2.99806009983248,-2.98443232954092,-3.00150621114873,2.37635857221268
13.52,-2.99806009983248,-2.98443232954092,-2.99190201225811,2.37635857221268
13.54,-2.99806009983248,-2.98443232954092,-2.98612922652334,2.37635857221268
13.56,-2.99806009983248,-2.98443232954092,-2.98377785558235,2.37635857221268
13.58,-2.99806009983248,-2.98443232954092,-2.9824680218882,2.37635857221268
13.6,-2.99806009983248,-2.98443232954092,-2.98245332516043,2.37635857221268
13.62,-2.99806009983248,-2.98443232954092,-2.98245332516043,2.37635857221268
13.64,-2.99806009983248,-2.98443232954092,-2.98245332516043,2.37635857221268
13.66,-2.99806009983248,-2.98443232954092,-2.98245332516043,2.37635857221268
13.68,-2.99806009983248,-2.98443232954092,-2.98245332516043,2.37635857221268
13.7,-2.99806009983248,-2.98443232954092,-2.98245332516043,2.37635857221268
13.72,-2.99806009983248,-2.98443232954092,-2.98245332516043,2.37635857221268
13.74,-2.99806009983248,-2.98443666307549,-2.98245332516043,2.37635857221268
13.76,-2.99806009983248,-2.98805606894286,-2.98245332516043,2.37635857221268
13.78,-2.99806009983248,-3.00419887248531,-2.98245332516043,2.37635857221268
13.8,-2.99806009983248,-3.01128087759959,-2.98245332516043,2.37635857221268
13.82,-2.99806009983248,-3.01371778475423,-2.98245332516043,2.37635857221268
13.84,-2.99806009983248,-3.01463575127145,-2.98245332516043,2.37635857221268
13.86,-2.99806009983248,-3.01463575127145,-2.98245332516043,2.37635857221268
13.88,-2.99806009983248,-3.01463575127145,-2.98245332516043,2.37635857221268
13.9,-2.99806009983248,-3.01463575127145,-2.98245618042429,2.37635857221268
13.92,-2.99806009983248,-3.01463575127145,-2.98524165392391,2.37635857221268
13.94,-2.99806009983248,-3.01463575127145,-3.00014752973264,2.37635857221268
13.96,-2.99806009983248,-3.01463575127145,-3.00711763324223,2.37635857221268
13.98,-2.99806009983248,-3.01463575127145,-3.01195092406736,2.37635857221268
14,-2.99806009983248,-3.01463575127145,-3.01378416498868,2.37635857221268
14.02,-2.99806009983248,-3.01463575127145,-3.01470090117647,2.37635857221268
14.04,-2.99806009983248,-3.01463575127145,-3.01481632831293,2.37635857221268
14.06,-2.99806009983248,-3.01463575127145,-3.01481632831293,2.37635857221268
14.08,-2.99806009983248,-3.01463575127145,-3.01481632831293,2.37635857221268
14.1,-2.99806009983248,-3.01463575127145,-3.01481632831293,2.37635857221268
14.12,-2.99806009983248,-3.0145610149635,-3.01481632831293,2.37635857221268
14.14,-2.99806009983248,-3.00533175777399,-3.01481632831293,2.37635857221268
14.16,-2.99806009983248,-2.99136164887414,-3.01481632831293,2.37635857221268
14.18,-2.99806009983248,-2.9861579980624,-3.01481632831293,2.37635857221268
14.2,-2.99806009983248,-2.98462649385657,-3.01481632831293,2.37635857221268
14.22,-2.99806009983248,-2.98462649385657,-3.01481632831293,2.37635857221268
14.24,-2.99806009983248,-2.98462649385657,-3.01481632831293,2.37635857221268
14.26,-2.99806009983248,-2.98462649385657,-3.01481632831293,2.37635857221268
14.28,-2.99806009983248,-2.98462649385657,-3.01481632831293,2.37635857221268
14.3,-2.99806009983248,-2.98462649385657,-3.01481632831293,2.37635857221268
14.32,-2.99806009983248,-2.98462649385657,-3.01481632831293,2.37635857221268
14.34,-2.99806009983248,-2.98462649385657,-3.01481632831293,2.37635857221268
14.36,-2.99806009983248,-2.98462649385657,-3.01481632831293,2.37635857221268
14.38,-2.99806009983248,-2.98462649385657,-3.01481632831293,2.37635857221268
14.4,-2.99806009983248,-2.98462649385657,-3.01476155245827,2.37635857221268
14.42,-2.99806009983248,-2.98462649385657,-3.00598820116522,2.37635857221268
14.44,-2.99806009983248,-2.98462649385657,-2.99400054454177,2.37635857221268
14.46,-2.99806009983248,-2.98462649385657,-2.98769547983871,2.37635857221268
14.48,-2.99806009983248,-2.98465810642763,-2.98433844513906,2.37635857221268
14.5,-2.99806009983248,-2.99936127681007,-2.9830147963271,2.37635857221268
14.52,-2.99806009983248,-3.00939101088308,-2.98274910986171,2.37635857221268
14.54,-2.99806009983248,-3.01342226539093,-2.98274910986171,2.37635857221268
14.56,-2.99806009983248,-3.01506645532895,-2.98274910986171,2.37635857221268
14.58,-2.99806009983248,-3.01515956118464,-2.98274910986171,2.37635857221268
14.6,-2.99806009983248,-3.01515956118464,-2.98274910986171,2.37635857221268
14.62,-2.99806009983248,-3.01515956118464,-2.98274910986171,2.37635857221268
14.64,-2.99806009983248,-3.01515956118464,-2.98274910986171,2.37635857221268
14.66,-2.99806009983248,-3.01515956118464,-2.98274910986171,2.37635857221268
14.68,-2.99806009983248,-3.01515956118464,-2.98274910986171,2.37635857221268
14.7,-2.99806009983248,-3.01515956118464,-2.98274910986171,2.37635857221268
14.72,-2.99806009983248,-3.01515956118464,-2.98274910986171,2.37635857221268
14.74,-2.99806009983248,-3.01515956118464,-2.98274910986171,2.37635857221268
14.76,-2.99806009983248,-3.01515956118464,-2.98274910986171,2.37635857221268
14.78,-2.99806009983248,-3.01515956118464,-2.98274910986171,2.37635857221268
14.8,-2.99806009983248,-3.01515956118464,-2.98274910986171,2.37635857221268
14.82,-2.99806009983248,-3.01515520495847,-2.98274910986171,2.37635857221268
14.84,-2.99806009983248,-3.01474999943116,-2.98290572444603,2.37635857221268
14.86,-2.99806009983248,-2.99851913995659,-2.99755989670976,2.37635857221268
14.88,-2.99806009983248,-2.9892229080798,-3.00614444117996,2.37635857221268
14.9,-2.99806009983248,-2.98588820016844,-3.01165092475548,2.37635857221268
14.92,-2.99806009983248,-2.98474040179061,-3.01378742089279,2.37635857221268
14.94,-2.99806009983248,-2.98474040179061,-3.01462088753213,2.37635857221268
14.96,-2.99806009983248,-2.98474040179061,-3.01466765893296,2.37635857221268
14.98,-2.99806009983248,-2.98474040179061,-3.01466765893296,2.37635857221268
15,-2.99806009983248,-2.98474040179061,-3.01466765893296,2.37635857221268
15.02,-2.99806009983248,-2.98474040179061,-3.01466765893296,2.37635857221268
15.04,-2.99806009983248,-2.98474040179061,-3.01466765893296,2.37635857221268
15.06,-2.99806009983248,-2.98474040179061,-3.01466765893296,2.37635857221268
15.08,-2.99806009983248,-2.98474040179061,-3.01466765893296,2.37635857221268
15.1,-2.99806009983248,-2.98474040179061,-3.01466765893296,2.37635857221268
15.12,-2.99806009983248,-2.98474040179061,-3.01466765893296,2.37635857221268
15.14,-2.99806009983248,-2.98474040179061,-3.01466765893296,2.37635857221268
15.16,-2.99806009983248,-2.98474040179061,-3.01466765893296,2.37635857221268
15.18,-2.99806009983248,-2.98474164255931,-3.01466765893296,2.37635857221268
15.2,-2.99806009983248,-2.98878871086346,-3.01466765893296,2.37635857221268
15.22,-2.99806009983248,-3.00465764556273,-3.01466765893296,2.37635857221268
15.24,-2.99806009983248,-3.01135800567482,-3.01466765893296,2.37635857221268
15.26,-2.99806009983248,-3.01434114602721,-3.01466765893296,2.37635857221268
15.28,-2.99806009983248,-3.01495011071549,-3.01466765893296,2.37635857221268
15.3,-2.99806009983248,-3.01495011071549,-3.01466765893296,2.37635857221268
15.32,-2.99806009983248,-3.01495011071549,-3.01466695734289,2.37635857221268
15.34,-2.99806009983248,-3.01495011071549,-3.01458125827968,2.37635857221268
15.36,-2.99806009983248,-3.01495011071549,-3.00390539348445,2.37635857221268
15.38,-2.99806009983248,-3.01495011071549,-2.99299535363648,2.37635857221268
15.4,-2.99806009983248,-3.01495011071549,-2.98696073539716,2.37635857221268
15.42,-2.99806009983248,-3.01495011071549,-2.9840789679449,2.37635857221268
15.44,-2.99806009983248,-3.01495011071549,-2.98279435504848,2.37635857221268
15.46,-2.99806009983248,-3.01495011071549,-2.98266553869576,2.37635857221268
15.48,-2.99806009983248,-3.01495011071549,-2.98266553869576,2.37635857221268
15.5,-2.99806009983248,-3.01495011071549,-2.98266553869576,2.37635857221268
15.52,-2.99806009983248,-3.01495011071549,-2.98266553869576,2.37635857221268
15.54,-2.99806009983248,-3.01494230731654,-2.98266553869576,2.37635857221268
15.56,-2.99806009983248,-3.01372144565776,-2.98266553869576,2.37635857221268
15.58,-2.99806009983248,-2.99699467299405,-2.98266553869576,2.37635857221268
15.6,-2.99806009983248,-2.98861578047094,-2.98266553869576,2.37635857221268
15.62,-2.99806009983248,-2.98569365004145,-2.98266553869576,2.37635857221268
15.64,-2.99806009983248,-2.984682036751,-2.98266553869576,2.37635857221268
15.66,-2.99806009983248,-2.984682036751,-2.98266553869576,2.37635857221268
15.68,-2.99806009983248,-2.984682036751,-2.98266553869576,2.37635857221268
15.7,-2.99806009983248,-2.984682036751,-2.98266553869576,2.37635857221268
15.72,-2.99806009983248,-2.984682036751,-2.98266553869576,2.37635857221268
15.74,-2.99806009983248,-2.984682036751,-2.98266553869576,2.37635857221268
15.76,-2.99806009983248,-2.984682036751,-2.98266817488746,2.37635857221268
15.78,-2.99806009983248,-2.984682036751,-2.98544503996406,2.37635857221268
15.8,-2.99806009983248,-2.984682036751,-3.00036183343632,2.37635857221268
15.82,-2.99806009983248,-2.984682036751,-3.00733647520327,2.37635857221268
15.84,-2.99806009983248,-2.984682036751,-3.01218005828807,2.37635857221268
15.86,-2.99806009983248,-2.984682036751,-3.01402769960587,2.37635857221268
15.88,-2.99806009983248,-2.984682036751,-3.01493602501929,2.37635857221268
15.9,-2.99806009983248,-2.98469229742979,-3.01504862096797,2.37635857221268
15.92,-2.99806009983248,-2.99016201278341,-3.01504862096797,2.37635857221268
15.94,-2.99806009983248,-3.00553307490072,-3.01504862096797,2.37635857221268
15.96,-2.99806009983248,-3.0117245195583,-3.01504862096797,2.37635857221268
15.98,-2.99806009983248,-3.01452217986477,-3.01504862096797,2.37635857221268
16,-2.99806009983248,-3.01500255726368,-3.01504862096797,2.37635857221268
16.02,-2.99806009983248,-3.01500255726368,-3.01504862096797,2.37635857221268
16.04,-2.99806009983248,-3.01500255726368,-3.01504862096797,2.37635857221268
16.06,-2.99806009983248,-3.01500255726368,-3.01504862096797,2.37635857221268
16.08,-2.99806009983248,-3.01500255726368,-3.01504862096797,2.37635857221268
16.1,-2.99806009983248,-3.01500255726368,-3.01504862096797,2.37635857221268
16.12,-2.99806009983248,-3.01500255726368,-3.01504862096797,2.37635857221268
16.14,-2.99806009983248,-3.01500255726368,-3.01504862096797,2.37635857221268
16.16,-2.99806009983248,-3.01500255726368,-3.01504862096797,2.37635857221268
16.18,-2.99806009983248,-3.01500255726368,-3.01504862096797,2.37635857221268
16.2,-2.99806009983248,-3.01500255726368,-3.01504862096797,2.37635857221268
16.22,-2.99806009983248,-3.01500255726368,-3.01504862096797,2.37635857221268
16.24,-2.99806009983248,-3.01500255726368,-3.01504862096797,2.37635857221268
16.26,-2.99806009983248,-3.01499516512876,-3.01503592926614,2.37635857221268
16.28,-2.99806009983248,-3.01117147741369,-3.00347384822597,2.37635857221268
16.3,-2.99806009983248,-2.99487068490297,-2.99286428233525,2.37635857221268
16.32,-2.99806009983248,-2.98791327914981,-2.98777923517646,2.37635857221268
16.34,-2.99806009983248,-2.9856682417104,-2.98411263166878,2.37635857221268
16.36,-2.99806009983248,-2.98488586502758,-2.98356770776877,2.37635857221268
16.38,-2.99806009983248,-2.98488586502758,-2.98356770776877,2.37635857221268
16.4,-2.99806009983248,-2.98488586502758,-2.98356770776877,2.37635857221268
16.42,-2.99806009983248,-2.98488586502758,-2.98356770776877,2.37635857221268
16.44,-2.99806009983248,-2.98488586502758,-2.98356770776877,2.37635857221268
16.46,-2.99806009983248,-2.98488586502758,-2.98356770776877,2.37635857221268
16.48,-2.99806009983248,-2.98488586502758,-2.98356770776877,2.37635857221268
16.5,-2.99806009983248,-2.98488586502758,-2.98356770776877,2.37635857221268
16.52,-2.99806009983248,-2.98488586502758,-2.98356770776877,2.37635857221268
16.54,-2.99806009983248,-2.98488586502758,-2.98356770776877,2.37635857221268
16.56,-2.99806009983248,-2.98488586502758,-2.98356770776877,2.37635857221268
16.58,-2.99806009983248,-2.98488586502758,-2.98356770776877,2.37635857221268
16.6,-2.99806009983248,-2.98488586502758,-2.98356770776877,2.37635857221268
16.62,-2.99806009983248,-2.98489272020575,-2.98356770776877,2.37635857221268
16.64,-2.99806009983248,-2.98938057093217,-2.98356770776877,2.37635857221268
16.66,-2.99806009983248,-3.0051600109139,-2.98356770776877,2.37635857221268
16.68,-2.99806009983248,-3.01166923511788,-2.98356770776877,2.37635857221268
16.7,-2.99806009983248,-3.014364796954,-2.98357660760913,2.37635857221268
16.72,-2.99806009983248,-3.01488358226773,-2.98743726096416,2.37635857221268
16.74,-2.99806009983248,-3.01488358226773,-3.00204149034936,2.37635857221268
16.76,-2.99806009983248,-3.01488358226773,-3.00893006204308,2.37635857221268
16.78,-2.99806009983248,-3.01488358226773,-3.01343497548486,2.37635857221268
16.8,-2.99806009983248,-3.01488358226773,-3.01474601503089,2.37635857221268
16.82,-2.99806009983248,-3.01488358226773,-3.01487598490044,2.37635857221268
16.84,-2.99806009983248,-3.01488358226773,-3.01487598490044,2.37635857221268
16.86,-2.99806009983248,-3.01488358226773,-3.01487598490044,2.37635857221268
16.88,-2.99806009983248,-3.01488358226773,-3.01487598490044,2.37635857221268
16.9,-2.99806009983248,-3.01488358226773,-3.01487598490044,2.37635857221268
16.92,-2.99806009983248,-3.01488358226773,-3.01487598490044,2.37635857221268
16.94,-2.99806009983248,-3.01488358226773,-3.01487598490044,2.37635857221268
16.96,-2.99806009983248,-3.01488358226773,-3.01487598490044,2.37635857221268
16.98,-2.99806009983248,-3.01488334245693,-3.01487598490044,2.37635857221268
17,-2.99806009983248,-3.01407187994502,-3.01487598490044,2.37635857221268
17.02,-2.99806009983248,-2.99752663956027,-3.01487598490044,2.37635857221268
17.04,-2.99806009983248,-2.9885389909478,-3.01487598490044,2.37635857221268
17.06,-2.99806009983248,-2.98548546995806,-3.01487598490044,2.37635857221268
17.08,-2.99806009983248,-2.98490776924919,-3.01487598490044,2.37635857221268
17.1,-2.99806009983248,-2.98490776924919,-3.01487598490044,2.37635857221268
17.12,-2.99806009983248,-2.98490776924919,-3.01487598490044,2.37635857221268
17.14,-2.99806009983248,-2.98490776924919,-3.01487598490044,2.37635857221268
17.16,-2.99806009983248,-2.98490776924919,-3.01487598490044,2.37635857221268
17.18,-2.99806009983248,-2.98490776924919,-3.01487598490044,2.37635857221268
17.2,-2.99806009983248,-2.98490776924919,-3.01486557248305,2.37635857221268
17.22,-2.99806009983248,-2.98490776924919,-3.01180493281113,2.37635857221268
17.24,-2.99806009983248,-2.98490776924919,-2.99664008633682,2.37635857221268
17.26,-2.99806009983248,-2.98490776924919,-2.98976148184069,2.37635857221268
17.28,-2.99806009983248,-2.98490776924919,-2.9850416644149,2.37635857221268
17.3,-2.99806009983248,-2.98490776924919,-2.98274024541711,2.37635857221268
17.32,-2.99806009983248,-2.98490776924919,-2.98224754302138,2.37635857221268
17.34,-2.99806009983248,-2.98491001656904,-2.98224754302138,2.37635857221268
17.36,-2.99806009983248,-2.98567955113478,-2.98224754302138,2.37635857221268
17.38,-2.99806009983248,-3.00201422080402,-2.98224754302138,2.37635857221268
17.4,-2.99806009983248,-3.01064315436245,-2.98224754302138,2.37635857221268
17.42,-2.99806009983248,-3.01422311721638,-2.98224754302138,2.37635857221268
17.44,-2.99806009983248,-3.01550379635276,-2.98224754302138,2.37635857221268
17.46,-2.99806009983248,-3.01550379635276,-2.98224754302138,2.37635857221268
17.48,-2.99806009983248,-3.01550379635276,-2.98224754302138,2.37635857221268
17.5,-2.99806009983248,-3.01550379635276,-2.98224754302138,2.37635857221268
17.52,-2.99806009983248,-3.01550379635276,-2.98224754302138,2.37635857221268
17.54,-2.99806009983248,-3.01550379635276,-2.98224754302138,2.37635857221268
17.56,-2.99806009983248,-3.01550379635276,-2.98224754302138,2.37635857221268
17.58,-2.99806009983248,-3.01550379635276,-2.98224754302138,2.37635857221268
17.6,-2.99806009983248,-3.01550379635276,-2.98224754302138,2.37635857221268
17.62,-2.99806009983248,-3.01550379635276,-2.98227126056214,2.37635857221268
17.64,-2.99806009983248,-3.01550379635276,-2.99058499431234,2.37635857221268
17.66,-2.99806009983248,-3.01550379635276,-3.00283164369821,2.37635857221268
17.68,-2.99806009983248,-3.01550379635276,-3.00908793976354,2.37635857221268
17.7,-2.99806009983248,-3.01547013908363,-3.01284430763991,2.37635857221268
17.72,-2.99806009983248,-3.00844721251198,-3.01388946003545,2.37635857221268
17.74,-2.99806009983248,-2.99339428927523,-3.01393709446222,2.37635857221268
17.76,-2.99806009983248,-2.98761103916859,-3.01393709446222,2.37635857221268
17.78,-2.99806009983248,-2.98514203347737,-3.01393709446222,2.37635857221268
17.8,-2.99806009983248,-2.98491931711115,-3.01393709446222,2.37635857221268
17.82,-2.99806009983248,-2.98491931711115,-3.01393709446222,2.37635857221268
17.84,-2.99806009983248,-2.98491931711115,-3.01393709446222,2.37635857221268
17.86,-2.99806009983248,-2.98491931711115,-3.01393709446222,2.37635857221268
17.88,-2.99806009983248,-2.98491931711115,-3.01393709446222,2.37635857221268
17.9,-2.99806009983248,-2.98491931711115,-3.01393709446222,2.37635857221268
17.92,-2.99806009983248,-2.98491931711115,-3.01393709446222,2.37635857221268
17.94,-2.99806009983248,-2.98491931711115,-3.01393709446222,2.37635857221268
17.96,-2.99806009983248,-2.98491931711115,-3.01393709446222,2.37635857221268
17.98,-2.99806009983248,-2.98491931711115,-3.01393709446222,2.37635857221268
18,-2.99806009983248,-2.98491931711115,-3.01393709446222,2.37635857221268
18.02,-2.99806009983248,-2.98491931711115,-3.01393709446222,2.37635857221268
18.04,-2.99806009983248,-2.98491931711115,-3.01393709446222,2.37635857221268
18.06,-2.99806009983248,-2.98493833064145,-3.01393709446222,2.37635857221268
18.08,-2.99806009983248,-2.99235250610804,-3.01393709446222,2.37635857221268
18.1,-2.99806009983248,-3.00676686300862,-3.01393709446222,2.37635857221268
18.12,-2.99806009983248,-3.01231383409484,-3.01393709446222,2.37635857221268
18.14,-2.99806009983248,-3.01490103408423,-3.01391099045567,2.37635857221268
18.16,-2.99806009983248,-3.01509842226319,-3.01329632585348,2.37635857221268
18.18,-2.99806009983248,-3.01509842226319,-2.99780633404426,2.37635857221268
18.2,-2.99806009983248,-3.01509842226319,-2.98972007940975,2.37635857221268
18.22,-2.99806009983248,-3.01509842226319,-2.98474983094553,2.37635857221268
18.24,-2.99806009983248,-3.01509842226319,-2.98208059541792,2.37635857221268
18.26,-2.99806009983248,-3.01509842226319,-2.98132590812187,2.37635857221268
18.28,-2.99806009983248,-3.01509842226319,-2.98132590812187,2.37635857221268
18.3,-2.99806009983248,-3.01509842226319,-2.98132590812187,2.37635857221268
18.32,-2.99806009983248,-3.01509842226319,-2.98132590812187,2.37635857221268
18.34,-2.99806009983248,-3.01509842226319,-2.98132590812187,2.37635857221268
18.36,-2.99806009983248,-3.01509842226319,-2.98132590812187,2.37635857221268
18.38,-2.99806009983248,-3.01509842226319,-2.98132590812187,2.37635857221268
18.4,-2.99806009983248,-3.01509842226319,-2.98132590812187,2.37635857221268
18.42,-2.99806009983248,-3.0150842215519,-2.98132590812187,2.37635857221268
18.44,-2.99806009983248,-3.00848123652565,-2.98132590812187,2.37635857221268
18.46,-2.99806009983248,-2.99338569315023,-2.98132590812187,2.37635857221268
18.48,-2.99806009983248,-2.9874098464096,-2.98132590812187,2.37635857221268
18.5,-2.99806009983248,-2.98554346291003,-2.98132590812187,2.37635857221268
18.52,-2.99806009983248,-2.98495862861812,-2.98132590812187,2.37635857221268
18.54,-2.99806009983248,-2.98495862861812,-2.98132765231293,2.37635857221268
18.56,-2.99806009983248,-2.98495862861812,-2.98298794348121,2.37635857221268
18.58,-2.99806009983248,-2.98495862861812,-2.99842598981177,2.37635857221268
18.6,-2.99806009983248,-2.98495862861812,-3.00607786254856,2.37635857221268
18.62,-2.99806009983248,-2.98495862861812,-3.01111833941695,2.37635857221268
18.64,-2.99806009983248,-2.98495862861812,-3.01296626037119,2.37635857221268
18.66,-2.99806009983248,-2.98495862861812,-3.01404480230708,2.37635857221268
18.68,-2.99806009983248,-2.98495862861812,-3.014631920974,2.37635857221268
18.7,-2.99806009983248,-2.98495862861812,-3.014631920974,2.37635857221268
18.72,-2.99806009983248,-2.98495862861812,-3.014631920974,2.37635857221268
18.74,-2.99806009983248,-2.98495862861812,-3.014631920974,2.37635857221268
18.76,-2.99806009983248,-2.98495862861812,-3.014631920974,2.37635857221268
18.78,-2.99806009983248,-2.98497438899609,-3.014631920974,2.37635857221268
18.8,-2.99806009983248,-2.98914073739248,-3.014631920974,2.37635857221268
18.82,-2.99806009983248,-3.00511561395458,-3.014631920974,2.37635857221268
18.84,-2.99806009983248,-3.01183375609233,-3.014631920974,2.37635857221268
18.86,-2.99806009983248,-3.0147605530451,-3.014631920974,2.37635857221268
18.88,-2.99806009983248,-3.01552551604,-3.014631920974,2.37635857221268
18.9,-2.99806009983248,-3.01552551604,-3.014631920974,2.37635857221268
18.92,-2.99806009983248,-3.01552551604,-3.014631920974,2.37635857221268
18.94,-2.99806009983248,-3.01552551604,-3.014631920974,2.37635857221268
18.96,-2.99806009983248,-3.01552551604,-3.014631920974,2.37635857221268
18.98,-2.99806009983248,-3.01552551604,-3.014631920974,2.37635857221268
19,-2.99806009983248,-3.01552551604,-3.014631920974,2.37635857221268
19.02,-2.99806009983248,-3.01552551604,-3.014631920974,2.37635857221268
19.04,-2.99806009983248,-3.01552551604,-3.01463101794982,2.37635857221268
19.06,-2.99806009983248,-3.01552551604,-3.01112033553074,2.37635857221268
19.08,-2.99806009983248,-3.01552551604,-2.99638751319383,2.37635857221268
19.1,-2.99806009983248,-3.01552551604,-2.98939123412958,2.37635857221268
19.12,-2.99806009983248,-3.01552551604,-2.98506845293096,2.37635857221268
19.14,-2.99806009983248,-3.01542856269008,-2.98364274037234,2.37635857221268
19.16,-2.99806009983248,-3.00420896530734,-2.98301703470357,2.37635857221268
19.18,-2.99806009983248,-2.99127285041159,-2.98301703470357,2.37635857221268
19.2,-2.99806009983248,-2.98652713670278,-2.98301703470357,2.37635857221268
19.22,-2.99806009983248,-2.98526185749123,-2.98301703470357,2.37635857221268
19.24,-2.99806009983248,-2.98526185749123,-2.98301703470357,2.37635857221268
19.26,-2.99806009983248,-2.98526185749123,-2.98301703470357,2.37635857221268
19.28,-2.99806009983248,-2.98526185749123,-2.98301703470357,2.37635857221268
19.3,-2.99806009983248,-2.98526185749123,-2.98301703470357,2.37635857221268
19.32,-2.99806009983248,-2.98526185749123,-2.98301703470357,2.37635857221268
19.34,-2.99806009983248,-2.98526185749123,-2.98301703470357,2.37635857221268
19.36,-2.99806009983248,-2.98526185749123,-2.98301703470357,2.37635857221268
19.38,-2.99806009983248,-2.98526185749123,-2.98301703470357,2.37635857221268
19.4,-2.99806009983248,-2.98526185749123,-2.98301703470357,2.37635857221268
19.42,-2.99806009983248,-2.98526185749123,-2.98301703470357,2.37635857221268
19.44,-2.99806009983248,-2.98526185749123,-2.98301703470357,2.37635857221268
19.46,-2.99806009983248,-2.98526185749123,-2.98301703470357,2.37635857221268
19.48,-2.99806009983248,-2.98526185749123,-2.98305393942566,2.37635857221268
19.5,-2.99806009983248,-2.98526976777107,-2.99239555963884,2.37635857221268
19.52,-2.99806009983248,-2.98772025773198,-3.00399562268051,2.37635857221268
19.54,-2.99806009983248,-3.00413617270184,-3.01003566313885,2.37635857221268
19.56,-2.99806009983248,-3.01157069250563,-3.01377613233046,2.37635857221268
19.58,-2.99806009983248,-3.01455952620716,-3.01465118245107,2.37635857221268
19.6,-2.99806009983248,-3.01533263545602,-3.01469472581665,2.37635857221268
19.62,-2.99806009983248,-3.01533263545602,-3.01469472581665,2.37635857221268
19.64,-2.99806009983248,-3.01533263545602,-3.01469472581665,2.37635857221268
19.66,-2.99806009983248,-3.01533263545602,-3.01469472581665,2.37635857221268
19.68,-2.99806009983248,-3.01533263545602,-3.01469472581665,2.37635857221268
19.7,-2.99806009983248,-3.01533263545602,-3.01469472581665,2.37635857221268
19.72,-2.99806009983248,-3.01533263545602,-3.01469472581665,2.37635857221268
19.74,-2.99806009983248,-3.01533263545602,-3.01469472581665,2.37635857221268
19.76,-2.99806009983248,-3.01533263545602,-3.01469472581665,2.37635857221268
19.78,-2.99806009983248,-3.01533263545602,-3.01469472581665,2.37635857221268
19.8,-2.99806009983248,-3.01533263545602,-3.01469472581665,2.37635857221268
19.82,-2.99806009983248,-3.01533263545602,-3.01469472581665,2.37635857221268
19.84,-2.99806009983248,-3.01533263545602,-3.01469472581665,2.37635857221268
19.86,-2.99806009983248,-3.01531112394122,-3.01469472581665,2.37635857221268
19.88,-2.99806009983248,-3.01105594843995,-3.01469472581665,2.37635857221268
19.9,-2.99806009983248,-2.99478087851194,-3.01469472581665,2.37635857221268
19.92,-2.99806009983248,-2.98799031757305,-3.01469472581665,2.37635857221268
19.94,-2.99806009983248,-2.98528580751199,-3.01469472581665,2.37635857221268
19.96,-2.99806009983248,-2.98482962760709,-3.01469472581665,2.37635857221268
19.98,-2.99806009983248,-2.98482962760709,-3.01468902176849,2.37635857221268
20,-2.99806009983248,-2.98482962760709,-3.01097261111364,2.37635857221268
20.02,-2.99806009983248,-2.98482962760709,-2.99604191116884,2.37635857221268
20.04,-2.99806009983248,-2.98482962760709,-2.98940315065533,2.37635857221268
20.06,-2.99806009983248,-2.98482962760709,-2.98485690606,2.37635857221268
20.08,-2.99806009983248,-2.98482962760709,-2.98269973659703,2.37635857221268
20.1,-2.99806009983248,-2.98482962760709,-2.98233962318448,2.37635857221268
20.12,-2.99806009983248,-2.98482962760709,-2.98233962318448,2.37635857221268
20.14,-2.99806009983248,-2.98482962760709,-2.98233962318448,2.37635857221268
20.16,-2.99806009983248,-2.98482962760709,-2.98233962318448,2.37635857221268
20.18,-2.99806009983248,-2.98482962760709,-2.98233962318448,2.37635857221268
20.2,-2.99806009983248,-2.98482962760709,-2.98233962318448,2.37635857221268
20.22,-2.99806009983248,-2.98483976317816,-2.98233962318448,2.37635857221268
20.24,-2.99806009983248,-2.99193789205427,-2.98233962318448,2.37635857221268
20.26,-2.99806009983248,-3.00656538501988,-2.98233962318448,2.37635857221268
20.28,-2.99806009983248,-3.01229598930073,-2.98233962318448,2.37635857221268
20.3,-2.99806009983248,-3.01415167373892,-2.98233962318448,2.37635857221268
20.32,-2.99806009983248,-3.01476201080454,-2.98233962318448,2.37635857221268
20.34,-2.99806009983248,-3.01476201080454,-2.98233962318448,2.37635857221268
20.36,-2.99806009983248,-3.01476201080454,-2.98233962318448,2.37635857221268
20.38,-2.99806009983248,-3.01476201080454,-2.98233962318448,2.37635857221268
20.4,-2.99806009983248,-3.01476201080454,-2.98235745376191,2.37635857221268
20.42,-2.99806009983248,-3.01476201080454,-2.98971185710191,2.37635857221268
20.44,-2.99806009983248,-3.01476201080454,-3.00234376607832,2.37635857221268
20.46,-2.99806009983248,-3.01476201080454,-3.00900712814344,2.37635857221268
20.48,-2.99806009983248,-3.01476201080454,-3.01255702934583,2.37635857221268
20.5,-2.99806009983248,-3.01476201080454,-3.01427948497989,2.37635857221268
20.52,-2.99806009983248,-3.01476201080454,-3.01479892271339,2.37635857221268
20.54,-2.99806009983248,-3.01476201080454,-3.01479892271339,2.37635857221268
20.56,-2.99806009983248,-3.01476201080454,-3.01479892271339,2.37635857221268
20.58,-2.99806009983248,-3.01475921734927,-3.01479892271339,2.37635857221268
20.6,-2.99806009983248,-3.01465414935039,-3.01479892271339,2.37635857221268
20.62,-2.99806009983248,-2.99962408209088,-3.01479892271339,2.37635857221268
20.64,-2.99806009983248,-2.98940526917047,-3.01479892271339,2.37635857221268
20.66,-2.99806009983248,-2.98580847385483,-3.01479892271339,2.37635857221268
20.68,-2.99806009983248,-2.98445538704989,-3.01479892271339,2.37635857221268
20.7,-2.99806009983248,-2.98445538704989,-3.01479892271339,2.37635857221268
20.72,-2.99806009983248,-2.98445538704989,-3.01479892271339,2.37635857221268
20.74,-2.99806009983248,-2.98445538704989,-3.01479892271339,2.37635857221268
20.76,-2.99806009983248,-2.98445538704989,-3.01479892271339,2.37635857221268
20.78,-2.99806009983248,-2.98445538704989,-3.01479892271339,2.37635857221268
20.8,-2.99806009983248,-2.98445538704989,-3.01479892271339,2.37635857221268
20.82,-2.99806009983248,-2.98445538704989,-3.01479892271339,2.37635857221268
20.84,-2.99806009983248,-2.98445538704989,-3.01479892271339,2.37635857221268
20.86,-2.99806009983248,-2.98445538704989,-3.01479892271339,2.37635857221268
20.88,-2.99806009983248,-2.98445538704989,-3.01479892271339,2.37635857221268
20.9,-2.99806009983248,-2.98445538704989,-3.01472216508687,2.37635857221268
20.92,-2.99806009983248,-2.98445538704989,-3.00735419669566,2.37635857221268
20.94,-2.99806009983248,-2.98446705350501,-2.99410974980789,2.37635857221268
20.96,-2.99806009983248,-2.9908311031856,-2.98833761984843,2.37635857221268
20.98,-2.99806009983248,-3.00581019837184,-2.98424125436272,2.37635857221268
21,-2.99806009983248,-3.01173776532505,-2.98293386239394,2.37635857221268
21.02,-2.99806009983248,-3.01447913509122,-2.98293386239394,2.37635857221268
21.04,-2.99806009983248,-3.01481547955668,-2.98293386239394,2.37635857221268
21.06,-2.99806009983248,-3.01481547955668,-2.98293386239394,2.37635857221268
21.08,-2.99806009983248,-3.01481547955668,-2.98293386239394,2.37635857221268
21.1,-2.99806009983248,-3.01481547955668,-2.98293386239394,2.37635857221268
21.12,-2.99806009983248,-3.01481547955668,-2.98293386239394,2.37635857221268
21.14,-2.99806009983248,-3.01481547955668,-2.98293386239394,2.37635857221268
21.16,-2.99806009983248,-3.01481547955668,-2.98293386239394,2.37635857221268
21.18,-2.99806009983248,-3.01481547955668,-2.98293386239394,2.37635857221268
21.2,-2.99806009983248,-3.01481547955668,-2.98293386239394,2.37635857221268
21.22,-2.99806009983248,-3.01481547955668,-2.98293386239394,2.37635857221268
21.24,-2.99806009983248,-3.01481547955668,-2.98293386239394,2.37635857221268
21.26,-2.99806009983248,-3.01481547955668,-2.98293386239394,2.37635857221268
21.28,-2.99806009983248,-3.01481547955668,-2.98293386239394,2.37635857221268
21.3,-2.99806009983248,-3.01481393781333,-2.98293386239394,2.37635857221268
21.32,-2.99806009983248,-3.01277368383724,-2.98293386239394,2.37635857221268
21.34,-2.99806009983248,-2.99608984118829,-2.98299145558937,2.37635857221268
21.36,-2.99806009983248,-2.98806025797713,-2.99339043505365,2.37635857221268
21.38,-2.99806009983248,-2.98531731959344,-3.00432249914398,2.37635857221268
21.4,-2.99806009983248,-2.98500815766271,-3.00983131656557,2.37635857221268
21.42,-2.99806009983248,-2.98500815766271,-3.01281866071031,2.37635857221268
21.44,-2.99806009983248,-2.98500815766271,-3.01411186764333,2.37635857221268
21.46,-2.99806009983248,-2.98500815766271,-3.01420633810475,2.37635857221268
21.48,-2.99806009983248,-2.98500815766271,-3.01420633810475,2.37635857221268
21.5,-2.99806009983248,-2.98500815766271,-3.01420633810475,2.37635857221268
21.52,-2.99806009983248,-2.98500815766271,-3.01420633810475,2.37635857221268
21.54,-2.99806009983248,-2.98500815766271,-3.01420633810475,2.37635857221268
21.56,-2.99806009983248,-2.98500815766271,-3.01420633810475,2.37635857221268
21.58,-2.99806009983248,-2.98500815766271,-3.01420633810475,2.37635857221268
21.6,-2.99806009983248,-2.98500815766271,-3.01420633810475,2.37635857221268
21.62,-2.99806009983248,-2.98500815766271,-3.01420633810475,2.37635857221268
21.64,-2.99806009983248,-2.98500815766271,-3.01420633810475,2.37635857221268
21.66,-2.99806009983248,-2.98500822640982,-3.01420633810475,2.37635857221268
21.68,-2.99806009983248,-2.98667807203219,-3.01420633810475,2.37635857221268
21.7,-2.99806009983248,-3.00309130776513,-3.01420633810475,2.37635857221268
21.72,-2.99806009983248,-3.01092371687669,-3.01420633810475,2.37635857221268
21.74,-2.99806009983248,-3.01404785341782,-3.01420633810475,2.37635857221268
21.76,-2.99806009983248,-3.01496358764388,-3.01420633810475,2.37635857221268
21.78,-2.99806009983248,-3.01496358764388,-3.01420633810475,2.37635857221268
21.8,-2.99806009983248,-3.01496358764388,-3.01420633810475,2.37635857221268
21.82,-2.99806009983248,-3.01496358764388,-3.01420633810475,2.37635857221268
21.84,-2.99806009983248,-3.01496358764388,-3.01420633810475,2.37635857221268
21.86,-2.99806009983248,-3.01496358764388,-3.01419794578557,2.37635857221268
21.88,-2.99806009983248,-3.01496358764388,-3.01046137279853,2.37635857221268
21.9,-2.99806009983248,-3.01496358764388,-2.99559108016493,2.37635857221268
21.92,-2.99806009983248,-3.01496358764388,-2.98903545536359,2.37635857221268
21.94,-2.99806009983248,-3.01496358764388,-2.98449567401769,2.37635857221268
21.96,-2.99806009983248,-3.01496358764388,-2.98314204232892,2.37635857221268
21.98,-2.99806009983248,-3.01496358764388,-2.98295872187716,2.37635857221268
22,-2.99806009983248,-3.01496358764388,-2.98295872187716,2.37635857221268
22.02,-2.99806009983248,-3.01496194724234,-2.98295872187716,2.37635857221268
22.04,-2.99806009983248,-3.014865311691,-2.98295872187716,2.37635857221268
22.06,-2.99806009983248,-3.00057145137127,-2.98295872187716,2.37635857221268
22.08,-2.99806009983248,-2.98984763662282,-2.98295872187716,2.37635857221268
22.1,-2.99806009983248,-2.98605138272103,-2.98295872187716,2.37635857221268
22.12,-2.99806009983248,-2.98456237168151,-2.98295872187716,2.37635857221268
22.14,-2.99806009983248,-2.98456237168151,-2.98295872187716,2.37635857221268
22.16,-2.99806009983248,-2.98456237168151,-2.98295872187716,2.37635857221268
22.18,-2.99806009983248,-2.98456237168151,-2.98295872187716,2.37635857221268
22.2,-2.99806009983248,-2.98456237168151,-2.98295872187716,2.37635857221268
22.22,-2.99806009983248,-2.98456237168151,-2.98295872187716,2.37635857221268
22.24,-2.99806009983248,-2.98456237168151,-2.98295872187716,2.37635857221268
22.26,-2.99806009983248,-2.98456237168151,-2.98295872187716,2.37635857221268
22.28,-2.99806009983248,-2.98456237168151,-2.98295872187716,2.37635857221268
22.3,-2.99806009983248,-2.98456237168151,-2.98297702334126,2.37635857221268
22.32,-2.99806009983248,-2.98456237168151,-2.98953793793326,2.37635857221268
22.34,-2.99806009983248,-2.98456237168151,-3.00277273106447,2.37635857221268
22.36,-2.99806009983248,-2.98456237168151,-3.00927762421828,2.37635857221268
22.38,-2.99806009983248,-2.98456751595012,-3.01324656398593,2.37635857221268
22.4,-2.99806009983248,-2.98824375785777,-3.01447418199504,2.37635857221268
22.42,-2.99806009983248,-3.00435726084277,-3.01486355095944,2.37635857221268
22.44,-2.99806009983248,-3.01124248610698,-3.01486355095944,2.37635857221268
22.46,-2.99806009983248,-3.01423823258622,-3.01486355095944,2.37635857221268
22.48,-2.99806009983248,-3.01487593916448,-3.01486355095944,2.37635857221268
22.5,-2.99806009983248,-3.01487593916448,-3.01486355095944,2.37635857221268
22.52,-2.99806009983248,-3.01487593916448,-3.01486355095944,2.37635857221268
22.54,-2.99806009983248,-3.01487593916448,-3.01486355095944,2.37635857221268
22.56,-2.99806009983248,-3.01487593916448,-3.01486355095944,2.37635857221268
22.58,-2.99806009983248,-3.01487593916448,-3.01486355095944,2.37635857221268
22.6,-2.99806009983248,-3.01487593916448,-3.01486355095944,2.37635857221268
22.62,-2.99806009983248,-3.01487593916448,-3.01486355095944,2.37635857221268
22.64,-2.99806009983248,-3.01487593916448,-3.01486355095944,2.37635857221268
22.66,-2.99806009983248,-3.01487593916448,-3.01486355095944,2.37635857221268
22.68,-2.99806009983248,-3.01487593916448,-3.01486355095944,2.37635857221268
22.7,-2.99806009983248,-3.01487593916448,-3.01486355095944,2.37635857221268
22.72,-2.99806009983248,-3.01487593916448,-3.01486355095944,2.37635857221268
22.74,-2.99806009983248,-3.01487374785164,-3.01486355095944,2.37635857221268
22.76,-2.99806009983248,-3.01431224915955,-3.01486355095944,2.37635857221268
22.78,-2.99806009983248,-2.99789519457793,-3.01486355095944,2.37635857221268
22.8,-2.99806009983248,-2.98898810869763,-3.01483846838688,2.37635857221268
22.82,-2.99806009983248,-2.98597284943993,-3.00735150081822,2.37635857221268
22.84,-2.99806009983248,-2.98484713480121,-2.994440899658,2.37635857221268
22.86,-2.99806009983248,-2.98484713480121,-2.98826544845475,2.37635857221268
22.88,-2.99806009983248,-2.98484713480121,-2.98436377087887,2.37635857221268
22.9,-2.99806009983248,-2.98484713480121,-2.98313534030861,2.37635857221268
22.92,-2.99806009983248,-2.98484713480121,-2.98313534030861,2.37635857221268
22.94,-2.99806009983248,-2.98484713480121,-2.98313534030861,2.37635857221268
22.96,-2.99806009983248,-2.98484713480121,-2.98313534030861,2.37635857221268
22.98,-2.99806009983248,-2.98484713480121,-2.98313534030861,2.37635857221268
23,-2.99806009983248,-2.98484713480121,-2.98313534030861,2.37635857221268
23.02,-2.99806009983248,-2.98484713480121,-2.98313534030861,2.37635857221268
23.04,-2.99806009983248,-2.98484713480121,-2.98313534030861,2.37635857221268
23.06,-2.99806009983248,-2.98484713480121,-2.98313534030861,2.37635857221268
23.08,-2.99806009983248,-2.98484713480121,-2.98313534030861,2.37635857221268
23.1,-2.99806009983248,-2.98484741217729,-2.98313534030861,2.37635857221268
23.12,-2.99806009983248,-2.98658890100831,-2.98313534030861,2.37635857221268
23.14,-2.99806009983248,-3.00300624873726,-2.98313534030861,2.37635857221268
23.16,-2.99806009983248,-3.01081254776687,-2.98313534030861,2.37635857221268
23.18,-2.99806009983248,-3.01407421815958,-2.98313534030861,2.37635857221268
23.2,-2.99806009983248,-3.01501000348954,-2.98313534030861,2.37635857221268
23.22,-2.99806009983248,-3.01501000348954,-2.98313534030861,2.37635857221268
23.24,-2.99806009983248,-3.01501000348954,-2.98317338378102,2.37635857221268
23.26,-2.99806009983248,-3.01501000348954,-2.99253212143812,2.37635857221268
23.28,-2.99806009983248,-3.01501000348954,-3.00409183315026,2.37635857221268
23.3,-2.99806009983248,-3.01501000348954,-3.01014889572528,2.37635857221268
23.32,-2.99806009983248,-3.01501000348954,-3.01376183487431,2.37635857221268
23.34,-2.99806009983248,-3.01501000348954,-3.01466481059235,2.37635857221268
23.36,-2.99806009983248,-3.01501000348954,-3.0146840179112,2.37635857221268
23.38,-2.99806009983248,-3.01501000348954,-3.0146840179112,2.37635857221268
23.4,-2.99806009983248,-3.01501000348954,-3.0146840179112,2.37635857221268
23.42,-2.99806009983248,-3.01501000348954,-3.0146840179112,2.37635857221268
23.44,-2.99806009983248,-3.01501000348954,-3.0146840179112,2.37635857221268
23.46,-2.99806009983248,-3.01500480976024,-3.0146840179112,2.37635857221268
23.48,-2.99806009983248,-3.01477647582692,-3.0146840179112,2.37635857221268
23.5,-2.99806009983248,-2.99895118889071,-3.0146840179112,2.37635857221268
23.52,-2.99806009983248,-2.98920103709473,-3.0146840179112,2.37635857221268
23.54,-2.99806009983248,-2.98564023714755,-3.0146840179112,2.37635857221268
23.56,-2.99806009983248,-2.98456031023195,-3.0146840179112,2.37635857221268
23.58,-2.99806009983248,-2.98456031023195,-3.0146840179112,2.37635857221268
23.6,-2.99806009983248,-2.98456031023195,-3.0146840179112,2.37635857221268
23.62,-2.99806009983248,-2.98456031023195,-3.0146840179112,2.37635857221268
23.64,-2.99806009983248,-2.98456031023195,-3.0146840179112,2.37635857221268
23.66,-2.99806009983248,-2.98456031023195,-3.0146840179112,2.37635857221268
23.68,-2.99806009983248,-2.98456031023195,-3.0146840179112,2.37635857221268
23.7,-2.99806009983248,-2.98456031023195,-3.0146840179112,2.37635857221268
23.72,-2.99806009983248,-2.98456031023195,-3.0146840179112,2.37635857221268
23.74,-2.99806009983248,-2.98456031023195,-3.01468104603568,2.37635857221268
23.76,-2.99806009983248,-2.98456031023195,-3.00936872422258,2.37635857221268
23.78,-2.99806009983248,-2.98456031023195,-2.99517007391707,2.37635857221268
23.8,-2.99806009983248,-2.98456031023195,-2.98891791999803,2.37635857221268
23.82,-2.99806009983248,-2.98456302699079,-2.98464312338195,2.37635857221268
23.84,-2.99806009983248,-2.99134479100929,-2.98265489405914,2.37635857221268
23.86,-2.99806009983248,-3.00603373140838,-2.98235268425667,2.37635857221268
23.88,-2.99806009983248,-3.01190377149751,-2.98235268425667,2.37635857221268
23.9,-2.99806009983248,-3.01452819600381,-2.98235268425667,2.37635857221268
23.92,-2.99806009983248,-3.01512379501062,-2.98235268425667,2.37635857221268
23.94,-2.99806009983248,-3.01512379501062,-2.98235268425667,2.37635857221268
23.96,-2.99806009983248,-3.01512379501062,-2.98235268425667,2.37635857221268
23.98,-2.99806009983248,-3.01512379501062,-2.98235268425667,2.37635857221268
24,-2.99806009983248,-3.01512379501062,-2.98235268425667,2.37635857221268
24.02,-2.99806009983248,-3.01512379501062,-2.98235268425667,2.37635857221268
24.04,-2.99806009983248,-3.01512379501062,-2.98235268425667,2.37635857221268
24.06,-2.99806009983248,-3.01512379501062,-2.98235268425667,2.37635857221268
24.08,-2.99806009983248,-3.01512379501062,-2.98235268425667,2.37635857221268
24.1,-2.99806009983248,-3.01512379501062,-2.98235268425667,2.37635857221268
24.12,-2.99806009983248,-3.01512379501062,-2.98235268425667,2.37635857221268
24.14,-2.99806009983248,-3.01512379501062,-2.98235268425667,2.37635857221268
24.16,-2.99806009983248,-3.01512379501062,-2.98235651251887,2.37635857221268
24.18,-2.99806009983248,-3.01506698544268,-2.9917821999572,2.37635857221268
24.2,-2.99806009983248,-3.0085242245711,-3.00318716050357,2.37635857221268
24.22,-2.99806009983248,-2.99314135709499,-3.0088311047757,2.37635857221268
24.24,-2.99806009983248,-2.9869741162116,-3.01187687022801,2.37635857221268
24.26,-2.99806009983248,-2.98497538094858,-3.01317239229449,2.37635857221268
24.28,-2.99806009983248,-2.98494084543966,-3.01325240217869,2.37635857221268
24.3,-2.99806009983248,-2.98494084543966,-3.01325240217869,2.37635857221268
24.32,-2.99806009983248,-2.98494084543966,-3.01325240217869,2.37635857221268
24.34,-2.99806009983248,-2.98494084543966,-3.01325240217869,2.37635857221268
24.36,-2.99806009983248,-2.98494084543966,-3.01325240217869,2.37635857221268
24.38,-2.99806009983248,-2.98494084543966,-3.01325240217869,2.37635857221268
24.4,-2.99806009983248,-2.98494084543966,-3.01325240217869,2.37635857221268
24.42,-2.99806009983248,-2.98494084543966,-3.01325240217869,2.37635857221268
24.44,-2.99806009983248,-2.98494084543966,-3.01325240217869,2.37635857221268
24.46,-2.99806009983248,-2.98494084543966,-3.01325240217869,2.37635857221268
24.48,-2.99806009983248,-2.98494084543966,-3.01325240217869,2.37635857221268
24.5,-2.99806009983248,-2.98494084543966,-3.01325240217869,2.37635857221268
24.52,-2.99806009983248,-2.98494084543966,-3.01325240217869,2.37635857221268
24.54,-2.99806009983248,-2.98495072346409,-3.01325240217869,2.37635857221268
24.56,-2.99806009983248,-2.98960262002021,-3.01325240217869,2.37635857221268
24.58,-2.99806009983248,-3.00534028365799,-3.01325240217869,2.37635857221268
24.6,-2.99806009983248,-3.01179370679371,-3.01325240217869,2.37635857221268
24.62,-2.99806009983248,-3.01463462716884,-3.01325240217869,2.37635857221268
24.64,-2.99806009983248,-3.01511135404916,-3.01325240217869,2.37635857221268
24.66,-2.99806009983248,-3.01511135404916,-3.01325240217869,2.37635857221268
24.68,-2.99806009983248,-3.01511135404916,-3.01325240217869,2.37635857221268
24.7,-2.99806009983248,-3.01511135404916,-3.01325236812896,2.37635857221268
24.72,-2.99806009983248,-3.01511135404916,-3.01323714186301,2.37635857221268
24.74,-2.99806009983248,-3.01511135404916,-3.00248982528003,2.37635857221268
24.76,-2.99806009983248,-3.01511135404916,-2.99152160303443,2.37635857221268
24.78,-2.99806009983248,-3.01511135404916,-2.985963432715,2.37635857221268
24.8,-2.99806009983248,-3.01511135404916,-2.98276322676974,2.37635857221268
24.82,-2.99806009983248,-3.01511135404916,-2.98204240762826,2.37635857221268
24.84,-2.99806009983248,-3.01511135404916,-2.98204240762826,2.37635857221268
24.86,-2.99806009983248,-3.01511135404916,-2.98204240762826,2.37635857221268
24.88,-2.99806009983248,-3.01511135404916,-2.98204240762826,2.37635857221268
24.9,-2.99806009983248,-3.01509625625292,-2.98204240762826,2.37635857221268
24.92,-2.99806009983248,-3.01181014904962,-2.98204240762826,2.37635857221268
24.94,-2.99806009983248,-2.99526867359187,-2.98204240762826,2.37635857221268
24.96,-2.99806009983248,-2.98806473243917,-2.98204240762826,2.37635857221268
24.98,-2.99806009983248,-2.98538110376133,-2.98204240762826,2.37635857221268
25,-2.99806009983248,-2.98472409226669,-2.98204240762826,2.37635857221268
25.02,-2.99806009983248,-2.98472409226669,-2.98204240762826,2.37635857221268
25.04,-2.99806009983248,-2.98472409226669,-2.98204240762826,2.37635857221268
25.06,-2.99806009983248,-2.98472409226669,-2.98204240762826,2.37635857221268
25.08,-2.99806009983248,-2.98472409226669,-2.98204240762826,2.37635857221268
25.1,-2.99806009983248,-2.98472409226669,-2.98204240762826,2.37635857221268
25.12,-2.99806009983248,-2.98472409226669,-2.98204240762826,2.37635857221268
25.14,-2.99806009983248,-2.98472409226669,-2.98210181475192,2.37635857221268
25.16,-2.99806009983248,-2.98472409226669,-2.99594003921312,2.37635857221268
25.18,-2.99806009983248,-2.98472409226669,-3.00492324730619,2.37635857221268
25.2,-2.99806009983248,-2.98472409226669,-3.01068503910421,2.37635857221268
25.22,-2.99806009983248,-2.98472409226669,-3.01304100167549,2.37635857221268
25.24,-2.99806009983248,-2.98472409226669,-3.014624697633,2.37635857221268
25.26,-2.99806009983248,-2.98472654004495,-3.01464730114767,2.37635857221268
25.28,-2.99806009983248,-2.99330399240233,-3.01464730114767,2.37635857221268
25.3,-2.99806009983248,-3.00697790566885,-3.01464730114767,2.37635857221268
25.32,-2.99806009983248,-3.01226566213567,-3.01464730114767,2.37635857221268
25.34,-2.99806009983248,-3.01479103373412,-3.01464730114767,2.37635857221268
25.36,-2.99806009983248,-3.01494275774913,-3.01464730114767,2.37635857221268
25.38,-2.99806009983248,-3.01494275774913,-3.01464730114767,2.37635857221268
25.4,-2.99806009983248,-3.01494275774913,-3.01464730114767,2.37635857221268
25.42,-2.99806009983248,-3.01494275774913,-3.01464730114767,2.37635857221268
25.44,-2.99806009983248,-3.01494275774913,-3.01464730114767,2.37635857221268
25.46,-2.99806009983248,-3.01494275774913,-3.01464730114767,2.37635857221268
25.48,-2.99806009983248,-3.01494275774913,-3.01464730114767,2.37635857221268
25.5,-2.99806009983248,-3.01494275774913,-3.01464730114767,2.37635857221268
25.52,-2.99806009983248,-3.01494275774913,-3.01464730114767,2.37635857221268
25.54,-2.99806009983248,-3.01494275774913,-3.01464730114767,2.37635857221268
25.56,-2.99806009983248,-3.01494275774913,-3.01464730114767,2.37635857221268
25.58,-2.99806009983248,-3.01494275774913,-3.01464730114767,2.37635857221268
25.6,-2.99806009983248,-3.01494275774913,-3.01464730114767,2.37635857221268
25.62,-2.99806009983248,-3.01492608752534,-3.01464720456898,2.37635857221268
25.64,-2.99806009983248,-3.01003644024036,-3.0146354075625,2.37635857221268
25.66,-2.99806009983248,-2.99408773101483,-3.00161092628929,2.37635857221268
25.68,-2.99806009983248,-2.98759353814787,-2.99185721215757,2.37635857221268
25.7,-2.99806009983248,-2.98503041539769,-2.98674373442355,2.37635857221268
25.72,-2.99806009983248,-2.98463074561757,-2.98355455090577,2.37635857221268
25.74,-2.99806009983248,-2.98463074561757,-2.98246234688941,2.37635857221268
25.76,-2.99806009983248,-2.98463074561757,-2.98246234688941,2.37635857221268
25.78,-2.99806009983248,-2.98463074561757,-2.98246234688941,2.37635857221268
25.8,-2.99806009983248,-2.98463074561757,-2.98246234688941,2.37635857221268
25.82,-2.99806009983248,-2.98463074561757,-2.98246234688941,2.37635857221268
25.84,-2.99806009983248,-2.98463074561757,-2.98246234688941,2.37635857221268
25.86,-2.99806009983248,-2.98463074561757,-2.98246234688941,2.37635857221268
25.88,-2.99806009983248,-2.98463074561757,-2.98246234688941,2.37635857221268
25.9,-2.99806009983248,-2.98463074561757,-2.98246234688941,2.37635857221268
25.92,-2.99806009983248,-2.98463074561757,-2.98246234688941,2.37635857221268
25.94,-2.99806009983248,-2.98463074561757,-2.98246234688941,2.37635857221268
25.96,-2.99806009983248,-2.98463074561757,-2.98246234688941,2.37635857221268
25.98,-2.99806009983248,-2.98467650673558,-2.98246234688941,2.37635857221268
26,-2.99806009983248,-2.99517151787335,-2.98246234688941,2.37635857221268
26.02,-2.99806009983248,-3.00783693179781,-2.98246234688941,2.37635857221268
26.04,-2.99806009983248,-3.0126936138122,-2.98246234688941,2.37635857221268
26.06,-2.99806009983248,-3.01499945355702,-2.98283952976238,2.37635857221268
26.08,-2.99806009983248,-3.01504280611469,-2.99790244420964,2.37635857221268
26.1,-2.99806009983248,-3.01504280611469,-3.00600344683335,2.37635857221268
26.12,-2.99806009983248,-3.01504280611469,-3.0113863934368,2.37635857221268
26.14,-2.99806009983248,-3.01504280611469,-3.01347865397724,2.37635857221268
26.16,-2.99806009983248,-3.01504280611469,-3.01490120123181,2.37635857221268
26.18,-2.99806009983248,-3.01504280611469,-3.01490874333606,2.37635857221268
26.2,-2.99806009983248,-3.01504280611469,-3.01490874333606,2.37635857221268
26.22,-2.99806009983248,-3.01504280611469,-3.01490874333606,2.37635857221268
26.24,-2.99806009983248,-3.01504280611469,-3.01490874333606,2.37635857221268
26.26,-2.99806009983248,-3.01504280611469,-3.01490874333606,2.37635857221268
26.28,-2.99806009983248,-3.01504280611469,-3.01490874333606,2.37635857221268
26.3,-2.99806009983248,-3.01504280611469,-3.01490874333606,2.37635857221268
26.32,-2.99806009983248,-3.01504280611469,-3.01490874333606,2.37635857221268
26.34,-2.99806009983248,-3.01502220939704,-3.01490874333606,2.37635857221268
26.36,-2.99806009983248,-3.00560024559701,-3.01490874333606,2.37635857221268
26.38,-2.99806009983248,-2.99205471598874,-3.01490874333606,2.37635857221268
26.4,-2.99806009983248,-2.98691461212606,-3.01490874333606,2.37635857221268
26.42,-2.99806009983248,-2.98529416851903,-3.01490874333606,2.37635857221268
26.44,-2.99806009983248,-2.98492982298199,-3.01490874333606,2.37635857221268
26.46,-2.99806009983248,-2.98492982298199,-3.01490874333606,2.37635857221268
26.48,-2.99806009983248,-2.98492982298199,-3.01490874333606,2.37635857221268
26.5,-2.99806009983248,-2.98492982298199,-3.01490874333606,2.37635857221268
26.52,-2.99806009983248,-2.98492982298199,-3.01490874333606,2.37635857221268
26.54,-2.99806009983248,-2.98492982298199,-3.01489720554155,2.37635857221268
26.56,-2.99806009983248,-2.98492982298199,-3.01020405422797,2.37635857221268
26.58,-2.99806009983248,-2.98492982298199,-2.99575297494563,2.37635857221268
26.6,-2.99806009983248,-2.98492982298199,-2.98918839673348,2.37635857221268
26.62,-2.99806009983248,-2.98492982298199,-2.98480958204702,2.37635857221268
26.64,-2.99806009983248,-2.98492982298199,-2.98310863700035,2.37635857221268
26.66,-2.99806009983248,-2.98492982298199,-2.98305415522465,2.37635857221268
26.68,-2.99806009983248,-2.98492982298199,-2.98305415522465,2.37635857221268
26.7,-2.99806009983248,-2.98494796772349,-2.98305415522465,2.37635857221268
26.72,-2.99806009983248,-2.99398195708294,-2.98305415522465,2.37635857221268
26.74,-2.99806009983248,-3.00755204921635,-2.98305415522465,2.37635857221268
26.76,-2.99806009983248,-3.01263833916267,-2.98305415522465,2.37635857221268
26.78,-2.99806009983248,-3.0145599447521,-2.98305415522465,2.37635857221268
26.8,-2.99806009983248,-3.01490942875936,-2.98305415522465,2.37635857221268
26.82,-2.99806009983248,-3.01490942875936,-2.98305415522465,2.37635857221268
26.84,-2.99806009983248,-3.01490942875936,-2.98305415522465,2.37635857221268
26.86,-2.99806009983248,-3.01490942875936,-2.98305415522465,2.37635857221268
26.88,-2.99806009983248,-3.01490942875936,-2.98305415522465,2.37635857221268
26.9,-2.99806009983248,-3.01490942875936,-2.98305415522465,2.37635857221268
26.92,-2.99806009983248,-3.01490942875936,-2.98305415522465,2.37635857221268
26.94,-2.99806009983248,-3.01490942875936,-2.98305415522465,2.37635857221268
26.96,-2.99806009983248,-3.01490942875936,-2.98305415522465,2.37635857221268
26.98,-2.99806009983248,-3.01490942875936,-2.98307796168677,2.37635857221268
27,-2.99806009983248,-3.01490942875936,-2.99367282808624,2.37635857221268
27.02,-2.99806009983248,-3.01490942875936,-3.00436292776384,2.37635857221268
27.04,-2.99806009983248,-3.01490942875936,-3.01013886860727,2.37635857221268
27.06,-2.99806009983248,-3.01489647565242,-3.01365802791687,2.37635857221268
27.08,-2.99806009983248,-3.01168306731013,-3.01459472935258,2.37635857221268
27.1,-2.99806009983248,-2.99514131084997,-3.01529077858228,2.37635857221268
27.12,-2.99806009983248,-2.98793951189619,-3.01529077858228,2.37635857221268
27.14,-2.99806009983248,-2.98528092534896,-3.01529077858228,2.37635857221268
27.16,-2.99806009983248,-2.98464834181429,-3.01529077858228,2.37635857221268
27.18,-2.99806009983248,-2.98464834181429,-3.01529077858228,2.37635857221268
27.2,-2.99806009983248,-2.98464834181429,-3.01529077858228,2.37635857221268
27.22,-2.99806009983248,-2.98464834181429,-3.01529077858228,2.37635857221268
27.24,-2.99806009983248,-2.98464834181429,-3.01529077858228,2.37635857221268
27.26,-2.99806009983248,-2.98464834181429,-3.01529077858228,2.37635857221268
27.28,-2.99806009983248,-2.98464834181429,-3.01529077858228,2.37635857221268
27.3,-2.99806009983248,-2.98464834181429,-3.01529077858228,2.37635857221268
27.32,-2.99806009983248,-2.98464834181429,-3.01529077858228,2.37635857221268
27.34,-2.99806009983248,-2.98464834181429,-3.01529077858228,2.37635857221268
27.36,-2.99806009983248,-2.98464834181429,-3.01529077858228,2.37635857221268
27.38,-2.99806009983248,-2.98464834181429,-3.01529077858228,2.37635857221268
27.4,-2.99806009983248,-2.98464834181429,-3.01529077858228,2.37635857221268
27.42,-2.99806009983248,-2.98465889674616,-3.01529077858228,2.37635857221268
27.44,-2.99806009983248,-2.99434359549122,-3.01529077858228,2.37635857221268
27.46,-2.99806009983248,-3.00761170784929,-3.01525349198862,2.37635857221268
27.48,-2.99806009983248,-3.01253723157851,-3.01083534859247,2.37635857221268
27.5,-2.99806009983248,-3.01417547053328,-2.99633607648754,2.37635857221268
27.52,-2.99806009983248,-3.01459796356267,-2.98941513360555,2.37635857221268
27.54,-2.99806009983248,-3.01459796356267,-2.98515348788392,2.37635857221268
27.56,-2.99806009983248,-3.01459796356267,-2.98373408429457,2.37635857221268
27.58,-2.99806009983248,-3.01459796356267,-2.98311582758008,2.37635857221268
27.6,-2.99806009983248,-3.01459796356267,-2.98311582758008,2.37635857221268
27.62,-2.99806009983248,-3.01459796356267,-2.98311582758008,2.37635857221268
27.64,-2.99806009983248,-3.01459796356267,-2.98311582758008,2.37635857221268
27.66,-2.99806009983248,-3.01459796356267,-2.98311582758008,2.37635857221268
27.68,-2.99806009983248,-3.01459796356267,-2.98311582758008,2.37635857221268
27.7,-2.99806009983248,-3.01459796356267,-2.98311582758008,2.37635857221268
27.72,-2.99806009983248,-3.01459796356267,-2.98311582758008,2.37635857221268
27.74,-2.99806009983248,-3.01459796356267,-2.98311582758008,2.37635857221268
27.76,-2.99806009983248,-3.01459796356267,-2.98311582758008,2.37635857221268
27.78,-2.99806009983248,-3.01459628058482,-2.98311582758008,2.37635857221268
27.8,-2.99806009983248,-3.01449056780657,-2.98311582758008,2.37635857221268
27.82,-2.99806009983248,-2.99901416677588,-2.98311582758008,2.37635857221268
27.84,-2.99806009983248,-2.98924068965319,-2.98311582758008,2.37635857221268
27.86,-2.99806009983248,-2.98582317855948,-2.98311582758008,2.37635857221268
27.88,-2.99806009983248,-2.98467711325746,-2.98311582758008,2.37635857221268
27.9,-2.99806009983248,-2.9846610618583,-2.98312245871858,2.37635857221268
27.92,-2.99806009983248,-2.9846610618583,-2.99081123131127,2.37635857221268
27.94,-2.99806009983248,-2.9846610618583,-3.00314740324574,2.37635857221268
27.96,-2.99806009983248,-2.9846610618583,-3.00909274703784,2.37635857221268
27.98,-2.99806009983248,-2.9846610618583,-3.01238730309799,2.37635857221268
28,-2.99806009983248,-2.9846610618583,-3.0139231116153,2.37635857221268
28.02,-2.99806009983248,-2.9846610618583,-3.01415866544834,2.37635857221268
28.04,-2.99806009983248,-2.9846610618583,-3.01415866544834,2.37635857221268
28.06,-2.99806009983248,-2.9846610618583,-3.01415866544834,2.37635857221268
28.08,-2.99806009983248,-2.9846610618583,-3.01415866544834,2.37635857221268
28.1,-2.99806009983248,-2.9846610618583,-3.01415866544834,2.37635857221268
28.12,-2.99806009983248,-2.9846610618583,-3.01415866544834,2.37635857221268
28.14,-2.99806009983248,-2.98466312122918,-3.01415866544834,2.37635857221268
28.16,-2.99806009983248,-2.98674559102222,-3.01415866544834,2.37635857221268
28.18,-2.99806009983248,-3.00321667669129,-3.01415866544834,2.37635857221268
28.2,-2.99806009983248,-3.01102627966384,-3.01415866544834,2.37635857221268
28.22,-2.99806009983248,-3.01368843049751,-3.01415866544834,2.37635857221268
28.24,-2.99806009983248,-3.01475944624868,-3.01415866544834,2.37635857221268
28.26,-2.99806009983248,-3.01475944624868,-3.01415866544834,2.37635857221268
28.28,-2.99806009983248,-3.01475944624868,-3.01415866544834,2.37635857221268
28.3,-2.99806009983248,-3.01475944624868,-3.01415866544834,2.37635857221268
28.32,-2.99806009983248,-3.01475944624868,-3.01415866544834,2.37635857221268
28.34,-2.99806009983248,-3.01475944624868,-3.01415866544834,2.37635857221268
28.36,-2.99806009983248,-3.01475944624868,-3.01415866544834,2.37635857221268
28.38,-2.99806009983248,-3.01475944624868,-3.01415866544834,2.37635857221268
28.4,-2.99806009983248,-3.01475944624868,-3.01415866544834,2.37635857221268
28.42,-2.99806009983248,-3.01475944624868,-3.01415626888863,2.37635857221268
28.44,-2.99806009983248,-3.01475944624868,-3.01135838638604,2.37635857221268
28.46,-2.99806009983248,-3.01475944624868,-2.99607764336456,2.37635857221268
28.48,-2.99806009983248,-3.01475944624868,-2.98923415224242,2.37635857221268
28.5,-2.99806009983248,-3.01475944624868,-2.9848607011778,2.37635857221268
28.52,-2.99806009983248,-3.01472019480011,-2.98300364833776,2.37635857221268
28.54,-2.99806009983248,-3.0033487608801,-2.98300364833776,2.37635857221268
28.56,-2.99806009983248,-2.9909752996702,-2.98300364833776,2.37635857221268
28.58,-2.99806009983248,-2.98636824663812,-2.98300364833776,2.37635857221268
28.6,-2.99806009983248,-2.98497781817605,-2.98300364833776,2.37635857221268
28.62,-2.99806009983248,-2.98473951127177,-2.98300364833776,2.37635857221268
28.64,-2.99806009983248,-2.98473951127177,-2.98300364833776,2.37635857221268
28.66,-2.99806009983248,-2.98473951127177,-2.98300364833776,2.37635857221268
28.68,-2.99806009983248,-2.98473951127177,-2.98300364833776,2.37635857221268
28.7,-2.99806009983248,-2.98473951127177,-2.98300364833776,2.37635857221268
28.72,-2.99806009983248,-2.98473951127177,-2.98300364833776,2.37635857221268
28.74,-2.99806009983248,-2.98473951127177,-2.98300364833776,2.37635857221268
28.76,-2.99806009983248,-2.98473951127177,-2.98300364833776,2.37635857221268
28.78,-2.99806009983248,-2.98473951127177,-2.98300364833776,2.37635857221268
28.8,-2.99806009983248,-2.98473951127177,-2.98300364833776,2.37635857221268
28.82,-2.99806009983248,-2.98473951127177,-2.98300364833776,2.37635857221268
28.84,-2.99806009983248,-2.98473951127177,-2.98300364833776,2.37635857221268
28.86,-2.99806009983248,-2.98473951127177,-2.98301197331423,2.37635857221268
28.88,-2.99806009983248,-2.98481648582607,-2.98687644088297,2.37635857221268
28.9,-2.99806009983248,-2.99722482564119,-3.00151994611758,2.37635857221268
28.92,-2.99806009983248,-3.00879712688034,-3.00845465105456,2.37635857221268
28.94,-2.99806009983248,-3.01332172352898,-3.01301680813152,2.37635857221268
28.96,-2.99806009983248,-3.01524224971417,-3.01436538036721,2.37635857221268
28.98,-2.99806009983248,-3.01543234160881,-3.01452810673209,2.37635857221268
29,-2.99806009983248,-3.01543234160881,-3.01452810673209,2.37635857221268
29.02,-2.99806009983248,-3.01543234160881,-3.01452810673209,2.37635857221268
29.04,-2.99806009983248,-3.01543234160881,-3.01452810673209,2.37635857221268
29.06,-2.99806009983248,-3.01543234160881,-3.01452810673209,2.37635857221268
29.08,-2.99806009983248,-3.01543234160881,-3.01452810673209,2.37635857221268
29.1,-2.99806009983248,-3.01543234160881,-3.01452810673209,2.37635857221268
29.12,-2.99806009983248,-3.01543234160881,-3.01452810673209,2.37635857221268
29.14,-2.99806009983248,-3.01543234160881,-3.01452810673209,2.37635857221268
29.16,-2.99806009983248,-3.01543234160881,-3.01452810673209,2.37635857221268
29.18,-2.99806009983248,-3.01543234160881,-3.01452810673209,2.37635857221268
29.2,-2.99806009983248,-3.01543234160881,-3.01452810673209,2.37635857221268
29.22,-2.99806009983248,-3.01542559733821,-3.01452810673209,2.37635857221268
29.24,-2.99806009983248,-3.01369011199748,-3.01452810673209,2.37635857221268
29.26,-2.99806009983248,-2.9968849019499,-3.01452810673209,2.37635857221268
29.28,-2.99806009983248,-2.98882939149191,-3.01452810673209,2.37635857221268
29.3,-2.99806009983248,-2.98590249780005,-3.01452810673209,2.37635857221268
29.32,-2.99806009983248,-2.98499659936673,-3.01452810673209,2.37635857221268
29.34,-2.99806009983248,-2.98499659936673,-3.01452810673209,2.37635857221268
29.36,-2.99806009983248,-2.98499659936673,-3.01452798383895,2.37635857221268
29.38,-2.99806009983248,-2.98499659936673,-3.01447302878936,2.37635857221268
29.4,-2.99806009983248,-2.98499659936673,-3.00333616275344,2.37635857221268
29.42,-2.99806009983248,-2.98499659936673,-2.99278083635817,2.37635857221268
29.44,-2.99806009983248,-2.98499659936673,-2.98699721921454,2.37635857221268
29.46,-2.99806009983248,-2.98499659936673,-2.98392141982947,2.37635857221268
29.48,-2.99806009983248,-2.98499659936673,-2.98294033495498,2.37635857221268
29.5,-2.99806009983248,-2.98499659936673,-2.98267419760896,2.37635857221268
29.52,-2.99806009983248,-2.98499659936673,-2.98267419760896,2.37635857221268
29.54,-2.99806009983248,-2.98499659936673,-2.98267419760896,2.37635857221268
29.56,-2.99806009983248,-2.98499659936673,-2.98267419760896,2.37635857221268
29.58,-2.99806009983248,-2.98499780904401,-2.98267419760896,2.37635857221268
29.6,-2.99806009983248,-2.9864205237432,-2.98267419760896,2.37635857221268
29.62,-2.99806009983248,-3.00287117735725,-2.98267419760896,2.37635857221268
29.64,-2.99806009983248,-3.01105668294735,-2.98267419760896,2.37635857221268
29.66,-2.99806009983248,-3.01380585026831,-2.98267419760896,2.37635857221268
29.68,-2.99806009983248,-3.01490446893598,-2.98267419760896,2.37635857221268
29.7,-2.99806009983248,-3.01490446893598,-2.98267419760896,2.37635857221268
29.72,-2.99806009983248,-3.01490446893598,-2.98267419760896,2.37635857221268
29.74,-2.99806009983248,-3.01490446893598,-2.98267419760896,2.37635857221268
29.76,-2.99806009983248,-3.01490446893598,-2.98267419760896,2.37635857221268
29.78,-2.99806009983248,-3.01490446893598,-2.98267419760896,2.37635857221268
29.8,-2.99806009983248,-3.01490446893598,-2.98268313192451,2.37635857221268
29.82,-2.99806009983248,-3.01490446893598,-2.98594239220718,2.37635857221268
29.84,-2.99806009983248,-3.01490446893598,-3.00081299797604,2.37635857221268
29.86,-2.99806009983248,-3.01490446893598,-3.00791557032728,2.37635857221268
29.88,-2.99806009983248,-3.01490446893598,-3.01262975758037,2.37635857221268
29.9,-2.99806009983248,-3.01490446893598,-3.01413618594182,2.37635857221268
29.92,-2.99806009983248,-3.01490446893598,-3.01438036318497,2.37635857221268
29.94,-2.99806009983248,-3.01490445304627,-3.01438036318497,2.37635857221268
29.96,-2.99806009983248,-3.01489216705808,-3.01438036318497,2.37635857221268
29.98,-2.99806009983248,-3.0005287638894,-3.01438036318497,2.37635857221268
30,-2.99806009983248,-2.98963572292166,-3.01438036318497,2.37635857221268
30.02,-2.99806009983248,-2.98588617236526,-3.01438036318497,2.37635857221268
30.04,-2.99806009983248,-2.98519081854027,-3.01438036318497,2.37635857221268
30.06,-2.99806009983248,-2.98519081854027,-3.01438036318497,2.37635857221268
30.08,-2.99806009983248,-2.98519081854027,-3.01438036318497,2.37635857221268
30.1,-2.99806009983248,-2.98519081854027,-3.01438036318497,2.37635857221268
30.12,-2.99806009983248,-2.98519081854027,-3.01438036318497,2.37635857221268
30.14,-2.99806009983248,-2.98519081854027,-3.01438036318497,2.37635857221268
30.16,-2.99806009983248,-2.98519081854027,-3.01438036318497,2.37635857221268
30.18,-2.99806009983248,-2.98519081854027,-3.01438036318497,2.37635857221268
30.2,-2.99806009983248,-2.98519081854027,-3.01438036318497,2.37635857221268
30.22,-2.99806009983248,-2.98519081854027,-3.01438036318497,2.37635857221268
30.24,-2.99806009983248,-2.98519081854027,-3.01438036318497,2.37635857221268
30.26,-2.99806009983248,-2.98519081854027,-3.01438036318497,2.37635857221268
30.28,-2.99806009983248,-2.98519081854027,-3.01438036318497,2.37635857221268
30.3,-2.99806009983248,-2.98519081854027,-3.01438036318497,2.37635857221268
30.32,-2.99806009983248,-2.98520316030452,-3.01436511236666,2.37635857221268
30.34,-2.99806009983248,-2.99406208964863,-3.00612862375753,2.37635857221268
30.36,-2.99806009983248,-3.00773587096838,-2.99365170684399,2.37635857221268
30.38,-2.99806009983248,-3.01284716832311,-2.98788305729937,2.37635857221268
30.4,-2.99806009983248,-3.01466561091579,-2.98395675544304,2.37635857221268
30.42,-2.99806009983248,-3.01508818411604,-2.98316679980547,2.37635857221268
30.44,-2.99806009983248,-3.01508818411604,-2.98297037831888,2.37635857221268
30.46,-2.99806009983248,-3.01508818411604,-2.98297037831888,2.37635857221268
30.48,-2.99806009983248,-3.01508818411604,-2.98297037831888,2.37635857221268
30.5,-2.99806009983248,-3.01508818411604,-2.98297037831888,2.37635857221268
30.52,-2.99806009983248,-3.01508818411604,-2.98297037831888,2.37635857221268
30.54,-2.99806009983248,-3.01508818411604,-2.98297037831888,2.37635857221268
30.56,-2.99806009983248,-3.01508818411604,-2.98297037831888,2.37635857221268
30.58,-2.99806009983248,-3.01508818411604,-2.98297037831888,2.37635857221268
30.6,-2.99806009983248,-3.01508818411604,-2.98297037831888,2.37635857221268
30.62,-2.99806009983248,-3.01508818411604,-2.98297037831888,2.37635857221268
30.64,-2.99806009983248,-3.01508818411604,-2.98297037831888,2.37635857221268
30.66,-2.99806009983248,-3.01508818411604,-2.98297037831888,2.37635857221268
30.68,-2.99806009983248,-3.01508178496246,-2.98297037831888,2.37635857221268
30.7,-2.99806009983248,-3.00686493915905,-2.98297037831888,2.37635857221268
30.72,-2.99806009983248,-2.99246921892725,-2.98297037831888,2.37635857221268
30.74,-2.99806009983248,-2.98694605049758,-2.98297037831888,2.37635857221268
30.76,-2.99806009983248,-2.98512656833165,-2.98300425975772,2.37635857221268
30.78,-2.99806009983248,-2.98509537290935,-2.99521690284948,2.37635857221268
30.8,-2.99806009983248,-2.98509537290935,-3.00498273136507,2.37635857221268
30.82,-2.99806009983248,-2.98509537290935,-3.01038588149828,2.37635857221268
30.84,-2.99806009983248,-2.98509537290935,-3.01376691646693,2.37635857221268
30.86,-2.99806009983248,-2.98509537290935,-3.01462835259921,2.37635857221268
30.88,-2.99806009983248,-2.98509537290935,-3.01525208037495,2.37635857221268
30.9,-2.99806009983248,-2.98509537290935,-3.01525208037495,2.37635857221268
30.92,-2.99806009983248,-2.98509537290935,-3.01525208037495,2.37635857221268
30.94,-2.99806009983248,-2.98509537290935,-3.01525208037495,2.37635857221268
30.96,-2.99806009983248,-2.98509537290935,-3.01525208037495,2.37635857221268
30.98,-2.99806009983248,-2.98509537290935,-3.01525208037495,2.37635857221268
31,-2.99806009983248,-2.98509537290935,-3.01525208037495,2.37635857221268
31.02,-2.99806009983248,-2.98509537290935,-3.01525208037495,2.37635857221268
31.04,-2.99806009983248,-2.98510636935783,-3.01525208037495,2.37635857221268
31.06,-2.99806009983248,-2.98980087956468,-3.01525208037495,2.37635857221268
31.08,-2.99806009983248,-3.00549562615436,-3.01525208037495,2.37635857221268
31.1,-2.99806009983248,-3.01191542561403,-3.01525208037495,2.37635857221268
31.12,-2.99806009983248,-3.01473181964709,-3.01525208037495,2.37635857221268
31.14,-2.99806009983248,-3.01519401483588,-3.01525208037495,2.37635857221268
31.16,-2.99806009983248,-3.01519401483588,-3.01525208037495,2.37635857221268
31.18,-2.99806009983248,-3.01519401483588,-3.01525208037495,2.37635857221268
31.2,-2.99806009983248,-3.01519401483588,-3.01525208037495,2.37635857221268
31.22,-2.99806009983248,-3.01519401483588,-3.01525208037495,2.37635857221268
31.24,-2.99806009983248,-3.01519401483588,-3.01522574699356,2.37635857221268
31.26,-2.99806009983248,-3.01519401483588,-3.00855313363575,2.37635857221268
31.28,-2.99806009983248,-3.01519401483588,-2.99537035533577,2.37635857221268
31.3,-2.99806009983248,-3.01519401483588,-2.98893786149121,2.37635857221268
31.32,-2.99806009983248,-3.01519401483588,-2.98487762473481,2.37635857221268
31.34,-2.99806009983248,-3.01519401483588,-2.98377712374084,2.37635857221268
31.36,-2.99806009983248,-3.01519401483588,-2.98312928557322,2.37635857221268
31.38,-2.99806009983248,-3.01519401483588,-2.98312928557322,2.37635857221268
31.4,-2.99806009983248,-3.01518660288247,-2.98312928557322,2.37635857221268
31.42,-2.99806009983248,-3.00879148904477,-2.98312928557322,2.37635857221268
31.44,-2.99806009983248,-2.99350455671932,-2.98312928557322,2.37635857221268
31.46,-2.99806009983248,-2.98733999555048,-2.98312928557322,2.37635857221268
31.48,-2.99806009983248,-2.98535844914301,-2.98312928557322,2.37635857221268
31.5,-2.99806009983248,-2.98533116812143,-2.98312928557322,2.37635857221268
31.52,-2.99806009983248,-2.98533116812143,-2.98312928557322,2.37635857221268
31.54,-2.99806009983248,-2.98533116812143,-2.98312928557322,2.37635857221268
31.56,-2.99806009983248,-2.98533116812143,-2.98312928557322,2.37635857221268
31.58,-2.99806009983248,-2.98533116812143,-2.98312928557322,2.37635857221268
31.6,-2.99806009983248,-2.98533116812143,-2.98312928557322,2.37635857221268
31.62,-2.99806009983248,-2.98533116812143,-2.98312928557322,2.37635857221268
31.64,-2.99806009983248,-2.98533116812143,-2.98312928557322,2.37635857221268
31.66,-2.99806009983248,-2.98533116812143,-2.98312928557322,2.37635857221268
31.68,-2.99806009983248,-2.98533116812143,-2.98316620199638,2.37635857221268
31.7,-2.99806009983248,-2.98533116812143,-2.99250037292292,2.37635857221268
31.72,-2.99806009983248,-2.98533116812143,-3.00408479052664,2.37635857221268
31.74,-2.99806009983248,-2.98533116812143,-3.01010698457974,2.37635857221268
31.76,-2.99806009983248,-2.98533116812143,-3.01382795521752,2.37635857221268
31.78,-2.99806009983248,-2.98540901855025,-3.01468873379958,2.37635857221268
31.8,-2.99806009983248,-3.00049981420938,-3.01472058701731,2.37635857221268
31.82,-2.99806009983248,-3.01027691065556,-3.01472058701731,2.37635857221268
31.84,-2.99806009983248,-3.0139853679199,-3.01472058701731,2.37635857221268
31.86,-2.99806009983248,-3.01544650708243,-3.01472058701731,2.37635857221268
31.88,-2.99806009983248,-3.01544650708243,-3.01472058701731,2.37635857221268
31.9,-2.99806009983248,-3.01544650708243,-3.01472058701731,2.37635857221268
31.92,-2.99806009983248,-3.01544650708243,-3.01472058701731,2.37635857221268
31.94,-2.99806009983248,-3.01544650708243,-3.01472058701731,2.37635857221268
31.96,-2.99806009983248,-3.01544650708243,-3.01472058701731,2.37635857221268
31.98,-2.99806009983248,-3.01544650708243,-3.01472058701731,2.37635857221268
32,-2.99806009983248,-3.01544650708243,-3.01472058701731,2.37635857221268
32.02,-2.99806009983248,-3.01544650708243,-3.01472058701731,2.37635857221268
32.04,-2.99806009983248,-3.01544650708243,-3.01472058701731,2.37635857221268
32.06,-2.99806009983248,-3.01544650708243,-3.01472058701731,2.37635857221268
32.08,-2.99806009983248,-3.01544650708243,-3.01472058701731,2.37635857221268
32.1,-2.99806009983248,-3.01544650708243,-3.01472058701731,2.37635857221268
32.12,-2.99806009983248,-3.01543144030889,-3.01472058701731,2.37635857221268
32.14,-2.99806009983248,-3.01278198853551,-3.01472058701731,2.37635857221268
32.16,-2.99806009983248,-2.99602384500346,-3.01472058701731,2.37635857221268
32.18,-2.99806009983248,-2.98846004078443,-3.01467976317288,2.37635857221268
32.2,-2.99806009983248,-2.98555647075081,-3.01099257113608,2.37635857221268
32.22,-2.99806009983248,-2.98489106245764,-2.99587059302491,2.37635857221268
32.24,-2.99806009983248,-2.98489106245764,-2.98914730603359,2.37635857221268
32.26,-2.99806009983248,-2.98489106245764,-2.98465492391159,2.37635857221268
32.28,-2.99806009983248,-2.98489106245764,-2.98244394808694,2.37635857221268
32.3,-2.99806009983248,-2.98489106245764,-2.98200385701987,2.37635857221268
32.32,-2.99806009983248,-2.98489106245764,-2.98200385701987,2.37635857221268
32.34,-2.99806009983248,-2.98489106245764,-2.98200385701987,2.37635857221268
32.36,-2.99806009983248,-2.98489106245764,-2.98200385701987,2.37635857221268
32.38,-2.99806009983248,-2.98489106245764,-2.98200385701987,2.37635857221268
32.4,-2.99806009983248,-2.98489106245764,-2.98200385701987,2.37635857221268
32.42,-2.99806009983248,-2.98489106245764,-2.98200385701987,2.37635857221268
32.44,-2.99806009983248,-2.98489106245764,-2.98200385701987,2.37635857221268
32.46,-2.99806009983248,-2.98489106245764,-2.98200385701987,2.37635857221268
32.48,-2.99806009983248,-2.9848935515829,-2.98200385701987,2.37635857221268
32.5,-2.99806009983248,-2.98984187589854,-2.98200385701987,2.37635857221268
32.52,-2.99806009983248,-3.00536752533372,-2.98200385701987,2.37635857221268
32.54,-2.99806009983248,-3.01175429170033,-2.98200385701987,2.37635857221268
32.56,-2.99806009983248,-3.01457175028858,-2.98200385701987,2.37635857221268
32.58,-2.99806009983248,-3.01528303468267,-2.98200385701987,2.37635857221268
32.6,-2.99806009983248,-3.01528303468267,-2.98201401214425,2.37635857221268
32.62,-2.99806009983248,-3.01528303468267,-2.99530143512945,2.37635857221268
32.64,-2.99806009983248,-3.01528303468267,-3.00459002340436,2.37635857221268
32.66,-2.99806009983248,-3.01528303468267,-3.01032408544934,2.37635857221268
32.68,-2.99806009983248,-3.01528303468267,-3.01287056657809,2.37635857221268
32.7,-2.99806009983248,-3.01528303468267,-3.01387075063606,2.37635857221268
32.72,-2.99806009983248,-3.01528303468267,-3.01414913103763,2.37635857221268
32.74,-2.99806009983248,-3.01528303468267,-3.01414913103763,2.37635857221268
32.76,-2.99806009983248,-3.01528303468267,-3.01414913103763,2.37635857221268
32.78,-2.99806009983248,-3.01528303468267,-3.01414913103763,2.37635857221268
32.8,-2.99806009983248,-3.01528303468267,-3.01414913103763,2.37635857221268
32.82,-2.99806009983248,-3.01528303468267,-3.01414913103763,2.37635857221268
32.84,-2.99806009983248,-3.0152270833686,-3.01414913103763,2.37635857221268
32.86,-2.99806009983248,-3.00701100309097,-3.01414913103763,2.37635857221268
32.88,-2.99806009983248,-2.99242868670393,-3.01414913103763,2.37635857221268
32.9,-2.99806009983248,-2.98708735209997,-3.01414913103763,2.37635857221268
32.92,-2.99806009983248,-2.98487815659922,-3.01414913103763,2.37635857221268
32.94,-2.99806009983248,-2.98471734643234,-3.01414913103763,2.37635857221268
32.96,-2.99806009983248,-2.98471734643234,-3.01414913103763,2.37635857221268
32.98,-2.99806009983248,-2.98471734643234,-3.01414913103763,2.37635857221268
33,-2.99806009983248,-2.98471734643234,-3.01414913103763,2.37635857221268
33.02,-2.99806009983248,-2.98471734643234,-3.01414913103763,2.37635857221268
33.04,-2.99806009983248,-2.98471734643234,-3.01414913103763,2.37635857221268
33.06,-2.99806009983248,-2.98471734643234,-3.01414913103763,2.37635857221268
33.08,-2.99806009983248,-2.98471734643234,-3.01414913103763,2.37635857221268
33.1,-2.99806009983248,-2.98471734643234,-3.01414352560308,2.37635857221268
33.12,-2.99806009983248,-2.98471734643234,-3.01355126392948,2.37635857221268
33.14,-2.99806009983248,-2.98471734643234,-2.99812768514587,2.37635857221268
33.16,-2.99806009983248,-2.98471734643234,-2.9901315877155,2.37635857221268
33.18,-2.99806009983248,-2.98471734643234,-2.98510908108623,2.37635857221268
33.2,-2.99806009983248,-2.98472441174263,-2.98327600977351,2.37635857221268
33.22,-2.99806009983248,-2.9985426133485,-2.98327002557576,2.37635857221268
33.24,-2.99806009983248,-3.00909863078305,-2.98327002557576,2.37635857221268
33.26,-2.99806009983248,-3.01304345117916,-2.98327002557576,2.37635857221268
33.28,-2.99806009983248,-3.0147696710067,-2.98327002557576,2.37635857221268
33.3,-2.99806009983248,-3.0147696710067,-2.98327002557576,2.37635857221268
33.32,-2.99806009983248,-3.0147696710067,-2.98327002557576,2.37635857221268
33.34,-2.99806009983248,-3.0147696710067,-2.98327002557576,2.37635857221268
33.36,-2.99806009983248,-3.0147696710067,-2.98327002557576,2.37635857221268
33.38,-2.99806009983248,-3.0147696710067,-2.98327002557576,2.37635857221268
33.4,-2.99806009983248,-3.0147696710067,-2.98327002557576,2.37635857221268
33.42,-2.99806009983248,-3.0147696710067,-2.98327002557576,2.37635857221268
33.44,-2.99806009983248,-3.0147696710067,-2.98327002557576,2.37635857221268
33.46,-2.99806009983248,-3.0147696710067,-2.98327002557576,2.37635857221268
33.48,-2.99806009983248,-3.0147696710067,-2.98327002557576,2.37635857221268
33.5,-2.99806009983248,-3.0147696710067,-2.98327002557576,2.37635857221268
33.52,-2.99806009983248,-3.0147696710067,-2.98327002557576,2.37635857221268
33.54,-2.99806009983248,-3.0147696710067,-2.98327002557576,2.37635857221268
33.56,-2.99806009983248,-3.01474597352956,-2.98331929749331,2.37635857221268
33.58,-2.99806009983248,-3.0088676148852,-2.99575067909404,2.37635857221268
33.6,-2.99806009983248,-2.99339970712325,-3.00561234679998,2.37635857221268
33.62,-2.99806009983248,-2.98728680877322,-3.01125122457211,2.37635857221268
33.64,-2.99806009983248,-2.98489842605367,-3.01410988876575,2.37635857221268
33.66,-2.99806009983248,-2.98454575297735,-3.01476190411118,2.37635857221268
33.68,-2.99806009983248,-2.98454575297735,-3.01476190411118,2.37635857221268
33.7,-2.99806009983248,-2.98454575297735,-3.01476190411118,2.37635857221268
33.72,-2.99806009983248,-2.98454575297735,-3.01476190411118,2.37635857221268
33.74,-2.99806009983248,-2.98454575297735,-3.01476190411118,2.37635857221268
33.76,-2.99806009983248,-2.98454575297735,-3.01476190411118,2.37635857221268
33.78,-2.99806009983248,-2.98454575297735,-3.01476190411118,2.37635857221268
33.8,-2.99806009983248,-2.98454575297735,-3.01476190411118,2.37635857221268
33.82,-2.99806009983248,-2.98454575297735,-3.01476190411118,2.37635857221268
33.84,-2.99806009983248,-2.98454575297735,-3.01476190411118,2.37635857221268
33.86,-2.99806009983248,-2.98454575297735,-3.01476190411118,2.37635857221268
33.88,-2.99806009983248,-2.98454575297735,-3.01476190411118,2.37635857221268
33.9,-2.99806009983248,-2.98454575297735,-3.01476190411118,2.37635857221268
33.92,-2.99806009983248,-2.98458333346663,-3.01476190411118,2.37635857221268
33.94,-2.99806009983248,-2.99809961642717,-3.01476190411118,2.37635857221268
33.96,-2.99806009983248,-3.00894709944632,-3.01476190411118,2.37635857221268
33.98,-2.99806009983248,-3.01294574254623,-3.01476190411118,2.37635857221268
34,-2.99806009983248,-3.01468951789097,-3.01476190411118,2.37635857221268
34.02,-2.99806009983248,-3.01468951789097,-3.01476190411118,2.37635857221268
34.04,-2.99806009983248,-3.01468951789097,-3.01476190411118,2.37635857221268
34.06,-2.99806009983248,-3.01468951789097,-3.01471196914899,2.37635857221268
34.08,-2.99806009983248,-3.01468951789097,-3.00933457931228,2.37635857221268
34.1,-2.99806009983248,-3.01468951789097,-2.99535698306484,2.37635857221268
34.12,-2.99806009983248,-3.01468951789097,-2.9885984831305,2.37635857221268
34.14,-2.99806009983248,-3.01468951789097,-2.98459927103221,2.37635857221268
34.16,-2.99806009983248,-3.01468951789097,-2.98320356655124,2.37635857221268
34.18,-2.99806009983248,-3.01468951789097,-2.98271317745809,2.37635857221268
34.2,-2.99806009983248,-3.01468951789097,-2.98271317745809,2.37635857221268
34.22,-2.99806009983248,-3.01468951789097,-2.98271317745809,2.37635857221268
34.24,-2.99806009983248,-3.01468951789097,-2.98271317745809,2.37635857221268
34.26,-2.99806009983248,-3.01468951789097,-2.98271317745809,2.37635857221268
34.28,-2.99806009983248,-3.01468776139998,-2.98271317745809,2.37635857221268
34.3,-2.99806009983248,-3.00941780441097,-2.98271317745809,2.37635857221268
34.32,-2.99806009983248,-2.99367811529913,-2.98271317745809,2.37635857221268
34.34,-2.99806009983248,-2.98717265753987,-2.98271317745809,2.37635857221268
34.36,-2.99806009983248,-2.98498471293046,-2.98271317745809,2.37635857221268
34.38,-2.99806009983248,-2.98483012791308,-2.98271317745809,2.37635857221268
34.4,-2.99806009983248,-2.98483012791308,-2.98271317745809,2.37635857221268
34.42,-2.99806009983248,-2.98483012791308,-2.98271317745809,2.37635857221268
34.44,-2.99806009983248,-2.98483012791308,-2.98271317745809,2.37635857221268
34.46,-2.99806009983248,-2.98483012791308,-2.98271317745809,2.37635857221268
34.48,-2.99806009983248,-2.98483012791308,-2.98271317745809,2.37635857221268
34.5,-2.99806009983248,-2.98483012791308,-2.98284404670545,2.37635857221268
34.52,-2.99806009983248,-2.98483012791308,-2.99751003851073,2.37635857221268
34.54,-2.99806009983248,-2.98483012791308,-3.00590401410716,2.37635857221268
34.56,-2.99806009983248,-2.98483012791308,-3.01067507309325,2.37635857221268
34.58,-2.99806009983248,-2.98483012791308,-3.01341069042936,2.37635857221268
34.6,-2.99806009983248,-2.98483012791308,-3.01482499815959,2.37635857221268
34.62,-2.99806009983248,-2.98483012791308,-3.01523084775208,2.37635857221268
34.64,-2.99806009983248,-2.98483985976612,-3.01523084775208,2.37635857221268
34.66,-2.99806009983248,-2.99280747869147,-3.01523084775208,2.37635857221268
34.68,-2.99806009983248,-3.00700344226638,-3.01523084775208,2.37635857221268
34.7,-2.99806009983248,-3.01245052934148,-3.01523084775208,2.37635857221268
34.72,-2.99806009983248,-3.01432257071977,-3.01523084775208,2.37635857221268
34.74,-2.99806009983248,-3.01484060234405,-3.01523084775208,2.37635857221268
34.76,-2.99806009983248,-3.01484060234405,-3.01523084775208,2.37635857221268
34.78,-2.99806009983248,-3.01484060234405,-3.01523084775208,2.37635857221268
34.8,-2.99806009983248,-3.01484060234405,-3.01523084775208,2.37635857221268
34.82,-2.99806009983248,-3.01484060234405,-3.01523084775208,2.37635857221268
34.84,-2.99806009983248,-3.01484060234405,-3.01523084775208,2.37635857221268
34.86,-2.99806009983248,-3.01484060234405,-3.01523084775208,2.37635857221268
34.88,-2.99806009983248,-3.01484060234405,-3.01523084775208,2.37635857221268
34.9,-2.99806009983248,-3.01484060234405,-3.01523084775208,2.37635857221268
34.92,-2.99806009983248,-3.01484060234405,-3.01523084775208,2.37635857221268
34.94,-2.99806009983248,-3.01484060234405,-3.01523084775208,2.37635857221268
34.96,-2.99806009983248,-3.01484060234405,-3.01523084775208,2.37635857221268
34.98,-2.99806009983248,-3.01484060234405,-3.01519811643075,2.37635857221268
35,-2.99806009983248,-3.0148296375174,-3.00418682588928,2.37635857221268
35.02,-2.99806009983248,-3.01428673794453,-2.99332667915061,2.37635857221268
35.04,-2.99806009983248,-2.99789544062761,-2.98760083342404,2.37635857221268
35.06,-2.99806009983248,-2.98844516145682,-2.98402389504206,2.37635857221268
35.08,-2.99806009983248,-2.98524639270134,-2.98255755422366,2.37635857221268
35.1,-2.99806009983248,-2.98476360134725,-2.9824824272986,2.37635857221268
35.12,-2.99806009983248,-2.98476360134725,-2.9824824272986,2.37635857221268
35.14,-2.99806009983248,-2.98476360134725,-2.9824824272986,2.37635857221268
35.16,-2.99806009983248,-2.98476360134725,-2.9824824272986,2.37635857221268
35.18,-2.99806009983248,-2.98476360134725,-2.9824824272986,2.37635857221268
35.2,-2.99806009983248,-2.98476360134725,-2.9824824272986,2.37635857221268
35.22,-2.99806009983248,-2.98476360134725,-2.9824824272986,2.37635857221268
35.24,-2.99806009983248,-2.98476360134725,-2.9824824272986,2.37635857221268
35.26,-2.99806009983248,-2.98476360134725,-2.9824824272986,2.37635857221268
35.28,-2.99806009983248,-2.98476360134725,-2.9824824272986,2.37635857221268
35.3,-2.99806009983248,-2.98476360134725,-2.9824824272986,2.37635857221268
35.32,-2.99806009983248,-2.98476360134725,-2.9824824272986,2.37635857221268
35.34,-2.99806009983248,-2.98476360134725,-2.9824824272986,2.37635857221268
35.36,-2.99806009983248,-2.98476474078683,-2.9824824272986,2.37635857221268
35.38,-2.99806009983248,-2.98729793818876,-2.9824824272986,2.37635857221268
35.4,-2.99806009983248,-3.00368032638621,-2.98254786897824,2.37635857221268
35.42,-2.99806009983248,-3.01126673822081,-2.9951770565986,2.37635857221268
35.44,-2.99806009983248,-3.01371994881824,-3.00491229409347,2.37635857221268
35.46,-2.99806009983248,-3.01471643326795,-3.01066454990551,2.37635857221268
35.48,-2.99806009983248,-3.01471643326795,-3.0134928585512,2.37635857221268
35.5,-2.99806009983248,-3.01471643326795,-3.01419616604514,2.37635857221268
35.52,-2.99806009983248,-3.01471643326795,-3.01419616604514,2.37635857221268
35.54,-2.99806009983248,-3.01471643326795,-3.01419616604514,2.37635857221268
35.56,-2.99806009983248,-3.01471643326795,-3.01419616604514,2.37635857221268
35.58,-2.99806009983248,-3.01471643326795,-3.01419616604514,2.37635857221268
35.6,-2.99806009983248,-3.01471643326795,-3.01419616604514,2.37635857221268
35.62,-2.99806009983248,-3.01471643326795,-3.01419616604514,2.37635857221268
35.64,-2.99806009983248,-3.01471643326795,-3.01419616604514,2.37635857221268
35.66,-2.99806009983248,-3.01471643326795,-3.01419616604514,2.37635857221268
35.68,-2.99806009983248,-3.01471643326795,-3.01419616604514,2.37635857221268
35.7,-2.99806009983248,-3.01471643326795,-3.01419616604514,2.37635857221268
35.72,-2.99806009983248,-3.01471643326795,-3.01419616604514,2.37635857221268
35.74,-2.99806009983248,-3.01469150647765,-3.01419616604514,2.37635857221268
35.76,-2.99806009983248,-3.00260835697441,-3.01419616604514,2.37635857221268
35.78,-2.99806009983248,-2.9907103605253,-3.01419616604514,2.37635857221268
35.8,-2.99806009983248,-2.98636007650586,-3.01419616604514,2.37635857221268
35.82,-2.99806009983248,-2.98487232939549,-3.01419616604514,2.37635857221268
35.84,-2.99806009983248,-2.98474090436311,-3.01419616604514,2.37635857221268
35.86,-2.99806009983248,-2.98474090436311,-3.01419616604514,2.37635857221268
35.88,-2.99806009983248,-2.98474090436311,-3.01419616604514,2.37635857221268
35.9,-2.99806009983248,-2.98474090436311,-3.01419481288177,2.37635857221268
35.92,-2.99806009983248,-2.98474090436311,-3.01411509841679,2.37635857221268
35.94,-2.99806009983248,-2.98474090436311,-3.00275428295506,2.37635857221268
35.96,-2.99806009983248,-2.98474090436311,-2.99231033411494,2.37635857221268
35.98,-2.99806009983248,-2.98474090436311,-2.9863684612569,2.37635857221268
36,-2.99806009983248,-2.98474090436311,-2.98371741952265,2.37635857221268
36.02,-2.99806009983248,-2.98474090436311,-2.9824269924802,2.37635857221268
36.04,-2.99806009983248,-2.98474090436311,-2.98235500527857,2.37635857221268
36.06,-2.99806009983248,-2.98474090436311,-2.98235500527857,2.37635857221268
36.08,-2.99806009983248,-2.98474090436311,-2.98235500527857,2.37635857221268
36.1,-2.99806009983248,-2.98479032940364,-2.98235500527857,2.37635857221268
36.12,-2.99806009983248,-2.9997276417473,-2.98235500527857,2.37635857221268
36.14,-2.99806009983248,-3.0097970393915,-2.98235500527857,2.37635857221268
36.16,-2.99806009983248,-3.01326079289611,-2.98235500527857,2.37635857221268
36.18,-2.99806009983248,-3.01470384658304,-2.98235500527857,2.37635857221268
36.2,-2.99806009983248,-3.0147325087131,-2.98235500527857,2.37635857221268
36.22,-2.99806009983248,-3.0147325087131,-2.98235500527857,2.37635857221268
36.24,-2.99806009983248,-3.0147325087131,-2.98235500527857,2.37635857221268
36.26,-2.99806009983248,-3.0147325087131,-2.98235500527857,2.37635857221268
36.28,-2.99806009983248,-3.0147325087131,-2.98235500527857,2.37635857221268
36.3,-2.99806009983248,-3.0147325087131,-2.98235500527857,2.37635857221268
36.32,-2.99806009983248,-3.0147325087131,-2.98235500527857,2.37635857221268
36.34,-2.99806009983248,-3.0147325087131,-2.98238654264658,2.37635857221268
36.36,-2.99806009983248,-3.0147325087131,-2.99091789402315,2.37635857221268
36.38,-2.99806009983248,-3.0147325087131,-3.00301742487183,2.37635857221268
36.4,-2.99806009983248,-3.0147325087131,-3.00929473709497,2.37635857221268
36.42,-2.99806009983248,-3.0147325087131,-3.01304584004573,2.37635857221268
36.44,-2.99806009983248,-3.0147325087131,-3.01409666543354,2.37635857221268
36.46,-2.99806009983248,-3.01472213640944,-3.01414685774755,2.37635857221268
36.48,-2.99806009983248,-3.00824738228141,-3.01414685774755,2.37635857221268
36.5,-2.99806009983248,-2.99313351428299,-3.01414685774755,2.37635857221268
36.52,-2.99806009983248,-2.98718063190874,-3.01414685774755,2.37635857221268
36.54,-2.99806009983248,-2.98523162246312,-3.01414685774755,2.37635857221268
36.56,-2.99806009983248,-2.98472585229953,-3.01414685774755,2.37635857221268
36.58,-2.99806009983248,-2.98472585229953,-3.01414685774755,2.37635857221268
36.6,-2.99806009983248,-2.98472585229953,-3.01414685774755,2.37635857221268
36.62,-2.99806009983248,-2.98472585229953,-3.01414685774755,2.37635857221268
36.64,-2.99806009983248,-2.98472585229953,-3.01414685774755,2.37635857221268
36.66,-2.99806009983248,-2.98472585229953,-3.01414685774755,2.37635857221268
36.68,-2.99806009983248,-2.98472585229953,-3.01414685774755,2.37635857221268
36.7,-2.99806009983248,-2.98472585229953,-3.01414685774755,2.37635857221268
36.72,-2.99806009983248,-2.98472585229953,-3.01414685774755,2.37635857221268
36.74,-2.99806009983248,-2.98472585229953,-3.01414685774755,2.37635857221268
36.76,-2.99806009983248,-2.98472585229953,-3.01414685774755,2.37635857221268
36.78,-2.99806009983248,-2.98472585229953,-3.01414685774755,2.37635857221268
36.8,-2.99806009983248,-2.98472585229953,-3.01414685774755,2.37635857221268
36.82,-2.99806009983248,-2.98476119170245,-3.01414685774755,2.37635857221268
36.84,-2.99806009983248,-2.99425088557863,-3.01414685774755,2.37635857221268
36.86,-2.99806009983248,-3.00750399116156,-3.01412097887099,2.37635857221268
36.88,-2.99806009983248,-3.0126275897809,-3.00919472162391,2.37635857221268
36.9,-2.99806009983248,-3.01501940855108,-2.99507634218494,2.37635857221268
36.92,-2.99806009983248,-3.01525919847611,-2.98839215822111,2.37635857221268
36.94,-2.99806009983248,-3.01525919847611,-2.98418664850713,2.37635857221268
36.96,-2.99806009983248,-3.01525919847611,-2.98302381667071,2.37635857221268
36.98,-2.99806009983248,-3.01525919847611,-2.9823943138603,2.37635857221268
37,-2.99806009983248,-3.01525919847611,-2.9823943138603,2.37635857221268
37.02,-2.99806009983248,-3.01525919847611,-2.9823943138603,2.37635857221268
37.04,-2.99806009983248,-3.01525919847611,-2.9823943138603,2.37635857221268
37.06,-2.99806009983248,-3.01525919847611,-2.9823943138603,2.37635857221268
37.08,-2.99806009983248,-3.01525919847611,-2.9823943138603,2.37635857221268
37.1,-2.99806009983248,-3.01525919847611,-2.9823943138603,2.37635857221268
37.12,-2.99806009983248,-3.01525919847611,-2.9823943138603,2.37635857221268
37.14,-2.99806009983248,-3.01525919847611,-2.9823943138603,2.37635857221268
37.16,-2.99806009983248,-3.01525919847611,-2.9823943138603,2.37635857221268
37.18,-2.99806009983248,-3.0152053457942,-2.9823943138603,2.37635857221268
37.2,-2.99806009983248,-3.00204167661156,-2.9823943138603,2.37635857221268
37.22,-2.99806009983248,-2.99067816298269,-2.9823943138603,2.37635857221268
37.24,-2.99806009983248,-2.98660022152967,-2.9823943138603,2.37635857221268
37.26,-2.99806009983248,-2.98487511569256,-2.9823943138603,2.37635857221268
37.28,-2.99806009983248,-2.98487511569256,-2.98239969827438,2.37635857221268
37.3,-2.99806009983248,-2.98487511569256,-2.98485705034432,2.37635857221268
37.32,-2.99806009983248,-2.98487511569256,-3.00005460146798,2.37635857221268
37.34,-2.99806009983248,-2.98487511569256,-3.00738422475271,2.37635857221268
37.36,-2.99806009983248,-2.98487511569256,-3.01228036342036,2.37635857221268
37.38,-2.99806009983248,-2.98487511569256,-3.01388852534834,2.37635857221268
37.4,-2.99806009983248,-2.98487511569256,-3.01418010022224,2.37635857221268
37.42,-2.99806009983248,-2.98487511569256,-3.01418010022224,2.37635857221268
37.44,-2.99806009983248,-2.98487511569256,-3.01418010022224,2.37635857221268
37.46,-2.99806009983248,-2.98487511569256,-3.01418010022224,2.37635857221268
37.48,-2.99806009983248,-2.98487511569256,-3.01418010022224,2.37635857221268
37.5,-2.99806009983248,-2.98487511569256,-3.01418010022224,2.37635857221268
37.52,-2.99806009983248,-2.98487511569256,-3.01418010022224,2.37635857221268
37.54,-2.99806009983248,-2.98498031876332,-3.01418010022224,2.37635857221268
37.56,-2.99806009983248,-3.00034508830036,-3.01418010022224,2.37635857221268
37.58,-2.99806009983248,-3.00986323201765,-3.01418010022224,2.37635857221268
37.6,-2.99806009983248,-3.01371919335259,-3.01418010022224,2.37635857221268
37.62,-2.99806009983248,-3.01522931321384,-3.01418010022224,2.37635857221268
37.64,-2.99806009983248,-3.01527637712617,-3.01418010022224,2.37635857221268
37.66,-2.99806009983248,-3.01527637712617,-3.01418010022224,2.37635857221268
37.68,-2.99806009983248,-3.01527637712617,-3.01418010022224,2.37635857221268
37.7,-2.99806009983248,-3.01527637712617,-3.01418010022224,2.37635857221268
37.72,-2.99806009983248,-3.01527637712617,-3.01418010022224,2.37635857221268
37.74,-2.99806009983248,-3.01527637712617,-3.01418010022224,2.37635857221268
37.76,-2.99806009983248,-3.01527637712617,-3.01418010022224,2.37635857221268
37.78,-2.99806009983248,-3.01527637712617,-3.01418010022224,2.37635857221268
37.8,-2.99806009983248,-3.01527637712617,-3.01416584284363,2.37635857221268
37.82,-2.99806009983248,-3.01527637712617,-3.01400077777912,2.37635857221268
37.84,-2.99806009983248,-3.01527637712617,-2.99998571192154,2.37635857221268
37.86,-2.99806009983248,-3.01527637712617,-2.99078298130997,2.37635857221268
37.88,-2.99806009983248,-3.0152643136521,-2.98542746173505,2.37635857221268
37.9,-2.99806009983248,-3.01333234720177,-2.98288425928921,2.37635857221268
37.92,-2.99806009983248,-2.9965083620074,-2.98261523594528,2.37635857221268
37.94,-2.99806009983248,-2.98855775872065,-2.98261523594528,2.37635857221268
37.96,-2.99806009983248,-2.98557441384455,-2.98261523594528,2.37635857221268
37.98,-2.99806009983248,-2.98480297146452,-2.98261523594528,2.37635857221268
38,-2.99806009983248,-2.98480297146452,-2.98261523594528,2.37635857221268
38.02,-2.99806009983248,-2.98480297146452,-2.98261523594528,2.37635857221268
38.04,-2.99806009983248,-2.98480297146452,-2.98261523594528,2.37635857221268
38.06,-2.99806009983248,-2.98480297146452,-2.98261523594528,2.37635857221268
38.08,-2.99806009983248,-2.98480297146452,-2.98261523594528,2.37635857221268
38.1,-2.99806009983248,-2.98480297146452,-2.98261523594528,2.37635857221268
38.12,-2.99806009983248,-2.98480297146452,-2.98261523594528,2.37635857221268
38.14,-2.99806009983248,-2.98480297146452,-2.98261523594528,2.37635857221268
38.16,-2.99806009983248,-2.98480297146452,-2.98261523594528,2.37635857221268
38.18,-2.99806009983248,-2.98480297146452,-2.98261523594528,2.37635857221268
38.2,-2.99806009983248,-2.98480297146452,-2.98261523594528,2.37635857221268
38.22,-2.99806009983248,-2.98480297146452,-2.98261523594528,2.37635857221268
38.24,-2.99806009983248,-2.98481537167641,-2.98261688117899,2.37635857221268
38.26,-2.99806009983248,-2.98818148008483,-2.99023637253029,2.37635857221268
38.28,-2.99806009983248,-3.00444717431337,-3.00274067820032,2.37635857221268
38.3,-2.99806009983248,-3.01150942341028,-3.00912644429471,2.37635857221268
38.32,-2.99806009983248,-3.01457919104075,-3.01291383574785,2.37635857221268
38.34,-2.99806009983248,-3.01545621567236,-3.01414824314757,2.37635857221268
38.36,-2.99806009983248,-3.01545621567236,-3.01453603792331,2.37635857221268
38.38,-2.99806009983248,-3.01545621567236,-3.01453603792331,2.37635857221268
38.4,-2.99806009983248,-3.01545621567236,-3.01453603792331,2.37635857221268
38.42,-2.99806009983248,-3.01545621567236,-3.01453603792331,2.37635857221268
38.44,-2.99806009983248,-3.01545621567236,-3.01453603792331,2.37635857221268
38.46,-2.99806009983248,-3.01545621567236,-3.01453603792331,2.37635857221268
38.48,-2.99806009983248,-3.01545621567236,-3.01453603792331,2.37635857221268
38.5,-2.99806009983248,-3.01545621567236,-3.01453603792331,2.37635857221268
38.52,-2.99806009983248,-3.01545621567236,-3.01453603792331,2.37635857221268
38.54,-2.99806009983248,-3.01545621567236,-3.01453603792331,2.37635857221268
38.56,-2.99806009983248,-3.01545621567236,-3.01453603792331,2.37635857221268
38.58,-2.99806009983248,-3.01545621567236,-3.01453603792331,2.37635857221268
38.6,-2.99806009983248,-3.01539009272769,-3.01453603792331,2.37635857221268
38.62,-2.99806009983248,-3.00617535014946,-3.01453603792331,2.37635857221268
38.64,-2.99806009983248,-2.99208580930441,-3.01453603792331,2.37635857221268
38.66,-2.99806009983248,-2.98678572670324,-3.01453603792331,2.37635857221268
38.68,-2.99806009983248,-2.98500608248845,-3.01453603792331,2.37635857221268
38.7,-2.99806009983248,-2.98496113582964,-3.01453603792331,2.37635857221268
38.72,-2.99806009983248,-2.98496113582964,-3.01453603792331,2.37635857221268
38.74,-2.99806009983248,-2.98496113582964,-3.01453486083076,2.37635857221268
38.76,-2.99806009983248,-2.98496113582964,-3.01317558964717,2.37635857221268
38.78,-2.99806009983248,-2.98496113582964,-2.99758892692722,2.37635857221268
38.8,-2.99806009983248,-2.98496113582964,-2.99008904884086,2.37635857221268
38.82,-2.99806009983248,-2.98496113582964,-2.98539153773304,2.37635857221268
38.84,-2.99806009983248,-2.98496113582964,-2.98285765044017,2.37635857221268
38.86,-2.99806009983248,-2.98496113582964,-2.98214668154138,2.37635857221268
38.88,-2.99806009983248,-2.98496113582964,-2.98214668154138,2.37635857221268
38.9,-2.99806009983248,-2.98496113582964,-2.98214668154138,2.37635857221268
38.92,-2.99806009983248,-2.98496113582964,-2.98214668154138,2.37635857221268
38.94,-2.99806009983248,-2.98496113582964,-2.98214668154138,2.37635857221268
38.96,-2.99806009983248,-2.98498941812585,-2.98214668154138,2.37635857221268
38.98,-2.99806009983248,-2.99347054564011,-2.98214668154138,2.37635857221268
39,-2.99806009983248,-3.00727000105717,-2.98214668154138,2.37635857221268
39.02,-2.99806009983248,-3.01250120349464,-2.98214668154138,2.37635857221268
39.04,-2.99806009983248,-3.01496033926215,-2.98214668154138,2.37635857221268
39.06,-2.99806009983248,-3.01509608595237,-2.98214668154138,2.37635857221268
39.08,-2.99806009983248,-3.01509608595237,-2.98214668154138,2.37635857221268
39.1,-2.99806009983248,-3.01509608595237,-2.98214668154138,2.37635857221268
39.12,-2.99806009983248,-3.01509608595237,-2.98214668154138,2.37635857221268
39.14,-2.99806009983248,-3.01509608595237,-2.98214668154138,2.37635857221268
39.16,-2.99806009983248,-3.01509608595237,-2.98216573409501,2.37635857221268
39.18,-2.99806009983248,-3.01509608595237,-2.99267975609711,2.37635857221268
39.2,-2.99806009983248,-3.01509608595237,-3.00345442237116,2.37635857221268
39.22,-2.99806009983248,-3.01509608595237,-3.00955605274486,2.37635857221268
39.24,-2.99806009983248,-3.01509608595237,-3.01277273020849,2.37635857221268
39.26,-2.99806009983248,-3.01509608595237,-3.01416162675764,2.37635857221268
39.28,-2.99806009983248,-3.01509608595237,-3.01462507148223,2.37635857221268
39.3,-2.99806009983248,-3.01509608595237,-3.01462507148223,2.37635857221268
39.32,-2.99806009983248,-3.01508818385564,-3.01462507148223,2.37635857221268
39.34,-2.99806009983248,-3.00684920206302,-3.01462507148223,2.37635857221268
39.36,-2.99806009983248,-2.99246918260214,-3.01462507148223,2.37635857221268
39.38,-2.99806009983248,-2.98696028165378,-3.01462507148223,2.37635857221268
39.4,-2.99806009983248,-2.98508923979372,-3.01462507148223,2.37635857221268
39.42,-2.99806009983248,-2.98503358551006,-3.01462507148223,2.37635857221268
39.44,-2.99806009983248,-2.98503358551006,-3.01462507148223,2.37635857221268
39.46,-2.99806009983248,-2.98503358551006,-3.01462507148223,2.37635857221268
39.48,-2.99806009983248,-2.98503358551006,-3.01462507148223,2.37635857221268
39.5,-2.99806009983248,-2.98503358551006,-3.01462507148223,2.37635857221268
39.52,-2.99806009983248,-2.98503358551006,-3.01462507148223,2.37635857221268
39.54,-2.99806009983248,-2.98503358551006,-3.01462507148223,2.37635857221268
39.56,-2.99806009983248,-2.98503358551006,-3.01462507148223,2.37635857221268
39.58,-2.99806009983248,-2.98503358551006,-3.01462507148223,2.37635857221268
39.6,-2.99806009983248,-2.98503358551006,-3.01462507148223,2.37635857221268
39.62,-2.99806009983248,-2.98503358551006,-3.01462507148223,2.37635857221268
39.64,-2.99806009983248,-2.98503358551006,-3.01462507148223,2.37635857221268
39.66,-2.99806009983248,-2.98503358551006,-3.01459191385283,2.37635857221268
39.68,-2.99806009983248,-2.9850431171639,-3.00611975462421,2.37635857221268
39.7,-2.99806009983248,-2.99209108726337,-2.9937829114985,2.37635857221268
39.72,-2.99806009983248,-3.00672598602734,-2.98759989854242,2.37635857221268
39.74,-2.99806009983248,-3.01244706146358,-2.98415643633504,2.37635857221268
39.76,-2.99806009983248,-3.01431863266278,-2.98355849981249,2.37635857221268
39.78,-2.99806009983248,-3.01489719108098,-2.98355849981249,2.37635857221268
39.8,-2.99806009983248,-3.01489719108098,-2.98355849981249,2.37635857221268
39.82,-2.99806009983248,-3.01489719108098,-2.98355849981249,2.37635857221268
39.84,-2.99806009983248,-3.01489719108098,-2.98355849981249,2.37635857221268
39.86,-2.99806009983248,-3.01489719108098,-2.98355849981249,2.37635857221268
39.88,-2.99806009983248,-3.01489719108098,-2.98355849981249,2.37635857221268
39.9,-2.99806009983248,-3.01489719108098,-2.98355849981249,2.37635857221268
39.92,-2.99806009983248,-3.01489719108098,-2.98355849981249,2.37635857221268
39.94,-2.99806009983248,-3.01489719108098,-2.98355849981249,2.37635857221268
39.96,-2.99806009983248,-3.01489719108098,-2.98355849981249,2.37635857221268
39.98,-2.99806009983248,-3.01489719108098,-2.98355849981249,2.37635857221268
